image_id,pixel_0,pixel_1,pixel_2,pixel_3,pixel_4,pixel_5,pixel_6,pixel_7,pixel_8,pixel_9,pixel_10,pixel_11,pixel_12,pixel_13,pixel_14,pixel_15,pixel_16,pixel_17,pixel_18,pixel_19,pixel_20,pixel_21,pixel_22,pixel_23,pixel_24,pixel_25,pixel_26,pixel_27,pixel_28,pixel_29,pixel_30,pixel_31,pixel_32,pixel_33,pixel_34,pixel_35,pixel_36,pixel_37,pixel_38,pixel_39,pixel_40,pixel_41,pixel_42,pixel_43,pixel_44,pixel_45,pixel_46,pixel_47,pixel_48,pixel_49,pixel_50,pixel_51,pixel_52,pixel_53,pixel_54,pixel_55,pixel_56,pixel_57,pixel_58,pixel_59,pixel_60,pixel_61,pixel_62,pixel_63,label
digit_00001,0,1,6,15,12,1,0,0,0,7,16,6,6,10,0,0,0,8,16,2,0,11,2,0,0,5,16,3,0,5,7,0,0,7,13,3,0,8,7,0,0,4,12,0,1,13,5,0,0,0,14,9,15,9,0,0,0,0,6,14,7,1,0,0,0
digit_00002,0,0,10,16,6,0,0,0,0,7,16,8,16,5,0,0,0,11,16,0,6,14,3,0,0,12,12,0,0,11,11,0,0,12,12,0,0,8,12,0,0,7,15,1,0,13,11,0,0,0,16,8,10,15,3,0,0,0,10,16,15,3,0,0,0
digit_00003,0,0,8,15,16,13,0,0,0,1,11,9,11,16,1,0,0,0,0,0,7,14,0,0,0,0,3,4,14,12,2,0,0,1,16,16,16,16,10,0,0,2,12,16,10,0,0,0,0,0,2,16,4,0,0,0,0,0,9,14,0,0,0,0,7
digit_00004,0,0,0,3,11,16,0,0,0,0,5,16,11,13,7,0,0,3,15,8,1,15,6,0,0,11,16,16,16,16,10,0,0,1,4,4,13,10,2,0,0,0,0,0,15,4,0,0,0,0,0,3,16,0,0,0,0,0,0,1,15,2,0,0,4
digit_00005,0,0,5,14,4,0,0,0,0,0,13,8,0,0,0,0,0,3,14,4,0,0,0,0,0,6,16,14,9,2,0,0,0,4,16,3,4,11,2,0,0,0,14,3,0,4,11,0,0,0,10,8,4,11,12,0,0,0,4,12,14,7,0,0,6
digit_00006,0,0,11,16,10,1,0,0,0,4,16,10,15,8,0,0,0,4,16,3,11,13,0,0,0,1,14,6,9,14,0,0,0,0,0,0,12,10,0,0,0,0,0,6,16,6,0,0,0,0,5,15,15,8,8,3,0,0,10,16,16,16,16,6,2
digit_00007,0,0,1,11,13,11,7,0,0,0,9,14,6,4,3,0,0,0,16,12,16,15,2,0,0,5,16,10,4,12,6,0,0,1,1,0,0,10,4,0,0,0,0,0,5,10,0,0,0,0,0,8,15,3,0,0,0,0,1,13,5,0,0,0,5
digit_00008,0,0,8,10,8,7,2,0,0,1,15,14,12,12,4,0,0,7,15,12,5,0,0,0,0,5,14,12,15,7,0,0,0,0,0,0,2,13,0,0,0,0,0,0,4,12,0,0,0,0,6,7,14,5,0,0,0,0,4,13,8,0,0,0,5
digit_00009,0,0,15,2,14,13,2,0,0,0,16,15,12,13,8,0,0,2,16,12,1,6,10,0,0,7,15,3,0,5,8,0,0,5,12,0,0,8,8,0,0,5,12,0,7,15,5,0,0,5,16,13,16,6,0,0,0,0,10,12,5,0,0,0,0
digit_00010,0,0,3,13,13,2,0,0,0,6,16,12,10,8,0,0,0,9,15,12,16,6,0,0,0,10,16,16,13,0,0,0,0,1,12,16,12,14,4,0,0,0,11,8,0,3,12,0,0,0,13,11,8,13,12,0,0,0,3,15,11,6,0,0,8
digit_00011,0,0,6,14,14,16,16,8,0,0,7,11,8,10,15,3,0,0,0,0,4,15,10,0,0,1,15,16,16,16,14,0,0,3,11,13,13,0,0,0,0,0,0,15,5,0,0,0,0,0,7,13,0,0,0,0,0,0,10,12,0,0,0,0,7
digit_00012,0,0,0,3,16,11,1,0,0,0,0,8,16,16,1,0,0,0,0,9,16,14,0,0,0,1,7,16,16,11,0,0,0,9,16,16,16,8,0,0,0,1,8,6,16,7,0,0,0,0,0,5,16,9,0,0,0,0,0,2,14,14,1,0,1
digit_00013,0,0,0,4,13,16,16,3,0,0,8,16,9,12,16,4,0,7,16,3,3,15,13,0,0,9,15,14,16,16,6,0,0,1,8,7,12,15,0,0,0,0,0,0,13,10,0,0,0,0,0,3,15,6,0,0,0,0,0,5,15,4,0,0,9
digit_00014,0,0,7,12,6,2,0,0,0,0,16,16,13,14,1,0,0,9,16,11,3,0,0,0,0,8,16,16,16,4,0,0,0,1,2,0,6,12,0,0,0,0,0,0,7,12,0,0,0,0,6,9,16,6,0,0,0,0,5,16,9,0,0,0,5
digit_00015,0,0,7,11,11,6,0,0,0,9,16,12,10,14,0,0,0,5,2,0,4,14,0,0,0,0,1,5,14,6,0,0,0,1,15,16,16,10,0,0,0,0,7,4,4,15,6,0,0,0,5,4,8,13,12,0,0,0,14,16,12,10,1,0,3
digit_00016,0,1,10,15,8,0,0,0,0,6,16,7,11,8,0,0,0,7,16,3,1,13,1,0,0,7,13,0,0,10,6,0,0,8,12,0,0,14,4,0,0,3,16,0,6,15,2,0,0,0,15,9,16,4,0,0,0,0,9,15,8,0,0,0,0
digit_00017,0,0,0,1,11,7,0,0,0,0,2,13,10,16,4,0,0,0,13,4,1,16,0,0,0,6,14,8,12,16,7,0,0,0,8,8,15,10,2,0,0,0,0,1,12,1,0,0,0,0,0,4,16,0,0,0,0,0,0,3,15,0,0,0,4
digit_00018,0,0,5,12,16,16,3,0,0,0,11,11,4,16,9,0,0,0,0,4,8,16,5,0,0,0,4,16,16,16,14,0,0,0,0,11,14,1,0,0,0,0,0,13,10,0,0,0,0,0,3,16,1,0,0,0,0,0,8,12,0,0,0,0,7
digit_00019,0,0,1,8,13,13,2,0,0,4,16,8,1,12,4,0,0,7,13,3,10,13,0,0,0,3,15,15,14,15,0,0,0,0,13,10,0,10,6,0,0,0,11,5,0,9,8,0,0,0,7,11,4,14,2,0,0,0,1,13,12,4,0,0,8
digit_00020,0,0,0,2,13,12,4,0,0,0,3,15,15,13,12,0,0,2,15,14,1,12,8,0,0,8,16,14,16,16,11,0,0,3,16,16,16,16,10,0,0,0,0,0,8,13,0,0,0,0,0,0,13,7,0,0,0,0,0,0,15,3,0,0,4
digit_00021,0,0,4,11,15,16,15,0,0,0,13,13,8,13,14,0,0,0,0,0,0,15,5,0,0,0,2,4,10,15,1,0,0,0,10,16,16,16,8,0,0,0,1,13,13,1,0,0,0,0,1,16,6,0,0,0,0,0,6,14,2,0,0,0,7
digit_00022,0,0,4,10,13,11,1,0,0,2,13,10,4,8,8,0,0,6,13,4,9,15,4,0,0,4,16,16,16,13,0,0,0,0,12,11,1,8,8,0,0,0,12,4,0,7,8,0,0,0,12,8,8,14,0,0,0,0,6,13,11,1,0,0,8
digit_00023,0,0,3,11,13,14,6,0,0,0,12,9,3,0,0,0,0,2,14,0,0,0,0,0,0,8,10,6,12,12,2,0,0,7,16,13,6,14,8,0,0,0,0,0,1,14,1,0,0,0,1,4,11,6,0,0,0,0,3,13,10,0,0,0,5
digit_00024,0,0,1,4,11,13,7,0,0,2,14,12,10,16,5,0,0,7,14,6,14,12,0,0,0,2,12,11,10,15,1,0,0,0,0,0,0,16,4,0,0,0,0,0,3,16,3,0,0,0,0,0,10,11,0,0,0,0,0,1,14,3,0,0,9
digit_00025,0,0,9,13,1,0,0,0,0,0,8,16,6,0,0,0,0,0,7,16,10,0,0,0,0,0,13,16,10,0,0,0,0,0,9,16,14,0,0,0,0,0,0,7,16,5,0,0,0,0,3,9,16,13,8,5,0,0,4,15,16,16,16,16,1
digit_00026,0,0,9,16,11,0,0,0,0,4,16,13,16,4,0,0,0,0,9,3,13,9,0,0,0,0,0,0,16,8,0,0,0,0,0,3,16,4,0,0,0,0,0,12,15,1,0,0,0,0,6,16,16,15,11,1,0,0,10,16,9,9,13,6,2
digit_00027,0,0,2,13,9,0,0,0,0,0,14,11,12,7,0,0,0,6,16,1,0,16,0,0,0,5,12,0,0,11,5,0,0,8,13,0,0,8,7,0,0,1,16,0,0,9,8,0,0,0,13,3,6,16,1,0,0,0,3,16,14,4,0,0,0
digit_00028,0,0,0,10,12,0,0,0,0,0,9,14,4,0,0,0,0,0,15,3,0,0,0,0,0,2,15,2,6,1,0,0,0,2,16,15,12,15,4,0,0,0,16,5,0,3,14,0,0,0,12,10,4,11,14,0,0,0,1,11,14,12,1,0,6
digit_00029,0,0,0,0,10,13,0,0,0,0,0,0,15,16,0,0,0,0,0,7,16,14,0,0,0,3,12,16,16,13,0,0,0,3,11,9,16,9,0,0,0,0,0,0,16,9,0,0,0,0,0,0,15,12,0,0,0,0,0,0,8,15,2,0,1
digit_00030,0,0,7,9,13,11,2,0,0,6,16,9,1,13,8,0,0,8,14,5,11,14,2,0,0,3,16,16,16,6,0,0,0,2,16,5,1,12,5,0,0,4,15,0,0,8,8,0,0,3,16,4,7,13,2,0,0,0,13,12,8,1,0,0,8
digit_00031,0,0,9,14,16,7,0,0,0,1,14,6,14,13,0,0,0,0,0,0,14,8,0,0,0,0,10,13,16,13,2,0,0,0,16,16,16,13,8,0,0,0,2,15,4,0,0,0,0,0,8,13,0,0,0,0,0,0,12,10,0,0,0,0,7
digit_00032,0,0,8,16,8,0,0,0,0,1,16,9,10,9,0,0,0,4,15,0,0,10,1,0,0,6,12,0,0,6,6,0,0,5,12,0,0,4,8,0,0,4,14,0,0,7,8,0,0,1,16,9,8,14,4,0,0,0,6,15,14,5,0,0,0
digit_00033,0,0,9,16,16,15,2,0,0,0,9,6,8,16,8,0,0,0,0,2,1,16,7,0,0,0,12,16,16,16,13,0,0,0,3,4,15,10,1,0,0,0,0,7,15,2,0,0,0,0,3,15,7,0,0,0,0,0,8,13,1,0,0,0,7
digit_00034,0,0,2,14,10,0,0,0,0,1,14,12,0,0,0,0,0,5,14,1,0,0,0,0,0,6,11,0,0,0,0,0,0,7,15,13,15,7,1,0,0,3,15,8,0,11,10,0,0,0,11,9,4,8,15,0,0,0,1,12,14,12,4,0,6
digit_00035,0,0,0,3,11,16,11,0,0,0,5,16,14,13,16,3,0,3,16,8,0,13,14,0,0,10,15,6,11,16,6,0,0,8,16,15,14,15,1,0,0,0,3,0,10,12,0,0,0,0,0,0,15,9,0,0,0,0,0,1,16,5,0,0,9
digit_00036,0,0,0,0,13,16,3,0,0,0,0,1,15,16,0,0,0,2,5,13,16,14,0,0,0,10,16,15,16,12,0,0,0,1,4,5,16,12,0,0,0,0,0,1,16,14,0,0,0,0,0,0,16,15,0,0,0,0,0,0,11,16,8,0,1
digit_00037,0,0,4,14,16,16,12,0,0,0,12,9,0,5,16,3,0,1,15,14,10,13,12,0,0,8,16,16,16,9,3,0,0,1,4,8,15,0,0,0,0,0,0,8,13,0,0,0,0,0,1,14,9,0,0,0,0,0,6,15,4,0,0,0,9
digit_00038,0,0,6,12,11,3,0,0,0,0,16,9,16,7,0,0,0,0,0,10,13,0,0,0,0,0,14,16,16,10,1,0,0,0,8,2,3,15,4,0,0,0,1,0,0,12,6,0,0,8,15,6,9,16,3,0,0,0,7,12,13,6,0,0,3
digit_00039,0,0,0,3,10,15,9,4,0,0,2,15,7,9,16,6,0,0,11,6,0,10,16,1,0,1,15,14,16,16,7,0,0,0,5,7,2,14,2,0,0,0,0,0,10,6,0,0,0,0,0,1,15,0,0,0,0,0,0,7,9,0,0,0,9
digit_00040,0,0,0,2,10,16,12,2,0,0,2,14,12,7,16,3,0,3,15,15,4,10,15,0,0,6,16,16,16,16,14,0,0,0,3,3,4,16,6,0,0,0,0,0,6,16,2,0,0,0,0,0,10,14,0,0,0,0,0,0,14,9,0,0,4
digit_00041,0,0,8,14,9,2,0,0,0,2,14,5,11,13,0,0,0,0,15,0,6,16,4,0,0,0,13,9,15,15,6,0,0,0,0,5,1,7,9,0,0,0,0,0,0,5,12,0,0,0,12,3,0,9,8,0,0,0,7,14,15,13,0,0,9
digit_00042,0,0,6,16,12,2,0,0,0,6,16,9,11,11,0,0,0,7,14,0,5,14,0,0,0,3,6,0,7,11,0,0,0,0,0,0,14,7,0,0,0,0,0,8,15,0,0,0,0,0,4,16,10,4,3,0,0,0,7,16,13,14,16,3,2
digit_00043,0,0,8,14,2,0,0,0,0,0,5,16,6,0,0,0,0,0,0,16,11,0,0,0,0,0,2,16,15,0,0,0,0,0,0,14,16,2,0,0,0,0,0,1,16,9,0,0,0,0,5,15,16,15,12,8,0,0,4,15,16,13,12,12,1
digit_00044,0,0,0,4,11,16,11,0,0,0,6,13,3,3,15,0,0,0,14,2,4,14,11,0,0,0,12,16,15,15,8,0,0,0,0,2,0,14,2,0,0,0,0,0,4,11,0,0,0,0,0,0,14,4,0,0,0,0,0,3,10,0,0,0,9
digit_00045,0,0,0,0,9,15,12,0,0,0,2,14,9,6,16,1,0,0,12,4,1,12,11,0,0,4,15,7,13,16,3,0,0,2,12,11,1,15,0,0,0,0,0,0,5,11,0,0,0,0,0,0,8,8,0,0,0,0,0,0,9,7,0,0,9
digit_00046,0,0,2,13,5,0,0,0,0,0,11,15,0,0,0,0,0,1,16,2,0,0,0,0,0,2,16,8,6,2,0,0,0,5,16,9,10,15,2,0,0,0,16,4,0,9,8,0,0,0,11,10,3,16,6,0,0,0,4,15,12,9,1,0,6
digit_00047,0,0,0,1,10,16,4,0,0,0,1,13,16,16,3,0,0,0,11,15,9,16,3,0,0,11,16,9,14,13,0,0,0,10,16,16,16,16,9,0,0,1,4,4,16,9,2,0,0,0,0,0,14,5,0,0,0,0,0,0,13,9,0,0,4
digit_00048,0,0,4,13,16,8,0,0,0,6,16,9,11,12,0,0,0,9,11,4,16,6,0,0,0,0,8,15,16,12,1,0,0,0,2,6,1,13,8,0,0,0,9,1,0,9,8,0,0,0,13,8,9,15,4,0,0,0,6,14,12,5,0,0,3
digit_00049,0,1,14,14,4,0,0,0,0,10,15,15,15,0,0,0,0,14,10,4,16,3,0,0,0,2,1,9,16,0,0,0,0,0,0,13,13,0,0,0,0,0,3,16,5,0,0,0,0,0,13,16,13,5,4,0,0,2,15,14,16,16,16,5,2
digit_00050,0,2,7,14,11,1,0,0,0,8,15,3,7,8,0,0,0,10,10,1,12,8,0,0,0,4,16,16,15,6,0,0,0,2,16,6,0,11,7,0,0,1,16,0,0,4,13,0,0,0,16,2,5,14,4,0,0,0,7,16,14,6,0,0,8
digit_00051,0,1,14,15,5,0,0,0,0,3,16,15,15,3,0,0,0,3,16,9,16,5,0,0,0,0,5,6,16,4,0,0,0,0,0,8,15,1,0,0,0,0,0,14,11,0,0,0,0,0,9,16,14,8,7,0,0,0,15,16,16,16,16,6,2
digit_00052,0,0,1,8,14,14,6,0,0,0,3,11,7,12,14,0,0,0,0,0,0,9,11,0,0,1,12,12,12,15,8,0,0,0,7,8,14,13,1,0,0,0,0,4,15,2,0,0,0,0,0,13,6,0,0,0,0,0,1,14,2,0,0,0,7
digit_00053,0,0,0,1,15,9,1,0,0,0,0,5,16,16,0,0,0,0,0,13,16,11,0,0,0,2,8,16,16,11,0,0,0,5,12,13,16,8,0,0,0,0,0,5,16,7,0,0,0,0,0,7,16,4,0,0,0,0,0,3,16,15,1,0,1
digit_00054,0,0,0,4,15,6,0,0,0,0,3,15,9,4,14,0,0,2,15,9,0,11,10,0,0,7,16,10,12,16,14,0,0,3,14,13,15,14,2,0,0,0,0,0,12,10,0,0,0,0,0,2,16,6,0,0,0,0,0,6,13,1,0,0,4
digit_00055,0,0,2,13,6,0,0,0,0,0,10,14,6,0,0,0,0,0,15,6,0,0,0,0,0,0,16,3,0,0,0,0,0,0,14,16,16,12,1,0,0,2,16,13,3,9,10,0,0,0,8,14,4,13,13,0,0,0,2,12,14,12,4,0,6
digit_00056,0,0,11,16,6,0,0,0,0,2,16,14,14,1,0,0,0,6,16,2,15,6,0,0,0,2,11,0,15,5,0,0,0,0,0,0,16,5,0,0,0,0,0,4,16,2,0,0,0,0,6,15,15,8,8,3,0,0,12,16,15,16,16,6,2
digit_00057,0,0,7,14,6,0,0,0,0,5,16,9,13,3,0,0,0,8,12,0,5,12,0,0,0,4,12,0,0,11,6,0,0,6,12,0,0,9,7,0,0,1,15,0,1,15,5,0,0,0,13,7,13,11,0,0,0,0,4,15,11,0,0,0,0
digit_00058,0,0,0,0,8,12,5,0,0,0,0,10,11,11,9,0,0,0,11,10,0,16,1,0,0,6,16,13,12,15,4,0,0,2,8,8,12,14,4,0,0,0,0,0,12,4,0,0,0,0,0,0,13,1,0,0,0,0,0,0,11,0,0,0,4
digit_00059,0,0,1,12,11,0,0,0,0,0,8,14,3,0,0,0,0,1,14,5,0,0,0,0,0,1,16,9,4,0,0,0,0,3,16,13,12,12,3,0,0,1,16,3,0,1,15,0,0,0,9,9,2,9,15,2,0,0,2,14,15,12,3,0,6
digit_00060,0,2,11,15,16,8,0,0,0,4,9,1,5,16,4,0,0,0,0,5,13,13,0,0,0,0,4,16,16,5,0,0,0,0,0,2,7,14,2,0,0,0,2,0,0,11,7,0,0,6,10,1,8,14,2,0,0,3,14,15,11,3,0,0,3
digit_00061,0,0,5,12,14,16,5,0,0,6,16,15,10,16,6,0,0,0,3,0,3,16,2,0,0,0,1,4,14,13,2,0,0,7,16,16,16,16,11,0,0,4,9,14,12,1,1,0,0,0,0,16,8,0,0,0,0,0,4,16,5,0,0,0,7
digit_00062,0,0,0,0,13,5,0,0,0,0,0,3,16,13,0,0,0,0,0,10,16,12,0,0,0,6,16,16,16,8,0,0,0,4,8,6,16,5,0,0,0,0,0,4,16,4,0,0,0,0,0,4,16,8,0,0,0,0,0,0,12,13,5,0,1
digit_00063,0,0,10,8,11,2,0,0,0,0,16,15,8,13,2,0,0,4,16,4,0,9,7,0,0,7,14,0,0,3,8,0,0,8,12,0,0,7,8,0,0,6,6,0,3,15,4,0,0,4,14,10,16,7,0,0,0,0,10,14,5,0,0,0,0
digit_00064,0,1,9,13,9,0,0,0,0,3,16,10,11,11,0,0,0,1,9,0,2,15,0,0,0,0,0,0,4,15,0,0,0,0,0,1,11,8,0,0,0,0,0,10,15,1,0,0,0,0,6,16,16,13,9,0,0,0,11,12,8,8,8,1,2
digit_00065,0,3,12,16,10,0,0,0,0,8,16,10,16,6,0,0,0,2,9,0,12,8,0,0,0,0,0,0,15,9,0,0,0,0,0,9,14,1,0,0,0,0,4,16,9,0,0,0,0,1,14,16,13,12,9,1,0,4,16,16,13,15,16,3,2
digit_00066,0,0,10,16,16,16,4,0,0,2,14,8,1,1,0,0,0,7,15,12,12,7,0,0,0,3,9,7,5,16,6,0,0,0,0,0,0,5,8,0,0,0,0,0,0,13,7,0,0,0,11,4,13,12,0,0,0,0,9,13,9,0,0,0,5
digit_00067,0,0,8,15,5,0,0,0,0,4,15,12,16,0,0,0,0,10,9,0,12,4,0,0,0,3,1,0,13,3,0,0,0,0,0,1,16,0,0,0,0,0,0,6,11,0,0,0,0,0,5,16,16,16,15,0,0,0,9,10,4,6,9,0,2
digit_00068,0,0,0,0,11,2,0,0,0,0,0,8,12,0,0,0,0,0,2,15,4,4,8,0,0,1,13,8,0,10,10,0,0,9,16,8,9,16,7,0,0,6,12,12,13,14,1,0,0,0,0,0,14,8,0,0,0,0,0,3,16,4,0,0,4
digit_00069,0,0,5,12,16,12,0,0,0,2,16,10,8,16,4,0,0,7,16,8,2,16,4,0,0,0,5,15,16,10,0,0,0,0,0,12,16,8,0,0,0,0,6,12,5,16,4,0,0,0,8,12,6,16,6,0,0,0,5,15,15,9,0,0,8
digit_00070,0,0,0,6,14,11,1,0,0,0,2,14,16,16,2,0,0,0,11,16,16,16,0,0,0,5,15,16,16,16,4,0,0,1,5,7,16,16,2,0,0,0,0,3,16,16,3,0,0,0,0,4,16,16,4,0,0,0,0,4,15,15,4,0,1
digit_00071,0,0,5,10,16,15,6,0,0,0,12,9,8,15,12,0,0,0,0,0,1,16,5,0,0,2,15,12,13,15,2,0,0,2,11,11,15,10,5,0,0,0,0,11,7,0,0,0,0,0,4,16,1,0,0,0,0,0,9,12,0,0,0,0,7
digit_00072,0,0,10,13,15,12,5,0,0,0,9,5,5,13,7,0,0,0,0,1,11,13,0,0,0,0,5,16,16,3,0,0,0,0,2,10,12,15,7,0,0,0,0,0,1,16,4,0,0,0,2,8,13,12,1,0,0,0,10,15,7,0,0,0,3
digit_00073,0,0,2,12,11,2,0,0,0,1,15,12,9,13,0,0,0,6,13,1,0,14,2,0,0,6,12,0,0,8,8,0,0,8,12,0,0,7,8,0,0,5,15,0,0,7,9,0,0,0,13,9,8,15,4,0,0,0,3,13,16,8,0,0,0
digit_00074,0,0,5,13,14,5,0,0,0,5,16,12,12,16,0,0,0,1,3,0,11,14,0,0,0,0,0,9,16,4,0,0,0,0,2,16,16,9,1,0,0,0,0,3,5,16,7,0,0,0,2,4,9,16,5,0,0,0,5,13,14,6,0,0,3
digit_00075,0,0,6,9,13,11,0,0,0,10,14,8,9,16,4,0,0,0,0,0,1,15,6,0,0,0,0,3,14,14,1,0,0,0,7,16,16,16,4,0,0,0,1,1,0,12,9,0,0,0,1,2,5,14,10,0,0,0,7,16,13,10,1,0,3
digit_00076,0,0,7,11,16,7,0,0,0,1,12,12,13,16,0,0,0,0,0,0,6,16,0,0,0,4,13,10,15,13,2,0,0,1,8,14,16,12,4,0,0,0,2,15,7,0,0,0,0,0,9,15,0,0,0,0,0,0,12,7,0,0,0,0,7
digit_00077,0,1,9,15,16,8,0,0,0,7,16,12,16,8,0,0,0,0,2,0,16,8,0,0,0,1,8,12,16,10,1,0,0,4,16,16,16,16,11,0,0,0,12,16,3,4,2,0,0,0,9,16,0,0,0,0,0,0,14,11,0,0,0,0,7
digit_00078,0,0,1,9,13,11,3,0,0,0,13,12,8,10,12,0,0,5,13,1,8,15,10,0,0,6,16,16,15,16,6,0,0,0,5,5,5,14,0,0,0,0,0,1,12,7,0,0,0,0,0,8,15,0,0,0,0,0,0,15,7,0,0,0,9
digit_00079,0,0,0,4,13,12,2,0,0,0,1,15,16,16,3,0,0,0,7,16,16,16,2,0,0,1,14,16,16,16,3,0,0,7,16,16,16,16,0,0,0,0,0,11,16,13,0,0,0,0,0,8,16,15,3,0,0,0,0,6,16,12,2,0,1
digit_00080,0,0,6,13,15,4,0,0,0,5,16,9,8,12,0,0,0,4,4,0,10,10,0,0,0,0,1,10,16,10,1,0,0,0,3,11,8,15,8,0,0,0,0,0,0,11,7,0,0,0,4,4,8,15,1,0,0,0,4,15,15,1,0,0,3
digit_00081,0,0,7,13,16,9,0,0,0,0,11,8,9,16,5,0,0,0,0,0,7,15,0,0,0,0,0,13,16,5,0,0,0,0,0,10,12,16,3,0,0,0,0,0,3,16,2,0,0,0,2,7,14,7,0,0,0,0,10,10,2,0,0,0,3
digit_00082,0,0,0,2,14,2,0,0,0,0,0,11,13,0,0,0,0,0,8,15,3,2,10,0,0,2,16,9,0,12,15,0,0,13,16,9,12,16,9,0,0,12,16,16,16,16,2,0,0,0,4,3,14,14,0,0,0,0,0,0,15,13,0,0,4
digit_00083,0,3,9,14,16,13,1,0,0,7,13,9,10,16,4,0,0,0,1,1,12,12,1,0,0,0,0,14,16,4,0,0,0,0,0,8,14,16,2,0,0,0,0,0,3,16,8,0,0,0,3,9,15,12,1,0,0,2,16,13,7,0,0,0,3
digit_00084,0,0,0,4,16,4,0,0,0,0,0,14,14,2,0,0,0,0,7,16,5,1,3,0,0,4,16,11,1,13,11,0,0,13,16,13,13,16,8,0,0,9,16,16,16,16,4,0,0,0,0,4,16,7,0,0,0,0,0,5,16,9,0,0,4
digit_00085,0,0,12,16,7,0,0,0,0,1,16,9,15,2,0,0,0,0,3,0,12,4,0,0,0,0,0,0,13,4,0,0,0,0,0,7,15,1,0,0,0,1,11,16,7,0,0,0,0,7,16,16,11,6,2,0,0,1,8,11,12,13,7,0,2
digit_00086,0,0,6,13,16,10,1,0,0,0,15,7,5,13,7,0,0,7,15,1,1,14,6,0,0,1,12,13,14,9,0,0,0,0,0,15,16,3,0,0,0,0,7,13,8,15,0,0,0,0,12,8,7,16,1,0,0,0,5,16,16,5,0,0,8
digit_00087,0,0,4,12,16,15,5,0,0,0,13,16,16,16,7,0,0,4,16,13,14,11,0,0,0,6,16,16,14,1,0,0,0,0,9,16,12,1,0,0,0,0,12,12,15,7,0,0,0,0,13,10,13,12,0,0,0,0,3,15,13,4,0,0,8
digit_00088,0,0,3,12,13,10,1,0,0,2,13,9,7,14,8,0,0,8,12,0,0,13,8,0,0,4,15,13,14,16,1,0,0,0,1,4,14,9,0,0,0,0,0,6,14,1,0,0,0,0,2,16,5,0,0,0,0,0,2,16,1,0,0,0,9
digit_00089,0,0,1,11,12,4,0,0,0,1,11,12,9,15,5,0,0,7,16,4,3,15,7,0,0,3,15,13,15,11,0,0,0,0,3,16,13,14,0,0,0,0,8,9,0,14,7,0,0,0,11,9,9,15,6,0,0,0,2,12,14,8,0,0,8
digit_00090,0,0,0,4,13,0,0,0,0,0,0,15,8,2,5,0,0,0,11,9,0,12,8,0,0,4,14,1,0,14,5,0,0,8,14,6,7,16,6,0,0,2,11,13,15,13,2,0,0,0,0,1,15,3,0,0,0,0,0,4,14,0,0,0,4
digit_00091,0,0,12,15,15,12,1,0,0,0,3,4,5,15,7,0,0,0,0,0,5,14,0,0,0,1,11,12,14,11,0,0,0,0,4,11,16,16,7,0,0,0,0,13,7,0,0,0,0,0,4,14,1,0,0,0,0,0,12,5,0,0,0,0,7
digit_00092,0,0,2,10,12,4,0,0,0,0,10,16,16,16,0,0,0,0,13,16,16,12,0,0,0,0,12,16,16,12,0,0,0,0,12,16,16,12,0,0,0,0,12,16,16,13,0,0,0,0,8,16,16,15,0,0,0,0,4,10,8,3,0,0,1
digit_00093,0,0,0,10,8,0,0,0,0,0,3,16,7,0,0,0,0,0,10,9,0,0,0,0,0,0,14,9,7,3,0,0,0,1,16,16,14,16,5,0,0,1,15,10,0,3,14,1,0,0,8,12,5,5,15,4,0,0,1,9,15,16,11,0,6
digit_00094,0,0,1,10,16,7,0,0,0,1,14,14,12,16,4,0,0,6,16,2,1,16,4,0,0,6,16,11,13,16,2,0,0,0,11,12,16,11,0,0,0,0,0,3,16,5,0,0,0,0,0,11,14,0,0,0,0,0,0,13,11,0,0,0,9
digit_00095,0,0,0,0,10,0,0,0,0,0,0,6,13,0,0,0,0,0,1,13,5,2,2,0,0,0,11,9,0,14,7,0,0,5,16,1,8,16,2,0,0,3,16,14,16,15,5,0,0,0,0,0,16,8,0,0,0,0,0,0,15,8,0,0,4
digit_00096,0,0,0,8,12,2,0,0,0,0,9,15,8,12,0,0,0,5,16,3,0,12,2,0,0,5,13,0,0,5,7,0,0,8,10,0,0,4,8,0,0,0,16,0,0,3,12,0,0,0,11,9,4,14,6,0,0,0,0,10,13,9,1,0,0
digit_00097,0,0,0,3,15,11,4,0,0,0,0,13,16,15,0,0,0,0,7,16,16,12,0,0,0,6,16,16,16,12,0,0,0,5,10,5,16,13,0,0,0,0,0,4,16,16,2,0,0,0,0,6,16,16,2,0,0,0,0,3,13,12,1,0,1
digit_00098,0,1,8,13,16,13,0,0,0,5,14,7,8,15,0,0,0,0,0,2,13,8,0,0,0,0,0,13,16,13,1,0,0,0,0,2,5,14,7,0,0,0,0,0,0,13,7,0,0,0,2,6,12,13,1,0,0,0,7,13,7,1,0,0,3
digit_00099,0,0,0,7,13,4,0,0,0,0,8,15,7,2,0,0,0,2,15,5,0,0,0,0,0,5,15,0,0,0,0,0,0,5,16,16,15,12,4,0,0,2,15,11,4,10,12,0,0,0,7,13,5,12,13,0,0,0,1,8,13,12,3,0,6
digit_00100,0,0,2,14,3,0,0,0,0,0,13,16,12,0,0,0,0,8,12,2,12,0,0,0,0,6,8,0,12,0,0,0,0,0,0,0,15,0,0,0,0,0,1,5,15,0,0,0,0,0,7,16,16,14,9,0,0,0,2,12,12,12,11,0,2
digit_00101,0,0,0,2,13,1,0,0,0,0,1,15,11,0,0,0,0,0,8,15,2,2,0,0,0,1,16,7,3,16,3,0,0,7,16,10,10,16,4,0,0,5,12,13,16,15,2,0,0,0,0,1,14,10,0,0,0,0,0,0,15,11,0,0,4
digit_00102,0,0,11,16,16,16,3,0,0,1,12,12,13,16,5,0,0,0,0,0,7,16,2,0,0,0,5,13,16,15,1,0,0,0,12,16,16,16,10,0,0,0,1,13,10,4,1,0,0,0,8,16,2,0,0,0,0,0,15,11,0,0,0,0,7
digit_00103,0,0,0,7,15,1,0,0,0,0,2,14,11,0,0,0,0,0,8,16,4,1,7,0,0,5,16,9,0,12,15,0,0,11,16,14,12,16,9,0,0,6,12,12,16,16,1,0,0,0,0,5,16,8,0,0,0,0,0,10,12,0,0,0,4
digit_00104,0,0,2,13,9,0,0,0,0,2,16,15,14,6,0,0,0,8,16,5,3,15,0,0,0,7,16,1,0,11,7,0,0,6,12,0,0,8,8,0,0,0,16,2,0,7,10,0,0,0,12,12,7,15,5,0,0,0,0,13,16,9,0,0,0
digit_00105,0,2,14,16,14,2,0,0,0,9,15,9,16,8,0,0,0,1,3,1,16,6,0,0,0,0,0,5,16,3,0,0,0,0,0,13,13,0,0,0,0,0,7,16,3,0,0,0,0,2,15,16,10,12,6,0,0,4,16,16,16,16,11,0,2
digit_00106,0,0,8,15,16,14,5,0,0,5,16,4,6,16,8,0,0,7,16,4,9,15,3,0,0,0,12,16,16,3,0,0,0,0,3,15,16,9,0,0,0,0,13,6,6,16,4,0,0,0,16,8,8,16,6,0,0,0,11,16,13,8,0,0,8
digit_00107,0,4,14,14,16,16,4,0,0,5,16,11,5,4,0,0,0,4,16,4,0,0,0,0,0,6,16,16,16,11,0,0,0,4,11,6,7,16,4,0,0,0,0,0,4,16,4,0,0,0,1,7,15,12,0,0,0,4,16,12,5,0,0,0,5
digit_00108,0,0,0,9,15,10,1,0,0,0,4,15,16,16,4,0,0,4,15,16,16,16,4,0,0,8,15,10,16,16,8,0,0,0,0,0,16,16,7,0,0,0,0,1,16,16,6,0,0,0,0,7,16,16,4,0,0,0,0,6,12,12,1,0,1
digit_00109,0,0,5,16,10,1,0,0,0,11,14,13,14,12,0,0,0,12,16,4,3,15,5,0,0,11,12,1,0,7,9,0,0,9,10,0,0,3,14,0,0,6,14,0,0,9,16,0,0,0,14,9,9,16,11,0,0,0,5,15,16,15,1,0,0
digit_00110,0,0,0,0,11,15,2,0,0,0,0,7,16,16,7,0,0,0,3,15,16,16,4,0,0,6,16,16,16,16,3,0,0,3,8,6,16,16,0,0,0,0,0,4,16,16,0,0,0,0,0,4,16,16,4,0,0,0,0,1,13,16,3,0,1
digit_00111,0,0,3,12,15,4,0,0,0,0,14,12,13,14,2,0,0,1,16,0,8,16,10,0,0,5,15,13,16,16,8,0,0,1,8,9,11,16,5,0,0,0,0,2,15,10,0,0,0,0,0,10,14,2,0,0,0,0,3,14,5,0,0,0,9
digit_00112,0,0,0,10,13,1,0,0,0,0,8,16,12,2,0,0,0,1,15,10,0,0,0,0,0,6,16,7,5,0,0,0,0,2,16,16,16,15,3,0,0,2,16,12,0,7,13,0,0,0,11,10,4,10,16,2,0,0,2,11,15,14,9,0,6
digit_00113,0,0,1,8,16,14,1,0,0,0,11,13,7,15,7,0,0,2,15,2,0,9,12,0,0,6,15,9,13,16,8,0,0,0,6,12,13,16,2,0,0,0,0,0,12,10,0,0,0,0,0,8,15,1,0,0,0,0,0,13,7,0,0,0,9
digit_00114,0,0,2,12,15,2,0,0,0,0,8,14,4,1,0,0,0,0,15,7,0,0,0,0,0,2,16,6,4,2,0,0,0,3,16,16,15,15,4,0,0,2,15,11,0,4,14,0,0,0,11,9,0,3,16,0,0,0,2,13,16,16,12,0,6
digit_00115,0,0,4,12,14,9,1,0,0,1,16,13,9,16,7,0,0,7,16,1,4,16,4,0,0,8,13,4,12,16,4,0,0,2,14,14,16,9,0,0,0,0,0,7,16,2,0,0,0,0,1,14,11,0,0,0,0,0,4,16,5,0,0,0,9
digit_00116,0,1,11,13,13,12,7,0,0,2,16,6,4,10,9,0,0,2,16,2,0,0,0,0,0,4,16,16,16,4,0,0,0,1,10,5,7,12,0,0,0,0,0,0,5,11,0,0,0,0,1,5,14,3,0,0,0,0,15,14,7,0,0,0,5
digit_00117,0,0,0,11,11,0,0,0,0,0,3,16,7,8,11,0,0,0,14,14,0,16,12,0,0,7,16,7,9,16,9,0,0,8,16,16,16,16,11,0,0,1,4,10,16,8,0,0,0,0,0,9,15,0,0,0,0,0,0,9,11,0,0,0,4
digit_00118,0,0,11,10,8,14,10,0,0,1,16,14,12,12,7,0,0,0,16,8,0,0,0,0,0,5,16,16,10,2,0,0,0,2,8,8,12,15,1,0,0,0,0,0,5,16,3,0,0,0,5,9,16,10,0,0,0,2,12,12,4,0,0,0,5
digit_00119,0,0,0,7,14,15,3,0,0,0,11,16,9,15,10,0,0,5,14,3,4,14,10,0,0,7,15,10,16,16,4,0,0,2,11,11,10,16,1,0,0,0,0,0,11,11,0,0,0,0,0,5,16,7,0,0,0,0,0,10,15,0,0,0,9
digit_00120,0,1,13,11,11,13,5,0,0,8,16,9,8,8,1,0,0,4,16,0,0,0,0,0,0,4,16,16,14,6,0,0,0,2,11,8,9,16,4,0,0,0,0,0,0,12,8,0,0,0,1,5,8,15,6,0,0,2,14,12,12,6,0,0,5
digit_00121,0,1,13,16,16,16,4,0,0,0,11,12,13,16,4,0,0,0,0,0,13,11,0,0,0,0,11,16,16,16,7,0,0,0,11,15,14,13,8,0,0,0,0,16,7,0,0,0,0,0,9,16,1,0,0,0,0,0,14,10,0,0,0,0,7
digit_00122,0,0,0,0,13,12,1,0,0,0,0,5,16,16,1,0,0,0,0,14,16,14,0,0,0,0,7,16,16,10,0,0,0,5,16,16,16,14,0,0,0,2,6,9,16,16,1,0,0,0,0,2,16,16,7,0,0,0,0,0,8,12,6,0,1
digit_00123,0,0,4,10,16,9,0,0,0,4,15,9,8,12,0,0,0,4,4,0,8,10,0,0,0,0,0,6,16,13,1,0,0,0,0,9,10,12,7,0,0,0,0,0,0,10,7,0,0,0,1,6,10,16,3,0,0,0,4,14,10,2,0,0,3
digit_00124,0,0,5,9,12,12,2,0,0,0,7,10,10,16,5,0,0,0,0,0,6,13,0,0,0,0,7,9,14,14,6,0,0,0,8,14,15,8,2,0,0,0,0,11,7,0,0,0,0,0,6,15,0,0,0,0,0,0,11,7,0,0,0,0,7
digit_00125,0,0,4,11,15,4,0,0,0,3,15,15,10,16,0,0,0,8,15,2,0,14,4,0,0,7,13,0,0,10,8,0,0,7,12,0,0,13,4,0,0,1,15,4,1,15,2,0,0,0,10,12,11,12,0,0,0,0,2,11,13,2,0,0,0
digit_00126,0,0,8,13,7,0,0,0,0,5,16,9,15,6,0,0,0,5,8,0,7,13,0,0,0,2,4,0,1,15,0,0,0,0,0,0,4,13,0,0,0,0,0,0,10,10,0,0,0,0,5,12,16,9,8,1,0,0,8,13,14,15,16,4,2
digit_00127,0,0,0,11,13,1,0,0,0,2,7,16,11,11,0,0,0,8,16,8,0,9,1,0,0,7,12,7,0,4,5,0,0,3,9,0,0,4,9,0,0,1,12,1,0,10,7,0,0,0,7,11,10,15,0,0,0,0,1,11,13,5,0,0,0
digit_00128,0,0,0,2,14,8,0,0,0,0,0,8,14,2,6,0,0,0,3,15,7,6,16,2,0,1,13,12,1,12,11,0,0,11,16,16,16,16,10,0,0,5,10,8,13,15,3,0,0,0,0,0,14,12,0,0,0,0,0,4,16,7,0,0,4
digit_00129,0,0,1,12,16,12,2,0,0,0,8,12,11,16,4,0,0,5,16,3,12,13,1,0,0,2,15,15,15,3,0,0,0,0,5,16,15,6,0,0,0,0,6,13,8,16,6,0,0,0,6,13,4,13,12,0,0,0,1,14,16,11,2,0,8
digit_00130,0,0,9,13,6,0,0,0,0,5,16,9,14,1,0,0,0,9,9,0,11,5,0,0,0,1,1,0,10,6,0,0,0,0,0,0,15,4,0,0,0,0,0,5,15,0,0,0,0,0,5,15,11,8,8,0,0,0,8,16,12,12,15,4,2
digit_00131,0,0,6,15,16,11,3,0,0,0,12,8,8,14,9,0,0,0,0,0,3,16,4,0,0,0,0,5,16,13,1,0,0,0,0,8,12,14,7,0,0,0,0,0,3,15,2,0,0,0,2,9,15,8,0,0,0,0,10,9,2,0,0,0,3
digit_00132,0,0,6,7,8,9,9,0,0,5,16,16,14,13,3,0,0,5,10,7,3,0,0,0,0,5,16,16,13,0,0,0,0,0,0,0,12,1,0,0,0,0,0,0,13,1,0,0,0,0,8,11,12,0,0,0,0,0,10,11,2,0,0,0,5
digit_00133,0,1,8,14,16,6,0,0,0,9,15,10,13,10,0,0,0,1,2,7,16,5,0,0,0,0,4,16,9,0,0,0,0,0,4,16,11,2,0,0,0,0,0,4,13,16,9,0,0,1,8,4,4,13,13,0,0,0,9,14,16,13,7,0,3
digit_00134,0,2,12,13,12,2,0,0,0,2,7,5,15,7,0,0,0,0,0,9,16,2,0,0,0,4,16,14,3,0,0,0,0,2,12,16,14,5,0,0,0,0,0,1,6,15,4,0,0,0,1,0,2,13,6,0,0,4,13,15,16,12,1,0,3
digit_00135,0,0,0,6,14,0,0,0,0,0,3,15,9,0,0,0,0,0,14,14,0,7,10,0,0,8,16,8,0,14,15,1,0,12,16,12,10,16,10,0,0,5,14,16,16,15,2,0,0,0,0,4,16,6,0,0,0,0,0,8,14,0,0,0,4
digit_00136,0,0,7,15,11,0,0,0,0,9,10,14,15,12,0,0,0,9,12,0,0,4,1,0,0,7,16,14,9,0,0,0,0,0,7,13,16,6,0,0,0,0,0,0,12,9,0,0,0,0,11,10,16,8,0,0,0,0,5,16,14,3,0,0,5
digit_00137,0,1,12,14,4,0,0,0,0,7,15,7,9,0,0,0,0,6,15,1,3,0,0,0,0,1,14,9,5,9,6,0,0,0,3,16,15,5,2,0,0,2,15,13,15,0,0,0,0,7,14,4,14,3,0,0,0,0,11,14,11,0,0,0,8
digit_00138,0,0,1,7,16,2,0,0,0,0,14,13,12,10,1,0,0,3,14,0,3,16,4,0,0,1,15,16,15,16,0,0,0,0,2,7,2,10,3,0,0,0,0,0,0,11,2,0,0,0,0,9,2,10,4,0,0,0,0,9,16,12,1,0,9
digit_00139,0,0,0,11,6,0,0,0,0,0,0,15,10,0,0,0,0,0,5,16,2,0,0,0,0,0,8,13,0,0,0,0,0,0,10,12,5,7,1,0,0,0,9,16,12,12,15,2,0,0,7,15,6,9,15,8,0,0,1,10,15,15,10,0,6
digit_00140,0,0,5,11,8,4,0,0,0,0,15,16,16,15,1,0,0,0,12,16,16,15,2,0,0,3,16,16,16,11,0,0,0,4,16,16,16,4,0,0,0,3,16,16,16,8,0,0,0,0,12,16,16,9,0,0,0,0,3,8,12,8,0,0,1
digit_00141,0,2,15,15,5,0,0,0,0,4,13,10,16,0,0,0,0,0,4,4,16,0,0,0,0,0,0,2,15,0,0,0,0,0,0,9,10,0,0,0,0,0,3,15,3,0,0,0,0,1,13,14,8,8,6,0,0,2,13,12,10,9,6,0,2
digit_00142,0,0,9,15,3,0,0,0,0,1,15,16,15,5,0,0,0,3,16,8,9,14,0,0,0,4,13,0,0,10,4,0,0,3,13,0,0,7,6,0,0,2,12,0,0,10,10,0,0,1,12,9,13,16,6,0,0,0,7,16,16,8,0,0,0
digit_00143,0,0,7,11,11,2,0,0,0,0,16,16,15,13,0,0,0,3,15,7,0,10,3,0,0,3,12,0,0,5,7,0,0,7,9,0,0,10,6,0,0,4,13,0,3,15,6,0,0,2,15,12,15,14,0,0,0,0,7,16,12,2,0,0,0
digit_00144,0,0,1,14,4,0,0,0,0,0,6,15,2,0,0,0,0,0,12,8,0,0,0,0,0,0,12,4,0,0,0,0,0,2,16,13,12,9,0,0,0,5,16,11,8,15,10,0,0,0,13,9,4,9,11,0,0,0,3,11,14,13,4,0,6
digit_00145,0,0,9,16,15,2,0,0,0,4,16,13,15,11,0,0,0,6,10,0,14,10,0,0,0,0,0,4,16,4,0,0,0,0,0,10,14,0,0,0,0,0,5,15,4,0,0,0,0,0,14,14,11,12,5,0,0,0,12,16,16,11,3,0,2
digit_00146,0,0,11,16,16,16,7,0,0,0,9,8,8,16,13,0,0,0,0,0,2,16,10,0,0,0,2,4,12,16,4,0,0,0,15,16,16,16,10,0,0,0,5,14,10,4,0,0,0,0,6,16,0,0,0,0,0,0,12,11,0,0,0,0,7
digit_00147,0,0,0,12,6,0,0,0,0,0,3,16,1,0,0,0,0,0,6,13,0,0,0,0,0,0,10,9,0,0,0,0,0,0,13,8,8,3,0,0,0,1,16,12,8,12,8,0,0,0,8,12,1,0,14,3,0,0,0,8,14,16,12,3,6
digit_00148,0,0,0,5,15,1,0,0,0,0,1,14,12,0,0,0,0,1,12,15,0,3,13,1,0,7,16,4,0,11,15,0,0,14,13,0,4,16,5,0,0,14,16,16,16,11,0,0,0,2,8,13,16,3,0,0,0,0,0,7,16,2,0,0,4
digit_00149,0,0,0,9,7,0,0,0,0,0,4,16,5,0,0,0,0,0,8,13,0,0,0,0,0,0,13,8,0,0,0,0,0,2,15,7,8,7,1,0,0,1,15,11,8,10,13,0,0,0,11,10,4,5,15,2,0,0,0,9,12,13,9,0,6
digit_00150,0,0,3,16,11,1,0,0,0,0,12,16,16,2,0,0,0,3,16,16,11,0,0,0,0,5,16,16,7,0,0,0,0,6,16,16,5,0,0,0,0,1,16,16,3,0,0,0,0,0,11,16,9,0,0,0,0,0,4,12,14,12,5,0,1
digit_00151,0,0,5,11,12,5,0,0,0,0,9,16,16,11,0,0,0,0,11,16,16,4,0,0,0,1,16,16,15,2,0,0,0,0,14,16,11,0,0,0,0,2,16,16,8,0,0,0,0,0,14,16,8,0,0,0,0,0,8,16,13,1,0,0,1
digit_00152,0,0,0,1,14,2,0,0,0,0,0,10,13,0,1,0,0,0,6,13,2,6,9,0,0,1,15,4,0,13,6,0,0,6,14,6,7,16,2,0,0,1,9,13,16,14,5,0,0,0,0,0,16,2,0,0,0,0,0,0,14,0,0,0,4
digit_00153,0,2,12,16,15,8,0,0,0,13,16,13,8,12,2,0,0,16,13,1,0,0,0,0,0,9,16,13,5,0,0,0,0,1,11,13,14,2,0,0,0,0,0,0,16,8,0,0,0,0,3,11,16,5,0,0,0,0,14,16,10,1,0,0,5
digit_00154,0,0,6,14,14,4,0,0,0,0,13,15,11,13,0,0,0,0,2,2,2,16,1,0,0,0,0,0,3,14,1,0,0,0,0,0,9,11,0,0,0,0,0,4,16,3,0,0,0,0,4,15,16,16,14,2,0,0,7,13,12,9,9,3,2
digit_00155,0,0,7,14,1,0,0,0,0,0,14,13,6,0,0,0,0,0,12,8,3,0,0,0,0,0,3,14,12,16,6,0,0,0,2,14,16,4,0,0,0,0,11,14,8,14,2,0,0,3,16,3,1,16,4,0,0,0,8,14,16,11,1,0,8
digit_00156,0,0,0,10,7,0,0,0,0,0,1,16,5,0,0,0,0,0,0,15,2,7,4,0,0,0,0,11,16,14,4,0,0,1,12,16,15,1,0,0,0,7,16,4,16,1,0,0,0,1,12,9,16,4,0,0,0,0,1,11,15,2,0,0,8
digit_00157,0,0,1,8,16,4,0,0,0,0,13,10,5,8,0,0,0,1,16,5,10,15,2,0,0,1,11,13,11,14,4,0,0,0,0,0,0,8,8,0,0,0,0,0,0,8,5,0,0,0,0,5,0,13,4,0,0,0,0,12,16,10,0,0,9
digit_00158,0,2,10,15,14,9,2,0,0,4,11,4,5,14,8,0,0,0,0,0,8,16,3,0,0,0,0,6,14,3,0,0,0,0,0,8,16,7,0,0,0,0,0,0,7,16,1,0,0,2,4,4,7,15,1,0,0,3,12,14,12,6,0,0,3
digit_00159,0,0,5,13,1,0,0,0,0,0,13,16,7,1,0,0,0,1,16,16,16,13,1,0,0,2,16,10,0,12,5,0,0,2,16,0,0,3,10,0,0,2,15,0,0,6,14,0,0,0,14,5,8,16,9,0,0,0,4,13,15,7,0,0,0
digit_00160,0,1,10,16,15,0,0,0,0,7,15,5,8,0,0,0,0,10,12,0,0,0,0,0,0,4,16,4,2,9,5,0,0,0,10,15,15,15,8,0,0,0,12,16,13,1,0,0,0,3,16,13,16,1,0,0,0,0,12,16,14,1,0,0,8
digit_00161,0,0,0,5,16,1,0,0,0,0,1,16,10,0,0,0,0,0,13,13,1,3,8,0,0,6,16,3,0,13,14,0,0,13,16,3,5,16,5,0,0,15,16,16,16,15,0,0,0,1,7,11,16,6,0,0,0,0,0,7,15,3,0,0,4
digit_00162,0,1,11,16,16,7,0,0,0,0,8,7,12,12,0,0,0,0,0,0,12,8,0,0,0,0,0,2,14,4,0,0,0,1,13,16,16,11,4,0,0,1,12,16,10,8,3,0,0,0,11,11,0,0,0,0,0,3,16,5,0,0,0,0,7
digit_00163,0,0,0,11,11,0,0,0,0,0,3,16,7,0,0,0,0,0,6,15,1,0,0,0,0,0,7,12,0,0,0,0,0,0,12,13,8,7,0,0,0,1,16,12,8,11,12,0,0,0,8,13,4,7,16,1,0,0,2,11,13,12,7,0,6
digit_00164,0,0,7,15,14,4,0,0,0,0,13,13,10,11,0,0,0,0,0,1,0,15,1,0,0,0,0,0,1,16,0,0,0,0,0,0,6,14,0,0,0,0,0,4,15,8,0,0,0,0,5,14,16,16,9,0,0,0,5,11,7,4,9,2,2
digit_00165,0,0,9,16,12,1,0,0,0,10,16,10,15,4,0,0,0,8,6,0,8,7,0,0,0,0,0,0,8,10,0,0,0,0,0,1,14,5,0,0,0,0,0,10,15,1,1,0,0,0,10,16,14,14,11,0,0,0,8,15,14,10,3,0,2
digit_00166,0,0,0,9,14,0,0,0,0,0,6,16,8,0,0,0,0,0,14,14,0,6,15,0,0,9,16,3,3,16,10,0,0,13,16,4,11,15,1,0,0,13,16,16,16,12,2,0,0,2,4,10,16,2,0,0,0,0,0,9,15,2,0,0,4
digit_00167,0,0,0,11,3,0,0,0,0,0,5,16,2,0,0,0,0,0,12,11,0,0,0,0,0,0,14,5,0,0,0,0,0,0,16,3,1,1,0,0,0,0,16,16,16,16,11,0,0,0,12,8,4,6,16,2,0,0,2,11,15,16,11,1,6
digit_00168,0,0,0,7,15,1,0,0,0,0,2,14,10,0,2,0,0,0,10,12,1,2,15,3,0,5,16,3,0,9,14,0,0,14,12,2,2,16,5,0,0,14,16,16,16,16,1,0,0,5,8,12,16,4,0,0,0,0,0,9,16,6,0,0,4
digit_00169,0,0,0,3,16,3,0,0,0,0,0,9,16,2,0,0,0,0,2,14,9,5,6,0,0,0,8,15,2,15,12,0,0,4,16,6,3,16,5,0,0,11,16,13,16,16,8,0,0,5,11,13,16,10,1,0,0,0,0,4,16,7,0,0,4
digit_00170,0,0,4,14,14,4,0,0,0,5,14,3,1,4,0,0,0,8,12,0,2,2,0,0,0,4,15,12,16,16,8,0,0,0,14,16,9,0,0,0,0,4,16,11,15,2,0,0,0,2,15,8,12,12,0,0,0,0,4,12,16,10,0,0,8
digit_00171,0,1,10,16,15,1,0,0,0,5,16,13,16,4,0,0,0,5,9,3,16,2,0,0,0,0,0,10,10,0,0,0,0,0,2,15,6,0,0,0,0,0,9,12,1,0,0,0,0,0,12,14,10,4,0,0,0,0,11,16,16,16,2,0,2
digit_00172,0,0,2,13,10,4,0,0,0,0,0,16,16,11,0,0,0,0,0,13,16,15,0,0,0,0,1,14,16,11,0,0,0,0,4,16,16,6,0,0,0,0,3,16,14,2,0,0,0,0,7,16,16,3,0,0,0,0,4,13,16,4,0,0,1
digit_00173,0,0,11,16,16,9,0,0,0,2,16,12,16,11,0,0,0,1,3,1,16,8,0,0,0,0,0,12,14,2,0,0,0,0,3,16,8,0,0,0,0,0,11,15,0,0,0,0,0,0,13,15,12,12,4,0,0,0,13,16,16,15,2,0,2
digit_00174,0,1,10,16,16,14,1,0,0,1,11,5,4,15,0,0,0,0,0,0,6,10,0,0,0,0,1,13,12,1,0,0,0,0,2,15,16,12,1,0,0,0,0,0,3,14,4,0,0,1,6,0,2,14,3,0,0,2,12,16,15,8,0,0,3
digit_00175,0,0,9,11,1,0,0,0,0,4,16,14,9,0,0,0,0,1,6,3,13,0,0,0,0,0,0,3,14,0,0,0,0,0,0,5,13,0,0,0,0,0,0,14,10,3,0,0,0,0,11,16,16,16,14,2,0,0,6,9,7,4,8,6,2
digit_00176,0,0,13,13,12,12,2,0,0,0,14,16,16,14,3,0,0,0,10,16,5,0,0,0,0,0,1,10,14,1,0,0,0,0,0,2,16,4,0,0,0,0,0,0,12,8,0,0,0,0,4,6,15,5,0,0,0,1,15,16,15,1,0,0,5
digit_00177,0,0,5,11,13,10,0,0,0,0,8,9,9,16,5,0,0,0,0,0,0,14,7,0,0,0,0,0,1,16,1,0,0,0,3,4,12,9,1,0,0,10,16,16,14,12,2,0,0,3,2,15,2,0,0,0,0,0,8,6,0,0,0,0,7
digit_00178,0,0,7,16,11,0,0,0,0,5,15,12,16,3,0,0,0,6,16,14,16,7,0,0,0,1,8,12,16,8,0,0,0,0,0,0,6,15,2,0,0,0,0,0,0,16,7,0,0,0,0,0,2,13,8,0,0,0,8,16,16,14,4,0,9
digit_00179,0,0,4,15,14,1,0,0,0,2,16,14,16,9,0,0,0,5,16,1,10,16,0,0,0,4,16,16,16,16,1,0,0,0,9,12,10,16,6,0,0,0,0,0,0,13,7,0,0,0,3,6,5,14,8,0,0,0,6,16,16,15,2,0,9
digit_00180,0,0,9,15,13,5,1,0,0,2,16,13,9,12,3,0,0,8,12,0,0,0,0,0,0,2,16,15,6,0,0,0,0,0,1,8,15,3,0,0,0,0,0,0,6,11,0,0,0,0,5,6,12,10,0,0,0,1,10,13,10,1,0,0,5
digit_00181,0,0,7,16,12,5,0,0,0,0,7,16,16,7,0,0,0,0,3,16,16,8,0,0,0,0,5,16,16,7,0,0,0,0,11,16,15,2,0,0,0,0,14,16,14,0,0,0,0,0,14,16,16,3,0,0,0,0,6,13,14,5,0,0,1
digit_00182,0,0,6,12,14,11,0,0,0,1,11,8,10,14,0,0,0,0,0,0,12,9,0,0,0,0,0,11,10,0,0,0,0,0,0,10,16,13,1,0,0,0,0,0,7,15,5,0,0,0,4,4,5,14,3,0,0,0,10,15,12,8,0,0,3
digit_00183,0,0,4,15,11,0,0,0,0,1,15,6,14,3,0,0,0,3,14,8,14,10,0,0,0,1,9,12,7,13,0,0,0,0,0,0,0,14,2,0,0,0,0,0,0,13,4,0,0,0,7,4,3,13,4,0,0,0,7,13,15,9,0,0,9
digit_00184,0,1,11,16,9,0,0,0,0,10,14,9,13,2,0,0,0,4,3,0,12,4,0,0,0,0,0,0,12,3,0,0,0,0,0,5,15,0,0,0,0,0,2,13,10,0,0,0,0,1,16,16,9,10,7,0,0,0,10,13,12,10,9,0,2
digit_00185,0,0,13,16,14,6,0,0,0,3,16,14,12,15,2,0,0,7,16,2,0,0,0,0,0,12,16,10,6,0,0,0,0,6,16,16,16,6,0,0,0,0,0,1,10,13,0,0,0,0,1,4,13,14,0,0,0,0,12,16,16,10,0,0,5
digit_00186,0,0,3,15,7,0,0,0,0,0,13,16,10,0,0,0,0,5,16,7,5,3,0,0,0,5,16,8,16,15,2,0,0,2,12,1,6,8,10,0,0,1,14,2,0,0,13,0,0,0,9,15,12,15,16,0,0,0,2,10,15,16,7,0,0
digit_00187,0,0,0,4,16,4,0,0,0,0,0,3,16,6,0,0,0,0,0,10,14,1,9,2,0,0,3,15,4,9,15,0,0,3,15,9,3,14,10,0,2,15,16,15,16,16,3,0,1,10,9,9,16,10,0,0,0,0,0,5,16,2,0,0,4
digit_00188,0,0,6,16,16,12,0,0,0,0,8,9,13,16,2,0,0,0,0,0,4,16,1,0,0,0,1,5,12,12,0,0,0,0,13,16,16,16,7,0,0,0,8,14,12,10,3,0,0,0,3,16,3,0,0,0,0,0,9,11,0,0,0,0,7
digit_00189,0,1,14,13,16,12,1,0,0,9,16,13,7,8,1,0,0,10,16,11,7,0,0,0,0,1,13,16,16,6,0,0,0,0,0,0,5,12,0,0,0,0,0,0,5,11,0,0,0,0,1,6,15,9,0,0,0,0,13,15,8,1,0,0,5
digit_00190,0,0,3,15,13,1,0,0,0,0,13,14,11,4,0,0,0,0,14,11,3,1,0,0,0,0,4,16,12,16,6,0,0,0,5,16,16,6,0,0,0,3,16,9,11,11,0,0,0,3,16,6,2,16,4,0,0,0,6,13,14,9,0,0,8
digit_00191,0,0,4,10,16,14,4,0,0,0,10,16,16,16,4,0,0,0,16,16,16,8,0,0,0,0,16,16,16,0,0,0,0,0,16,16,16,0,0,0,0,4,16,16,16,0,0,0,0,0,16,16,16,0,0,0,0,0,6,14,14,0,0,0,1
digit_00192,0,0,5,8,0,0,0,0,0,0,12,16,13,7,0,0,0,0,15,15,13,16,3,0,0,3,15,0,0,10,6,0,0,3,13,0,0,7,9,0,0,4,16,0,1,12,12,0,0,1,15,12,14,16,9,0,0,0,6,14,14,9,1,0,0
digit_00193,0,2,14,16,9,0,0,0,0,8,16,13,16,3,0,0,0,10,9,5,16,2,0,0,0,1,0,8,14,0,0,0,0,0,0,14,10,0,0,0,0,0,5,16,5,0,0,0,0,3,16,16,11,6,1,0,0,2,13,16,16,16,12,0,2
digit_00194,0,0,0,7,16,2,0,0,0,0,3,15,10,0,0,0,0,1,13,14,2,3,9,0,0,9,16,7,0,14,14,0,0,13,16,0,5,16,8,0,0,14,16,16,16,15,2,0,0,0,4,7,16,6,0,0,0,0,0,8,15,0,0,0,4
digit_00195,0,1,9,15,13,0,0,0,0,6,16,16,16,2,0,0,0,3,8,8,16,4,0,0,0,0,0,12,13,0,0,0,0,0,1,16,9,0,0,0,0,0,9,16,2,0,0,0,0,0,12,14,10,8,1,0,0,0,13,16,16,16,5,0,2
digit_00196,0,0,6,11,0,0,0,0,0,1,15,12,2,4,0,0,0,5,12,3,16,16,4,0,0,5,9,0,8,7,8,0,0,8,8,0,0,4,8,0,0,7,9,0,0,4,9,0,0,0,15,8,9,15,7,0,0,0,6,16,16,9,0,0,0
digit_00197,0,0,6,13,16,12,1,0,0,3,16,11,8,9,1,0,0,3,16,5,2,8,5,0,0,1,13,14,16,16,6,0,0,0,5,16,16,3,0,0,0,0,14,12,13,10,0,0,0,0,15,11,10,14,0,0,0,0,4,15,16,7,0,0,8
digit_00198,0,0,0,5,15,0,0,0,0,0,0,11,11,0,0,0,0,0,1,16,4,4,6,0,0,0,13,12,1,15,7,0,0,2,16,2,8,14,2,0,0,12,16,15,16,15,0,0,0,5,8,10,16,2,0,0,0,0,0,3,11,2,0,0,4
digit_00199,0,0,2,14,16,11,0,0,0,0,11,15,12,10,2,0,0,1,15,3,0,0,0,0,0,1,16,5,0,0,0,0,0,0,12,16,7,0,0,0,0,0,0,9,16,7,0,0,0,0,3,10,15,12,0,0,0,0,3,16,15,7,0,0,5
digit_00200,0,0,0,12,15,9,11,6,0,0,0,5,10,13,16,2,0,0,0,0,0,9,9,0,0,0,0,4,10,16,2,0,0,0,8,16,16,16,5,0,0,0,3,8,14,2,0,0,0,0,0,11,9,0,0,0,0,0,0,12,1,0,0,0,7
digit_00201,0,0,6,9,0,0,0,0,0,0,7,16,10,13,7,0,0,0,1,8,16,14,1,0,0,0,0,1,13,7,0,0,0,0,12,16,16,10,1,0,0,0,3,15,10,8,2,0,0,0,2,16,2,0,0,0,0,0,4,13,0,0,0,0,7
digit_00202,0,0,0,0,6,15,12,0,0,0,1,11,14,13,15,0,0,1,12,10,0,11,7,0,0,5,15,1,3,16,3,0,0,5,16,13,15,14,0,0,0,0,4,4,11,13,0,0,0,0,0,0,8,13,0,0,0,0,0,0,8,8,0,0,9
digit_00203,0,0,0,13,9,10,14,2,0,0,0,11,12,15,12,0,0,0,0,0,0,14,3,0,0,1,4,4,7,15,1,0,0,7,16,16,16,12,6,0,0,2,4,8,11,0,0,0,0,0,0,11,6,0,0,0,0,0,0,13,7,0,0,0,7
digit_00204,0,1,13,13,1,0,0,0,0,9,16,16,7,0,0,0,0,5,5,13,8,0,0,0,0,0,2,16,6,0,0,0,0,0,11,15,1,0,0,0,0,4,16,8,1,0,0,0,0,4,16,16,16,16,6,0,0,1,11,14,16,16,11,0,2
digit_00205,0,0,0,8,14,10,0,0,0,0,2,14,16,14,0,0,0,0,12,16,16,14,2,0,0,5,16,16,16,12,1,0,0,1,4,10,16,14,0,0,0,0,0,9,16,12,0,0,0,0,0,9,16,12,0,0,0,0,0,8,15,12,0,0,1
digit_00206,0,0,0,8,16,10,8,12,0,0,0,12,16,16,16,11,0,0,0,0,0,14,14,0,0,0,0,1,8,16,11,0,0,0,1,15,16,16,7,0,0,0,2,9,16,8,0,0,0,0,0,7,16,3,0,0,0,0,0,10,12,0,0,0,7
digit_00207,0,0,3,11,2,7,13,0,0,0,3,13,16,16,7,0,0,0,0,0,5,13,0,0,0,0,0,0,9,7,0,0,0,8,16,16,16,16,2,0,0,2,4,12,11,1,0,0,0,0,0,15,5,0,0,0,0,0,3,16,3,0,0,0,7
digit_00208,0,0,0,0,15,7,0,0,0,0,0,7,16,4,0,0,0,0,1,15,11,1,5,0,0,2,14,12,1,12,13,0,0,7,16,11,8,16,11,0,0,12,16,16,16,16,3,0,0,1,8,5,14,15,0,0,0,0,0,0,13,12,0,0,4
digit_00209,0,0,0,1,13,8,0,0,0,0,0,9,16,15,0,0,0,0,5,16,16,12,0,0,0,2,15,16,16,10,0,0,0,8,14,3,16,10,0,0,0,0,0,4,16,8,0,0,0,0,0,4,16,11,0,0,0,0,0,0,15,12,0,0,1
digit_00210,0,0,0,3,11,16,11,0,0,0,6,16,11,16,7,0,0,0,14,8,0,15,1,0,0,8,16,4,12,11,0,0,0,1,11,15,16,11,0,0,0,0,0,0,15,5,0,0,0,0,0,0,16,6,0,0,0,0,0,2,16,5,0,0,9
digit_00211,0,1,11,16,7,0,0,0,0,8,16,15,10,0,0,0,0,12,8,12,11,0,0,0,0,2,0,15,7,0,0,0,0,0,8,14,0,0,0,0,0,0,13,12,0,3,3,0,0,5,16,13,14,16,16,1,0,0,16,16,15,10,5,0,2
digit_00212,0,0,2,9,0,0,0,0,0,0,11,8,0,0,0,0,0,1,16,0,0,0,0,0,0,4,11,0,0,0,0,0,0,7,8,3,8,3,0,0,0,6,11,13,16,16,4,0,0,0,14,16,7,12,12,0,0,0,3,14,16,14,6,0,6
digit_00213,0,0,0,2,9,16,3,0,0,0,2,14,15,16,2,0,0,0,11,10,7,9,0,0,0,1,16,4,11,5,0,0,0,0,14,16,16,10,0,0,0,0,0,1,14,11,0,0,0,0,0,0,14,7,0,0,0,0,0,0,14,3,0,0,9
digit_00214,0,0,0,9,13,1,0,0,0,0,3,15,7,1,0,0,0,0,8,10,0,0,0,0,0,0,13,5,0,0,0,0,0,0,14,16,12,3,0,0,0,0,13,10,7,15,1,0,0,0,5,12,2,11,7,0,0,0,0,8,16,16,4,0,6
digit_00215,0,0,0,1,8,15,12,0,0,0,2,14,13,16,5,0,0,0,9,14,9,9,0,0,0,0,8,16,16,15,2,0,0,0,0,2,10,14,1,0,0,0,0,0,10,12,0,0,0,0,0,0,12,7,0,0,0,0,0,0,11,1,0,0,9
digit_00216,0,0,2,15,7,0,0,0,0,0,7,16,6,0,0,0,0,0,14,15,1,3,1,0,0,5,16,7,3,16,8,0,0,13,15,0,10,16,4,0,0,13,16,16,16,15,0,0,0,2,6,15,15,5,0,0,0,0,4,15,4,0,0,0,4
digit_00217,0,0,0,0,5,14,8,0,0,0,1,10,13,13,11,0,0,0,11,9,2,14,6,0,0,4,16,9,12,16,3,0,0,0,6,4,4,15,4,0,0,0,0,0,0,16,4,0,0,0,0,0,0,15,3,0,0,0,0,0,2,15,0,0,9
digit_00218,0,0,6,16,12,1,0,0,0,0,15,14,14,13,0,0,0,2,16,6,5,16,2,0,0,0,15,4,2,16,6,0,0,1,16,5,1,16,6,0,0,2,16,2,11,14,1,0,0,0,16,5,15,5,0,0,0,0,7,16,7,0,0,0,0
digit_00219,0,1,6,8,11,16,6,0,0,5,16,16,12,9,4,0,0,8,13,1,0,0,0,0,0,6,16,11,4,0,0,0,0,0,7,12,16,10,0,0,0,0,0,0,7,12,0,0,0,0,1,5,14,11,0,0,0,0,9,15,9,1,0,0,5
digit_00220,0,0,8,12,8,8,10,0,0,0,5,10,13,16,8,0,0,0,0,0,5,11,0,0,0,2,8,12,15,12,2,0,0,8,12,15,12,8,4,0,0,0,2,13,2,0,0,0,0,0,8,11,0,0,0,0,0,0,10,5,0,0,0,0,7
digit_00221,0,0,6,16,13,4,0,0,0,0,10,8,8,13,0,0,0,0,0,0,6,11,0,0,0,0,3,7,14,2,0,0,0,2,16,13,15,6,0,0,0,0,3,0,6,14,0,0,0,0,3,4,5,14,0,0,0,0,9,16,12,4,0,0,3
digit_00222,0,0,4,12,15,8,0,0,0,4,15,10,10,12,0,0,0,13,10,2,16,4,0,0,0,6,12,15,9,0,0,0,0,0,2,16,13,3,0,0,0,0,10,9,6,13,1,0,0,0,10,9,0,10,8,0,0,0,2,13,16,14,5,0,8
digit_00223,0,0,0,0,9,15,0,0,0,0,0,4,16,6,0,0,0,0,0,13,12,0,0,0,0,0,10,14,1,12,6,0,0,4,16,6,0,16,12,0,0,13,15,12,16,16,9,0,0,13,16,15,13,16,5,0,0,1,4,0,9,12,0,0,4
digit_00224,0,0,1,13,15,7,0,0,0,0,9,14,9,15,1,0,0,2,16,5,0,10,4,0,0,5,13,5,0,4,8,0,0,8,8,0,0,7,8,0,0,3,14,1,0,9,7,0,0,0,13,13,9,16,4,0,0,0,3,13,16,10,0,0,0
digit_00225,0,2,12,14,12,1,0,0,0,7,13,6,14,5,0,0,0,0,0,3,15,3,0,0,0,2,15,16,14,1,0,0,0,1,6,5,12,13,0,0,0,0,0,0,1,14,6,0,0,4,8,4,5,14,8,0,0,2,13,16,15,9,1,0,3
digit_00226,0,0,0,0,5,15,1,0,0,0,0,0,14,16,2,0,0,0,1,12,16,16,2,0,0,1,13,16,12,16,0,0,0,4,13,2,8,13,0,0,0,0,0,0,9,13,0,0,0,0,0,0,11,16,0,0,0,0,0,0,4,16,4,0,1
digit_00227,0,0,7,12,12,10,2,0,0,1,16,15,12,15,9,0,0,0,16,7,0,1,2,0,0,0,11,16,10,1,0,0,0,0,0,3,14,13,1,0,0,0,0,0,3,16,1,0,0,0,8,7,15,12,0,0,0,0,11,12,6,0,0,0,5
digit_00228,0,0,5,15,15,5,0,0,0,2,15,5,3,13,0,0,0,3,9,0,6,10,0,0,0,4,8,3,13,1,0,0,0,3,14,14,6,0,0,0,0,0,7,12,14,11,1,0,0,0,12,5,1,13,9,0,0,0,5,12,14,10,1,0,8
digit_00229,0,0,6,12,14,10,0,0,0,4,16,13,10,13,0,0,0,8,9,0,0,0,0,0,0,6,14,10,7,0,0,0,0,0,8,9,15,11,0,0,0,0,0,0,1,14,7,0,0,0,4,8,8,15,5,0,0,0,5,16,12,6,0,0,5
digit_00230,0,0,0,1,11,14,10,0,0,0,6,14,7,10,13,0,0,0,15,3,1,14,5,0,0,0,15,11,9,16,5,0,0,0,3,8,7,16,4,0,0,0,0,0,2,11,0,0,0,0,0,0,10,10,0,0,0,0,0,0,14,7,0,0,9
digit_00231,0,4,15,14,11,4,0,0,0,2,11,8,14,16,1,0,0,0,0,5,15,9,0,0,0,0,9,16,12,0,0,0,0,0,2,8,15,12,1,0,0,0,0,0,2,16,8,0,0,1,4,4,10,16,5,0,0,4,16,15,11,3,0,0,3
digit_00232,0,0,0,5,0,4,13,5,0,0,6,16,16,16,14,1,0,0,2,6,8,16,2,0,0,0,2,4,12,14,0,0,0,5,15,16,16,16,4,0,0,6,9,11,15,4,0,0,0,0,0,15,9,0,0,0,0,0,0,13,6,0,0,0,7
digit_00233,0,0,7,16,13,6,0,0,0,2,14,5,7,15,2,0,0,3,7,1,10,14,0,0,0,5,14,14,13,1,0,0,0,0,6,16,9,0,0,0,0,0,10,7,13,2,0,0,0,0,14,4,13,4,0,0,0,0,9,14,11,1,0,0,8
digit_00234,0,0,5,10,14,5,0,0,0,4,16,13,13,12,0,0,0,7,10,0,10,7,0,0,0,0,0,6,16,6,0,0,0,0,0,6,14,15,1,0,0,0,0,0,0,11,7,0,0,0,4,8,8,15,7,0,0,0,5,14,12,8,0,0,3
digit_00235,0,0,2,15,13,5,0,0,0,0,5,13,12,15,0,0,0,4,14,13,15,14,0,0,0,8,16,16,15,3,0,0,0,0,13,11,9,12,0,0,0,0,15,2,0,15,1,0,0,0,13,8,4,14,3,0,0,0,2,12,13,12,2,0,8
digit_00236,0,0,4,15,11,2,0,0,0,0,15,15,14,11,0,0,0,2,16,6,0,15,1,0,0,2,16,5,0,11,5,0,0,2,16,4,0,7,9,0,0,0,15,2,0,10,9,0,0,0,11,13,9,16,4,0,0,0,2,10,16,10,0,0,0
digit_00237,0,0,1,11,15,8,0,0,0,0,11,11,4,16,0,0,0,6,11,1,3,13,0,0,0,3,14,6,14,2,0,0,0,0,2,16,10,0,0,0,0,0,4,11,10,7,0,0,0,0,5,8,5,13,0,0,0,0,1,12,16,5,0,0,8
digit_00238,0,0,1,8,13,10,2,0,0,0,11,16,13,13,3,0,0,4,15,0,0,0,0,0,0,3,15,7,1,0,0,0,0,0,8,15,15,7,0,0,0,0,0,2,10,16,2,0,0,0,2,7,8,16,4,0,0,0,2,15,12,7,0,0,5
digit_00239,0,0,7,14,16,8,0,0,0,0,5,10,13,7,0,0,0,0,0,0,13,3,0,0,0,0,4,8,16,8,4,0,0,2,16,16,13,12,4,0,0,1,3,14,2,0,0,0,0,0,2,14,0,0,0,0,0,0,8,13,0,0,0,0,7
digit_00240,0,0,0,6,13,3,0,0,0,0,4,16,13,1,0,0,0,0,13,11,1,0,0,0,0,5,15,1,0,0,0,0,0,5,13,0,0,0,0,0,0,2,16,10,16,13,3,0,0,0,11,16,14,16,15,0,0,0,1,8,13,13,9,0,6
digit_00241,0,0,0,2,9,15,15,0,0,0,4,14,12,9,12,0,0,2,14,6,0,10,10,0,0,6,16,6,7,16,8,0,0,1,13,16,11,15,7,0,0,0,0,0,1,16,3,0,0,0,0,0,7,15,0,0,0,0,0,0,11,9,0,0,9
digit_00242,0,0,0,0,10,12,0,0,0,0,0,0,15,12,0,0,0,0,0,7,16,12,0,0,0,0,9,16,16,11,0,0,0,8,16,11,16,12,0,0,0,3,4,3,16,9,0,0,0,0,0,0,15,10,0,0,0,0,0,0,9,13,0,0,1
digit_00243,0,0,0,0,9,13,0,0,0,0,0,3,15,12,0,0,0,0,2,13,16,14,0,0,0,4,14,14,14,14,0,0,0,5,11,1,9,13,0,0,0,0,0,0,11,11,0,0,0,0,0,0,10,10,0,0,0,0,0,0,9,9,0,0,1
digit_00244,0,0,0,14,8,8,14,0,0,0,1,11,15,16,13,0,0,0,0,0,6,16,3,0,0,3,13,16,16,16,3,0,0,2,8,11,15,9,4,0,0,0,0,10,7,0,0,0,0,0,0,16,5,0,0,0,0,0,0,14,1,0,0,0,7
digit_00245,0,0,6,16,14,3,0,0,0,0,9,5,5,11,0,0,0,0,3,2,3,12,0,0,0,2,15,14,12,3,0,0,0,0,3,15,12,8,0,0,0,0,10,6,0,11,2,0,0,0,13,3,0,9,7,0,0,0,5,14,14,12,4,0,8
digit_00246,0,0,0,0,10,5,0,0,0,0,0,0,16,4,0,0,0,0,0,9,12,4,3,0,0,0,2,15,1,11,8,0,0,0,14,7,0,14,4,0,0,6,16,9,15,15,2,0,0,9,13,8,13,4,0,0,0,0,0,0,9,4,0,0,4
digit_00247,0,2,13,9,1,0,0,0,0,8,15,13,10,0,0,0,0,2,6,1,12,0,0,0,0,0,0,4,12,0,0,0,0,0,0,12,6,0,0,0,0,0,8,12,0,0,0,0,0,2,16,11,14,16,9,0,0,2,15,12,11,5,1,0,2
digit_00248,0,0,6,14,16,5,0,0,0,3,16,10,14,14,0,0,0,3,6,1,13,9,0,0,0,0,2,15,16,11,0,0,0,0,2,12,14,16,2,0,0,0,0,0,1,16,7,0,0,0,6,13,10,15,3,0,0,0,10,16,13,5,0,0,3
digit_00249,0,0,5,13,10,0,0,0,0,1,15,16,16,4,0,0,0,3,11,0,10,7,0,0,0,0,1,0,13,0,0,0,0,0,0,5,11,0,0,0,0,0,3,15,3,0,0,0,0,0,8,16,16,15,2,0,0,0,6,13,12,10,2,0,2
digit_00250,0,0,1,13,16,16,9,0,0,0,13,14,12,12,11,0,0,9,16,5,0,0,0,0,0,9,16,6,2,0,0,0,0,3,15,16,15,3,0,0,0,0,3,11,16,10,0,0,0,0,4,16,16,7,0,0,0,0,0,15,15,2,0,0,5
digit_00251,0,0,0,4,13,6,0,0,0,0,0,11,16,12,0,0,0,0,8,16,16,10,0,0,0,6,16,16,16,6,0,0,0,5,12,12,16,3,0,0,0,0,0,10,15,0,0,0,0,0,0,10,14,0,0,0,0,0,0,5,16,2,0,0,1
digit_00252,0,0,3,0,6,15,0,0,0,9,16,14,16,15,0,0,0,5,7,8,14,11,0,0,0,0,1,4,13,11,2,0,0,0,8,16,16,16,12,0,0,0,1,8,15,11,2,0,0,0,0,0,12,12,0,0,0,0,0,0,8,13,0,0,7
digit_00253,0,0,0,11,4,0,0,0,0,0,6,15,2,0,0,0,0,0,14,7,0,0,0,0,0,3,16,9,12,6,0,0,0,4,16,15,10,12,9,0,0,2,16,9,0,0,12,0,0,0,8,13,2,2,14,2,0,0,0,8,15,15,11,0,6
digit_00254,0,0,3,12,12,1,0,0,0,0,15,15,13,11,0,0,0,3,16,4,0,14,2,0,0,5,15,5,0,5,7,0,0,8,8,0,0,4,8,0,0,4,14,0,0,7,11,0,0,0,14,11,12,16,3,0,0,0,3,14,12,4,0,0,0
digit_00255,0,0,2,10,12,11,1,0,0,0,11,14,9,16,3,0,0,2,16,1,11,11,0,0,0,6,16,15,14,3,0,0,0,0,7,16,12,0,0,0,0,0,5,14,11,13,0,0,0,0,7,14,9,14,0,0,0,0,2,13,16,7,0,0,8
digit_00256,0,0,0,0,3,13,4,0,0,0,0,0,11,16,8,0,0,0,0,8,16,16,6,0,0,1,9,16,9,16,2,0,0,7,16,5,5,16,0,0,0,0,2,0,8,13,0,0,0,0,0,0,9,12,0,0,0,0,0,0,5,15,3,0,1
digit_00257,0,0,0,0,9,8,0,0,0,0,0,4,16,2,0,0,0,0,0,15,10,0,0,0,0,0,6,11,1,6,6,0,0,1,14,2,0,9,7,0,0,9,7,0,3,16,2,0,0,7,16,16,16,15,3,0,0,1,4,2,11,3,0,0,4
digit_00258,0,0,0,0,12,14,0,0,0,0,0,1,16,16,1,0,0,0,5,14,16,12,0,0,0,5,16,16,16,8,0,0,0,9,15,9,16,8,0,0,0,0,1,2,16,7,0,0,0,0,0,4,16,10,0,0,0,0,0,0,10,16,6,0,1
digit_00259,0,0,0,2,11,16,12,0,0,0,4,15,14,16,8,0,0,1,16,13,14,16,6,0,0,2,16,16,11,15,5,0,0,0,6,12,16,10,0,0,0,0,0,0,15,6,0,0,0,0,0,2,16,7,0,0,0,0,0,1,16,5,0,0,9
digit_00260,0,0,7,14,12,1,0,0,0,2,16,12,16,8,0,0,0,2,10,0,12,8,0,0,0,0,5,12,16,3,0,0,0,0,5,12,15,13,1,0,0,0,0,0,5,16,3,0,0,0,12,8,4,13,3,0,0,0,9,16,14,9,0,0,3
digit_00261,0,0,3,14,16,16,12,0,0,2,15,16,11,8,6,0,0,9,16,4,0,0,0,0,0,9,16,16,14,3,0,0,0,0,9,9,14,14,0,0,0,0,0,0,5,16,0,0,0,0,0,4,14,12,0,0,0,0,2,16,13,3,0,0,5
digit_00262,0,0,0,1,15,4,0,0,0,0,0,6,16,1,0,0,0,0,0,14,12,0,0,0,0,0,10,16,2,3,0,0,0,4,16,8,3,16,4,0,0,12,16,13,15,16,4,0,0,8,14,12,16,14,5,0,0,0,0,1,16,6,0,0,4
digit_00263,0,0,8,16,11,0,0,0,0,1,14,10,16,5,0,0,0,1,4,7,15,1,0,0,0,0,6,16,15,4,0,0,0,0,0,5,10,16,5,0,0,0,4,0,1,16,4,0,0,0,13,8,15,10,0,0,0,0,11,14,5,0,0,0,3
digit_00264,0,0,10,16,16,16,2,0,0,0,7,8,10,16,0,0,0,0,0,0,10,14,5,0,0,0,8,15,16,16,8,0,0,0,14,16,11,0,0,0,0,0,3,16,2,0,0,0,0,0,10,10,0,0,0,0,0,0,12,3,0,0,0,0,7
digit_00265,0,0,2,11,0,0,0,0,0,0,8,10,0,0,0,0,0,0,14,6,0,0,0,0,0,0,15,3,3,0,0,0,0,3,16,16,16,16,5,0,0,2,15,5,0,5,13,0,0,0,12,13,8,10,15,0,0,0,1,10,16,13,6,0,6
digit_00266,0,0,1,11,14,12,1,0,0,0,11,12,9,16,3,0,0,7,6,6,12,6,0,0,0,6,13,10,14,1,0,0,0,0,12,16,4,0,0,0,0,0,14,13,14,4,0,0,0,0,11,12,11,15,0,0,0,0,1,9,14,14,1,0,8
digit_00267,0,0,11,15,9,0,0,0,0,0,13,9,13,10,0,0,0,0,13,6,1,11,3,0,0,4,12,0,0,4,8,0,0,8,7,0,0,5,8,0,0,7,8,0,5,15,3,0,0,2,14,10,16,10,0,0,0,0,12,12,3,0,0,0,0
digit_00268,0,0,9,16,10,0,0,0,0,0,4,10,15,2,0,0,0,0,13,0,4,13,0,0,0,4,16,0,0,13,2,0,0,7,12,0,0,10,6,0,0,8,13,1,2,13,8,0,0,5,16,16,16,16,2,0,0,0,9,16,15,8,0,0,0
digit_00269,0,3,14,9,5,0,0,0,0,0,7,10,16,0,0,0,0,0,0,2,14,0,0,0,0,0,0,10,6,0,0,0,0,0,3,15,1,0,0,0,0,1,13,8,0,0,0,0,0,8,16,10,12,15,7,0,0,3,12,16,13,8,3,0,2
digit_00270,0,0,7,15,6,0,0,0,0,0,5,8,14,7,0,0,0,0,7,2,4,13,2,0,0,0,14,3,0,12,4,0,0,2,16,0,1,14,5,0,0,5,13,0,7,16,3,0,0,1,16,9,15,13,0,0,0,0,9,15,10,1,0,0,0
digit_00271,0,0,0,5,16,2,0,0,0,0,1,15,8,0,0,0,0,0,10,13,0,2,2,0,0,6,15,6,10,16,12,0,0,13,16,16,14,16,10,0,0,8,12,5,7,16,4,0,0,0,0,2,14,8,0,0,0,0,0,9,13,1,0,0,4
digit_00272,0,0,2,14,11,1,0,0,0,0,8,13,2,0,0,0,0,0,12,8,0,0,0,0,0,0,16,4,0,0,0,0,0,0,16,12,15,11,4,0,0,2,16,12,4,5,14,0,0,0,13,11,4,12,15,1,0,0,3,11,16,12,3,0,6
digit_00273,0,0,1,11,2,0,0,11,0,0,5,16,3,0,7,15,0,0,8,16,0,1,15,7,0,0,8,16,8,13,12,0,0,0,7,16,16,16,6,0,0,0,0,4,14,12,0,0,0,0,0,6,14,0,0,0,0,0,2,15,6,0,0,0,4
digit_00274,0,0,1,13,1,0,0,0,0,0,7,14,0,0,0,0,0,0,12,7,0,0,0,0,0,0,14,5,0,0,0,0,0,1,16,4,4,4,1,0,0,0,14,15,11,10,12,0,0,0,8,11,0,4,15,4,0,0,1,10,16,14,9,0,6
digit_00275,0,0,0,4,12,15,5,0,0,1,10,15,14,16,7,0,0,3,16,16,16,16,7,0,0,0,3,4,3,13,8,0,0,0,0,0,2,16,4,0,0,0,0,0,11,11,0,0,0,0,0,1,14,5,0,0,0,0,0,3,16,2,0,0,9
digit_00276,0,0,15,16,16,16,3,0,0,0,7,8,10,16,4,0,0,0,0,0,8,15,0,0,0,0,4,7,16,15,6,0,0,9,16,16,14,13,3,0,0,2,11,15,2,0,0,0,0,0,13,9,0,0,0,0,0,2,16,4,0,0,0,0,7
digit_00277,0,0,6,13,16,11,0,0,0,11,16,11,4,16,4,0,0,3,13,13,9,16,1,0,0,0,0,10,16,8,0,0,0,0,0,13,16,9,0,0,0,0,7,14,6,13,0,0,0,0,8,13,10,15,0,0,0,0,5,14,14,6,0,0,8
digit_00278,0,0,0,2,8,13,14,2,0,0,5,14,9,4,16,5,0,1,14,0,5,14,13,0,0,0,16,16,13,16,5,0,0,0,1,0,7,9,0,0,0,0,0,0,13,2,0,0,0,0,0,2,13,0,0,0,0,0,0,3,10,0,0,0,9
digit_00279,0,0,0,2,13,14,1,0,0,2,9,16,16,16,2,0,0,12,16,16,16,16,2,0,0,10,12,3,16,12,0,0,0,0,0,5,16,8,0,0,0,0,0,5,16,5,0,0,0,0,0,5,16,7,0,0,0,0,0,2,15,9,0,0,1
digit_00280,0,0,3,10,16,11,0,0,0,3,12,10,6,16,2,0,0,9,16,6,12,11,1,0,0,0,5,16,15,0,0,0,0,0,7,12,15,2,0,0,0,0,10,5,6,11,0,0,0,0,11,4,10,13,0,0,0,0,3,16,14,5,0,0,8
digit_00281,0,0,0,12,14,6,0,0,0,1,5,1,8,16,3,0,0,4,15,12,16,16,3,0,0,0,12,16,12,2,0,0,0,4,16,14,11,0,0,0,0,4,15,5,15,2,0,0,0,0,9,16,15,8,0,0,0,0,0,10,16,9,0,0,8
digit_00282,0,0,3,14,14,3,0,0,0,0,7,6,5,14,0,0,0,0,7,7,3,13,3,0,0,0,2,15,15,5,0,0,0,0,8,16,11,0,0,0,0,1,14,3,10,4,0,0,0,1,13,3,3,11,0,0,0,0,4,10,16,11,0,0,8
digit_00283,0,0,4,12,16,4,0,0,0,0,15,15,6,15,0,0,0,3,16,11,0,8,4,0,0,4,11,3,0,4,8,0,0,5,8,0,0,9,7,0,0,1,12,0,0,13,5,0,0,0,13,10,14,11,0,0,0,0,4,12,13,1,0,0,0
digit_00284,0,0,0,6,12,0,0,0,0,0,5,14,4,0,0,0,0,1,15,3,0,1,12,0,0,2,16,2,0,8,11,0,0,3,16,15,10,15,6,0,0,0,2,12,14,13,1,0,0,0,0,0,12,5,0,0,0,0,0,7,13,0,0,0,4
digit_00285,0,0,0,0,6,15,1,0,0,0,0,3,14,16,4,0,0,0,4,15,16,16,2,0,0,4,16,13,6,16,0,0,0,5,7,0,7,16,0,0,0,0,0,0,8,16,0,0,0,0,0,0,10,16,0,0,0,0,0,0,4,12,0,0,1
digit_00286,0,1,9,15,16,13,4,0,0,6,9,4,4,13,8,0,0,0,0,0,7,15,4,0,0,0,0,10,16,8,0,0,0,0,0,4,12,13,1,0,0,0,0,0,0,14,8,0,0,0,6,4,7,15,6,0,0,0,8,16,12,5,0,0,3
digit_00287,0,0,0,12,3,0,0,0,0,0,6,13,0,0,0,0,0,0,11,7,0,0,0,0,0,0,13,2,2,2,0,0,0,1,16,11,16,16,6,0,0,0,15,12,4,14,13,0,0,0,10,11,7,16,12,0,0,0,0,11,15,11,2,0,6
digit_00288,0,0,4,11,7,1,0,0,0,0,9,16,16,12,0,0,0,0,10,16,16,8,0,0,0,0,10,16,16,10,0,0,0,2,15,16,16,8,0,0,0,0,16,16,16,4,0,0,0,0,5,16,16,13,2,0,0,0,5,10,11,8,3,0,1
digit_00289,0,0,1,8,14,8,0,0,0,7,16,15,10,5,0,0,0,14,10,2,0,0,0,0,0,4,14,8,0,0,0,0,0,0,2,13,11,0,0,0,0,0,0,1,12,7,0,0,0,0,2,13,10,16,0,0,0,0,0,13,12,11,1,0,5
digit_00290,0,2,16,9,0,0,0,0,0,2,16,16,10,1,0,0,0,0,1,7,16,13,0,0,0,1,5,0,8,16,3,0,0,4,8,0,0,12,7,0,0,5,10,0,5,15,4,0,0,8,15,14,16,10,0,0,0,3,15,15,8,1,0,0,0
digit_00291,0,2,8,10,13,15,8,0,0,1,16,15,10,7,2,0,0,0,10,14,2,0,0,0,0,0,0,12,12,0,0,0,0,0,0,0,11,10,0,0,0,0,0,0,1,14,3,0,0,0,0,2,7,15,3,0,0,0,12,16,10,4,0,0,5
digit_00292,0,1,7,16,16,16,8,0,0,10,16,14,12,10,3,0,0,12,14,1,0,0,0,0,0,2,15,13,1,0,0,0,0,0,2,16,11,0,0,0,0,0,1,5,15,7,0,0,0,0,11,10,13,16,1,0,0,0,8,16,16,10,0,0,5
digit_00293,0,1,13,16,14,6,1,0,0,0,13,7,8,16,4,0,0,0,2,1,12,15,2,0,0,0,2,15,13,3,0,0,0,0,3,14,15,6,0,0,0,0,0,1,8,16,3,0,0,4,15,10,5,16,5,0,0,3,12,15,16,13,1,0,3
digit_00294,0,0,0,12,12,0,0,0,0,0,9,16,9,0,0,0,0,3,16,14,5,5,2,0,0,6,16,16,16,16,9,0,0,0,5,8,13,16,6,0,0,0,0,1,15,16,2,0,0,0,0,5,16,11,0,0,0,0,0,11,16,9,0,0,4
digit_00295,0,0,11,14,16,8,0,0,0,1,12,12,14,16,3,0,0,0,0,0,4,16,4,0,0,0,0,0,7,16,3,0,0,0,7,8,15,16,11,0,0,5,16,16,16,8,0,0,0,0,7,13,14,0,0,0,0,0,15,15,3,0,0,0,7
digit_00296,0,0,6,14,15,4,0,0,0,3,16,10,11,14,0,0,0,2,8,0,6,16,2,0,0,0,0,0,8,10,0,0,0,0,0,0,14,7,0,0,0,0,0,7,13,0,0,0,0,0,4,16,11,14,4,0,0,0,5,15,13,8,1,0,2
digit_00297,0,0,0,5,12,0,0,0,0,0,0,13,13,0,0,0,0,0,5,16,3,0,0,0,0,0,8,15,0,0,0,0,0,0,10,12,8,6,0,0,0,2,15,15,12,14,9,0,0,0,8,15,6,12,12,0,0,0,0,8,13,15,5,0,6
digit_00298,0,0,7,10,12,16,14,1,0,0,10,15,12,15,15,1,0,0,0,0,1,13,11,0,0,0,0,0,5,16,10,0,0,0,7,12,15,16,9,0,0,0,9,15,16,3,0,0,0,0,3,15,8,0,0,0,0,0,9,15,2,0,0,0,7
digit_00299,0,0,3,8,12,14,15,3,0,0,4,8,4,8,16,3,0,0,0,0,0,6,14,0,0,0,2,10,12,15,8,0,0,0,9,8,15,12,4,0,0,0,0,5,15,3,0,0,0,0,0,10,10,0,0,0,0,0,2,16,4,0,0,0,7
digit_00300,0,0,1,15,0,0,0,0,0,0,4,15,1,0,0,0,0,0,12,9,0,0,0,0,0,1,16,9,2,0,0,0,0,5,16,13,14,10,2,0,0,2,16,5,0,10,9,0,0,1,13,12,8,12,11,0,0,0,1,12,13,10,3,0,6
digit_00301,0,0,5,12,13,9,5,0,0,1,14,8,6,14,14,0,0,0,6,0,3,15,9,0,0,0,3,12,13,4,0,0,0,0,12,16,14,6,0,0,0,0,0,1,10,16,3,0,0,0,3,8,11,15,3,0,0,0,6,14,10,2,0,0,3
digit_00302,0,0,5,10,15,9,0,0,0,6,14,8,9,16,4,0,0,4,2,2,13,13,0,0,0,0,0,8,16,1,0,0,0,0,0,0,9,13,1,0,0,0,1,2,0,12,7,0,0,0,9,9,4,11,10,0,0,0,4,13,13,10,1,0,3
digit_00303,0,2,16,16,11,2,0,0,0,0,8,11,16,8,0,0,0,0,4,14,15,1,0,0,0,0,13,16,12,1,0,0,0,0,2,8,15,14,1,0,0,0,4,0,3,16,6,0,0,5,15,8,14,15,2,0,0,2,12,12,9,5,0,0,3
digit_00304,0,1,9,12,15,16,7,0,0,10,16,15,12,11,3,0,0,13,16,2,0,0,0,0,0,5,16,13,2,0,0,0,0,0,4,15,15,1,0,0,0,0,2,4,15,9,0,0,0,0,14,14,16,11,0,0,0,0,11,16,12,1,0,0,5
digit_00305,0,0,4,15,13,0,0,0,0,1,15,9,9,9,1,0,0,4,16,6,13,16,4,0,0,0,8,9,6,16,4,0,0,0,0,0,0,16,4,0,0,0,0,0,0,16,5,0,0,0,2,8,5,16,4,0,0,0,3,15,14,7,1,0,9
digit_00306,0,0,0,6,10,14,6,0,0,0,14,16,12,16,8,0,0,0,8,16,16,16,8,0,0,5,12,8,1,13,6,0,0,0,0,0,4,16,3,0,0,0,0,0,12,11,0,0,0,0,0,1,16,2,0,0,0,0,0,9,11,0,0,0,9
digit_00307,0,0,0,13,3,0,0,0,0,0,10,13,1,0,0,0,0,3,16,7,0,1,3,0,0,8,16,8,5,13,15,0,0,4,16,16,16,15,4,0,0,0,3,11,16,5,0,0,0,0,0,13,13,0,0,0,0,0,1,15,3,0,0,0,4
digit_00308,0,0,0,0,13,13,0,0,0,0,2,12,16,16,0,0,0,3,15,16,16,13,0,0,0,11,15,4,14,12,0,0,0,2,2,0,16,11,0,0,0,0,0,0,15,11,0,0,0,0,0,3,16,10,0,0,0,0,0,0,15,15,0,0,1
digit_00309,0,0,3,15,3,0,0,0,0,0,12,14,0,0,5,3,0,2,16,10,0,5,16,5,0,3,16,14,12,15,14,0,0,0,13,16,16,14,3,0,0,0,0,8,16,5,0,0,0,0,0,13,13,0,0,0,0,0,5,16,4,0,0,0,4
digit_00310,0,0,0,4,10,16,14,0,0,0,6,16,12,11,16,2,0,3,15,15,10,15,16,2,0,1,15,16,10,15,14,0,0,0,0,0,1,16,8,0,0,0,0,0,7,15,3,0,0,0,0,0,12,12,0,0,0,0,0,1,16,8,0,0,9
digit_00311,0,7,16,16,16,5,0,0,0,1,8,8,15,7,0,0,0,0,0,3,15,2,0,0,0,0,0,11,13,4,1,0,0,0,8,16,16,16,11,0,0,0,13,14,8,4,2,0,0,5,16,4,0,0,0,0,0,7,12,0,0,0,0,0,7
digit_00312,0,0,2,8,15,14,0,0,0,1,14,12,8,16,0,0,0,6,12,1,5,13,0,0,0,1,2,1,14,5,0,0,0,0,0,9,13,0,0,0,0,0,0,15,4,0,0,0,0,0,0,16,8,11,7,0,0,0,0,9,13,7,0,0,2
digit_00313,0,0,1,14,8,0,0,0,0,0,9,14,2,0,3,3,0,4,16,3,0,2,16,3,0,5,16,9,8,13,12,0,0,2,16,16,16,14,2,0,0,0,0,0,13,9,0,0,0,0,0,8,14,1,0,0,0,0,0,15,7,0,0,0,4
digit_00314,0,0,5,10,14,6,0,0,0,13,16,15,10,3,0,0,0,15,8,0,0,0,0,0,0,8,11,1,0,0,0,0,0,0,7,13,3,0,0,0,0,0,0,5,13,5,0,0,0,0,6,8,13,14,1,0,0,0,4,12,13,11,0,0,5
digit_00315,0,0,0,1,10,15,2,0,0,0,6,14,12,16,6,0,0,4,16,15,13,16,7,0,0,6,16,14,9,16,2,0,0,0,1,0,2,14,0,0,0,0,0,0,8,10,0,0,0,0,0,0,14,3,0,0,0,0,0,0,14,0,0,0,9
digit_00316,0,1,6,13,13,4,0,0,0,9,16,14,15,15,0,0,0,5,5,0,6,13,0,0,0,0,0,1,12,11,0,0,0,0,0,7,14,1,0,0,0,0,1,16,8,0,0,0,0,0,8,16,9,13,10,0,0,0,4,14,16,9,2,0,2
digit_00317,0,0,11,16,7,0,0,0,0,4,16,16,16,0,0,0,0,12,9,4,16,0,0,0,0,8,5,1,16,2,0,0,0,0,0,11,13,0,0,0,0,0,3,16,14,7,9,0,0,0,13,16,16,16,13,0,0,0,13,13,10,2,0,0,2
digit_00318,0,0,1,13,7,0,0,0,0,0,12,15,1,0,0,0,0,6,16,5,0,3,5,0,0,10,16,9,11,16,14,0,0,6,14,16,16,16,5,0,0,0,0,1,16,11,0,0,0,0,0,9,16,2,0,0,0,0,0,14,13,0,0,0,4
digit_00319,0,0,8,13,16,12,1,0,0,6,16,13,14,16,5,0,0,5,14,14,16,14,0,0,0,0,0,4,16,6,0,0,0,0,0,11,12,0,0,0,0,0,3,16,11,0,0,0,0,0,7,16,4,0,0,0,0,0,10,15,1,0,0,0,9
digit_00320,0,0,0,9,14,1,0,0,0,0,5,16,4,0,1,1,0,0,14,13,0,3,13,6,0,1,16,16,16,16,14,1,0,0,7,12,14,16,2,0,0,0,0,0,14,10,0,0,0,0,0,6,16,2,0,0,0,0,0,13,5,0,0,0,4
digit_00321,0,0,5,12,14,4,0,0,0,10,16,15,14,15,0,0,0,8,5,1,10,13,0,0,0,0,0,0,14,10,0,0,0,0,0,11,16,3,0,0,0,0,4,15,13,0,0,0,0,0,12,16,12,9,11,0,0,0,2,14,16,13,7,0,2
digit_00322,0,0,0,12,16,5,0,0,0,0,2,13,16,8,0,0,0,6,15,16,16,10,0,0,0,4,8,9,16,14,0,0,0,0,0,0,14,16,4,0,0,0,0,0,7,16,12,0,0,0,0,7,11,16,12,0,0,0,0,13,16,13,3,0,1
digit_00323,0,0,5,10,13,9,0,0,0,7,16,16,16,14,0,0,0,4,6,5,16,7,0,0,0,0,0,1,16,8,0,0,0,0,0,0,16,16,0,0,0,0,0,0,12,16,3,0,0,0,1,11,16,8,0,0,0,0,6,13,7,0,0,0,3
digit_00324,0,0,0,1,16,1,0,0,0,0,0,7,12,0,0,0,0,0,3,15,4,0,0,0,0,1,14,8,0,10,9,0,0,8,13,0,3,16,2,0,0,8,16,13,16,13,0,0,0,0,8,5,16,6,0,0,0,0,0,1,14,1,0,0,4
digit_00325,0,0,13,10,5,10,0,0,0,4,16,10,8,14,0,0,0,0,14,6,15,10,0,0,0,0,4,16,14,0,0,0,0,0,2,16,8,0,0,0,0,0,8,16,12,0,0,0,0,0,12,16,10,0,0,0,0,0,10,13,2,0,0,0,8
digit_00326,0,0,5,16,16,8,0,0,0,0,10,16,16,11,0,0,0,0,12,13,1,0,0,0,0,0,5,16,1,0,0,0,0,0,0,14,6,0,0,0,0,0,6,10,11,0,0,0,0,0,15,16,16,0,0,0,0,0,5,15,14,0,0,0,5
digit_00327,0,0,0,10,12,0,0,0,0,0,8,16,9,4,0,0,0,0,15,10,0,0,0,0,0,2,16,6,0,0,0,0,0,3,16,10,10,0,0,0,0,1,15,16,16,10,0,0,0,0,9,13,11,16,3,0,0,0,1,9,15,13,0,0,6
digit_00328,0,3,10,12,15,10,1,0,0,6,11,8,14,16,4,0,0,0,0,4,16,12,0,0,0,0,1,15,12,1,0,0,0,0,0,14,12,0,0,0,0,0,0,8,16,1,0,0,0,1,7,14,13,0,0,0,0,3,15,9,1,0,0,0,3
digit_00329,0,1,9,14,16,16,3,0,0,2,16,16,15,12,3,0,0,0,10,16,1,0,0,0,0,0,1,15,7,0,0,0,0,0,0,12,12,0,0,0,0,0,0,9,16,0,0,0,0,2,14,15,14,0,0,0,0,1,16,16,4,0,0,0,5
digit_00330,0,0,0,8,15,5,0,0,0,0,0,15,16,11,0,0,0,0,8,16,16,13,0,0,0,7,16,16,16,16,4,0,0,2,4,0,10,16,10,0,0,0,0,0,8,16,11,0,0,0,0,7,14,16,10,0,0,0,0,11,16,9,1,0,1
digit_00331,0,0,3,10,8,0,0,0,0,4,16,13,12,11,0,0,0,6,16,11,15,16,1,0,0,0,7,13,16,12,0,0,0,0,0,0,13,10,0,0,0,0,0,0,15,9,0,0,0,0,5,12,16,5,0,0,0,0,7,13,8,0,0,0,9
digit_00332,0,0,4,10,14,12,10,0,0,0,7,8,8,12,13,0,0,0,0,0,0,10,12,0,0,0,1,5,8,16,6,0,0,0,5,16,16,13,1,0,0,0,0,7,15,4,0,0,0,0,0,14,12,0,0,0,0,0,2,16,2,0,0,0,7
digit_00333,0,0,6,14,15,6,0,0,0,14,16,16,16,16,0,0,0,8,8,10,16,13,0,0,0,0,0,14,16,7,0,0,0,0,0,6,16,12,0,0,0,0,0,0,12,16,6,0,0,0,0,7,16,16,5,0,0,0,6,16,12,1,0,0,3
digit_00334,0,0,0,9,11,0,0,0,0,0,0,13,16,6,0,0,0,0,7,15,16,5,0,0,0,7,16,16,16,5,0,0,0,1,7,4,15,10,0,0,0,0,0,0,12,14,0,0,0,0,0,6,15,16,0,0,0,0,0,10,16,8,0,0,1
digit_00335,0,0,0,8,14,4,0,0,0,0,8,16,13,1,0,0,0,1,15,13,0,0,0,0,0,2,16,4,0,0,0,0,0,7,16,3,8,7,1,0,0,0,16,16,16,16,11,0,0,0,9,16,16,16,12,0,0,0,1,10,16,12,1,0,6
digit_00336,0,0,14,16,9,12,1,0,0,0,16,10,10,16,6,0,0,0,12,12,13,13,1,0,0,0,4,16,14,1,0,0,0,0,6,16,7,0,0,0,0,1,15,15,12,0,0,0,0,5,16,12,12,0,0,0,0,1,10,14,3,0,0,0,8
digit_00337,0,0,9,14,7,0,0,0,0,2,16,16,16,15,0,0,0,3,16,16,16,10,0,0,0,0,9,16,16,10,0,0,0,0,0,3,16,10,0,0,0,0,0,11,14,9,0,0,0,0,5,16,15,3,0,0,0,0,10,12,4,0,0,0,9
digit_00338,0,0,0,7,14,6,0,0,0,0,11,16,9,2,0,0,0,4,15,10,0,0,0,0,0,9,12,0,3,1,0,0,0,7,13,2,16,12,2,0,0,3,16,2,2,13,9,0,0,0,11,13,6,15,10,0,0,0,0,8,16,13,1,0,6
digit_00339,0,2,9,14,8,7,0,0,0,11,16,16,16,16,0,0,0,6,16,16,16,16,2,0,0,0,0,0,8,16,7,0,0,0,0,0,8,16,4,0,0,0,0,1,15,16,0,0,0,0,4,14,16,7,0,0,0,1,13,14,2,0,0,0,9
digit_00340,0,0,0,8,11,0,0,0,0,0,3,16,5,0,0,0,0,0,11,13,0,0,0,0,0,1,16,5,0,1,0,0,0,7,15,0,3,16,3,0,0,8,13,1,10,16,4,0,0,7,16,16,16,16,2,0,0,0,4,6,5,15,3,0,4
digit_00341,0,1,12,16,8,2,0,0,0,2,16,8,16,15,0,0,0,0,16,9,16,6,0,0,0,0,8,16,8,0,0,0,0,0,9,16,1,0,0,0,0,0,15,16,8,0,0,0,0,3,16,16,9,0,0,0,0,0,7,14,2,0,0,0,8
digit_00342,0,0,0,2,14,1,0,0,0,0,0,10,12,0,0,0,0,0,8,15,1,2,1,0,0,3,15,5,0,12,7,0,0,10,14,0,6,16,2,0,0,8,16,16,16,12,0,0,0,0,2,4,16,5,0,0,0,0,0,2,13,0,0,0,4
digit_00343,0,0,5,11,14,9,1,0,0,6,15,12,13,16,2,0,0,8,5,4,16,9,0,0,0,0,0,4,16,8,0,0,0,0,0,2,15,11,0,0,0,0,0,0,10,16,3,0,0,0,1,11,16,10,1,0,0,0,5,13,6,0,0,0,3
digit_00344,0,0,0,0,10,10,2,0,0,0,0,6,16,7,0,0,0,0,3,16,7,0,0,0,0,0,14,13,0,3,0,0,0,4,16,6,4,16,4,0,0,5,16,9,13,16,6,0,0,0,7,12,16,14,1,0,0,0,0,0,12,14,0,0,4
digit_00345,0,0,9,12,16,16,3,0,0,0,14,16,16,11,0,0,0,0,7,16,2,0,0,0,0,0,1,16,7,0,0,0,0,0,0,12,10,0,0,0,0,0,0,8,15,0,0,0,0,3,14,16,12,0,0,0,0,1,15,16,6,0,0,0,5
digit_00346,0,0,5,11,12,2,0,0,0,5,16,14,14,12,0,0,0,5,7,0,10,10,0,0,0,0,0,1,14,6,0,0,0,0,0,14,12,1,0,0,0,0,11,16,1,0,0,0,0,0,15,13,8,5,2,0,0,0,3,12,16,15,9,0,2
digit_00347,0,0,2,10,15,16,16,5,0,0,10,13,12,14,16,6,0,0,0,0,0,8,16,1,0,0,0,4,4,14,12,0,0,0,6,16,16,16,8,0,0,0,2,11,16,11,1,0,0,0,0,12,15,0,0,0,0,0,1,16,8,0,0,0,7
digit_00348,0,0,4,14,15,3,0,0,0,0,14,16,16,9,0,0,0,0,11,16,16,15,0,0,0,0,3,13,16,16,1,0,0,0,0,0,3,16,6,0,0,0,0,0,13,16,1,0,0,0,2,11,16,12,0,0,0,0,6,15,10,1,0,0,9
digit_00349,0,0,0,7,16,6,0,0,0,2,9,16,16,11,0,0,0,10,16,12,13,16,1,0,0,2,4,1,7,16,5,0,0,0,0,0,2,16,10,0,0,0,0,0,2,16,13,0,0,0,0,4,14,16,12,0,0,0,0,4,14,9,2,0,1
digit_00350,0,0,6,16,16,11,0,0,0,0,15,16,14,8,0,0,0,0,9,13,0,0,0,0,0,0,3,15,1,0,0,0,0,0,0,11,8,0,0,0,0,0,2,13,14,0,0,0,0,0,16,16,13,0,0,0,0,0,7,16,6,0,0,0,5
digit_00351,0,0,0,13,14,2,0,0,0,0,7,16,12,2,0,0,0,0,14,14,1,0,0,0,0,0,15,11,0,0,0,0,0,4,16,16,14,14,4,0,0,2,16,16,13,10,14,0,0,0,9,13,8,12,16,1,0,0,1,11,16,16,10,0,6
digit_00352,0,0,0,8,14,16,6,0,0,3,13,16,13,15,14,0,0,3,12,6,0,11,16,0,0,0,0,0,4,15,13,0,0,0,0,12,16,16,11,0,0,0,1,11,16,11,0,0,0,0,0,7,16,5,0,0,0,0,0,11,12,0,0,0,7
digit_00353,0,0,2,7,13,3,0,0,0,0,10,16,12,13,0,0,0,0,15,9,1,12,4,0,0,1,15,0,0,8,7,0,0,5,8,0,0,12,5,0,0,1,11,0,1,15,4,0,0,0,14,13,15,10,0,0,0,0,3,13,14,3,0,0,0
digit_00354,0,0,0,14,8,1,0,0,0,0,9,16,16,4,0,0,0,11,16,16,14,0,0,0,0,5,8,14,16,2,0,0,0,0,0,7,16,6,0,0,0,0,0,4,16,12,0,0,0,0,1,6,16,14,0,0,0,0,2,14,16,9,0,0,1
digit_00355,0,0,3,12,13,1,0,0,0,0,14,16,15,11,0,0,0,0,15,15,15,14,0,0,0,0,11,16,15,16,2,0,0,0,1,5,3,16,6,0,0,0,0,0,1,16,6,0,0,0,0,5,15,16,4,0,0,0,6,16,16,6,0,0,9
digit_00356,0,0,9,16,7,5,0,0,0,0,9,16,16,16,0,0,0,0,7,16,15,6,0,0,0,0,7,16,7,0,0,0,0,0,14,16,5,0,0,0,0,3,16,16,4,0,0,0,0,1,16,16,5,0,0,0,0,0,7,12,1,0,0,0,8
digit_00357,0,0,0,1,11,5,0,0,0,0,0,13,12,1,0,0,0,0,8,14,3,0,0,0,0,2,16,6,2,12,4,0,0,7,16,7,8,15,5,0,0,2,16,16,16,11,0,0,0,0,4,10,16,7,0,0,0,0,0,3,14,4,0,0,4
digit_00358,0,0,1,14,15,3,0,0,0,0,9,16,16,8,0,0,0,9,16,16,14,10,0,0,0,0,3,8,16,14,0,0,0,0,0,2,16,16,2,0,0,0,0,0,13,16,9,0,0,0,1,10,16,16,9,0,0,0,2,10,15,10,0,0,1
digit_00359,0,0,4,12,16,9,0,0,0,0,13,10,4,14,3,0,0,5,13,1,0,12,4,0,0,4,12,0,0,8,8,0,0,6,12,0,0,10,7,0,0,3,15,0,2,16,3,0,0,0,16,13,15,11,0,0,0,0,6,15,10,0,0,0,0
digit_00360,0,0,1,10,13,0,0,0,0,0,11,16,9,0,0,0,0,0,15,12,0,0,0,0,0,3,16,5,0,0,0,0,0,5,16,8,12,10,1,0,0,2,16,8,10,15,9,0,0,0,9,14,8,12,15,0,0,0,0,8,14,15,8,0,6
digit_00361,0,0,1,9,13,16,8,0,0,0,12,13,9,11,14,0,0,0,0,0,0,9,12,0,0,0,0,5,9,15,10,0,0,0,5,16,16,16,5,0,0,0,0,0,13,12,0,0,0,0,0,2,16,7,0,0,0,0,0,9,16,0,0,0,7
digit_00362,0,0,6,16,16,10,0,0,0,5,16,16,13,6,0,0,0,1,15,15,1,0,0,0,0,0,4,16,5,0,0,0,0,0,0,14,11,0,0,0,0,0,0,13,14,0,0,0,0,0,9,16,11,0,0,0,0,0,8,15,5,0,0,0,5
digit_00363,0,0,0,12,9,0,0,0,0,0,4,16,16,2,0,0,0,5,15,16,16,3,0,0,0,6,14,13,15,12,0,0,0,0,0,0,8,16,2,0,0,0,0,0,0,16,10,0,0,0,0,7,9,15,15,0,0,0,0,10,16,14,5,0,1
digit_00364,0,2,15,12,3,6,0,0,0,5,16,13,6,16,6,0,0,6,16,1,3,16,2,0,0,0,15,11,15,14,0,0,0,0,9,16,16,3,0,0,0,0,13,16,6,0,0,0,0,8,16,16,2,0,0,0,0,3,15,13,0,0,0,0,8
digit_00365,0,0,5,13,14,1,0,0,0,0,14,16,16,9,0,0,0,0,10,16,16,14,0,0,0,0,2,12,14,16,2,0,0,0,0,0,8,16,2,0,0,0,0,4,15,16,2,0,0,0,5,16,16,14,0,0,0,0,4,14,15,1,0,0,9
digit_00366,0,0,1,13,10,0,0,0,0,0,10,16,7,0,0,0,0,3,16,7,0,0,0,0,0,3,16,3,0,0,0,0,0,8,16,6,8,7,0,0,0,3,15,16,16,16,8,0,0,0,9,16,16,16,5,0,0,0,0,8,15,9,0,0,6
digit_00367,0,1,7,14,16,11,0,0,0,11,16,12,15,16,1,0,0,8,4,3,16,10,0,0,0,0,0,1,16,7,0,0,0,0,0,0,16,11,0,0,0,0,0,0,12,16,0,0,0,0,2,7,15,13,0,0,0,0,10,15,9,1,0,0,3
digit_00368,0,1,9,14,7,2,0,0,0,8,16,11,16,14,2,0,0,5,16,14,16,16,4,0,0,0,4,7,10,16,7,0,0,0,0,0,4,16,8,0,0,0,0,0,6,16,9,0,0,0,4,11,16,11,0,0,0,0,12,14,8,0,0,0,9
digit_00369,0,0,0,0,13,6,0,0,0,0,1,10,13,3,0,0,0,0,5,16,5,0,0,0,0,2,15,9,0,1,0,0,0,7,16,1,5,16,6,0,0,8,16,12,16,14,0,0,0,2,11,13,16,12,0,0,0,0,0,1,14,5,0,0,4
digit_00370,0,0,5,12,13,1,0,0,0,3,15,14,7,10,0,0,0,0,15,7,14,16,2,0,0,0,8,16,16,9,0,0,0,0,3,16,16,1,0,0,0,0,12,16,16,6,0,0,0,1,16,16,16,7,0,0,0,0,6,14,12,1,0,0,8
digit_00371,0,0,9,16,16,8,0,0,0,2,16,16,13,4,0,0,0,3,16,6,1,0,0,0,0,0,11,11,0,0,0,0,0,0,2,14,5,0,0,0,0,0,0,12,10,0,0,0,0,0,10,16,15,0,0,0,0,0,10,15,6,0,0,0,5
digit_00372,0,0,13,10,2,8,0,0,0,2,16,13,13,14,0,0,0,0,14,4,12,11,0,0,0,0,12,13,16,5,0,0,0,0,3,16,13,0,0,0,0,0,9,16,9,0,0,0,0,0,16,16,10,0,0,0,0,0,11,13,2,0,0,0,8
digit_00373,0,1,12,16,10,1,0,0,0,11,15,15,16,8,0,0,0,9,16,16,16,14,0,0,0,0,11,7,6,16,8,0,0,0,0,0,8,13,2,0,0,0,0,8,15,12,0,0,0,0,7,16,15,3,0,0,0,0,9,8,1,0,0,0,9
digit_00374,0,0,0,0,11,9,0,0,0,0,0,8,15,3,0,0,0,0,4,15,5,0,0,0,0,1,14,9,0,5,3,0,0,8,15,0,1,16,7,0,0,12,15,12,15,15,3,0,0,6,15,12,15,12,0,0,0,0,0,0,10,4,0,0,4
digit_00375,0,0,4,15,16,6,0,0,0,0,14,15,8,14,2,0,0,7,12,2,0,8,4,0,0,7,8,0,0,5,8,0,0,8,8,0,0,9,8,0,0,3,11,0,0,10,7,0,0,0,15,7,8,14,2,0,0,0,5,12,14,6,0,0,0
digit_00376,0,0,4,13,12,1,0,0,0,2,15,12,11,7,0,0,0,1,12,13,15,14,0,0,0,0,3,16,16,5,0,0,0,0,4,16,11,0,0,0,0,0,10,16,16,0,0,0,0,0,14,16,13,0,0,0,0,0,8,13,3,0,0,0,8
digit_00377,0,0,5,15,15,2,0,0,0,4,15,11,16,4,0,0,0,2,4,6,16,2,0,0,0,0,0,14,10,0,0,0,0,0,6,16,2,0,0,0,0,0,9,13,0,0,0,0,0,0,10,15,8,4,3,0,0,0,3,14,16,14,4,0,2
digit_00378,0,0,4,9,7,13,1,0,0,1,16,6,6,14,4,0,0,7,13,0,0,10,8,0,0,8,6,0,0,12,7,0,0,8,5,0,0,13,4,0,0,8,10,0,5,16,4,0,0,1,15,12,15,10,0,0,0,0,5,14,9,1,0,0,0
digit_00379,0,1,6,14,10,1,0,0,0,9,16,15,16,13,0,0,0,6,6,9,16,7,0,0,0,0,0,14,10,0,0,0,0,0,0,8,15,5,0,0,0,0,0,0,13,13,0,0,0,0,2,9,15,8,0,0,0,0,10,16,7,0,0,0,3
digit_00380,0,0,8,16,6,0,0,0,0,0,13,10,8,8,0,0,0,0,8,12,13,15,3,0,0,0,6,16,16,6,0,0,0,0,11,16,6,0,0,0,0,2,14,14,11,0,0,0,0,1,16,11,15,1,0,0,0,0,9,16,10,0,0,0,8
digit_00381,0,0,6,13,11,4,0,0,0,5,16,10,14,12,0,0,0,7,8,1,14,9,0,0,0,0,0,5,15,3,0,0,0,0,2,15,10,0,0,0,0,0,12,14,0,0,0,0,0,4,16,12,4,6,5,0,0,1,9,14,13,12,5,0,2
digit_00382,0,0,2,13,8,0,0,0,0,0,12,15,16,11,0,0,0,2,16,3,3,13,4,0,0,5,13,0,0,9,7,0,0,7,8,0,0,13,3,0,0,3,14,0,1,15,2,0,0,0,14,10,12,12,0,0,0,0,2,13,12,3,0,0,0
digit_00383,0,0,6,16,16,7,0,0,0,1,15,16,14,10,0,0,0,0,15,11,0,0,0,0,0,0,6,16,2,0,0,0,0,0,0,10,10,0,0,0,0,0,0,7,14,0,0,0,0,0,5,12,16,2,0,0,0,0,9,16,10,0,0,0,5
digit_00384,0,0,3,9,13,14,1,0,0,4,16,15,11,14,8,0,0,0,2,0,2,14,6,0,0,0,0,0,10,16,5,0,0,0,5,16,16,16,7,0,0,0,1,10,16,5,0,0,0,0,0,8,16,0,0,0,0,0,0,10,10,0,0,0,7
digit_00385,0,0,0,11,12,0,0,0,0,0,8,16,12,0,0,0,0,0,15,14,1,0,0,0,0,1,15,8,0,0,0,0,0,3,16,6,1,0,0,0,0,1,15,16,16,16,10,0,0,0,8,16,16,16,16,3,0,0,0,7,15,16,9,0,6
digit_00386,0,0,1,15,9,0,0,0,0,0,4,16,16,2,0,0,0,5,15,16,16,5,0,0,0,2,8,11,16,12,0,0,0,0,0,2,16,16,2,0,0,0,0,0,13,16,8,0,0,0,2,8,13,16,8,0,0,0,1,11,14,12,2,0,1
digit_00387,0,0,0,10,11,0,0,0,0,0,3,16,5,8,5,0,0,0,10,14,2,16,2,0,0,4,15,5,8,12,0,0,0,12,16,12,15,16,6,0,0,14,16,16,16,14,2,0,0,0,0,11,13,0,0,0,0,0,0,14,5,0,0,0,4
digit_00388,0,0,6,16,12,1,0,0,0,0,16,10,13,7,0,0,0,0,14,6,10,12,0,0,0,0,5,14,16,16,6,0,0,0,0,0,4,11,9,0,0,0,0,0,0,7,13,0,0,0,10,10,4,11,12,0,0,0,6,14,12,12,5,0,9
digit_00389,0,0,6,14,10,0,0,0,0,0,8,16,16,0,0,0,0,0,8,16,16,1,0,0,0,1,13,16,14,0,0,0,0,3,13,16,13,0,0,0,0,0,7,16,16,0,0,0,0,0,6,16,16,9,0,0,0,0,5,14,16,13,4,0,1
digit_00390,0,0,2,15,5,0,0,0,0,0,5,15,1,7,0,0,0,0,10,10,6,16,0,0,0,5,15,2,13,11,0,0,0,14,15,12,16,16,6,0,0,14,16,16,16,14,3,0,0,1,4,15,11,1,0,0,0,0,2,15,7,0,0,0,4
digit_00391,0,0,13,16,6,0,0,0,0,6,16,13,15,0,0,0,0,4,15,7,16,0,0,0,0,0,3,10,13,0,0,0,0,0,0,14,10,0,0,0,0,1,13,16,1,2,0,0,0,8,16,16,15,16,2,0,0,1,11,15,16,16,3,0,2
digit_00392,0,0,9,16,9,1,0,0,0,5,16,9,16,11,0,0,0,8,12,0,15,12,0,0,0,1,15,16,16,16,2,0,0,0,0,5,4,16,4,0,0,0,0,0,0,13,7,0,0,1,12,12,12,15,9,0,0,1,10,14,8,8,1,0,9
digit_00393,0,1,13,16,9,0,0,0,0,6,16,14,13,0,0,0,0,5,11,8,15,0,0,0,0,0,0,12,9,0,0,0,0,0,3,16,6,0,0,0,0,1,13,13,1,0,0,0,0,11,16,16,16,16,5,0,0,2,12,14,15,16,5,0,2
digit_00394,0,0,10,12,2,0,0,0,0,0,16,14,8,0,0,0,0,0,14,7,12,0,0,0,0,0,1,5,12,0,0,0,0,0,0,9,9,0,0,0,0,0,3,16,2,0,0,0,0,4,16,16,10,6,2,0,0,1,8,8,11,13,10,0,2
digit_00395,0,3,15,11,1,0,0,0,0,8,13,12,7,0,0,0,0,5,5,9,9,0,0,0,0,0,2,14,10,0,0,0,0,0,3,12,15,13,1,0,0,0,0,0,1,15,7,0,0,4,11,5,10,16,4,0,0,4,12,13,12,3,0,0,3
digit_00396,0,0,4,15,14,2,0,0,0,0,14,8,16,2,0,0,0,0,6,3,16,0,0,0,0,0,0,12,16,5,0,0,0,0,0,7,15,16,4,0,0,0,0,0,0,16,4,0,0,0,8,12,10,15,3,0,0,0,6,13,13,4,0,0,3
digit_00397,0,0,3,15,16,16,3,0,0,0,3,9,13,16,2,0,0,0,0,0,10,16,0,0,0,0,6,12,16,16,9,0,0,0,15,16,16,14,7,0,0,0,0,10,15,1,0,0,0,0,2,16,10,0,0,0,0,0,7,15,4,0,0,0,7
digit_00398,0,0,8,16,16,16,7,0,0,0,16,12,8,8,4,0,0,2,16,6,0,0,0,0,0,7,16,16,16,8,0,0,0,2,12,9,9,16,3,0,0,0,0,0,1,16,3,0,0,0,8,11,12,16,2,0,0,0,10,16,14,6,0,0,5
digit_00399,0,2,14,10,1,0,0,0,0,6,13,13,6,0,0,0,0,8,5,6,8,0,0,0,0,3,2,8,6,0,0,0,0,0,0,11,4,0,0,0,0,0,6,14,0,1,0,0,0,3,16,15,12,15,7,0,0,2,13,9,8,9,7,0,2
digit_00400,0,0,6,12,12,12,2,0,0,1,16,12,12,12,5,0,0,5,12,5,1,0,0,0,0,8,16,16,14,0,0,0,0,2,6,0,16,1,0,0,0,0,0,0,15,1,0,0,0,0,8,11,13,0,0,0,0,0,9,9,3,0,0,0,5
digit_00401,0,0,9,6,0,0,0,0,0,0,16,4,0,0,0,0,0,2,15,0,0,0,0,0,0,6,12,1,2,0,0,0,0,7,15,14,16,11,1,0,0,4,16,10,4,16,5,0,0,0,16,11,8,16,6,0,0,0,6,14,14,9,0,0,6
digit_00402,0,1,9,12,12,15,6,0,0,1,16,11,8,8,4,0,0,6,16,5,4,2,0,0,0,7,16,16,16,15,2,0,0,0,2,2,3,14,6,0,0,0,0,0,2,14,6,0,0,2,11,8,12,13,2,0,0,1,11,16,10,2,0,0,5
digit_00403,0,0,0,11,16,10,0,0,0,0,0,15,16,8,0,0,0,0,7,16,16,6,0,0,0,4,16,16,16,4,0,0,0,1,4,12,16,4,0,0,0,0,0,9,16,7,0,0,0,0,0,11,16,15,0,0,0,0,0,8,14,11,2,0,1
digit_00404,0,0,2,15,16,10,0,0,0,0,1,12,14,16,0,0,0,0,0,0,5,16,2,0,0,0,0,0,8,15,1,0,0,0,7,8,14,15,4,0,0,5,16,16,16,15,2,0,0,1,4,14,12,0,0,0,0,0,3,15,5,0,0,0,7
digit_00405,0,0,7,15,12,5,0,0,0,0,15,7,6,16,2,0,0,3,16,3,10,16,6,0,0,0,14,16,16,11,2,0,0,0,1,14,16,3,0,0,0,0,2,14,15,12,0,0,0,0,12,8,8,16,0,0,0,0,9,16,14,10,0,0,8
digit_00406,0,0,10,11,10,2,0,0,0,0,16,14,14,10,0,0,0,3,16,13,12,9,0,0,0,4,16,16,14,15,2,0,0,0,0,0,0,12,4,0,0,0,0,0,0,13,7,0,0,0,7,8,14,14,1,0,0,0,10,13,9,0,0,0,5
digit_00407,0,0,1,12,16,3,0,0,0,0,7,11,8,12,0,0,0,2,14,1,0,14,1,0,0,4,14,0,0,11,7,0,0,3,13,0,0,5,8,0,0,0,13,4,0,9,7,0,0,0,10,13,8,14,1,0,0,0,1,9,14,6,0,0,0
digit_00408,0,0,4,15,16,15,2,0,0,0,16,12,10,15,9,0,0,2,16,5,0,9,11,0,0,0,15,6,0,8,10,0,0,1,16,7,0,13,6,0,0,2,16,10,4,16,0,0,0,0,10,16,16,8,0,0,0,0,2,14,12,2,0,0,0
digit_00409,0,0,14,10,0,0,0,0,0,2,16,14,4,0,0,0,0,0,9,8,8,0,0,0,0,0,0,10,4,0,0,0,0,0,2,15,2,0,0,0,0,2,13,9,0,2,1,0,0,8,16,13,13,16,5,0,0,1,9,15,16,16,7,0,2
digit_00410,0,0,0,10,16,13,7,0,0,0,2,9,10,15,11,0,0,0,0,0,0,13,8,0,0,0,1,7,9,16,5,0,0,0,7,16,16,15,5,0,0,0,0,0,14,3,0,0,0,0,0,6,16,1,0,0,0,0,0,16,8,0,0,0,7
digit_00411,0,0,4,14,13,3,0,0,0,1,15,11,16,9,0,0,0,2,15,0,10,14,0,0,0,0,13,11,13,16,4,0,0,0,1,11,12,14,7,0,0,0,0,0,0,10,9,0,0,3,16,10,6,9,12,0,0,0,6,9,12,13,6,0,9
digit_00412,0,2,11,16,5,0,0,0,0,10,14,12,12,0,0,0,0,3,2,8,11,0,0,0,0,0,0,11,12,0,0,0,0,0,1,13,16,10,0,0,0,0,0,0,4,16,5,0,0,0,8,6,6,16,10,0,0,2,12,13,12,10,1,0,3
digit_00413,0,0,0,10,13,3,0,0,0,0,0,13,16,7,0,0,0,0,4,16,16,5,0,0,0,2,16,16,16,6,0,0,0,7,16,16,16,11,0,0,0,0,0,8,16,12,0,0,0,0,0,15,16,14,0,0,0,0,0,8,13,9,0,0,1
digit_00414,0,0,5,14,16,15,2,0,0,0,12,14,11,16,5,0,0,0,3,0,8,15,0,0,0,0,0,3,15,11,0,0,0,1,11,16,16,15,6,0,0,1,13,16,16,13,3,0,0,0,3,16,9,0,0,0,0,0,6,16,2,0,0,0,7
digit_00415,0,0,6,13,2,0,0,0,0,3,15,14,8,0,0,0,0,8,6,5,12,0,0,0,0,3,2,4,10,0,0,0,0,0,0,8,8,0,0,0,0,0,0,13,4,0,0,0,0,0,10,16,16,16,7,0,0,0,7,12,10,13,7,0,2
digit_00416,0,0,11,7,0,0,0,0,0,3,16,4,0,0,0,0,0,2,15,2,0,0,0,0,0,3,16,4,0,0,0,0,0,8,16,16,16,10,1,0,0,5,16,7,3,16,8,0,0,0,13,14,11,16,6,0,0,0,9,16,11,2,0,0,6
digit_00417,0,0,3,14,16,16,4,0,0,0,4,9,10,16,5,0,0,0,0,0,7,16,2,0,0,0,3,8,13,16,7,0,0,1,16,16,16,16,9,0,0,0,7,11,15,3,0,0,0,0,0,15,12,0,0,0,0,0,5,16,5,0,0,0,7
digit_00418,0,0,0,6,15,10,1,0,0,0,1,11,16,16,5,0,0,0,8,16,16,16,6,0,0,8,16,16,16,16,6,0,0,0,3,7,16,16,4,0,0,0,0,4,16,16,4,0,0,0,0,6,16,16,7,0,0,0,0,4,14,14,6,0,1
digit_00419,0,0,4,14,11,2,0,0,0,0,8,11,5,16,0,0,0,0,8,13,9,15,6,0,0,0,3,16,16,12,1,0,0,0,11,14,12,0,0,0,0,4,11,1,15,3,0,0,0,6,11,4,7,12,0,0,0,1,8,14,16,9,0,0,8
digit_00420,0,0,7,15,13,2,0,0,0,4,16,6,13,8,0,0,0,0,7,1,13,7,0,0,0,0,0,2,16,11,0,0,0,0,0,1,12,15,6,0,0,0,0,0,0,5,11,0,0,3,13,9,7,13,7,0,0,0,6,13,15,9,1,0,3
digit_00421,0,0,5,12,12,5,0,0,0,0,13,4,5,16,0,0,0,0,15,1,12,14,0,0,0,0,9,16,16,6,0,0,0,0,7,16,16,1,0,0,0,1,13,4,7,11,0,0,0,2,13,1,5,16,0,0,0,0,6,9,9,6,0,0,8
digit_00422,0,1,11,14,0,0,0,0,0,4,15,14,6,0,0,0,0,6,9,7,8,0,0,0,0,3,5,6,11,0,0,0,0,0,0,9,8,0,0,0,0,0,1,14,7,0,0,0,0,1,15,16,16,16,6,0,0,0,8,8,12,13,4,0,2
digit_00423,0,0,5,16,16,16,6,0,0,0,5,10,11,16,3,0,0,0,0,0,10,14,0,0,0,0,1,4,16,10,0,0,0,0,10,16,16,16,6,0,0,0,6,14,13,12,3,0,0,0,2,16,6,0,0,0,0,0,7,14,1,0,0,0,7
digit_00424,0,0,1,9,13,1,0,0,0,0,11,11,13,9,0,0,0,2,15,0,4,16,4,0,0,8,9,0,0,13,6,0,0,5,12,0,0,9,8,0,0,0,15,3,0,8,8,0,0,0,6,14,4,11,7,0,0,0,0,11,16,13,2,0,0
digit_00425,0,0,5,13,15,12,1,0,0,0,16,12,4,4,1,0,0,6,16,5,4,3,0,0,0,6,16,16,16,15,2,0,0,0,3,0,0,12,6,0,0,0,0,0,0,14,5,0,0,0,0,0,8,16,1,0,0,0,4,14,16,7,0,0,5
digit_00426,0,0,10,12,12,5,0,0,0,0,8,16,16,14,0,0,0,0,8,16,16,11,0,0,0,0,13,16,16,7,0,0,0,0,9,16,16,1,0,0,0,0,9,16,16,7,0,0,0,1,15,16,16,7,0,0,0,0,7,12,12,9,0,0,1
digit_00427,0,0,6,13,12,2,0,0,0,6,16,12,16,13,3,0,0,7,13,5,16,16,8,0,0,1,14,16,15,7,0,0,0,0,3,16,14,1,0,0,0,0,4,16,16,11,0,0,0,0,6,16,13,16,4,0,0,0,7,15,12,10,0,0,8
digit_00428,0,0,4,11,10,2,0,0,0,2,16,5,14,9,0,0,0,1,15,4,13,16,3,0,0,0,4,16,15,4,0,0,0,0,2,16,11,0,0,0,0,0,9,11,14,7,0,0,0,0,14,3,5,15,0,0,0,0,5,8,12,10,0,0,8
digit_00429,0,0,8,15,12,3,0,0,0,5,16,6,10,14,0,0,0,7,14,7,14,16,2,0,0,0,11,16,13,6,1,0,0,0,11,16,12,0,0,0,0,0,16,7,10,12,0,0,0,4,16,0,2,16,6,0,0,1,10,16,16,15,2,0,8
digit_00430,0,0,2,9,16,5,0,0,0,0,14,9,10,15,4,0,0,4,16,2,10,16,11,0,0,2,15,16,16,9,0,0,0,0,2,16,16,11,0,0,0,0,10,9,7,16,0,0,0,0,10,11,8,16,0,0,0,0,2,15,14,8,0,0,8
digit_00431,0,0,0,5,14,0,0,0,0,0,0,14,11,0,0,0,0,0,1,16,5,0,0,0,0,0,5,16,1,0,0,0,0,0,12,16,12,4,0,0,0,0,16,16,12,15,7,0,0,0,7,16,11,12,14,0,0,0,0,5,15,16,11,0,6
digit_00432,0,0,0,2,12,3,0,0,0,0,0,9,11,0,0,0,0,0,2,15,6,6,7,0,0,0,13,7,0,16,3,0,0,7,15,3,2,16,2,0,0,13,16,16,16,13,1,0,0,1,4,5,16,6,0,0,0,0,0,4,16,3,0,0,4
digit_00433,0,1,10,16,15,3,0,0,0,8,14,4,16,12,0,0,0,8,13,1,16,12,0,0,0,2,13,16,16,13,0,0,0,0,0,3,9,16,0,0,0,0,6,4,4,16,4,0,0,0,16,13,10,16,5,0,0,0,7,12,13,10,1,0,9
digit_00434,0,0,0,9,16,9,0,0,0,0,0,14,16,11,0,0,0,0,5,16,16,8,0,0,0,3,15,16,16,6,0,0,0,5,15,16,16,7,0,0,0,0,4,16,16,5,0,0,0,0,1,16,16,12,0,0,0,0,1,12,13,12,0,0,1
digit_00435,0,0,4,14,15,9,1,0,0,0,0,14,16,16,4,0,0,0,0,15,16,16,0,0,0,0,7,16,16,13,0,0,0,2,16,16,16,12,0,0,0,0,4,15,16,8,0,0,0,0,5,16,16,12,0,0,0,0,4,14,15,5,0,0,1
digit_00436,0,0,2,15,11,1,0,0,0,0,9,12,14,13,2,0,0,2,15,2,1,13,6,0,0,7,16,0,0,9,8,0,0,4,16,0,0,10,7,0,0,3,16,3,2,14,2,0,0,0,14,14,14,9,0,0,0,0,3,11,13,1,0,0,0
digit_00437,0,0,11,15,8,0,0,0,0,6,16,10,16,0,0,0,0,2,7,8,16,0,0,0,0,0,0,13,16,2,0,0,0,0,0,8,14,13,1,0,0,0,3,0,3,16,5,0,0,0,16,10,12,15,2,0,0,0,12,15,9,2,0,0,3
digit_00438,0,0,0,14,8,0,0,0,0,0,3,16,5,0,0,0,0,0,12,12,10,14,0,0,0,4,16,6,13,11,0,0,0,12,16,7,16,14,3,0,0,15,16,16,16,16,6,0,0,2,5,13,16,4,0,0,0,0,0,15,11,0,0,0,4
digit_00439,0,0,0,5,15,0,0,0,0,0,1,14,12,7,3,0,0,0,10,15,5,16,6,0,0,5,16,7,5,16,3,0,0,12,16,13,15,16,9,0,0,4,12,13,16,13,3,0,0,0,0,7,16,5,0,0,0,0,0,7,15,0,0,0,4
digit_00440,0,1,11,16,8,0,0,0,0,8,16,5,16,3,0,0,0,8,11,0,13,10,0,0,0,3,15,9,11,15,2,0,0,0,1,7,7,15,7,0,0,0,0,0,0,8,12,0,0,1,10,5,4,11,12,0,0,0,8,15,16,15,6,0,9
digit_00441,0,0,5,13,1,0,0,0,0,0,13,11,0,0,0,0,0,0,16,2,0,0,0,0,0,5,16,0,0,0,0,0,0,8,15,9,14,6,0,0,0,7,16,16,10,16,2,0,0,1,16,16,4,16,5,0,0,0,4,14,16,13,0,0,6
digit_00442,0,0,1,11,16,16,13,0,0,0,3,7,4,9,13,0,0,0,0,0,0,10,6,0,0,0,2,4,8,15,6,0,0,0,9,13,15,14,5,0,0,0,1,2,15,0,0,0,0,0,0,12,9,0,0,0,0,0,2,15,3,0,0,0,7
digit_00443,0,0,5,12,14,16,8,0,0,0,16,16,13,12,4,0,0,0,16,14,8,2,0,0,0,1,16,16,16,15,2,0,0,5,16,9,6,16,4,0,0,0,0,0,4,16,4,0,0,0,3,12,15,15,2,0,0,0,5,13,13,2,0,0,5
digit_00444,0,0,2,12,15,5,0,0,0,0,11,9,9,15,3,0,0,0,15,1,0,15,4,0,0,4,10,0,0,13,3,0,0,3,14,0,0,12,8,0,0,0,15,3,0,13,5,0,0,0,10,13,5,16,2,0,0,0,1,13,16,8,0,0,0
digit_00445,0,1,13,9,0,0,0,0,0,10,14,15,2,0,0,0,0,8,6,10,6,0,0,0,0,2,3,10,5,0,0,0,0,0,3,16,2,0,0,0,0,0,6,11,0,0,0,0,0,4,16,15,12,12,6,0,0,0,10,12,12,13,11,0,2
digit_00446,0,2,12,8,0,0,0,0,0,11,16,16,0,0,0,0,0,7,8,14,6,0,0,0,0,1,2,12,8,0,0,0,0,0,0,14,4,0,0,0,0,0,2,16,1,0,0,0,0,2,13,16,9,15,11,0,0,2,14,16,13,15,9,0,2
digit_00447,0,0,13,10,8,8,3,0,0,3,16,16,13,11,3,0,0,5,16,8,0,0,0,0,0,6,16,16,15,6,0,0,0,0,3,2,10,15,3,0,0,0,0,0,5,16,2,0,0,0,4,8,16,8,0,0,0,0,14,14,4,0,0,0,5
digit_00448,0,0,2,11,15,16,15,0,0,0,8,13,12,16,13,0,0,0,0,0,6,16,5,0,0,0,0,6,13,16,7,0,0,0,9,16,16,16,9,0,0,0,5,9,16,5,0,0,0,0,0,11,16,1,0,0,0,0,1,16,9,0,0,0,7
digit_00449,0,0,10,16,15,12,0,0,0,0,14,9,4,4,0,0,0,0,16,0,0,0,0,0,0,5,16,12,12,8,0,0,0,7,15,10,8,15,6,0,0,2,1,0,2,16,4,0,0,0,3,10,14,12,1,0,0,0,10,14,6,0,0,0,5
digit_00450,0,0,6,13,15,8,0,0,0,4,16,12,12,16,5,0,0,6,16,2,5,16,5,0,0,1,15,13,13,16,1,0,0,0,0,7,13,16,1,0,0,0,0,0,4,16,0,0,0,4,16,11,7,16,0,0,0,1,10,13,16,13,0,0,9
digit_00451,0,0,0,9,16,11,0,0,0,0,6,15,12,16,6,0,0,0,16,11,0,9,12,0,0,5,16,3,0,8,8,0,0,4,16,0,0,8,8,0,0,2,16,7,0,12,5,0,0,0,11,16,14,16,1,0,0,0,1,9,13,6,0,0,0
digit_00452,0,0,5,15,2,0,0,0,0,1,15,10,0,0,0,0,0,8,16,2,0,0,0,0,0,10,13,1,4,6,0,0,0,8,16,13,16,15,9,0,0,6,16,13,1,4,12,0,0,1,16,15,3,8,11,0,0,0,5,12,16,16,4,0,6
digit_00453,0,0,1,12,16,2,0,0,0,0,5,16,15,0,0,0,0,0,13,16,11,0,0,0,0,8,16,16,12,0,0,0,0,7,10,16,15,0,0,0,0,0,0,14,16,2,0,0,0,0,0,13,16,7,0,0,0,0,0,12,16,9,0,0,1
digit_00454,0,0,5,8,11,13,10,0,0,0,12,12,7,4,4,0,0,3,12,0,4,0,0,0,0,5,16,16,16,14,0,0,0,1,7,1,0,14,6,0,0,0,0,0,0,12,4,0,0,7,11,1,6,12,1,0,0,0,8,13,10,2,0,0,5
digit_00455,0,0,2,12,13,7,0,0,0,2,14,5,0,13,2,0,0,10,6,0,2,16,4,0,0,6,13,7,9,16,4,0,0,0,8,12,8,13,4,0,0,0,0,0,0,7,7,0,0,0,0,0,0,4,11,0,0,0,1,14,11,13,12,0,9
digit_00456,0,0,8,16,15,9,0,0,0,2,15,5,3,16,6,0,0,8,12,0,3,16,8,0,0,8,15,10,14,16,5,0,0,1,9,10,3,15,7,0,0,0,0,0,0,15,5,0,0,0,1,4,0,13,7,0,0,0,5,16,16,16,2,0,9
digit_00457,0,0,3,15,15,3,0,0,0,2,14,10,13,9,0,0,0,6,16,1,6,12,0,0,0,9,14,7,14,13,0,0,0,2,12,12,14,14,0,0,0,0,0,0,6,16,0,0,0,0,0,4,5,16,5,0,0,0,2,12,16,16,4,0,9
digit_00458,0,0,0,7,16,2,0,1,0,0,0,11,13,1,13,8,0,0,6,16,4,8,15,1,0,0,15,16,16,16,12,0,0,0,8,8,13,16,3,0,0,0,0,0,13,11,0,0,0,0,0,4,16,4,0,0,0,0,0,9,12,0,0,0,4
digit_00459,0,0,0,8,16,16,16,9,0,0,0,8,8,9,16,8,0,0,0,0,0,7,16,1,0,0,0,0,1,12,14,0,0,0,3,14,16,16,6,0,0,0,4,6,11,10,0,0,0,0,0,3,15,3,0,0,0,0,0,10,11,0,0,0,7
digit_00460,0,0,0,8,15,1,0,0,0,0,0,8,16,5,0,0,0,0,0,14,16,4,0,0,0,0,8,16,16,4,0,0,0,2,15,12,16,6,0,0,0,3,8,1,16,10,0,0,0,0,0,5,15,16,1,0,0,0,0,9,16,16,11,0,1
digit_00461,0,0,1,9,16,16,16,8,0,0,7,15,9,12,13,1,0,0,0,0,0,14,6,0,0,0,0,0,5,15,1,0,0,0,13,16,16,16,8,0,0,1,9,8,14,5,0,0,0,0,0,7,13,0,0,0,0,0,0,14,6,0,0,0,7
digit_00462,0,2,14,16,9,0,0,0,0,10,15,10,16,0,0,0,0,8,12,0,16,5,0,0,0,3,3,3,16,5,0,0,0,0,0,5,16,1,0,0,0,0,0,11,13,0,0,0,0,0,7,16,13,11,11,1,0,1,15,16,16,16,16,5,2
digit_00463,0,1,12,16,16,8,0,0,0,8,14,8,16,8,0,0,0,1,2,9,15,3,0,0,0,0,12,15,3,0,0,0,0,0,10,15,9,1,0,0,0,0,1,9,16,11,0,0,0,0,1,0,3,16,4,0,0,2,15,16,16,15,4,0,3
digit_00464,0,0,1,16,13,0,0,0,0,0,3,16,15,0,0,0,0,0,12,16,16,0,0,0,0,3,16,16,16,0,0,0,0,7,7,12,16,0,0,0,0,0,0,7,16,3,0,0,0,0,0,10,16,14,1,0,0,0,2,13,16,16,12,0,1
digit_00465,0,0,0,7,15,1,0,0,0,0,1,15,5,2,4,0,0,0,10,10,2,16,6,0,0,4,16,3,9,14,0,0,1,15,14,12,15,10,0,0,5,15,12,11,16,4,0,0,0,0,0,6,15,1,0,0,0,0,0,9,12,0,0,0,4
digit_00466,0,0,9,15,15,3,0,0,0,8,15,11,16,6,0,0,0,2,1,12,15,1,0,0,0,0,6,16,7,0,0,0,0,0,2,15,15,3,0,0,0,0,0,1,7,15,5,0,0,0,14,1,0,12,12,0,0,0,8,16,16,16,10,0,3
digit_00467,0,0,11,16,10,0,0,0,0,2,16,14,15,0,0,0,0,0,13,7,16,1,0,0,0,0,0,6,16,1,0,0,0,0,0,10,12,0,0,0,0,0,1,15,8,0,0,0,0,0,12,16,15,10,4,0,0,0,11,11,8,13,16,6,2
digit_00468,0,0,0,3,15,5,0,0,0,0,1,12,15,1,6,5,0,0,10,16,2,5,16,4,0,2,16,10,0,13,10,0,0,12,16,11,11,16,1,0,0,4,14,16,16,9,0,0,0,0,0,7,16,1,0,0,0,0,0,6,14,0,0,0,4
digit_00469,0,0,8,16,16,8,0,0,0,6,14,8,16,9,0,0,0,3,3,9,13,3,0,0,0,0,0,11,15,2,0,0,0,0,0,1,13,13,1,0,0,0,0,0,1,16,5,0,0,0,7,8,4,12,7,0,0,0,10,16,16,16,4,0,3
digit_00470,0,0,0,2,15,5,0,0,0,0,0,10,14,0,3,0,0,0,3,16,3,6,16,2,0,1,14,8,0,14,10,0,1,12,14,8,11,16,5,0,5,16,16,15,16,11,1,0,1,3,0,1,16,6,0,0,0,0,0,5,15,1,0,0,4
digit_00471,0,0,9,16,15,1,0,0,0,6,14,9,16,4,0,0,0,3,4,11,15,0,0,0,0,0,8,16,1,0,0,0,0,0,3,14,10,0,0,0,0,0,0,2,15,8,0,0,0,0,5,6,5,16,5,0,0,0,13,16,16,16,5,0,3
digit_00472,0,1,14,15,2,0,0,0,0,9,15,15,12,0,0,0,0,9,12,8,15,0,0,0,0,3,5,9,10,0,0,0,0,0,0,11,11,0,0,0,0,0,1,15,7,0,0,0,0,0,7,16,11,7,4,0,0,1,15,16,16,16,16,5,2
digit_00473,0,0,12,16,10,0,0,0,0,3,16,6,14,9,0,0,0,7,14,0,3,15,3,0,0,9,12,0,0,8,10,0,0,8,12,0,0,4,12,0,0,7,13,0,0,5,12,0,0,2,16,6,2,13,9,0,0,0,9,16,16,13,0,0,0
digit_00474,0,0,15,16,13,2,0,0,0,3,15,2,10,15,2,0,0,8,12,0,0,10,8,0,0,8,12,0,0,4,12,0,0,9,12,0,0,4,12,0,0,8,12,0,0,9,8,0,0,6,15,4,11,14,2,0,0,0,12,16,15,3,0,0,0
digit_00475,0,0,11,16,16,16,6,0,0,4,16,13,10,4,2,0,0,4,16,0,0,0,0,0,0,1,15,10,0,0,0,0,0,0,6,15,9,0,0,0,0,2,1,3,16,1,0,0,0,9,11,5,16,2,0,0,0,1,11,16,14,0,0,0,5
digit_00476,0,0,2,14,11,0,0,0,0,0,13,7,9,6,0,0,0,0,12,0,1,12,2,0,0,3,12,0,2,15,4,0,0,1,13,14,12,14,7,0,0,0,0,0,0,12,4,0,0,0,0,0,0,10,3,0,0,0,2,14,12,14,0,0,9
digit_00477,0,0,0,14,7,0,0,0,0,0,0,16,12,0,0,0,0,0,5,16,13,0,0,0,0,1,14,14,16,1,0,0,0,3,3,1,16,5,0,0,0,0,0,0,11,8,0,0,0,0,0,3,13,13,0,0,0,0,0,12,16,16,8,0,1
digit_00478,0,0,6,16,15,2,0,0,0,1,16,10,7,2,0,0,0,6,15,0,0,0,0,0,0,8,15,0,0,0,0,0,0,9,12,5,11,4,0,0,0,5,15,16,14,14,10,0,0,0,11,15,1,6,16,0,0,0,5,12,16,16,8,0,6
digit_00479,0,0,0,7,15,6,0,0,0,0,7,16,4,1,3,0,0,2,16,10,0,14,13,0,0,6,16,7,4,16,8,0,0,6,16,16,14,16,6,0,0,1,7,9,16,13,0,0,0,0,0,4,16,7,0,0,0,0,0,10,12,0,0,0,4
digit_00480,0,4,16,16,6,0,0,0,0,4,14,8,16,0,0,0,0,3,8,5,16,0,0,0,0,0,0,5,16,0,0,0,0,0,0,14,9,0,0,0,0,0,5,15,2,0,0,0,0,1,13,15,11,9,7,0,0,6,16,14,12,12,12,0,2
digit_00481,0,1,13,16,15,1,0,0,0,5,13,10,16,5,0,0,0,0,0,10,14,1,0,0,0,0,7,16,3,0,0,0,0,0,4,16,13,1,0,0,0,0,0,5,16,12,0,0,0,0,6,6,8,16,6,0,0,0,15,16,16,15,1,0,3
digit_00482,0,2,13,16,13,9,2,0,0,1,13,5,4,4,2,0,0,0,12,5,0,0,0,0,0,0,14,16,13,3,0,0,0,0,1,4,8,12,0,0,0,0,0,0,3,16,0,0,0,7,8,4,8,13,0,0,0,3,10,14,12,4,0,0,5
digit_00483,0,0,11,16,16,10,1,0,0,8,16,10,8,10,6,0,0,14,7,0,0,0,0,0,0,9,14,0,0,0,0,0,0,2,15,10,0,0,0,0,0,0,2,15,12,0,0,0,0,3,11,10,16,1,0,0,0,1,11,16,16,2,0,0,5
digit_00484,0,0,0,13,15,2,0,0,0,0,4,16,14,1,0,0,0,0,15,16,11,0,0,0,0,6,9,16,14,0,0,0,0,0,0,10,15,2,0,0,0,0,0,6,16,4,0,0,0,0,0,1,16,11,0,0,0,0,0,15,16,15,0,0,1
digit_00485,0,0,11,14,4,0,0,0,0,3,13,2,12,0,0,0,0,4,12,2,8,0,0,0,0,0,12,12,6,0,0,0,0,0,8,16,10,1,0,0,0,2,15,1,5,10,8,0,0,0,10,0,0,2,12,0,0,0,9,11,12,14,4,0,8
digit_00486,0,0,1,10,16,16,4,0,0,0,7,8,6,16,7,0,0,0,0,0,3,16,5,0,0,1,4,4,10,14,3,0,0,12,16,16,16,10,5,0,0,2,0,9,13,1,0,0,0,0,1,16,7,0,0,0,0,0,0,15,4,0,0,0,7
digit_00487,0,0,0,10,16,16,16,9,0,0,0,2,5,10,16,12,0,0,0,0,0,6,16,2,0,0,0,0,0,14,10,0,0,1,8,14,16,16,5,0,0,5,10,8,16,10,1,0,0,0,0,5,14,1,0,0,0,0,0,13,9,0,0,0,7
digit_00488,0,0,0,4,15,6,0,3,0,0,0,13,14,1,11,11,0,0,8,16,4,4,16,4,0,2,16,6,3,11,13,0,0,12,16,16,16,16,7,0,0,11,9,7,13,14,1,0,0,0,0,1,14,5,0,0,0,0,0,7,12,0,0,0,4
digit_00489,0,1,10,16,16,16,16,5,0,1,16,13,6,1,1,0,0,4,16,15,10,3,0,0,0,1,8,11,16,16,2,0,0,0,1,0,1,14,7,0,0,7,9,0,0,12,8,0,0,5,16,3,0,15,5,0,0,0,9,16,16,13,2,0,5
digit_00490,0,0,8,16,12,1,0,0,0,3,15,5,13,13,0,0,0,10,12,0,1,15,6,0,0,12,9,0,0,7,12,0,0,12,10,0,0,5,12,0,0,8,14,0,0,7,12,0,0,3,16,9,5,15,5,0,0,0,9,16,16,11,0,0,0
digit_00491,0,0,6,16,16,10,0,0,0,1,15,11,6,15,3,0,0,7,16,2,0,11,9,0,0,12,14,0,0,9,11,0,0,8,16,0,0,8,12,0,0,4,16,5,0,9,11,0,0,1,14,13,6,16,3,0,0,0,5,15,16,6,0,0,0
digit_00492,0,0,4,16,14,0,0,0,0,0,8,16,6,0,0,0,0,1,15,16,4,0,0,0,0,10,16,16,4,0,0,0,0,0,5,16,10,0,0,0,0,0,1,16,12,0,0,0,0,0,1,15,16,6,1,0,0,0,6,16,16,16,4,0,1
digit_00493,0,0,1,11,16,16,15,1,0,0,6,9,8,14,14,0,0,0,0,0,0,12,10,0,0,0,1,4,6,16,4,0,0,0,10,16,16,15,7,0,0,0,3,5,16,6,0,0,0,0,0,9,15,0,0,0,0,0,1,15,4,0,0,0,7
digit_00494,0,0,12,16,9,0,0,0,0,3,16,7,5,0,0,0,0,11,13,0,0,0,0,0,0,9,12,0,0,0,0,0,0,9,13,10,15,8,0,0,0,5,16,15,8,11,10,0,0,4,16,12,1,5,16,0,0,1,10,15,16,16,10,0,6
digit_00495,0,0,4,13,15,2,0,0,0,2,16,11,10,8,1,0,0,8,15,1,0,13,10,0,0,8,15,9,13,16,9,0,0,0,10,16,12,16,4,0,0,0,0,0,4,16,4,0,0,0,0,2,5,16,7,0,0,0,4,16,16,16,5,0,9
digit_00496,0,0,0,3,14,7,0,0,0,0,0,12,12,0,3,8,0,0,9,14,0,2,16,6,0,4,16,2,0,10,14,0,1,15,8,3,8,16,4,0,7,16,16,16,16,12,0,0,2,9,5,2,15,3,0,0,0,0,0,5,14,0,0,0,4
digit_00497,0,0,13,15,4,0,0,0,0,8,15,8,10,0,0,0,0,11,12,0,0,0,0,0,0,12,7,0,4,1,0,0,0,11,10,11,16,14,3,0,0,4,16,16,6,7,14,0,0,1,16,14,1,1,14,3,0,0,10,13,16,15,15,0,6
digit_00498,0,0,7,15,13,9,2,0,0,4,15,0,0,10,9,0,0,1,15,5,3,13,5,0,0,0,7,16,13,1,0,0,0,0,10,12,15,4,0,0,0,0,8,1,8,13,0,0,0,11,11,4,1,16,0,0,0,1,9,12,16,12,0,0,8
digit_00499,0,0,7,13,14,2,0,0,0,5,12,0,4,7,0,0,0,8,8,0,0,16,3,0,0,5,11,0,1,16,1,0,0,0,10,13,14,15,5,0,0,0,0,0,0,10,8,0,0,0,0,0,0,11,6,0,0,0,6,13,12,9,0,0,9
digit_00500,0,0,7,15,3,0,0,0,0,0,15,6,0,0,0,0,0,6,13,0,0,0,0,0,0,7,13,0,0,0,0,0,0,8,11,7,13,11,2,0,0,3,16,15,5,4,11,0,0,0,16,6,0,7,11,0,0,0,8,12,15,10,1,0,6
digit_00501,0,2,12,16,16,3,0,0,0,11,10,5,16,4,0,0,0,0,0,11,13,0,0,0,0,0,1,15,9,0,0,0,0,0,0,4,16,5,0,0,0,0,0,0,6,15,3,0,0,0,3,1,0,11,11,0,0,1,16,16,16,16,9,0,3
digit_00502,0,0,1,15,16,13,1,0,0,3,11,11,3,13,9,0,0,12,13,0,0,8,12,0,0,9,15,0,0,8,12,0,0,4,16,2,0,8,12,0,0,2,15,9,0,8,12,0,0,0,10,16,5,14,8,0,0,0,1,12,16,15,1,0,0
digit_00503,0,0,6,12,12,2,0,0,0,4,14,0,9,6,0,0,0,5,13,0,12,3,0,0,0,0,7,14,12,0,0,0,0,0,1,12,13,10,0,0,0,0,10,3,1,12,6,0,0,7,10,0,0,11,8,0,0,1,10,13,12,9,1,0,8
digit_00504,0,0,9,13,16,6,0,0,0,2,16,14,16,2,0,0,0,0,2,14,8,0,0,0,0,0,4,16,13,6,0,0,0,0,0,4,12,16,6,0,0,0,0,0,0,13,7,0,0,0,5,7,12,15,1,0,0,0,12,16,11,1,0,0,3
digit_00505,0,1,12,16,3,0,0,0,0,5,14,14,4,0,0,0,0,9,7,7,8,0,0,0,0,6,2,8,8,0,0,0,0,0,0,10,5,0,0,0,0,0,0,14,2,0,0,0,0,0,9,16,11,8,5,0,0,2,14,11,12,16,9,0,2
digit_00506,0,0,8,16,14,4,0,0,0,1,15,7,9,15,2,0,0,8,11,0,0,12,9,0,0,9,5,0,0,6,12,0,0,9,8,0,0,4,12,0,0,8,12,0,0,9,12,0,0,3,16,6,7,15,5,0,0,0,8,16,16,12,0,0,0
digit_00507,0,0,5,14,9,0,0,0,0,1,14,4,9,0,0,0,0,0,16,0,6,4,0,0,0,0,13,3,13,2,0,0,0,0,1,13,13,0,0,0,0,0,4,14,9,13,3,0,0,0,13,3,0,3,15,0,0,0,5,12,12,15,4,0,8
digit_00508,0,0,1,15,16,16,15,0,0,0,0,8,8,14,10,0,0,0,0,0,4,15,1,0,0,0,0,3,12,12,2,0,0,2,12,16,16,14,7,0,0,3,6,9,10,0,0,0,0,0,0,13,6,0,0,0,0,0,2,16,2,0,0,0,7
digit_00509,0,2,15,9,0,0,0,0,0,8,13,15,0,0,0,0,0,10,4,14,3,0,0,0,0,11,2,12,4,0,0,0,0,1,0,12,4,0,0,0,0,0,2,16,0,0,0,0,0,0,11,14,6,6,5,0,0,2,16,16,16,16,9,0,2
digit_00510,0,0,6,13,12,2,0,0,0,0,14,2,2,10,0,0,0,4,10,0,6,13,0,0,0,4,10,0,8,12,0,0,0,0,11,12,13,13,0,0,0,0,0,3,0,11,0,0,0,0,0,0,0,9,4,0,0,0,5,16,16,13,2,0,9
digit_00511,0,0,8,12,12,0,0,0,0,5,14,2,9,8,0,0,0,4,14,1,11,4,0,0,0,0,7,14,12,1,0,0,0,0,11,11,12,4,0,0,0,3,14,0,2,12,5,0,0,4,12,0,0,1,12,0,0,0,9,11,12,12,4,0,8
digit_00512,0,2,15,13,11,8,1,0,0,7,16,14,13,12,3,0,0,8,16,4,0,0,0,0,0,4,16,16,14,3,0,0,0,0,3,4,13,14,0,0,0,0,0,0,1,15,7,0,0,0,7,3,2,13,10,0,0,2,15,16,16,16,9,0,5
digit_00513,0,0,8,16,9,0,0,0,0,2,15,9,15,3,0,0,0,6,14,0,11,11,0,0,0,7,15,10,16,14,0,0,0,2,13,11,5,16,3,0,0,0,0,0,0,13,6,0,0,0,0,1,4,14,4,0,0,0,10,16,13,5,0,0,9
digit_00514,0,0,1,11,16,16,4,0,0,0,8,10,8,16,3,0,0,0,0,0,3,14,0,0,0,0,0,0,8,8,0,0,0,0,7,11,16,16,8,0,0,11,13,12,11,0,0,0,0,0,0,8,9,0,0,0,0,0,0,14,2,0,0,0,7
digit_00515,0,0,8,12,16,15,8,0,0,3,15,3,0,0,0,0,0,4,12,0,0,0,0,0,0,4,14,12,12,3,0,0,0,0,7,5,5,14,2,0,0,3,2,0,0,11,4,0,0,2,11,0,0,13,2,0,0,0,11,13,12,5,0,0,5
digit_00516,0,0,9,15,2,0,0,0,0,3,16,10,1,0,0,0,0,7,14,0,0,0,0,0,0,9,11,3,8,8,1,0,0,10,11,13,14,15,8,0,0,7,16,14,0,7,12,0,0,3,16,10,4,13,10,0,0,0,10,16,16,13,1,0,6
digit_00517,0,0,0,8,16,6,0,0,0,0,5,15,16,1,0,0,0,5,16,16,13,0,0,0,0,4,9,16,14,0,0,0,0,0,0,16,14,0,0,0,0,0,0,12,15,0,0,0,0,0,0,10,16,5,0,0,0,0,0,6,16,15,1,0,1
digit_00518,0,0,12,16,16,15,2,0,0,0,5,8,10,16,7,0,0,0,0,0,8,15,1,0,0,0,10,13,15,15,8,0,0,0,12,16,15,12,5,0,0,0,1,14,6,0,0,0,0,0,6,16,2,0,0,0,0,0,12,11,0,0,0,0,7
digit_00519,0,0,9,14,8,0,0,0,0,7,12,6,15,3,0,0,0,3,1,0,12,8,0,0,0,0,0,7,15,11,0,0,0,0,0,10,11,15,5,0,0,0,0,0,0,9,8,0,0,0,4,7,4,14,5,0,0,0,8,14,16,14,1,0,3
digit_00520,0,0,11,12,12,14,4,0,0,0,16,8,4,4,5,0,0,2,16,8,4,0,0,0,0,5,16,15,15,9,0,0,0,1,4,1,4,16,3,0,0,0,0,0,0,14,7,0,0,3,7,6,9,16,2,0,0,2,11,12,13,7,0,0,5
digit_00521,0,3,13,12,12,13,2,0,0,3,16,8,5,7,3,0,0,3,14,2,3,0,0,0,0,4,16,15,16,9,0,0,0,0,4,0,2,15,2,0,0,0,0,0,0,12,5,0,0,1,6,4,6,15,5,0,0,3,13,16,16,10,0,0,5
digit_00522,0,0,5,14,11,3,0,0,0,2,16,14,16,14,0,0,0,4,13,4,2,13,4,0,0,8,9,0,0,8,8,0,0,8,10,0,0,7,8,0,0,4,13,0,0,9,8,0,0,0,14,9,4,14,6,0,0,0,4,16,16,8,0,0,0
digit_00523,0,0,0,3,15,1,0,0,0,0,0,7,14,0,0,0,0,0,0,12,10,0,0,0,0,0,3,15,3,0,0,0,0,0,11,14,8,6,0,0,0,5,16,11,16,11,0,0,1,13,16,16,16,16,4,0,0,4,4,7,16,5,0,0,4
digit_00524,0,2,12,12,13,12,1,0,0,8,14,8,4,6,0,0,0,8,14,8,7,1,0,0,0,8,15,12,14,12,0,0,0,0,0,0,1,14,4,0,0,0,0,0,0,12,8,0,0,2,8,4,6,15,7,0,0,0,11,16,15,7,0,0,5
digit_00525,0,1,12,12,1,0,0,0,0,4,14,12,10,0,0,0,0,7,11,4,12,0,0,0,0,2,12,7,12,0,0,0,0,0,0,8,12,0,0,0,0,0,1,14,9,0,0,0,0,0,13,16,16,15,6,0,0,0,9,12,12,12,7,0,2
digit_00526,0,0,0,5,15,1,0,0,0,0,0,11,13,0,0,0,0,0,0,14,10,0,0,0,0,0,7,15,4,0,0,0,0,1,13,9,13,6,0,0,1,12,16,14,16,14,3,0,1,11,12,14,16,12,1,0,0,0,0,8,15,0,0,0,4
digit_00527,0,0,0,13,5,0,0,0,0,0,8,15,3,0,0,0,0,0,12,8,0,0,0,0,0,3,16,13,12,5,0,0,0,5,16,12,12,15,5,0,0,4,12,0,0,8,12,0,0,1,13,10,5,12,14,0,0,0,2,11,14,12,2,0,6
digit_00528,0,0,0,0,11,9,1,0,0,0,0,0,14,15,0,0,0,1,7,11,16,12,0,0,0,6,15,12,16,13,0,0,0,0,0,0,16,12,0,0,0,0,0,0,13,15,1,0,0,0,0,0,12,16,2,0,0,0,0,0,9,16,4,0,1
digit_00529,0,0,0,9,6,0,0,0,0,0,3,15,5,0,0,0,0,0,14,9,0,0,0,0,0,2,16,6,8,2,0,0,0,5,16,16,12,15,4,0,0,3,16,5,0,5,12,0,0,0,8,14,3,3,16,0,0,0,0,9,16,16,10,0,6
digit_00530,0,0,1,13,4,0,0,0,0,0,10,11,0,0,0,0,0,1,16,3,0,0,0,0,0,3,16,16,10,3,0,0,0,6,16,11,10,14,1,0,0,4,16,1,0,7,11,0,0,1,13,7,0,9,12,0,0,0,1,13,16,15,5,0,6
digit_00531,0,1,8,15,13,1,0,0,0,6,14,9,16,4,0,0,0,3,6,1,14,4,0,0,0,0,4,14,16,3,0,0,0,0,9,12,14,16,1,0,0,0,0,0,0,16,8,0,0,3,12,11,10,16,7,0,0,1,10,14,15,10,0,0,3
digit_00532,0,0,4,13,16,7,0,0,0,1,15,13,16,15,1,0,0,5,13,0,7,14,4,0,0,6,9,0,0,8,7,0,0,5,11,0,0,8,8,0,0,4,13,0,0,8,8,0,0,0,14,12,6,16,4,0,0,0,3,16,15,5,0,0,0
digit_00533,0,0,7,15,11,0,0,0,0,5,14,4,12,14,3,0,0,8,11,0,0,16,4,0,0,2,15,9,11,16,4,0,0,0,5,10,8,12,8,0,0,0,0,0,0,9,8,0,0,0,12,7,4,15,7,0,0,0,7,16,15,8,0,0,9
digit_00534,0,0,7,15,16,16,9,0,0,2,15,6,15,15,11,0,0,1,13,0,7,15,3,0,0,1,14,12,15,3,0,0,0,0,10,16,16,4,0,0,0,2,13,2,10,12,0,0,0,1,16,5,8,16,0,0,0,0,8,16,16,7,0,0,8
digit_00535,0,0,7,15,12,1,0,0,0,3,15,5,10,11,0,0,0,0,8,0,4,16,0,0,0,0,0,5,13,9,0,0,0,0,0,8,13,13,1,0,0,0,0,0,1,14,6,0,0,5,15,3,0,15,8,0,0,0,9,16,16,14,3,0,3
digit_00536,0,0,0,15,4,0,0,0,0,0,8,14,0,0,0,0,0,0,14,7,0,0,0,0,0,1,16,9,8,2,0,0,0,2,16,16,15,15,2,0,0,3,16,7,0,6,12,0,0,0,11,12,4,7,15,0,0,0,1,9,16,16,6,0,6
digit_00537,0,0,11,16,16,12,5,0,0,1,16,10,8,8,5,0,0,2,16,10,7,1,0,0,0,3,16,13,14,12,1,0,0,0,5,0,2,15,5,0,0,0,0,0,0,13,7,0,0,0,6,5,10,16,2,0,0,0,12,14,12,6,0,0,5
digit_00538,0,0,10,16,15,13,10,0,0,0,4,4,6,16,6,0,0,0,0,0,8,13,0,0,0,0,9,16,16,16,6,0,0,0,5,13,14,13,5,0,0,0,1,14,3,0,0,0,0,0,6,16,0,0,0,0,0,0,9,10,0,0,0,0,7
digit_00539,0,3,16,15,4,0,0,0,0,8,13,12,12,0,0,0,0,9,8,8,12,0,0,0,0,1,5,5,16,0,0,0,0,0,0,11,12,0,0,0,0,0,1,16,8,0,0,0,0,3,14,16,13,15,12,0,0,3,16,16,16,16,15,0,2
digit_00540,0,0,4,13,7,4,4,0,0,0,12,12,13,16,6,0,0,0,11,0,6,13,0,0,0,0,4,4,13,5,0,0,0,0,16,16,16,16,4,0,0,0,0,12,10,10,1,0,0,0,2,14,2,0,0,0,0,0,6,10,0,0,0,0,7
digit_00541,0,0,6,15,11,3,0,0,0,1,14,16,16,14,0,0,0,4,16,1,9,16,2,0,0,6,16,0,0,13,7,0,0,5,13,0,0,12,8,0,0,4,16,1,0,14,8,0,0,0,14,10,10,15,1,0,0,0,4,13,16,8,0,0,0
digit_00542,0,0,2,13,6,0,0,0,0,0,11,11,3,0,0,0,0,1,16,3,0,0,0,0,0,3,16,11,5,0,0,0,0,3,16,15,4,6,3,0,0,2,16,4,0,7,10,0,0,0,13,8,0,8,13,0,0,0,3,12,16,16,6,0,6
digit_00543,0,0,6,12,13,4,0,0,0,1,16,5,8,15,3,0,0,4,13,0,0,16,5,0,0,2,15,9,11,16,7,0,0,0,1,8,8,14,8,0,0,3,5,0,0,11,8,0,0,2,16,9,6,15,7,0,0,0,3,14,15,6,0,0,9
digit_00544,0,0,0,1,16,8,0,0,0,0,0,5,16,8,0,0,0,0,5,12,16,4,0,0,0,8,16,16,16,3,0,0,0,0,0,9,16,5,0,0,0,0,0,11,16,6,0,0,0,0,0,6,16,12,0,0,0,0,0,2,16,14,1,0,1
digit_00545,0,0,12,13,14,5,0,0,0,0,16,9,8,6,0,0,0,3,16,2,3,0,0,0,0,5,16,16,16,8,0,0,0,0,2,0,4,16,3,0,0,0,0,0,0,15,8,0,0,0,3,0,4,16,7,0,0,0,11,16,16,13,1,0,5
digit_00546,0,0,6,13,13,12,2,0,0,4,15,5,6,11,8,0,0,8,11,0,0,10,6,0,0,3,14,13,13,13,1,0,0,0,8,16,14,9,0,0,0,0,16,4,1,15,0,0,0,0,15,5,6,16,0,0,0,0,5,15,16,9,0,0,8
digit_00547,0,0,5,15,13,3,0,0,0,0,15,7,10,15,1,0,0,0,16,4,2,15,8,0,0,1,10,16,16,16,4,0,0,0,0,0,0,12,7,0,0,5,2,0,3,16,5,0,0,7,14,8,14,14,1,0,0,1,8,16,11,1,0,0,9
digit_00548,0,0,8,13,4,0,0,0,0,2,16,11,15,1,0,0,0,0,12,0,11,5,0,0,0,0,4,2,9,9,0,0,0,0,0,0,12,11,0,0,0,0,0,6,15,4,0,0,0,0,6,16,13,5,8,0,0,0,7,16,16,16,16,5,2
digit_00549,0,0,3,14,12,11,11,0,0,0,7,10,7,13,11,0,0,0,15,3,4,14,0,0,0,0,4,0,10,7,0,0,0,0,11,15,16,16,3,0,0,0,3,10,11,4,0,0,0,0,0,14,5,0,0,0,0,0,3,16,0,0,0,0,7
digit_00550,0,0,0,8,10,0,0,0,0,0,0,15,7,0,0,0,0,0,6,15,1,0,0,0,0,1,14,7,4,2,0,0,0,6,14,4,15,2,0,0,0,14,15,13,16,12,3,0,0,15,12,15,15,11,1,0,0,0,0,13,8,0,0,0,4
digit_00551,0,0,0,0,8,13,0,0,0,0,0,0,16,16,0,0,0,0,0,1,16,14,0,0,0,4,12,15,16,12,0,0,0,0,3,4,16,14,0,0,0,0,0,0,15,16,0,0,0,0,0,0,12,16,2,0,0,0,0,0,11,16,4,0,1
digit_00552,0,1,9,13,14,13,8,0,0,4,14,4,4,4,2,0,0,4,12,0,0,0,0,0,0,5,15,16,16,6,0,0,0,0,4,0,4,16,3,0,0,0,0,0,0,13,7,0,0,0,3,2,5,16,6,0,0,0,10,16,15,8,1,0,5
digit_00553,0,0,0,1,11,10,0,0,0,0,0,6,16,15,0,0,0,4,13,16,16,11,0,0,0,3,8,10,16,10,0,0,0,0,0,4,16,12,0,0,0,0,0,0,16,14,0,0,0,0,0,0,16,16,5,0,0,0,0,0,12,13,6,0,1
digit_00554,0,0,7,14,9,3,0,0,0,0,15,7,15,15,1,0,0,4,12,0,3,13,6,0,0,4,12,0,0,8,8,0,0,5,8,0,0,5,8,0,0,4,12,0,0,8,7,0,0,2,15,6,6,15,2,0,0,0,6,15,16,8,0,0,0
digit_00555,0,0,7,12,14,16,8,0,0,0,16,11,8,8,4,0,0,0,16,1,5,3,0,0,0,5,16,16,16,13,1,0,0,2,9,4,2,14,6,0,0,0,0,0,0,15,5,0,0,0,2,8,10,16,4,0,0,0,6,15,12,6,0,0,5
digit_00556,0,0,4,13,0,0,0,0,0,0,11,9,0,0,0,0,0,3,16,0,0,0,0,0,0,4,16,13,14,6,0,0,0,8,16,10,7,16,3,0,0,4,15,0,0,8,10,0,0,0,15,8,1,9,12,0,0,0,4,13,16,14,3,0,6
digit_00557,0,0,12,14,16,12,0,0,0,1,15,9,5,9,0,0,0,4,16,12,12,5,0,0,0,0,5,5,7,16,3,0,0,0,0,0,0,12,8,0,0,0,0,0,0,9,11,0,0,0,11,6,5,14,12,0,0,0,9,16,16,14,3,0,5
digit_00558,0,0,4,13,13,13,3,0,0,3,16,9,12,16,8,0,0,7,14,0,4,16,5,0,0,2,15,13,15,11,0,0,0,0,10,16,16,10,0,0,0,1,16,5,3,16,4,0,0,0,15,10,5,16,7,0,0,0,5,16,16,9,0,0,8
digit_00559,0,0,2,12,1,0,0,0,0,0,11,12,0,0,0,0,0,0,16,5,0,0,0,0,0,2,16,5,4,1,0,0,0,2,16,16,16,13,2,0,0,1,15,8,0,7,12,0,0,0,8,9,2,5,15,0,0,0,0,11,16,14,8,0,6
digit_00560,0,0,5,12,12,3,0,0,0,1,16,8,13,14,3,0,0,2,16,1,3,16,9,0,0,2,14,11,14,16,6,0,0,0,2,7,5,16,8,0,0,2,3,0,1,15,5,0,0,5,16,5,8,15,2,0,0,0,10,16,13,4,0,0,9
digit_00561,0,0,6,14,15,12,11,0,0,2,15,5,4,4,3,0,0,2,16,11,12,7,0,0,0,5,11,6,6,16,3,0,0,0,0,0,0,13,7,0,0,0,0,0,2,16,3,0,0,4,15,5,12,15,0,0,0,0,9,15,11,1,0,0,5
digit_00562,0,0,0,14,3,0,0,0,0,0,7,15,3,0,0,0,0,0,15,7,0,0,0,0,0,2,16,9,7,2,0,0,0,2,16,13,12,14,5,0,0,0,15,3,0,3,13,0,0,0,11,10,3,4,15,2,0,0,0,9,16,16,13,1,6
digit_00563,0,0,9,13,14,1,0,0,0,2,16,4,16,13,0,0,0,3,16,1,11,14,0,0,0,0,10,16,16,4,0,0,0,1,13,13,15,13,1,0,0,5,13,1,4,16,5,0,0,8,12,2,5,16,4,0,0,1,8,16,16,11,1,0,8
digit_00564,0,0,0,0,12,11,0,0,0,0,0,1,16,9,0,0,0,5,12,13,16,7,0,0,0,2,8,10,16,8,0,0,0,0,0,0,16,9,0,0,0,0,0,0,12,11,0,0,0,0,0,0,11,16,3,0,0,0,0,0,13,16,4,0,1
digit_00565,0,0,14,16,16,16,9,0,0,0,6,8,10,16,6,0,0,0,0,0,9,14,2,0,0,0,13,14,16,14,4,0,0,0,8,16,16,16,11,0,0,0,3,16,4,3,1,0,0,0,11,12,0,0,0,0,0,0,16,8,0,0,0,0,7
digit_00566,0,0,6,14,9,1,0,0,0,0,14,9,13,12,0,0,0,2,13,0,2,15,2,0,0,5,8,0,0,8,4,0,0,8,8,0,0,5,8,0,0,6,11,0,0,6,5,0,0,0,15,7,4,13,3,0,0,0,5,12,16,11,0,0,0
digit_00567,0,0,3,11,16,13,2,0,0,0,14,8,8,15,8,0,0,0,15,11,5,13,12,0,0,0,6,16,16,13,0,0,0,0,13,12,12,15,1,0,0,3,12,0,0,16,5,0,0,1,15,6,7,16,4,0,0,0,6,12,14,7,0,0,8
digit_00568,0,0,0,0,14,12,0,0,0,0,0,0,16,16,0,0,0,1,6,12,16,16,0,0,0,6,12,10,16,14,0,0,0,0,0,0,16,16,0,0,0,0,0,0,16,15,0,0,0,0,0,2,16,16,7,0,0,0,0,1,13,16,4,0,1
digit_00569,0,0,0,12,3,0,0,0,0,0,10,14,1,0,0,0,0,0,14,9,1,0,0,0,0,1,16,16,15,6,0,0,0,3,16,10,5,14,6,0,0,2,16,1,0,5,12,0,0,0,12,9,4,7,15,0,0,0,1,10,16,16,7,0,6
digit_00570,0,1,7,12,12,0,0,0,0,3,12,4,15,3,0,0,0,0,0,1,15,3,0,0,0,0,5,15,13,2,0,0,0,0,1,4,8,15,2,0,0,0,0,0,0,16,5,0,0,3,11,4,5,16,3,0,0,0,10,16,13,7,0,0,3
digit_00571,0,1,10,16,13,2,0,0,0,6,14,9,16,6,0,0,0,0,1,0,13,11,0,0,0,0,1,13,16,11,1,0,0,0,2,12,11,16,8,0,0,0,5,0,0,15,9,0,0,3,16,12,8,16,7,0,0,0,10,16,16,11,1,0,3
digit_00572,0,0,13,16,7,0,0,0,0,0,16,13,16,2,0,0,0,0,11,8,13,8,0,0,0,0,1,1,16,8,0,0,0,0,0,3,16,6,0,0,0,0,0,10,15,2,0,0,0,0,12,16,15,9,9,0,0,0,15,16,16,16,16,5,2
digit_00573,0,0,10,16,16,16,16,4,0,0,4,8,8,14,14,1,0,0,0,0,6,15,4,0,0,0,4,12,15,14,4,0,0,0,11,16,16,16,9,0,0,0,0,14,10,3,0,0,0,0,6,16,5,0,0,0,0,0,12,12,0,0,0,0,7
digit_00574,0,0,0,1,12,16,2,0,0,0,0,0,16,16,1,0,0,6,12,13,16,16,0,0,0,8,16,15,16,16,0,0,0,0,0,0,16,16,0,0,0,0,0,0,16,16,3,0,0,0,0,0,12,16,7,0,0,0,0,0,14,16,6,0,1
digit_00575,0,0,5,11,14,7,0,0,0,4,16,6,9,15,1,0,0,7,12,0,1,16,4,0,0,2,16,9,11,16,6,0,0,0,2,5,4,12,8,0,0,0,0,0,0,10,8,0,0,3,15,7,3,14,8,0,0,0,5,14,16,11,2,0,9
digit_00576,0,1,14,15,4,0,0,0,0,6,15,12,14,0,0,0,0,4,16,4,16,4,0,0,0,0,6,4,16,3,0,0,0,0,0,9,15,0,0,0,0,0,1,14,11,0,0,0,0,0,13,16,10,8,9,1,0,2,14,16,16,16,16,6,2
digit_00577,0,0,8,12,7,0,0,0,0,0,14,8,15,14,0,0,0,3,14,0,6,15,2,0,0,5,11,0,0,9,8,0,0,8,8,0,0,5,8,0,0,5,11,0,0,8,8,0,0,1,15,2,2,14,5,0,0,0,6,15,16,12,1,0,0
digit_00578,0,0,0,3,10,0,0,0,0,0,0,9,8,0,0,0,0,0,4,15,0,0,0,0,0,0,9,9,1,0,0,0,0,3,16,2,10,6,0,0,0,13,16,6,14,12,0,0,0,15,16,16,16,13,0,0,0,0,0,4,13,3,0,0,4
digit_00579,0,0,1,11,4,0,0,0,0,0,5,14,1,0,0,0,0,0,12,7,0,0,0,0,0,1,15,0,4,1,0,0,0,4,15,14,16,14,1,0,0,2,14,5,1,6,11,0,0,1,13,7,0,1,14,0,0,0,3,10,15,16,10,0,6
digit_00580,0,2,12,16,14,1,0,0,0,12,12,8,16,7,0,0,0,2,1,1,16,8,0,0,0,0,2,14,16,10,0,0,0,0,1,11,12,16,7,0,0,0,0,0,0,15,12,0,0,3,13,6,4,16,11,0,0,1,14,16,16,12,3,0,3
digit_00581,0,0,8,12,15,12,0,0,0,8,15,7,4,4,0,0,0,6,14,4,3,0,0,0,0,7,16,13,16,8,0,0,0,1,4,0,5,16,5,0,0,0,0,0,0,15,9,0,0,1,7,4,6,15,8,0,0,0,10,15,16,9,0,0,5
digit_00582,0,0,11,15,7,0,0,0,0,2,16,10,16,14,4,0,0,5,13,0,6,16,6,0,0,4,16,9,10,16,8,0,0,0,7,12,11,14,8,0,0,0,0,0,0,12,8,0,0,1,12,10,10,15,6,0,0,1,10,12,14,10,1,0,9
digit_00583,0,0,9,16,16,3,0,0,0,5,16,10,14,7,0,0,0,1,10,0,14,10,0,0,0,0,2,15,16,9,0,0,0,0,1,8,11,16,6,0,0,0,0,0,3,16,8,0,0,1,16,11,11,16,4,0,0,0,11,16,16,11,0,0,3
digit_00584,0,0,3,16,7,0,0,0,0,0,0,13,13,0,0,0,0,0,2,15,11,0,0,0,0,8,16,16,16,12,3,0,0,6,12,15,16,16,12,0,0,0,0,8,16,7,1,0,0,0,0,10,15,2,0,0,0,0,2,16,13,0,0,0,4
digit_00585,0,1,10,16,16,9,0,0,0,11,15,8,15,12,0,0,0,3,2,2,16,9,0,0,0,0,0,7,16,4,0,0,0,0,0,2,15,11,0,0,0,0,0,0,5,16,6,0,0,0,3,7,6,15,12,0,0,0,12,16,16,14,5,0,3
digit_00586,0,0,0,7,14,6,0,0,0,0,1,15,11,2,0,0,0,0,8,13,0,0,0,0,0,1,14,13,8,1,0,0,0,3,16,14,12,10,0,0,0,0,15,2,0,7,9,0,0,0,11,13,7,4,15,0,0,0,0,7,12,12,13,2,6
digit_00587,0,1,10,14,7,0,0,0,0,7,12,5,15,0,0,0,0,4,7,5,15,1,0,0,0,0,2,15,9,0,0,0,0,0,0,9,16,4,0,0,0,0,0,0,4,14,4,0,0,0,10,3,3,10,12,0,0,0,11,16,16,14,4,0,3
digit_00588,0,0,7,15,10,1,0,0,0,1,16,10,14,7,0,0,0,0,11,2,0,15,0,0,0,0,0,0,0,15,3,0,0,0,0,0,5,16,0,0,0,0,0,3,15,9,0,0,0,0,9,16,16,10,6,0,0,0,9,12,12,12,13,1,2
digit_00589,0,0,6,14,15,3,0,0,0,0,8,15,12,2,0,0,0,0,8,14,12,11,1,0,0,0,0,0,0,9,6,0,0,0,0,0,0,3,9,0,0,0,3,1,0,1,12,0,0,0,13,8,4,9,11,0,0,0,5,13,16,13,7,0,5
digit_00590,0,0,9,13,6,0,0,0,0,0,15,16,15,5,0,0,0,4,13,1,3,14,0,0,0,5,11,0,0,10,7,0,0,8,8,0,0,8,6,0,0,4,12,0,0,7,7,0,0,2,13,4,7,16,0,0,0,0,8,16,13,8,0,0,0
digit_00591,0,0,0,6,16,3,0,0,0,0,5,16,8,1,0,0,0,0,10,14,0,0,0,0,0,0,14,15,8,3,0,0,0,0,14,15,12,15,4,0,0,0,16,6,0,6,11,0,0,0,9,13,5,6,15,0,0,0,1,8,12,15,13,1,6
digit_00592,0,1,15,10,0,0,0,0,0,9,13,12,9,0,0,0,0,10,8,8,16,10,0,0,0,3,14,16,16,12,0,0,0,0,0,0,6,14,0,0,0,0,0,0,2,14,3,0,0,3,11,5,2,8,12,0,0,1,8,13,16,16,11,0,9
digit_00593,0,0,7,10,2,0,0,0,0,3,16,16,16,10,0,0,0,5,16,12,11,16,2,0,0,6,12,0,0,9,8,0,0,4,12,0,0,8,8,0,0,4,16,0,0,8,8,0,0,1,16,10,11,15,6,0,0,0,7,16,13,5,0,0,0
digit_00594,0,0,4,15,10,0,0,0,0,0,14,8,16,7,0,0,0,0,15,0,13,10,0,0,0,1,15,16,16,9,0,0,0,0,0,0,5,12,0,0,0,2,1,0,3,15,0,0,0,8,14,6,4,14,1,0,0,0,6,13,16,15,0,0,9
digit_00595,0,0,7,14,5,0,0,0,0,3,16,16,16,5,0,0,0,6,16,0,5,14,0,0,0,4,12,0,0,13,3,0,0,8,8,0,0,12,8,0,0,7,9,0,0,12,7,0,0,1,15,8,14,16,3,0,0,0,8,14,12,4,0,0,0
digit_00596,0,0,14,16,8,3,0,0,0,5,15,8,16,16,3,0,0,9,11,1,12,15,2,0,0,1,13,16,15,3,0,0,0,0,11,14,15,3,0,0,0,1,16,4,4,14,5,0,0,4,14,5,4,11,12,0,0,0,9,12,13,12,8,0,8
digit_00597,0,0,1,11,13,2,0,0,0,0,9,14,13,3,0,0,0,1,15,12,0,0,0,0,0,3,15,9,2,0,0,0,0,2,16,16,16,11,0,0,0,0,13,7,4,14,7,0,0,0,9,11,9,16,6,0,0,0,1,12,16,7,0,0,6
digit_00598,0,0,0,10,14,1,0,0,0,0,8,16,10,1,0,0,0,2,16,9,0,0,0,0,0,7,16,7,4,1,0,0,0,5,16,15,12,13,0,0,0,0,15,6,0,4,11,0,0,0,5,13,2,9,13,0,0,0,0,6,15,16,6,0,6
digit_00599,0,1,9,16,10,0,0,0,0,6,12,4,15,2,0,0,0,0,0,0,13,3,0,0,0,0,0,10,16,1,0,0,0,0,0,6,13,11,0,0,0,0,0,0,0,14,4,0,0,3,10,1,0,10,8,0,0,0,10,16,16,15,3,0,3
digit_00600,0,0,6,15,2,0,0,0,0,0,3,16,8,0,0,0,0,0,4,16,10,0,0,0,0,0,7,16,13,0,0,0,0,0,0,9,16,2,0,0,0,0,0,1,16,7,0,0,0,0,2,10,15,15,15,6,0,0,4,16,16,16,16,13,1
digit_00601,0,0,3,12,11,1,0,0,0,0,9,13,10,10,0,0,0,0,5,13,11,13,0,0,0,0,0,7,12,14,5,0,0,0,0,0,0,6,10,0,0,0,0,0,0,1,15,0,0,0,8,8,4,4,13,5,0,0,3,10,16,16,16,5,9
digit_00602,0,0,14,12,0,0,0,0,0,3,13,16,0,0,0,0,0,12,16,16,4,0,0,0,0,5,10,16,6,0,0,0,0,0,1,15,9,0,0,0,0,0,0,12,15,0,0,0,0,0,7,13,16,9,8,0,0,0,13,16,16,16,16,3,1
digit_00603,0,0,0,0,11,15,0,0,0,0,0,2,15,11,0,0,0,0,0,9,16,4,0,0,0,0,8,16,8,7,3,0,0,9,16,16,12,16,11,0,0,4,11,12,14,16,5,0,0,0,0,0,9,16,4,0,0,0,0,0,12,15,2,0,4
digit_00604,0,0,12,16,12,0,0,0,0,4,16,12,16,6,0,0,0,1,8,0,12,8,0,0,0,0,0,0,15,5,0,0,0,0,0,3,16,3,0,0,0,0,8,16,8,0,0,0,0,3,16,16,16,13,2,0,0,1,8,9,14,16,4,0,2
digit_00605,0,0,10,16,7,0,0,0,0,1,16,16,15,3,0,0,0,4,16,16,16,13,0,0,0,4,16,10,11,14,2,0,0,6,16,0,0,12,4,0,0,5,15,0,0,10,7,0,0,4,16,8,11,16,0,0,0,1,10,15,13,4,0,0,0
digit_00606,0,0,10,16,11,8,3,0,0,0,6,12,13,16,7,0,0,0,0,0,5,15,1,0,0,0,4,6,13,8,0,0,0,0,15,16,16,16,4,0,0,0,1,14,11,13,4,0,0,0,4,16,1,0,0,0,0,0,12,10,0,0,0,0,7
digit_00607,0,0,0,3,12,5,0,0,0,0,8,16,12,4,0,0,0,2,16,8,0,0,0,0,0,6,16,14,9,2,0,0,0,4,16,11,10,15,3,0,0,0,14,3,0,6,10,0,0,0,5,15,5,12,9,0,0,0,0,5,15,11,2,0,6
digit_00608,0,0,11,15,4,0,0,0,0,0,7,16,16,16,11,0,0,0,0,1,7,16,11,0,0,2,4,2,15,12,1,0,0,13,16,16,16,12,3,0,0,2,6,16,11,14,4,0,0,0,7,16,4,0,0,0,0,0,14,14,1,0,0,0,7
digit_00609,0,1,14,12,1,0,0,0,0,7,16,16,13,0,0,0,0,6,14,3,16,2,0,0,0,2,12,0,14,6,0,0,0,0,0,0,15,8,0,0,0,0,0,8,16,4,0,0,0,2,12,16,16,12,10,0,0,0,15,16,16,16,16,6,2
digit_00610,0,0,7,14,12,0,0,0,0,5,16,16,16,6,0,0,0,8,16,8,5,15,3,0,0,8,12,0,0,10,7,0,0,8,11,0,0,12,5,0,0,4,13,0,0,12,5,0,0,0,16,12,9,16,3,0,0,0,8,14,12,7,0,0,0
digit_00611,0,0,9,9,0,0,0,0,0,0,7,16,2,0,0,0,0,0,8,16,3,0,0,0,0,0,6,16,9,0,0,0,0,0,0,6,14,0,0,0,0,0,0,1,15,4,0,0,0,0,6,12,15,14,9,5,0,0,7,16,16,16,16,14,1
digit_00612,0,4,16,13,0,0,0,0,0,12,11,15,4,0,0,0,0,12,6,10,10,0,0,0,0,1,1,8,10,0,0,0,0,0,0,15,7,0,0,0,0,0,4,16,1,0,0,0,0,0,13,16,12,12,8,0,0,2,16,16,16,16,16,0,2
digit_00613,0,0,11,8,0,0,0,0,0,0,9,15,0,0,0,0,0,12,15,16,6,0,0,0,0,8,15,16,9,0,0,0,0,0,1,13,13,0,0,0,0,0,0,6,16,2,0,0,0,0,8,13,16,13,12,5,0,0,11,16,16,16,16,11,1
digit_00614,0,0,5,13,5,0,0,0,0,4,16,11,12,11,2,0,0,7,8,0,12,16,6,0,0,3,15,14,16,12,1,0,0,0,9,14,14,10,0,0,0,0,11,1,2,13,5,0,0,0,9,7,4,8,12,0,0,0,5,14,15,13,7,0,8
digit_00615,0,0,0,1,11,14,0,0,0,0,0,2,16,10,0,0,0,0,0,11,16,4,0,0,0,0,12,15,3,5,1,0,0,7,16,13,9,16,10,0,0,5,16,16,16,16,5,0,0,0,0,0,12,13,0,0,0,0,0,0,13,13,1,0,4
digit_00616,0,0,0,0,11,13,0,0,0,0,0,2,16,10,0,0,0,0,0,13,15,2,0,0,0,0,11,15,8,11,4,0,0,9,16,15,14,16,11,0,0,2,7,11,13,16,4,0,0,0,0,0,8,16,3,0,0,0,0,0,15,16,2,0,4
digit_00617,0,0,0,1,15,8,0,0,0,0,0,2,16,9,0,0,0,0,0,7,16,4,0,0,0,1,7,16,15,15,2,0,0,11,16,16,13,16,5,0,0,7,12,12,14,16,5,0,0,0,0,0,13,15,0,0,0,0,0,4,16,10,0,0,4
digit_00618,0,0,6,12,12,1,0,0,0,4,16,8,13,7,0,0,0,5,10,0,11,8,0,0,0,0,0,0,14,3,0,0,0,0,0,0,13,8,0,0,0,0,0,0,3,14,2,0,0,0,7,9,4,11,7,0,0,0,7,12,12,13,5,0,3
digit_00619,0,0,5,14,15,2,0,0,0,4,15,7,11,8,0,0,0,4,6,1,15,5,0,0,0,0,0,4,15,4,0,0,0,0,0,0,7,15,1,0,0,0,0,0,0,9,7,0,0,3,12,5,4,12,7,0,0,0,6,13,16,9,1,0,3
digit_00620,0,0,10,13,16,5,0,0,0,0,15,15,10,12,0,0,0,3,14,1,0,14,2,0,0,6,12,0,0,9,7,0,0,4,12,0,0,4,8,0,0,0,12,0,0,11,6,0,0,0,16,10,14,16,2,0,0,0,8,13,10,1,0,0,0
digit_00621,0,0,4,15,8,0,0,0,0,0,12,16,15,3,0,0,0,1,16,11,7,14,2,0,0,4,14,0,0,12,8,0,0,4,12,0,0,14,5,0,0,4,14,1,0,15,5,0,0,0,13,9,9,16,6,0,0,0,7,16,12,5,0,0,0
digit_00622,0,0,10,9,0,0,0,0,0,0,7,16,2,0,0,0,0,11,14,16,3,0,0,0,0,5,15,16,5,0,0,0,0,0,1,10,10,0,0,0,0,0,0,5,15,0,0,0,0,0,5,12,16,14,12,4,0,0,8,16,16,16,16,13,1
digit_00623,0,0,4,15,11,1,0,0,0,0,9,13,10,11,0,0,0,0,7,11,3,16,1,0,0,0,1,14,16,16,5,0,0,0,0,0,2,11,6,0,0,0,0,0,0,6,10,0,0,0,8,5,4,8,13,0,0,0,4,12,15,16,8,0,9
digit_00624,0,0,4,16,16,16,12,0,0,0,1,7,8,13,15,0,0,0,0,0,0,14,10,0,0,0,2,8,11,15,1,0,0,0,4,14,16,16,4,0,0,0,0,8,15,13,4,0,0,0,0,14,10,0,0,0,0,0,6,16,4,0,0,0,7
digit_00625,0,0,7,13,12,3,0,0,0,2,14,8,14,8,0,0,0,2,15,4,14,8,0,0,0,0,8,12,12,8,0,0,0,0,0,0,4,12,0,0,0,0,0,0,1,15,0,0,0,0,10,10,1,16,3,0,0,0,5,13,16,12,0,0,9
digit_00626,0,1,6,13,16,5,0,0,0,6,16,9,15,4,0,0,0,4,9,5,16,2,0,0,0,0,0,8,13,0,0,0,0,0,0,3,15,7,0,0,0,0,0,0,6,15,0,0,0,0,4,6,4,14,6,0,0,0,10,16,16,16,5,0,3
digit_00627,0,0,10,16,16,15,2,0,0,0,5,8,8,16,6,0,0,0,0,0,4,16,3,0,0,0,6,8,12,11,0,0,0,1,16,16,16,15,1,0,0,0,1,13,10,11,3,0,0,0,8,14,0,0,0,0,0,0,13,6,0,0,0,0,7
digit_00628,0,3,14,16,4,0,0,0,0,8,10,11,11,0,0,0,0,5,9,0,13,2,0,0,0,0,0,0,12,4,0,0,0,0,0,2,15,1,0,0,0,0,0,14,11,0,0,0,0,1,13,16,14,12,6,0,0,2,12,12,12,12,11,0,2
digit_00629,0,0,7,14,1,0,0,0,0,0,6,16,8,0,0,0,0,8,16,16,10,0,0,0,0,0,11,13,16,1,0,0,0,0,0,3,16,6,0,0,0,0,0,1,13,12,0,0,0,0,10,16,16,16,12,7,0,0,5,15,16,16,16,15,1
digit_00630,0,0,5,15,10,10,4,0,0,0,12,12,15,14,8,0,0,0,11,7,1,15,5,0,0,0,6,15,8,14,0,0,0,0,4,14,16,2,0,0,0,3,16,11,12,5,0,0,0,7,14,7,6,14,0,0,0,0,7,13,16,14,0,0,8
digit_00631,0,0,5,16,11,3,0,0,0,0,14,15,10,15,2,0,0,5,13,6,0,11,8,0,0,8,8,0,0,5,8,0,0,8,7,0,0,8,5,0,0,4,10,0,1,13,1,0,0,0,14,9,13,10,0,0,0,0,5,13,9,1,0,0,0
digit_00632,0,1,14,14,2,0,0,0,0,7,16,16,8,0,0,0,0,11,11,10,14,0,0,0,0,0,0,8,16,0,0,0,0,0,0,10,13,0,0,0,0,0,5,16,12,0,0,0,0,4,16,16,16,16,6,0,0,1,8,6,8,15,11,0,2
digit_00633,0,0,0,8,11,0,0,0,0,0,3,16,12,0,0,0,0,0,11,15,1,0,0,0,0,1,15,12,5,0,0,0,0,2,16,16,13,12,1,0,0,0,14,9,1,4,13,0,0,0,5,14,3,0,11,6,0,0,0,5,15,16,16,7,6
digit_00634,0,0,11,11,0,0,0,0,0,0,12,14,0,0,0,0,0,13,16,15,0,0,0,0,0,6,11,16,3,0,0,0,0,0,1,16,4,0,0,0,0,0,0,11,9,0,0,0,0,0,10,15,15,12,7,0,0,0,11,16,16,16,16,4,1
digit_00635,0,0,0,11,11,0,0,0,0,0,2,16,13,0,0,0,0,0,6,16,5,0,0,0,0,0,11,16,5,0,0,0,0,0,13,16,14,12,1,0,0,0,11,14,2,8,14,0,0,0,6,16,5,12,15,1,0,0,0,8,15,13,6,0,6
digit_00636,0,0,8,16,7,0,0,0,0,0,11,14,16,4,0,0,0,0,0,1,14,3,0,0,0,0,8,14,16,6,0,0,0,0,6,16,16,16,7,0,0,0,0,12,9,13,5,0,0,0,4,14,2,0,0,0,0,0,9,10,0,0,0,0,7
digit_00637,0,0,4,14,3,0,0,0,0,0,9,16,16,4,0,0,0,0,14,16,16,14,0,0,0,2,16,6,1,16,4,0,0,5,15,0,0,12,4,0,0,5,13,0,0,12,8,0,0,0,16,10,9,16,7,0,0,0,6,16,15,8,0,0,0
digit_00638,0,0,11,14,5,0,0,0,0,5,13,4,16,6,0,0,0,3,14,11,15,8,0,0,0,0,2,6,6,13,0,0,0,0,0,0,0,14,2,0,0,0,0,0,0,5,10,0,0,1,4,0,0,7,12,0,0,1,9,15,16,15,4,0,9
digit_00639,0,0,2,13,10,1,0,0,0,0,8,16,16,14,1,0,0,0,11,8,3,15,1,0,0,0,6,12,9,11,0,0,0,0,9,16,16,2,0,0,0,1,16,7,9,10,0,0,0,2,14,5,4,16,3,0,0,0,4,11,14,13,5,0,8
digit_00640,0,2,15,10,1,0,0,0,0,8,15,16,9,0,0,0,0,8,10,11,12,0,0,0,0,1,5,7,16,0,0,0,0,0,0,10,13,0,0,0,0,0,2,15,10,0,0,0,0,5,16,16,16,12,8,0,0,3,12,12,11,14,16,1,2
digit_00641,0,0,3,14,11,1,0,0,0,1,15,10,16,5,0,0,0,2,10,2,16,3,0,0,0,0,0,1,16,6,0,0,0,0,0,0,9,15,3,0,0,0,6,0,0,10,9,0,0,2,16,7,4,13,10,0,0,0,5,11,14,11,1,0,3
digit_00642,0,0,7,13,9,0,0,0,0,0,13,11,13,11,0,0,0,0,14,8,12,16,2,0,0,0,5,13,13,15,3,0,0,0,0,0,0,11,7,0,0,0,0,0,0,3,13,0,0,0,12,9,4,4,16,0,0,0,7,16,16,16,12,0,9
digit_00643,0,0,14,14,11,2,0,0,0,1,16,16,16,15,0,0,0,4,16,9,7,14,6,0,0,8,15,0,0,8,8,0,0,8,11,0,0,8,8,0,0,8,12,0,0,12,5,0,0,4,16,10,14,13,0,0,0,0,9,16,15,3,0,0,0
digit_00644,0,0,2,15,3,0,0,0,0,0,2,14,10,0,0,0,0,0,15,16,14,0,0,0,0,0,6,12,16,0,0,0,0,0,0,1,16,2,0,0,0,0,0,0,13,6,0,0,0,0,8,14,14,14,8,3,0,0,2,11,12,12,13,9,1
digit_00645,0,1,12,10,2,0,0,0,0,5,14,13,12,0,0,0,0,4,8,3,16,0,0,0,0,0,1,0,15,0,0,0,0,0,0,5,12,0,0,0,0,0,4,15,6,0,0,0,0,4,16,16,15,10,3,0,0,2,11,7,8,11,9,0,2
digit_00646,0,0,5,14,15,2,0,0,0,0,11,16,12,1,0,0,0,0,7,16,13,2,0,0,0,0,1,11,14,15,2,0,0,0,0,0,0,10,10,0,0,1,8,1,0,2,15,1,0,2,13,10,5,7,16,2,0,0,4,13,16,16,14,0,5
digit_00647,0,0,10,15,8,2,0,0,0,0,5,13,16,15,1,0,0,0,0,0,4,16,4,0,0,0,1,4,7,16,3,0,0,0,9,16,16,16,1,0,0,0,1,12,15,12,4,0,0,0,3,16,5,0,0,0,0,0,14,14,0,0,0,0,7
digit_00648,0,0,0,8,13,0,0,0,0,0,6,15,8,0,0,0,0,2,16,10,0,0,0,0,0,2,16,13,10,1,0,0,0,2,16,11,9,13,1,0,0,0,10,6,0,5,13,0,0,0,4,15,1,9,16,2,0,0,0,7,15,16,7,0,6
digit_00649,0,0,11,8,0,0,0,0,0,0,12,15,1,0,0,0,0,0,13,16,5,0,0,0,0,0,12,16,6,0,0,0,0,0,2,15,7,0,0,0,0,0,0,10,14,1,0,0,0,0,16,16,16,16,11,3,0,0,11,16,16,16,16,11,1
digit_00650,0,0,1,14,9,0,0,0,0,0,5,15,13,6,0,0,0,0,9,12,4,12,0,0,0,0,6,15,10,16,4,0,0,0,0,10,16,16,10,0,0,0,0,0,0,2,16,0,0,0,1,4,4,6,15,4,0,0,1,13,15,14,11,0,9
digit_00651,0,0,6,15,16,7,0,0,0,10,16,9,14,11,0,0,0,5,3,1,14,10,0,0,0,0,0,9,16,5,0,0,0,0,0,8,16,16,4,0,0,0,1,0,1,12,8,0,0,3,13,5,4,13,11,0,0,0,8,16,16,12,2,0,3
digit_00652,0,0,1,13,15,3,0,0,0,6,16,16,16,9,0,0,0,9,15,16,16,6,0,0,0,3,16,16,10,0,0,0,0,0,12,16,11,0,0,0,0,0,14,6,10,15,2,0,0,0,11,12,6,16,13,0,0,0,1,10,15,13,5,0,8
digit_00653,0,0,3,9,8,0,0,0,0,2,15,14,14,4,0,0,0,9,16,5,13,16,1,0,0,5,16,16,16,16,7,0,0,0,6,8,8,16,6,0,0,0,0,0,0,15,9,0,0,0,7,4,9,16,8,0,0,0,9,16,13,9,1,0,9
digit_00654,0,0,6,11,11,1,0,0,0,0,9,16,16,14,0,0,0,0,11,16,16,10,0,0,0,0,7,16,16,12,0,0,0,0,12,16,16,11,0,0,0,0,9,16,16,12,0,0,0,0,8,16,16,16,0,0,0,0,5,12,12,12,3,0,1
digit_00655,0,0,0,1,12,2,0,0,0,0,1,16,16,2,0,0,0,0,10,15,3,0,0,0,0,0,14,11,0,0,0,0,0,1,16,16,15,7,0,0,0,0,14,16,11,15,5,0,0,0,6,16,6,16,9,0,0,0,0,5,12,12,3,0,6
digit_00656,0,0,7,15,16,15,3,0,0,0,15,8,6,4,0,0,0,0,16,5,4,2,0,0,0,3,16,14,16,10,0,0,0,7,16,13,10,14,0,0,0,0,4,0,6,16,1,0,0,0,8,8,12,14,0,0,0,0,7,13,11,4,0,0,5
digit_00657,0,0,0,11,13,0,0,0,0,2,12,16,16,7,0,0,0,12,16,8,3,14,2,0,0,6,16,10,0,14,6,0,0,0,15,9,0,11,5,0,0,0,11,13,0,9,9,0,0,0,8,16,13,16,5,0,0,0,0,13,16,10,1,0,0
digit_00658,0,0,0,2,15,5,0,0,0,0,0,9,15,2,2,0,0,0,3,16,7,5,16,2,0,1,12,16,8,14,13,0,0,11,16,16,16,16,10,0,0,10,10,4,14,14,1,0,0,0,0,0,14,8,0,0,0,0,0,1,15,3,0,0,4
digit_00659,0,0,0,4,13,1,0,0,0,0,3,16,13,0,0,0,0,0,8,15,4,0,0,0,0,0,12,14,0,0,0,0,0,0,15,11,6,6,0,0,0,0,13,16,16,16,10,0,0,0,8,16,5,11,16,2,0,0,0,6,12,15,10,0,6
digit_00660,0,0,0,6,14,3,0,0,0,0,2,15,14,4,0,0,0,0,9,16,2,0,0,0,0,0,13,13,0,0,0,0,0,0,14,14,16,16,5,0,0,0,14,16,15,13,11,0,0,0,10,16,6,13,13,0,0,0,1,9,15,13,4,0,6
digit_00661,0,0,3,14,10,0,0,0,0,2,14,15,13,3,0,0,0,2,16,8,4,10,0,0,0,0,15,14,13,16,4,0,0,0,2,10,14,15,10,0,0,0,3,0,0,11,9,0,0,0,10,8,4,15,8,0,0,0,2,12,13,14,4,0,9
digit_00662,0,0,0,2,13,0,0,0,0,0,0,11,12,0,0,0,0,0,3,16,6,1,4,0,0,0,11,10,0,12,8,0,0,6,16,7,7,16,1,0,0,9,16,16,16,16,3,0,0,0,3,5,15,8,1,0,0,0,0,2,11,0,0,0,4
digit_00663,0,0,8,12,13,16,8,0,0,0,9,9,9,16,5,0,0,0,0,0,7,15,0,0,0,0,6,11,15,11,1,0,0,0,9,14,15,15,6,0,0,0,0,16,8,0,0,0,0,0,3,16,3,0,0,0,0,0,8,14,0,0,0,0,7
digit_00664,0,0,2,10,12,1,0,0,0,0,10,15,14,8,0,0,0,6,16,7,8,8,0,0,0,5,16,16,16,10,0,0,0,0,8,16,16,16,2,0,0,0,11,14,1,13,6,0,0,0,12,13,7,14,4,0,0,0,4,14,12,10,2,0,8
digit_00665,0,0,0,10,15,2,0,0,0,0,0,13,16,11,0,0,0,0,0,15,16,9,0,0,0,0,6,16,16,7,0,0,0,1,15,16,16,3,0,0,0,1,14,16,16,2,0,0,0,0,0,14,16,8,0,0,0,0,0,6,14,9,0,0,1
digit_00666,0,0,7,12,14,12,8,0,0,0,10,8,9,16,14,0,0,0,0,0,2,16,6,0,0,0,6,16,13,14,1,0,0,0,3,10,16,10,0,0,0,0,0,14,11,0,0,0,0,0,3,16,3,0,0,0,0,0,8,11,0,0,0,0,7
digit_00667,0,1,11,14,14,4,0,0,0,3,14,8,10,16,0,0,0,0,0,0,5,16,1,0,0,0,0,3,16,14,0,0,0,0,0,4,12,16,7,0,0,0,0,0,0,9,12,0,0,0,9,8,8,14,13,0,0,0,7,12,12,10,3,0,3
digit_00668,0,0,9,15,12,10,7,0,0,0,5,8,12,16,12,0,0,0,0,0,4,16,6,0,0,0,1,5,14,10,0,0,0,0,13,16,16,12,0,0,0,1,8,16,10,2,0,0,0,0,9,16,3,0,0,0,0,0,9,13,0,0,0,0,7
digit_00669,0,0,1,10,9,0,0,0,0,1,10,13,8,7,0,0,0,5,16,2,0,9,0,0,0,0,16,12,14,16,1,0,0,0,11,16,13,13,3,0,0,0,2,15,5,6,3,0,0,0,4,15,4,13,2,0,0,0,1,11,12,4,0,0,8
digit_00670,0,0,0,1,10,0,0,0,0,0,0,11,8,2,1,0,0,0,3,13,0,8,8,0,0,0,10,8,2,15,3,0,0,6,16,15,16,16,5,0,0,12,15,12,15,14,3,0,0,0,0,0,15,1,0,0,0,0,0,0,12,0,0,0,4
digit_00671,0,0,0,4,14,4,0,0,0,0,3,16,14,4,0,0,0,0,8,16,5,0,0,0,0,0,15,12,11,8,1,0,0,0,16,16,16,16,8,0,0,2,16,16,4,3,14,0,0,0,10,16,5,10,16,1,0,0,0,7,13,14,10,0,6
digit_00672,0,0,13,16,16,11,0,0,0,0,10,7,4,16,0,0,0,0,0,0,10,12,0,0,0,0,0,3,13,14,2,0,0,0,0,10,13,14,6,0,0,0,0,0,0,6,11,0,0,1,14,6,4,13,7,0,0,0,9,13,16,12,0,0,3
digit_00673,0,0,10,15,16,15,1,0,0,7,16,10,4,3,1,0,0,8,13,8,0,0,0,0,0,7,16,16,7,0,0,0,0,1,8,10,8,0,0,0,0,0,0,5,15,0,0,0,0,0,1,8,14,0,0,0,0,0,6,16,10,0,0,0,5
digit_00674,0,0,3,14,9,1,0,0,0,0,10,15,13,8,0,0,0,0,13,10,4,14,0,0,0,0,12,16,16,16,4,0,0,0,0,6,8,12,10,0,0,0,0,0,0,4,13,0,0,0,3,8,8,13,13,0,0,0,2,10,12,10,5,0,9
digit_00675,0,0,4,10,16,4,0,0,0,4,16,13,10,10,0,0,0,8,16,8,7,12,0,0,0,3,15,16,16,9,0,0,0,5,16,16,16,16,2,0,0,1,13,12,1,9,9,0,0,0,14,10,2,14,5,0,0,0,2,12,15,11,1,0,8
digit_00676,0,0,9,13,7,0,0,0,0,2,15,10,14,6,0,0,0,12,13,0,9,16,2,0,0,8,16,12,14,16,6,0,0,1,8,8,10,16,2,0,0,0,0,0,1,16,5,0,0,0,8,4,7,16,2,0,0,0,10,15,16,13,0,0,9
digit_00677,0,0,0,5,11,0,0,0,0,0,7,16,14,1,0,0,0,3,16,3,9,11,0,0,0,4,16,13,16,14,3,0,0,0,7,16,13,4,4,0,0,0,1,16,6,3,5,0,0,0,5,14,5,10,3,0,0,0,0,9,9,5,0,0,8
digit_00678,0,0,3,9,9,0,0,0,0,0,9,16,16,5,0,0,0,0,9,16,16,8,0,0,0,0,7,16,16,7,0,0,0,0,12,16,16,7,0,0,0,0,16,16,16,8,0,0,0,0,12,16,16,12,0,0,0,0,2,7,10,4,0,0,1
digit_00679,0,0,9,15,16,16,14,0,0,1,15,10,8,14,13,0,0,0,0,0,2,15,9,0,0,0,0,10,14,16,4,0,0,0,1,16,16,16,11,0,0,0,0,13,15,4,1,0,0,0,5,16,7,0,0,0,0,0,9,15,0,0,0,0,7
digit_00680,0,0,4,16,12,0,0,0,0,9,16,16,16,8,0,0,0,9,16,9,6,14,0,0,0,6,16,2,0,12,5,0,0,6,16,1,0,8,9,0,0,3,16,1,0,12,10,0,0,0,12,13,15,16,8,0,0,0,3,12,12,10,1,0,0
digit_00681,0,0,0,9,7,0,0,0,0,0,3,16,8,0,0,0,0,0,8,14,2,0,0,0,0,0,13,10,0,0,0,0,0,0,15,16,16,15,5,0,0,0,15,16,11,11,12,0,0,0,8,15,6,9,15,0,0,0,0,8,14,16,8,0,6
digit_00682,0,0,4,8,10,13,8,0,0,0,10,12,12,14,12,0,0,0,0,0,0,13,8,0,0,0,5,12,13,16,6,0,0,0,7,13,16,12,3,0,0,0,0,8,14,1,0,0,0,0,3,16,9,0,0,0,0,0,5,14,2,0,0,0,7
digit_00683,0,0,6,16,12,12,14,6,0,0,5,8,8,11,15,2,0,0,0,0,1,14,5,0,0,0,0,1,12,12,0,0,0,0,0,11,16,15,1,0,0,0,0,10,11,1,0,0,0,0,1,14,4,0,0,0,0,0,5,12,2,0,0,0,7
digit_00684,0,0,6,12,12,15,7,0,0,0,14,15,12,16,9,0,0,0,0,0,0,16,8,0,0,0,1,1,9,14,0,0,0,3,15,16,16,16,2,0,0,3,8,14,16,5,0,0,0,0,3,16,8,0,0,0,0,0,7,15,5,0,0,0,7
digit_00685,0,0,0,9,13,0,0,0,0,0,5,16,16,4,0,0,0,0,15,15,7,0,0,0,0,1,16,13,0,0,0,0,0,3,16,15,16,16,6,0,0,1,14,16,16,16,15,1,0,0,8,16,13,14,16,1,0,0,0,7,12,12,6,0,6
digit_00686,0,0,1,15,1,0,0,0,0,0,6,16,0,2,0,0,0,0,11,13,2,16,2,0,0,6,16,8,9,14,0,0,0,8,16,16,16,14,3,0,0,0,8,15,16,16,8,0,0,0,0,12,14,3,0,0,0,0,1,16,9,0,0,0,4
digit_00687,0,0,1,12,11,2,0,0,0,0,2,16,16,3,0,0,0,0,5,16,16,3,0,0,0,1,15,16,14,2,0,0,0,5,16,16,13,0,0,0,0,1,11,16,14,0,0,0,0,0,5,16,16,7,0,0,0,0,1,15,16,9,0,0,1
digit_00688,0,3,11,15,14,2,0,0,0,10,13,8,14,10,0,0,0,5,1,0,13,8,0,0,0,0,0,9,16,8,0,0,0,0,0,5,9,16,3,0,0,0,0,0,0,16,9,0,0,4,12,8,11,15,3,0,0,1,8,12,11,4,0,0,3
digit_00689,0,0,7,13,12,12,5,0,0,3,15,8,7,8,3,0,0,4,15,5,6,0,0,0,0,5,16,16,16,2,0,0,0,2,8,1,12,4,0,0,0,0,0,0,12,4,0,0,0,0,3,5,16,2,0,0,0,0,9,15,8,0,0,0,5
digit_00690,0,0,11,16,15,8,0,0,0,0,9,13,5,3,0,0,0,0,12,13,0,0,0,0,0,0,12,13,8,2,0,0,0,0,15,16,16,7,0,0,0,0,0,0,9,11,0,0,0,0,5,6,15,8,0,0,0,0,11,16,13,2,0,0,5
digit_00691,0,0,3,11,14,11,8,4,0,0,3,8,8,10,16,6,0,0,0,0,0,13,9,0,0,0,0,3,11,16,9,0,0,0,0,11,16,8,3,0,0,0,0,10,13,0,0,0,0,0,1,16,3,0,0,0,0,0,5,11,0,0,0,0,7
digit_00692,0,0,10,16,16,14,1,0,0,0,15,9,8,8,2,0,0,4,16,0,0,0,0,0,0,6,16,15,14,0,0,0,0,5,13,12,16,3,0,0,0,0,0,0,13,7,0,0,0,0,9,8,16,7,0,0,0,0,11,16,15,0,0,0,5
digit_00693,0,0,0,0,13,9,0,0,0,0,0,10,16,16,1,0,0,1,12,16,16,13,0,0,0,7,16,16,16,15,0,0,0,0,7,12,16,13,0,0,0,0,0,4,16,16,0,0,0,0,0,3,16,16,3,0,0,0,0,0,13,16,6,0,1
digit_00694,0,0,7,15,16,9,0,0,0,1,16,12,8,7,0,0,0,0,14,3,0,0,0,0,0,0,14,16,13,1,0,0,0,0,12,16,15,7,0,0,0,0,0,0,9,9,0,0,0,0,4,5,14,9,0,0,0,0,6,16,15,3,0,0,5
digit_00695,0,0,8,12,12,14,8,0,0,2,11,12,12,16,12,0,0,0,0,0,3,16,5,0,0,0,3,7,15,13,0,0,0,0,15,16,16,16,4,0,0,0,1,15,9,0,0,0,0,0,10,14,0,0,0,0,0,0,10,11,0,0,0,0,7
digit_00696,0,0,6,15,10,0,0,0,0,4,16,15,15,5,0,0,0,10,11,1,12,4,0,0,0,11,9,0,15,3,0,0,0,4,8,1,14,4,0,0,0,0,0,8,16,2,1,0,0,0,5,16,16,15,15,2,0,0,8,16,14,11,13,1,2
digit_00697,0,0,9,15,16,8,0,0,0,0,7,7,9,15,1,0,0,0,0,0,9,12,0,0,0,0,5,13,16,13,3,0,0,0,1,11,14,4,2,0,0,0,0,15,4,0,0,0,0,0,6,16,3,0,0,0,0,0,10,12,0,0,0,0,7
digit_00698,0,0,5,14,16,13,1,0,0,0,15,14,9,10,2,0,0,1,16,5,0,0,0,0,0,4,16,16,5,0,0,0,0,2,8,12,12,0,0,0,0,0,0,6,15,0,0,0,0,2,13,14,11,0,0,0,0,1,10,12,3,0,0,0,5
digit_00699,0,0,1,8,12,3,0,0,0,0,9,16,16,12,0,0,0,0,11,16,7,11,0,0,0,0,14,11,0,7,2,0,0,0,14,8,0,9,4,0,0,0,16,7,2,13,1,0,0,0,11,15,11,15,0,0,0,0,1,7,9,1,0,0,0
digit_00700,0,0,6,16,13,0,0,0,0,7,16,14,15,10,0,0,0,12,16,3,7,16,1,0,0,11,13,0,7,16,1,0,0,0,0,0,14,14,0,0,0,0,2,9,16,10,5,0,0,0,11,16,16,16,16,3,0,0,6,16,11,8,8,2,2
digit_00701,0,0,0,8,14,4,0,0,0,0,5,16,10,0,0,0,0,0,12,13,1,0,0,0,0,1,16,7,1,0,0,0,0,4,16,16,16,12,1,0,0,2,16,14,9,14,5,0,0,0,12,14,6,16,5,0,0,0,1,8,13,9,2,0,6
digit_00702,0,0,6,13,16,7,0,0,0,5,16,16,12,14,1,0,0,9,16,11,0,16,4,0,0,6,16,4,0,13,7,0,0,8,13,0,0,12,7,0,0,4,16,0,0,11,8,0,0,2,15,6,9,16,5,0,0,0,6,16,16,11,0,0,0
digit_00703,0,0,1,9,10,1,0,0,0,0,5,16,16,8,0,0,0,0,6,16,16,10,0,0,0,0,7,16,16,10,0,0,0,0,2,16,16,7,0,0,0,0,1,16,16,10,0,0,0,0,8,16,16,15,1,0,0,0,1,6,9,9,2,0,1
digit_00704,0,0,13,16,16,15,0,0,0,4,16,13,7,3,0,0,0,5,16,11,1,0,0,0,0,7,16,16,12,0,0,0,0,3,9,6,16,1,0,0,0,0,0,3,16,4,0,0,0,0,7,10,16,3,0,0,0,1,13,16,14,0,0,0,5
digit_00705,0,0,3,14,10,0,0,0,0,4,15,12,15,2,0,0,0,11,15,1,11,5,0,0,0,9,12,0,10,7,0,0,0,1,1,0,15,7,0,0,0,0,0,7,16,6,2,0,0,0,1,16,16,16,16,3,0,0,2,12,11,8,8,3,2
digit_00706,0,0,10,16,8,0,0,0,0,3,16,14,14,2,0,0,0,6,13,6,16,2,0,0,0,2,7,8,16,1,0,0,0,0,2,16,10,0,0,0,0,1,12,16,5,2,2,0,0,4,16,16,16,15,14,1,0,0,9,12,11,12,13,1,2
digit_00707,0,1,13,16,16,10,0,0,0,2,16,13,9,11,2,0,0,5,16,4,0,0,0,0,0,7,16,16,12,0,0,0,0,1,7,7,16,0,0,0,0,0,0,3,16,3,0,0,0,0,14,14,15,3,0,0,0,0,9,12,7,0,0,0,5
digit_00708,0,0,6,15,6,0,0,0,0,4,16,14,15,2,0,0,0,4,16,7,13,12,0,0,0,3,16,16,16,16,3,0,0,0,5,11,10,14,10,0,0,0,0,0,0,12,10,0,0,0,0,2,12,16,8,0,0,0,5,15,16,11,1,0,9
digit_00709,0,0,11,16,14,5,0,0,0,0,15,10,8,8,0,0,0,0,12,7,0,0,0,0,0,0,16,16,9,0,0,0,0,0,15,11,15,1,0,0,0,0,0,0,8,5,0,0,0,0,2,3,11,7,0,0,0,0,12,16,15,3,0,0,5
digit_00710,0,0,8,15,10,0,0,0,0,3,16,16,15,1,0,0,0,9,13,1,16,1,0,0,0,7,11,2,16,1,0,0,0,0,0,9,14,0,0,0,0,0,1,16,9,2,4,0,0,0,13,16,16,16,16,0,0,0,11,16,9,8,9,0,2
digit_00711,0,0,0,7,14,2,0,0,0,0,5,16,16,4,0,0,0,0,13,16,7,0,0,0,0,0,14,13,0,0,0,0,0,0,16,16,16,5,2,0,0,0,14,16,15,13,15,1,0,0,8,16,11,14,16,1,0,0,0,4,12,14,7,0,6
digit_00712,0,0,0,5,12,5,0,0,0,0,2,16,14,7,0,0,0,0,8,16,2,0,0,0,0,0,14,7,0,0,0,0,0,0,15,14,16,16,5,0,0,1,16,16,12,6,14,0,0,0,10,16,7,7,16,1,0,0,1,8,14,16,10,1,6
digit_00713,0,0,6,15,16,13,1,0,0,3,16,16,16,16,6,0,0,7,16,8,12,14,1,0,0,0,12,16,14,1,0,0,0,0,11,14,16,6,0,0,0,0,14,0,2,15,3,0,0,0,16,2,3,13,8,0,0,0,6,14,16,14,2,0,8
digit_00714,0,0,1,14,15,2,0,0,0,2,12,16,16,5,0,0,5,16,16,16,16,2,0,0,1,8,5,11,14,0,0,0,0,0,0,10,16,1,0,0,0,0,0,8,15,0,0,0,0,0,0,12,14,0,0,0,0,0,0,14,16,1,0,0,1
digit_00715,0,0,7,16,12,1,0,0,0,0,9,12,9,11,0,0,0,0,5,13,10,16,3,0,0,0,0,9,16,16,9,0,0,0,0,0,0,6,13,0,0,0,0,0,0,3,15,0,0,0,0,0,0,5,16,0,0,0,6,16,16,16,12,0,9
digit_00716,0,0,6,15,13,2,0,0,0,0,11,16,13,12,0,0,0,0,8,13,6,16,2,0,0,0,0,2,2,16,5,0,0,0,0,0,4,16,4,0,0,0,0,0,10,16,3,0,0,0,2,11,16,15,8,1,0,0,6,14,16,16,16,14,2
digit_00717,0,1,10,14,15,6,0,0,0,6,13,1,4,9,0,0,0,3,14,2,1,9,3,0,0,0,7,15,16,16,3,0,0,0,0,0,6,10,0,0,0,0,0,0,4,11,0,0,0,0,2,0,4,9,0,0,0,0,8,14,15,9,0,0,9
digit_00718,0,0,0,12,14,0,0,0,0,0,4,16,14,1,0,0,0,0,10,15,2,0,0,0,0,0,14,14,1,0,0,0,0,0,14,16,15,5,0,0,0,0,10,11,4,14,1,0,0,0,6,12,4,14,7,0,0,0,0,9,16,16,6,0,6
digit_00719,0,0,0,9,10,2,0,0,0,0,5,16,16,2,0,0,0,4,14,16,16,4,0,0,0,8,11,10,16,6,0,0,0,0,0,7,16,3,0,0,0,0,0,10,16,2,0,0,0,0,0,12,11,0,0,0,0,0,0,9,13,0,0,0,1
digit_00720,0,0,14,4,4,0,0,0,0,9,16,16,16,9,0,0,0,3,11,5,14,15,0,0,0,0,0,14,16,10,0,0,0,0,0,9,16,16,6,0,0,0,1,0,0,7,16,0,0,2,15,4,5,12,15,0,0,0,10,16,16,15,3,0,3
digit_00721,0,0,15,16,16,15,2,0,0,0,5,8,11,16,3,0,0,0,0,0,15,8,0,0,0,3,8,8,16,7,2,0,0,6,15,16,16,16,8,0,0,0,2,15,7,3,0,0,0,0,11,13,0,0,0,0,0,0,16,7,0,0,0,0,7
digit_00722,0,0,5,14,15,4,0,0,0,1,16,2,3,13,2,0,0,7,12,4,0,5,4,0,0,0,13,3,0,1,7,0,0,2,12,0,0,1,8,0,0,0,13,0,0,2,12,0,0,0,14,1,0,13,4,0,0,0,6,16,15,9,1,0,0
digit_00723,0,0,8,12,11,1,0,0,0,0,13,12,6,12,0,0,0,1,14,4,0,12,0,0,0,2,16,1,0,5,4,0,0,5,11,0,0,8,4,0,0,4,12,0,0,9,5,0,0,2,15,6,8,14,0,0,0,0,5,15,12,3,0,0,0
digit_00724,0,0,5,13,14,12,1,0,0,0,9,16,7,7,7,0,0,0,16,4,0,1,8,0,0,4,12,0,0,4,8,0,0,4,8,0,0,6,5,0,0,5,8,0,0,11,2,0,0,1,14,5,11,8,0,0,0,0,4,14,11,0,0,0,0
digit_00725,0,0,9,15,16,4,0,0,0,0,8,7,6,16,0,0,0,0,0,0,10,12,0,0,0,0,3,15,15,1,0,0,0,0,1,9,12,11,2,0,0,0,0,0,0,5,10,0,0,0,12,4,4,6,15,0,0,0,5,11,12,12,6,0,3
digit_00726,0,0,12,16,15,6,0,0,0,0,15,13,11,16,3,0,0,0,1,7,5,16,5,0,0,0,1,13,16,11,0,0,0,0,1,10,15,15,1,0,0,0,0,0,0,13,11,0,0,2,11,4,4,14,8,0,0,0,11,16,16,14,1,0,3
digit_00727,0,3,16,16,16,16,8,0,0,0,5,8,12,16,6,0,0,0,0,0,13,12,0,0,0,8,12,12,16,10,1,0,0,8,16,16,16,15,1,0,0,0,8,15,3,0,0,0,0,2,15,8,0,0,0,0,0,2,15,2,0,0,0,0,7
digit_00728,0,0,0,4,16,5,0,0,0,0,1,12,16,6,0,0,0,5,14,16,16,1,0,0,0,13,16,14,16,3,0,0,0,1,2,9,16,4,0,0,0,0,0,5,16,4,0,0,0,0,0,4,16,6,0,0,0,0,0,5,16,9,0,0,1
digit_00729,0,0,0,0,15,8,0,0,0,0,0,2,16,8,0,0,0,0,0,11,16,3,0,0,0,0,5,16,16,3,0,0,0,9,16,11,16,1,0,0,0,1,7,1,16,2,0,0,0,0,0,1,16,5,0,0,0,0,0,0,13,8,0,0,1
digit_00730,0,0,13,16,16,12,0,0,0,0,9,12,8,7,0,0,0,0,11,16,7,0,0,0,0,0,11,15,14,3,0,0,0,0,1,2,6,11,0,0,0,0,0,0,3,14,0,0,0,0,0,0,9,12,0,0,0,0,12,16,16,6,0,0,5
digit_00731,0,0,8,16,16,7,0,0,0,2,16,14,7,16,0,0,0,3,15,1,5,16,1,0,0,1,14,13,13,16,3,0,0,0,1,8,8,14,6,0,0,0,0,0,0,10,10,0,0,0,0,1,2,15,9,0,0,0,10,16,16,16,4,0,9
digit_00732,0,0,0,8,11,0,0,0,0,0,3,16,6,0,0,0,0,0,9,10,0,0,0,0,0,0,11,4,1,0,0,0,0,0,13,15,16,14,4,0,0,0,13,10,4,4,14,1,0,0,6,10,2,6,16,2,0,0,1,8,13,14,5,0,6
digit_00733,0,0,0,9,14,1,0,0,0,0,2,16,11,0,0,0,0,0,7,16,5,0,0,0,0,0,11,14,0,0,0,0,0,0,14,10,4,0,0,0,0,0,16,16,16,13,2,0,0,0,9,15,6,12,10,0,0,0,0,8,16,16,12,0,6
digit_00734,0,0,0,3,16,9,0,0,0,0,0,8,16,10,0,0,0,0,5,15,16,11,0,0,0,5,16,16,16,12,0,0,0,7,12,3,16,11,0,0,0,0,0,0,15,9,0,0,0,0,0,3,16,9,0,0,0,0,0,4,16,4,0,0,1
digit_00735,0,0,4,10,14,3,0,0,0,0,16,11,10,12,0,0,0,4,12,0,0,10,3,0,0,5,11,0,0,7,4,0,0,6,8,0,0,10,4,0,0,3,9,0,0,10,3,0,0,0,13,9,11,13,0,0,0,0,2,14,12,3,0,0,0
digit_00736,0,2,16,14,12,9,2,0,0,0,6,12,16,16,12,0,0,1,1,1,15,11,2,0,0,10,13,12,16,7,0,0,0,3,14,16,16,16,5,0,0,0,10,14,6,6,1,0,0,2,16,8,0,0,0,0,0,2,16,4,0,0,0,0,7
digit_00737,0,0,3,12,13,3,0,0,0,0,12,14,7,12,0,0,0,1,16,1,0,14,0,0,0,0,14,0,0,15,0,0,0,0,1,0,4,12,0,0,0,0,0,0,14,8,0,0,0,0,2,14,16,12,14,2,0,0,7,16,12,12,12,3,2
digit_00738,0,0,8,16,15,5,0,0,0,7,16,14,5,15,2,0,0,10,16,8,0,9,9,0,0,10,16,3,0,4,12,0,0,9,14,0,0,6,12,0,0,7,13,0,0,14,7,0,0,2,16,8,12,14,1,0,0,0,10,16,13,3,0,0,0
digit_00739,0,0,0,11,13,0,0,0,0,0,3,15,9,0,0,0,0,0,10,13,1,5,11,0,0,5,16,4,3,14,11,0,0,10,16,9,15,15,3,0,0,9,16,13,16,9,0,0,0,0,0,6,16,2,0,0,0,0,0,14,9,0,0,0,4
digit_00740,0,2,11,11,16,16,4,0,0,3,16,12,10,8,0,0,0,7,16,11,1,0,0,0,0,11,16,16,13,0,0,0,0,1,4,0,16,4,0,0,0,0,0,0,12,8,0,0,0,0,4,4,16,5,0,0,0,1,15,16,13,1,0,0,5
digit_00741,0,2,6,16,11,0,0,0,0,9,16,8,10,10,0,0,0,7,11,0,0,11,1,0,0,8,13,0,0,7,5,0,0,6,13,0,0,8,7,0,0,2,14,0,0,14,4,0,0,0,12,7,12,12,0,0,0,0,2,13,14,4,0,0,0
digit_00742,0,0,6,16,16,13,1,0,0,0,11,13,7,16,6,0,0,0,1,3,0,16,7,0,0,0,0,2,8,15,2,0,0,0,8,16,16,8,0,0,0,0,0,5,11,15,6,0,0,0,0,0,1,14,12,0,0,0,9,13,16,15,3,0,3
digit_00743,0,0,0,12,15,2,0,0,0,0,6,16,11,1,0,0,0,0,14,14,0,0,0,0,0,0,16,11,3,0,0,0,0,2,16,16,16,7,0,0,0,0,16,13,4,14,5,0,0,0,10,14,6,15,10,0,0,0,0,9,15,16,5,0,6
digit_00744,0,0,3,8,14,9,0,0,0,0,11,14,6,13,3,0,0,3,16,3,0,6,6,0,0,6,15,0,0,8,5,0,0,4,12,0,0,11,1,0,0,1,12,0,4,10,0,0,0,0,9,11,14,5,0,0,0,0,2,13,7,0,0,0,0
digit_00745,0,0,8,16,16,10,0,0,0,1,15,15,9,15,1,0,0,0,14,3,0,15,5,0,0,0,0,0,0,15,6,0,0,0,0,0,5,16,4,0,0,0,0,0,12,14,0,0,0,0,8,15,16,6,4,1,0,0,10,16,16,16,16,9,2
digit_00746,0,0,0,4,16,5,0,0,0,0,0,11,16,8,0,0,0,2,9,16,16,4,0,0,0,11,16,16,16,4,0,0,0,3,4,6,16,4,0,0,0,0,0,4,16,3,0,0,0,0,0,6,16,6,0,0,0,0,0,6,16,2,0,0,1
digit_00747,0,0,0,4,12,1,0,0,0,0,2,16,11,3,0,0,0,0,7,15,1,0,0,0,0,0,11,11,4,2,0,0,0,0,13,16,13,15,4,0,0,0,13,7,0,0,15,1,0,0,5,13,2,3,15,1,0,0,0,6,14,15,5,0,6
digit_00748,0,0,0,10,16,2,0,0,0,0,4,16,13,1,0,0,0,0,10,16,2,0,0,0,0,0,13,10,0,0,0,0,0,0,16,15,10,0,0,0,0,0,14,16,13,10,0,0,0,0,11,16,8,16,1,0,0,0,1,10,16,13,0,0,6
digit_00749,0,0,0,10,13,0,0,0,0,0,3,16,10,0,0,0,0,0,6,15,1,0,0,0,0,0,10,13,0,0,0,0,0,0,8,16,15,7,0,0,0,0,11,15,12,13,7,0,0,0,5,15,5,7,16,1,0,0,0,6,15,16,15,1,6
digit_00750,0,0,5,16,16,8,0,0,0,0,6,14,10,16,1,0,0,0,0,4,13,16,1,0,0,0,6,16,16,5,0,0,0,0,1,9,15,10,0,0,0,0,6,0,3,15,5,0,0,0,14,8,11,16,7,0,0,0,5,15,16,13,1,0,3
digit_00751,0,0,0,8,16,5,0,0,0,0,0,13,16,7,0,0,0,0,5,16,8,0,0,0,0,0,7,16,4,0,0,0,0,0,9,15,8,8,5,0,0,0,15,16,16,16,16,4,0,0,5,15,10,8,16,5,0,0,0,6,15,16,14,0,6
digit_00752,0,1,7,15,13,6,0,0,0,7,13,2,4,15,0,0,0,4,12,6,13,4,0,0,0,0,10,16,8,0,0,0,0,0,14,12,6,0,0,0,0,2,12,0,12,3,0,0,0,0,14,1,6,8,0,0,0,0,4,13,13,5,0,0,8
digit_00753,0,0,5,12,14,3,0,0,0,0,9,10,7,12,0,0,0,0,0,0,6,15,0,0,0,0,1,5,15,7,0,0,0,0,2,14,16,1,0,0,0,0,0,0,8,13,1,0,0,0,4,1,1,10,8,0,0,0,7,13,16,13,7,0,3
digit_00754,0,3,15,16,16,16,4,0,0,1,10,8,12,16,0,0,0,0,0,0,14,10,0,0,0,5,16,13,16,14,9,0,0,3,12,16,13,8,2,0,0,0,9,14,1,0,0,0,0,2,16,7,0,0,0,0,0,5,13,1,0,0,0,0,7
digit_00755,0,0,0,13,8,0,0,0,0,0,11,13,3,0,0,0,0,2,16,5,0,4,2,0,0,7,14,1,5,16,5,0,0,6,15,12,16,11,0,0,0,0,6,11,16,1,0,0,0,0,0,8,13,0,0,0,0,0,0,15,7,0,0,0,4
digit_00756,0,0,6,16,14,5,0,0,0,0,9,15,12,15,0,0,0,0,0,6,2,16,5,0,0,0,0,0,6,16,3,0,0,0,0,0,13,15,0,0,0,0,1,9,16,8,0,0,0,0,11,16,16,12,5,0,0,0,6,16,16,16,14,0,2
digit_00757,0,7,16,16,16,16,3,0,0,3,12,12,13,15,1,0,0,0,0,2,14,6,0,0,0,3,8,11,15,8,5,0,0,5,16,16,14,12,6,0,0,0,7,13,0,0,0,0,0,2,16,3,0,0,0,0,0,7,11,0,0,0,0,0,7
digit_00758,0,0,5,16,16,7,0,0,0,0,6,15,8,15,3,0,0,0,0,0,0,15,6,0,0,0,0,1,10,16,5,0,0,0,0,10,16,8,0,0,0,0,4,1,13,13,0,0,0,3,15,5,7,16,0,0,0,0,2,15,16,13,1,0,3
digit_00759,0,0,1,15,10,0,0,0,0,0,11,15,3,0,0,0,0,5,16,7,0,9,5,0,0,11,13,0,8,16,11,0,0,11,15,12,16,12,0,0,0,3,11,16,16,1,0,0,0,0,0,13,12,0,0,0,0,0,0,15,8,0,0,0,4
digit_00760,0,0,5,16,0,0,0,0,0,0,12,9,2,13,1,0,0,4,16,1,8,15,0,0,0,8,13,1,14,15,11,0,0,7,16,16,16,9,2,0,0,1,8,14,13,0,0,0,0,0,1,15,7,0,0,0,0,0,4,16,0,0,0,0,4
digit_00761,0,0,0,4,15,12,0,0,0,0,0,10,16,14,0,0,0,2,9,16,16,13,0,0,0,14,16,13,14,14,0,0,0,5,12,0,11,16,0,0,0,0,0,0,13,14,0,0,0,0,0,1,16,11,0,0,0,0,0,4,16,7,0,0,1
digit_00762,0,0,6,15,12,2,0,0,0,3,16,5,8,12,0,0,0,3,14,4,5,16,0,0,0,0,6,12,12,14,1,0,0,0,0,0,0,6,6,0,0,0,0,0,0,3,9,0,0,0,2,1,1,8,10,0,0,0,5,11,15,14,7,0,9
digit_00763,0,0,0,12,13,1,0,0,0,0,1,14,16,3,0,0,0,2,13,16,16,2,0,0,0,15,16,16,16,3,0,0,0,5,3,10,16,2,0,0,0,0,0,6,16,5,0,0,0,0,0,9,16,5,0,0,0,0,0,10,16,3,0,0,1
digit_00764,0,4,16,16,16,16,6,0,0,3,11,8,14,15,2,0,0,0,0,0,15,7,0,0,0,0,2,7,16,8,3,0,0,7,16,16,16,16,11,0,0,1,9,16,3,0,0,0,0,0,13,13,0,0,0,0,0,6,15,4,0,0,0,0,7
digit_00765,0,2,16,16,16,16,5,0,0,0,4,8,10,16,6,0,0,0,0,0,10,9,0,0,0,3,4,4,15,5,3,0,0,9,16,16,16,16,8,0,0,1,12,14,5,2,0,0,0,1,14,6,0,0,0,0,0,4,14,0,0,0,0,0,7
digit_00766,0,1,14,16,6,0,0,0,0,4,15,10,13,0,0,0,0,1,3,4,15,0,0,0,0,0,0,2,15,0,0,0,0,0,0,9,9,0,0,0,0,0,1,15,4,0,0,0,0,1,13,14,7,2,0,0,0,3,15,16,16,16,13,1,2
digit_00767,0,0,0,1,13,2,0,0,0,0,0,8,16,4,0,0,0,0,0,16,8,0,0,0,0,0,3,16,2,0,0,0,0,0,13,16,11,5,0,0,0,1,15,12,6,12,4,0,0,0,1,13,8,12,10,0,0,0,0,2,12,13,8,0,6
digit_00768,0,1,12,14,16,11,0,0,0,3,15,11,13,16,2,0,0,0,2,11,16,5,0,0,0,0,8,16,16,6,0,0,0,0,0,3,12,16,3,0,0,0,0,0,0,12,15,0,0,3,10,1,3,14,15,0,0,3,11,16,16,16,4,0,3
digit_00769,0,0,11,12,16,15,2,0,0,0,14,13,4,4,0,0,0,0,14,9,0,0,0,0,0,1,16,16,11,1,0,0,0,0,3,4,14,7,0,0,0,0,0,0,6,12,0,0,0,2,9,2,14,11,0,0,0,0,15,16,15,3,0,0,5
digit_00770,0,3,16,16,16,16,0,0,0,0,13,12,8,4,0,0,0,0,12,12,0,0,0,0,0,0,16,16,8,0,0,0,0,0,11,5,14,7,0,0,0,0,0,0,8,16,0,0,0,2,11,4,14,13,0,0,0,2,15,16,15,2,0,0,5
digit_00771,0,0,9,15,16,6,0,0,0,7,16,12,11,14,1,0,0,7,16,4,9,16,5,0,0,0,11,16,16,16,3,0,0,0,0,3,8,16,2,0,0,0,0,0,3,16,4,0,0,0,9,2,5,16,3,0,0,0,10,16,16,13,1,0,9
digit_00772,0,2,13,16,14,3,0,0,0,11,15,8,14,14,0,0,0,9,6,0,6,15,2,0,0,0,0,0,11,13,0,0,0,0,0,2,16,6,0,0,0,0,1,12,13,0,0,0,0,1,12,16,8,4,4,0,0,2,15,16,16,16,16,5,2
digit_00773,0,0,9,16,16,8,0,0,0,0,15,13,12,12,0,0,0,0,11,2,13,11,0,0,0,0,0,4,16,8,0,0,0,0,5,15,10,0,0,0,0,3,16,13,0,0,0,0,0,7,16,10,4,4,7,0,0,0,8,16,16,16,14,0,2
digit_00774,0,3,16,14,12,13,7,0,0,0,7,8,13,15,5,0,0,0,0,3,15,4,0,0,0,0,0,9,10,0,0,0,0,9,14,16,13,12,9,0,0,3,13,13,9,8,5,0,0,2,16,2,0,0,0,0,0,5,14,0,0,0,0,0,7
digit_00775,0,0,0,14,6,0,0,0,0,0,4,16,6,0,0,0,0,0,8,15,0,0,0,0,0,0,12,11,4,3,0,0,0,0,15,16,16,16,10,0,0,0,16,12,4,3,12,6,0,0,9,13,1,0,11,12,0,0,0,9,15,16,16,7,6
digit_00776,0,0,0,15,2,0,0,0,0,0,10,12,0,0,0,0,0,5,15,1,0,6,6,0,0,12,9,0,3,16,11,0,0,6,16,12,14,13,1,0,0,0,3,11,16,2,0,0,0,0,0,10,12,0,0,0,0,0,0,15,7,0,0,0,4
digit_00777,0,0,5,16,16,10,0,0,0,0,14,12,10,13,0,0,0,0,11,12,15,10,0,0,0,0,3,16,14,1,0,0,0,0,7,16,15,0,0,0,0,0,16,9,14,6,0,0,0,1,16,4,10,12,0,0,0,0,5,16,16,8,0,0,8
digit_00778,0,5,15,15,3,0,0,0,0,12,14,13,12,0,0,0,0,7,9,3,16,2,0,0,0,0,0,0,16,4,0,0,0,0,0,5,16,0,0,0,0,0,0,9,12,0,0,0,0,1,8,16,12,4,1,0,0,8,16,16,16,16,13,0,2
digit_00779,0,0,7,10,10,2,0,0,0,0,12,16,16,4,0,0,0,0,5,16,16,4,0,0,0,0,4,16,16,5,0,0,0,0,1,15,16,7,0,0,0,0,4,16,16,12,0,0,0,0,9,16,16,12,0,0,0,0,6,12,12,11,0,0,1
digit_00780,0,7,16,13,2,0,0,0,0,8,14,12,14,0,0,0,0,1,2,4,16,0,0,0,0,0,0,0,16,4,0,0,0,0,0,5,16,2,0,0,0,0,0,11,15,0,0,0,0,1,11,16,16,13,11,0,0,4,16,16,12,12,9,0,2
digit_00781,0,0,8,15,16,8,0,0,0,5,16,12,11,16,0,0,0,3,8,1,12,13,0,0,0,0,0,11,16,13,1,0,0,0,0,5,8,15,9,0,0,0,2,1,0,9,11,0,0,0,14,12,5,15,7,0,0,0,9,16,16,13,1,0,3
digit_00782,0,0,8,16,12,2,0,0,0,0,13,4,6,12,0,0,0,3,15,1,3,13,0,0,0,6,14,10,4,16,1,0,0,0,8,12,11,13,4,0,0,0,0,0,0,6,8,0,0,0,6,4,0,6,7,0,0,0,6,14,14,15,1,0,9
digit_00783,0,0,5,16,16,6,0,0,0,1,15,13,10,15,1,0,0,5,16,9,0,12,7,0,0,8,11,0,0,7,12,0,0,12,9,0,0,4,12,0,0,9,13,0,0,6,13,0,0,1,15,10,4,11,11,0,0,0,6,16,16,13,1,0,0
digit_00784,0,0,3,11,9,3,0,0,0,0,8,16,16,15,1,0,0,0,1,16,16,16,0,0,0,0,2,16,16,15,2,0,0,0,4,16,16,16,3,0,0,0,6,16,16,16,0,0,0,0,9,16,16,14,0,0,0,0,7,12,11,5,0,0,1
digit_00785,0,3,16,16,7,0,0,0,0,4,16,11,16,5,0,0,0,0,3,1,12,12,0,0,0,0,0,0,10,12,0,0,0,0,0,0,10,11,0,0,0,0,0,3,15,8,0,0,0,0,4,14,16,11,6,0,0,1,16,16,16,14,16,5,2
digit_00786,0,1,12,12,13,13,4,0,0,3,14,6,4,2,1,0,0,5,11,6,2,0,0,0,0,6,16,12,15,4,0,0,0,1,1,0,5,14,0,0,0,0,0,0,2,16,0,0,0,0,4,3,7,14,0,0,0,2,14,16,14,3,0,0,5
digit_00787,0,2,11,16,15,4,0,0,0,11,15,8,15,10,0,0,0,3,3,8,16,7,0,0,0,0,4,16,16,9,0,0,0,0,0,4,7,16,4,0,0,0,0,0,0,13,11,0,0,2,15,6,1,14,10,0,0,2,16,16,16,13,3,0,3
digit_00788,0,0,9,16,10,1,0,0,0,9,16,9,16,6,0,0,0,16,9,3,16,5,0,0,0,3,6,12,16,10,0,0,0,0,1,10,9,15,8,0,0,0,0,0,0,9,15,0,0,0,3,9,2,13,12,0,0,0,7,16,16,15,4,0,3
digit_00789,0,0,2,10,13,3,0,0,0,1,13,7,7,13,0,0,0,7,7,0,2,16,1,0,0,2,11,2,0,13,4,0,0,0,6,15,13,16,8,0,0,0,0,0,0,8,8,0,0,0,0,10,4,9,7,0,0,0,0,11,16,14,2,0,9
digit_00790,0,0,0,1,14,7,0,0,0,0,0,5,16,1,0,0,0,0,2,14,7,0,0,0,0,0,10,15,1,6,12,0,0,3,15,3,1,14,6,0,1,15,10,4,10,15,0,0,10,16,16,16,16,12,0,0,0,2,2,0,16,2,0,0,4
digit_00791,0,0,1,12,7,0,0,0,0,0,10,13,0,0,0,0,0,2,15,3,0,0,0,0,0,4,15,0,3,0,0,0,0,4,14,15,16,15,2,0,0,0,16,11,2,6,12,0,0,0,13,10,1,5,13,0,0,0,2,10,16,16,6,0,6
digit_00792,0,0,0,9,15,10,0,0,0,0,6,10,4,14,4,0,0,0,12,2,0,12,5,0,0,5,15,3,6,13,2,0,0,0,5,16,14,1,0,0,0,0,2,14,12,5,0,0,0,0,0,13,1,13,3,0,0,0,0,9,13,13,2,0,8
digit_00793,0,1,12,16,15,3,0,0,0,11,13,5,13,8,0,0,0,3,1,8,16,5,0,0,0,0,3,16,16,13,1,0,0,0,0,0,1,14,6,0,0,0,1,0,0,9,11,0,0,2,15,1,0,13,9,0,0,0,13,16,15,15,2,0,3
digit_00794,0,0,8,12,13,14,4,0,0,0,15,8,2,4,1,0,0,1,16,5,2,0,0,0,0,4,12,13,14,8,0,0,0,0,0,0,1,12,4,0,0,0,0,0,0,8,5,0,0,0,6,3,2,14,2,0,0,0,9,16,14,5,0,0,5
digit_00795,0,0,6,12,0,0,0,0,0,0,12,9,0,0,0,0,0,0,15,3,0,0,0,0,0,1,16,1,0,0,0,0,0,3,16,15,10,4,2,0,0,2,16,9,0,6,12,0,0,0,13,10,0,6,15,0,0,0,6,16,16,15,7,0,6
digit_00796,0,0,0,1,12,10,0,0,0,0,0,1,16,7,0,0,0,0,0,12,12,0,4,0,0,0,5,15,3,7,13,0,0,2,15,5,1,15,6,0,0,12,14,8,11,16,5,0,1,15,16,15,15,14,2,0,0,0,0,0,12,10,0,0,4
digit_00797,0,0,0,11,6,0,0,0,0,0,5,16,3,0,0,0,0,0,10,14,0,0,0,0,0,0,14,8,0,0,0,0,0,0,16,15,16,14,5,0,0,0,15,9,0,4,14,0,0,0,9,15,0,3,16,2,0,0,0,9,14,12,7,0,6
digit_00798,0,0,12,15,16,8,0,0,0,0,11,13,0,2,0,0,0,0,11,6,1,0,0,0,0,2,16,16,15,8,0,0,0,0,3,0,0,11,2,0,0,0,0,0,0,8,8,0,0,4,5,0,1,12,2,0,0,1,11,15,16,8,0,0,5
digit_00799,0,0,0,10,2,0,0,0,0,0,2,16,5,0,0,0,0,0,6,11,0,0,0,0,0,0,12,13,7,1,0,0,0,1,16,14,12,14,2,0,0,2,16,10,0,6,13,0,0,0,10,14,2,1,16,2,0,0,1,10,16,15,14,2,6
digit_00800,0,0,6,12,9,4,0,0,0,0,2,14,16,14,0,0,0,0,0,12,16,16,0,0,0,0,0,15,16,13,0,0,0,0,0,16,16,12,0,0,0,0,5,16,16,5,0,0,0,0,7,16,16,5,0,0,0,0,9,12,11,2,0,0,1
digit_00801,0,0,3,13,0,0,0,0,0,0,11,9,0,0,0,0,0,0,14,6,0,0,0,0,0,0,16,1,0,0,0,0,0,2,16,15,16,8,0,0,0,1,16,13,5,11,10,0,0,0,13,11,0,2,16,3,0,0,2,15,16,16,13,1,6
digit_00802,0,0,13,16,15,13,4,0,0,0,11,14,4,2,1,0,0,0,6,12,15,7,0,0,0,0,0,0,1,11,2,0,0,0,0,0,0,5,7,0,0,1,3,0,0,5,8,0,0,7,9,2,4,13,4,0,0,1,10,14,14,7,0,0,5
digit_00803,0,0,9,12,12,12,7,0,0,0,10,12,4,4,2,0,0,0,14,9,5,0,0,0,0,3,16,15,14,12,0,0,0,3,9,0,0,15,5,0,0,0,0,0,0,10,7,0,0,0,7,6,1,15,2,0,0,0,8,16,16,10,0,0,5
digit_00804,0,0,3,10,15,13,2,0,0,3,14,12,9,12,7,0,0,4,14,4,2,14,2,0,0,0,5,15,14,8,0,0,0,0,3,15,12,13,1,0,0,0,10,8,0,12,7,0,0,0,11,7,0,9,8,0,0,0,3,11,15,14,2,0,8
digit_00805,0,0,9,16,16,12,14,0,0,0,4,8,11,14,13,0,0,0,0,0,3,15,2,0,0,0,0,6,13,15,8,0,0,0,6,16,15,8,2,0,0,0,1,14,9,0,0,0,0,0,4,16,1,0,0,0,0,0,12,9,0,0,0,0,7
digit_00806,0,0,13,15,16,16,3,0,0,1,14,4,4,0,0,0,0,2,14,11,7,1,0,0,0,2,15,9,13,11,0,0,0,0,0,0,0,15,2,0,0,0,0,0,0,14,3,0,0,3,13,4,6,14,0,0,0,0,13,16,12,3,0,0,5
digit_00807,0,0,12,16,12,1,0,0,0,8,15,10,15,6,0,0,0,3,6,1,15,3,0,0,0,0,0,10,16,9,1,0,0,0,2,14,12,16,6,0,0,0,4,0,0,10,9,0,0,0,16,8,6,15,7,0,0,0,10,16,16,13,1,0,3
digit_00808,0,0,0,0,12,7,0,0,0,0,0,2,16,4,0,0,0,0,0,12,13,9,3,0,0,0,8,15,4,16,1,0,0,1,15,8,4,16,0,0,0,14,14,8,11,15,1,0,0,9,16,16,16,16,4,0,0,0,0,0,13,6,0,0,4
digit_00809,0,0,10,16,15,14,8,0,0,0,7,9,8,14,13,0,0,0,0,0,3,15,2,0,0,0,0,6,13,13,6,0,0,0,1,16,15,12,4,0,0,0,0,12,6,0,0,0,0,0,6,13,1,0,0,0,0,0,12,6,0,0,0,0,7
digit_00810,0,0,6,13,15,6,0,0,0,1,16,5,3,13,0,0,0,8,13,0,4,12,0,0,0,3,12,5,15,4,0,0,0,0,7,16,11,0,0,0,0,0,14,7,12,7,0,0,0,0,13,1,1,16,2,0,0,0,4,13,13,10,1,0,8
digit_00811,0,3,15,15,3,0,0,0,0,6,16,10,14,2,0,0,0,0,4,0,16,5,0,0,0,0,0,0,15,7,0,0,0,0,0,3,16,2,0,0,0,0,0,8,14,0,0,0,0,0,10,16,7,6,7,1,0,2,16,16,16,16,13,2,2
digit_00812,0,0,0,13,6,0,0,0,0,0,4,15,1,0,0,0,0,0,11,9,0,0,0,0,0,1,15,6,0,0,0,0,0,1,16,12,16,12,3,0,0,0,15,16,5,6,14,0,0,0,12,15,1,1,15,2,0,0,1,12,15,15,10,0,6
digit_00813,0,0,4,12,9,0,0,0,0,0,8,15,9,9,0,0,0,0,15,6,0,12,2,0,0,3,12,0,0,8,7,0,0,7,11,0,0,5,8,0,0,6,12,0,0,7,8,0,0,3,16,7,5,15,4,0,0,0,5,13,13,8,0,0,0
digit_00814,0,0,5,12,15,11,2,0,0,7,11,5,5,16,4,0,0,7,6,0,11,13,0,0,0,0,13,14,11,1,0,0,0,0,14,14,13,2,0,0,0,3,13,0,8,12,2,0,0,0,14,3,0,11,12,0,0,0,8,16,16,14,3,0,8
digit_00815,0,0,6,12,8,4,0,0,0,0,6,16,16,10,0,0,0,0,2,16,16,14,0,0,0,0,0,14,16,16,1,0,0,0,1,14,16,13,0,0,0,0,7,16,16,10,0,0,0,0,8,16,16,7,0,0,0,0,6,12,12,11,0,0,1
digit_00816,0,2,14,16,10,1,0,0,0,11,15,8,15,9,0,0,0,8,5,0,11,12,0,0,0,0,0,0,11,15,0,0,0,0,0,1,16,7,0,0,0,0,0,8,16,4,0,0,0,0,7,16,14,4,1,0,0,2,16,16,16,16,15,1,2
digit_00817,0,0,7,16,16,10,0,0,0,0,13,16,16,7,0,0,0,0,9,16,16,14,1,0,0,0,7,16,16,13,0,0,0,0,2,16,16,10,0,0,0,0,6,16,16,10,0,0,0,0,12,16,16,6,0,0,0,0,8,16,16,10,0,0,1
digit_00818,0,0,3,14,3,0,0,0,0,0,12,11,0,0,0,0,0,0,15,4,0,0,0,0,0,4,16,10,6,0,0,0,0,3,16,15,13,11,1,0,0,2,16,4,0,9,9,0,0,0,13,11,0,6,15,0,0,0,4,14,13,16,7,0,6
digit_00819,0,0,5,12,14,5,0,0,0,0,6,16,16,13,1,0,0,0,0,16,16,16,0,0,0,0,0,13,16,16,1,0,0,0,0,14,16,10,0,0,0,0,2,16,16,8,0,0,0,0,7,16,16,5,0,0,0,0,9,16,16,7,0,0,1
digit_00820,0,0,0,6,14,1,0,0,0,0,0,13,7,0,0,0,0,0,6,14,2,0,6,0,0,1,14,5,0,9,15,0,0,9,14,0,2,16,6,0,1,15,15,12,14,15,3,0,1,12,12,10,16,4,0,0,0,0,0,7,13,0,0,0,4
digit_00821,0,0,2,10,16,13,0,0,0,2,15,9,1,15,3,0,0,8,10,0,6,14,0,0,0,6,14,12,14,3,0,0,0,2,16,13,11,0,0,0,0,7,10,0,11,8,0,0,0,0,14,3,0,13,1,0,0,0,2,14,16,14,0,0,8
digit_00822,0,0,9,15,12,2,0,0,0,4,15,5,8,15,0,0,0,7,13,0,4,16,1,0,0,2,16,7,8,16,4,0,0,0,5,12,11,14,6,0,0,0,0,0,0,12,8,0,0,0,3,2,1,13,4,0,0,0,11,16,16,10,0,0,9
digit_00823,0,1,14,15,2,0,0,0,0,2,13,12,12,0,0,0,0,0,0,4,16,3,0,0,0,0,0,1,16,6,0,0,0,0,0,5,16,0,0,0,0,0,0,8,12,0,0,0,0,0,5,16,10,8,7,1,0,1,15,16,16,14,12,2,2
digit_00824,0,0,4,15,0,0,0,0,0,0,11,9,0,0,0,0,0,0,16,3,0,0,0,0,0,3,16,4,7,0,0,0,0,3,16,16,14,11,1,0,0,3,16,9,0,8,10,0,0,0,14,9,0,2,16,0,0,0,3,14,16,16,10,1,6
digit_00825,0,2,12,13,15,16,7,0,0,2,16,6,0,0,1,0,0,1,16,12,8,0,0,0,0,2,12,6,11,13,0,0,0,0,0,0,0,11,6,0,0,1,1,0,0,8,8,0,0,6,10,0,3,15,2,0,0,2,15,16,12,5,0,0,5
digit_00826,0,0,3,12,13,1,0,0,0,1,14,11,10,8,0,0,0,4,16,3,0,12,2,0,0,4,13,1,0,9,6,0,0,6,12,0,0,5,8,0,0,3,13,0,0,4,9,0,0,0,15,8,4,13,8,0,0,0,5,15,15,9,0,0,0
digit_00827,0,0,7,16,16,4,0,0,0,5,15,14,8,13,0,0,0,8,12,0,0,12,6,0,0,8,8,0,0,6,12,0,0,12,8,0,0,4,12,0,0,8,10,0,0,7,11,0,0,2,16,7,6,14,7,0,0,0,6,15,15,8,0,0,0
digit_00828,0,0,3,11,13,10,0,0,0,3,15,7,4,14,2,0,0,8,13,1,1,14,2,0,0,7,13,14,10,13,0,0,0,0,1,14,16,1,0,0,0,0,10,11,10,10,0,0,0,0,11,6,3,13,0,0,0,0,3,13,16,9,0,0,8
digit_00829,0,0,0,4,15,2,0,0,0,0,0,9,12,0,1,2,0,0,1,15,4,0,12,8,0,1,12,9,0,5,15,1,0,8,13,0,0,12,10,0,4,16,13,12,14,15,1,0,7,14,12,12,16,6,0,0,0,0,0,6,14,0,0,0,4
digit_00830,0,0,0,0,15,11,0,0,0,0,0,1,16,8,0,0,0,0,0,12,13,1,0,0,0,0,7,15,2,12,3,0,0,1,15,7,2,16,4,0,0,10,16,11,11,16,3,0,0,15,12,12,15,16,5,0,0,0,0,0,13,7,0,0,4
digit_00831,0,0,14,16,16,15,5,0,0,0,13,8,4,5,2,0,0,0,13,6,2,0,0,0,0,0,16,13,14,2,0,0,0,0,0,0,5,11,0,0,0,0,0,0,0,16,0,0,0,4,11,1,5,12,0,0,0,1,11,16,15,3,0,0,5
digit_00832,0,1,6,14,11,0,0,0,0,7,10,2,15,4,0,0,0,5,10,1,13,9,0,0,0,2,14,4,12,16,0,0,0,0,5,12,5,11,7,0,0,0,0,0,0,8,8,0,0,0,3,1,0,11,6,0,0,0,10,13,12,8,0,0,9
digit_00833,0,0,6,14,16,9,0,0,0,5,16,10,12,12,0,0,0,1,7,0,9,12,0,0,0,0,2,13,16,8,0,0,0,0,2,13,14,16,7,0,0,0,1,0,0,10,9,0,0,0,11,9,5,15,7,0,0,0,7,16,16,10,0,0,3
digit_00834,0,0,11,15,0,0,0,0,0,0,9,16,1,0,0,0,0,0,9,16,0,0,0,0,0,0,11,13,0,9,5,0,0,0,13,11,0,11,13,0,0,1,15,10,6,12,16,1,0,4,16,16,16,15,16,4,0,0,7,7,4,0,15,7,4
digit_00835,0,0,0,10,15,6,0,0,0,0,7,16,10,12,2,0,0,1,15,5,1,11,4,0,0,3,14,0,0,5,6,0,0,7,10,0,0,3,8,0,0,4,12,0,0,4,11,0,0,0,15,4,0,10,8,0,0,0,2,12,13,13,1,0,0
digit_00836,0,0,0,1,16,6,0,0,0,0,0,9,15,2,0,0,0,0,3,16,4,1,4,0,0,1,13,11,0,11,13,0,0,6,15,2,2,16,7,0,0,13,15,12,15,16,6,0,0,4,8,8,14,11,1,0,0,0,0,0,15,6,0,0,4
digit_00837,0,0,4,13,14,3,0,0,0,6,15,6,5,11,0,0,0,11,8,0,4,12,0,0,0,8,11,4,16,5,0,0,0,1,10,16,15,2,0,0,0,1,14,7,6,15,4,0,0,1,15,2,0,6,15,0,0,0,5,12,13,15,6,0,8
digit_00838,0,0,3,16,13,6,0,0,0,1,9,13,12,16,2,0,0,10,16,10,6,16,4,0,0,7,16,16,16,16,8,0,0,0,4,8,5,10,10,0,0,0,0,0,0,8,12,0,0,0,1,10,5,15,8,0,0,0,2,14,16,12,0,0,9
digit_00839,0,2,12,16,16,13,1,0,0,11,15,4,3,16,7,0,0,7,11,1,13,13,0,0,0,0,0,10,16,15,3,0,0,0,0,1,4,14,11,0,0,1,4,0,0,12,12,0,0,8,14,0,3,16,5,0,0,3,13,16,16,10,0,0,3
digit_00840,0,0,7,15,16,11,1,0,0,0,0,15,16,16,1,0,0,0,0,13,16,16,6,0,0,0,0,13,16,16,3,0,0,0,0,14,16,14,2,0,0,0,2,16,16,12,0,0,0,0,5,16,16,14,0,0,0,0,8,16,16,8,0,0,1
digit_00841,0,0,12,16,14,6,0,0,0,2,16,16,16,6,0,0,0,4,16,16,12,2,0,0,0,3,16,16,16,1,0,0,0,2,16,16,16,0,0,0,0,4,16,16,12,0,0,0,0,3,16,16,15,4,0,0,0,2,14,16,12,8,0,0,1
digit_00842,0,0,0,8,16,5,0,0,0,0,9,13,7,14,0,0,0,0,15,2,0,9,4,0,0,3,13,0,0,4,8,0,0,4,7,0,0,4,8,0,0,3,12,0,0,4,9,0,0,0,11,10,1,7,9,0,0,0,1,9,15,14,3,0,0
digit_00843,0,0,14,16,12,16,16,0,0,0,8,12,8,16,11,0,0,0,0,0,7,15,3,0,0,0,2,7,14,14,3,0,0,0,12,16,14,12,6,0,0,0,1,15,5,0,0,0,0,0,9,16,0,0,0,0,0,0,16,9,0,0,0,0,7
digit_00844,0,6,16,12,2,0,0,0,0,1,13,16,12,0,0,0,0,0,0,12,12,0,0,0,0,0,1,15,9,0,0,0,0,0,4,16,1,0,0,0,0,0,14,11,0,0,0,0,0,5,16,15,16,15,4,0,0,4,15,13,12,11,8,0,2
digit_00845,0,0,0,5,16,4,0,0,0,0,1,13,13,1,0,0,0,0,7,16,5,2,3,0,0,3,16,15,10,15,13,0,0,10,16,16,16,16,8,0,0,1,4,5,16,15,3,0,0,0,0,4,16,11,0,0,0,0,0,7,16,3,0,0,4
digit_00846,0,0,6,9,13,7,0,0,0,7,16,12,13,14,0,0,0,5,3,1,15,7,0,0,0,0,0,5,16,1,0,0,0,0,0,4,16,6,0,0,0,0,0,0,10,16,10,0,0,0,0,1,7,16,10,0,0,0,4,15,13,8,0,0,3
digit_00847,0,5,14,15,9,1,0,0,0,7,14,12,16,15,1,0,0,0,1,0,9,16,4,0,0,0,0,0,7,16,4,0,0,0,0,0,12,14,0,0,0,0,1,11,16,4,0,0,0,3,14,16,13,8,2,0,0,4,12,16,12,10,4,0,2
digit_00848,0,0,3,10,12,0,0,0,0,0,9,16,16,11,0,0,0,0,14,12,2,15,3,0,0,1,16,9,0,9,7,0,0,4,15,1,0,8,8,0,0,3,16,0,0,7,11,0,0,2,15,10,9,15,6,0,0,0,3,15,15,7,0,0,0
digit_00849,0,0,1,14,10,0,0,0,0,0,10,13,1,0,0,0,0,2,15,4,0,0,0,0,0,5,16,2,0,0,0,0,0,8,15,2,0,0,0,0,0,4,16,16,16,14,2,0,0,0,12,16,14,16,10,0,0,0,2,11,14,13,7,0,6
digit_00850,0,0,1,10,2,3,0,0,0,0,8,16,15,16,0,0,0,0,12,16,16,4,0,0,0,0,12,16,7,0,0,0,0,3,16,13,13,1,0,0,0,1,16,4,12,10,0,0,0,0,11,12,11,16,2,0,0,0,2,12,14,9,1,0,8
digit_00851,0,0,9,15,4,0,0,0,0,8,16,11,7,0,0,0,0,11,11,0,2,10,0,0,0,6,16,6,13,14,1,0,0,0,7,16,16,4,0,0,0,0,5,16,16,9,0,0,0,0,10,16,16,14,0,0,0,0,6,16,9,4,0,0,8
digit_00852,0,0,7,15,10,8,1,0,0,4,16,7,11,16,8,0,0,8,16,2,7,16,5,0,0,0,14,16,16,9,0,0,0,0,6,16,16,3,0,0,0,0,9,14,15,14,2,0,0,0,15,12,11,16,4,0,0,0,7,15,14,7,0,0,8
digit_00853,0,0,1,11,10,0,0,0,0,0,11,16,13,3,0,0,0,2,16,14,14,16,10,0,0,2,13,16,16,16,8,0,0,0,0,2,0,16,7,0,0,0,0,0,2,16,3,0,0,0,0,4,15,12,0,0,0,0,0,13,8,0,0,0,9
digit_00854,0,0,11,8,0,0,0,0,0,0,11,12,0,0,0,0,0,0,14,8,0,0,0,0,0,4,16,10,5,1,0,0,0,3,16,16,16,13,2,0,0,0,16,10,10,16,8,0,0,0,16,11,12,16,6,0,0,0,8,16,16,9,0,0,6
digit_00855,0,1,8,14,13,2,0,0,0,8,15,12,16,10,0,0,0,3,3,3,16,4,0,0,0,0,0,4,14,0,0,0,0,0,0,3,16,5,0,0,0,0,0,0,8,16,5,0,0,0,2,7,9,16,6,0,0,0,7,15,11,5,0,0,3
digit_00856,0,1,3,15,14,4,0,0,0,6,13,16,14,14,0,0,0,10,6,9,2,14,3,0,0,8,4,0,0,7,8,0,0,7,6,0,0,8,8,0,0,1,13,1,0,13,5,0,0,0,10,11,9,15,1,0,0,0,2,12,16,6,0,0,0
digit_00857,0,0,0,7,15,0,0,0,0,0,0,14,13,0,0,0,0,0,5,16,3,0,0,0,0,1,13,13,0,6,11,0,0,8,16,9,2,15,10,0,1,14,16,16,16,16,6,0,0,4,8,9,16,14,0,0,0,0,0,7,16,10,0,0,4
digit_00858,0,0,4,15,10,7,0,0,0,0,8,16,16,16,1,0,0,0,8,16,16,16,0,0,0,0,3,16,16,10,1,0,0,0,10,16,16,4,0,0,0,3,16,14,15,11,0,0,0,3,15,11,13,15,0,0,0,0,5,13,16,8,0,0,8
digit_00859,0,0,4,12,12,1,0,0,0,1,15,16,16,8,0,0,0,6,16,16,16,16,1,0,0,1,4,5,7,16,4,0,0,0,0,0,1,16,8,0,0,0,0,0,2,16,7,0,0,0,10,8,13,14,1,0,0,0,7,16,9,1,0,0,9
digit_00860,0,0,5,12,15,10,1,0,0,6,16,16,16,15,2,0,0,4,14,16,16,5,0,0,0,0,5,16,8,0,0,0,0,0,3,16,16,10,1,0,0,0,0,3,16,16,7,0,0,0,4,14,16,12,0,0,0,0,4,14,8,0,0,0,3
digit_00861,0,0,10,10,7,0,0,0,0,0,13,16,16,12,1,0,0,3,16,14,6,15,7,0,0,6,12,2,0,8,8,0,0,4,8,0,1,14,7,0,0,4,10,0,8,15,1,0,0,2,16,14,15,4,0,0,0,0,10,16,9,0,0,0,0
digit_00862,0,0,6,9,0,0,0,0,0,0,5,16,12,0,0,0,0,4,5,3,13,11,0,0,0,6,11,0,1,14,5,0,0,3,13,0,0,8,9,0,0,0,15,1,5,12,12,0,0,0,15,14,16,14,4,0,0,0,5,16,10,2,0,0,0
digit_00863,0,0,3,14,12,0,0,0,0,1,16,16,16,7,0,0,0,6,16,12,16,16,2,0,0,3,16,16,12,16,4,0,0,0,0,0,0,16,6,0,0,0,0,0,2,16,7,0,0,0,1,11,15,15,2,0,0,0,4,13,9,3,0,0,9
digit_00864,0,0,0,3,13,8,0,0,0,0,0,12,16,10,0,0,0,0,0,15,16,11,0,0,0,1,15,16,16,12,0,0,0,7,16,16,16,12,0,0,0,4,13,14,16,13,0,0,0,0,0,8,16,16,2,0,0,0,0,6,14,11,3,0,1
digit_00865,0,0,0,9,8,0,0,0,0,0,2,15,16,8,0,0,0,0,9,16,16,8,0,0,0,0,13,16,16,12,0,0,0,1,13,16,16,12,0,0,0,0,1,16,16,15,0,0,0,0,0,16,16,16,3,0,0,0,0,9,12,12,7,0,1
digit_00866,0,0,6,11,16,8,0,0,0,1,15,15,11,2,0,0,0,8,16,7,0,0,0,0,0,6,16,5,0,0,0,0,0,0,10,16,13,4,0,0,0,0,0,1,14,16,0,0,0,0,2,8,15,10,0,0,0,0,10,14,7,0,0,0,5
digit_00867,0,0,3,13,16,16,2,0,0,0,10,14,13,16,7,0,0,0,0,0,6,16,4,0,0,0,2,11,15,16,12,0,0,0,9,14,16,9,1,0,0,0,0,9,15,0,0,0,0,0,2,15,6,0,0,0,0,0,7,10,0,0,0,0,7
digit_00868,0,0,5,15,2,0,0,0,0,0,16,15,0,0,0,0,0,5,16,6,0,0,0,0,0,8,16,11,11,4,0,0,0,8,16,16,16,16,2,0,0,6,16,8,6,16,5,0,0,2,16,14,16,16,2,0,0,0,9,16,14,7,0,0,6
digit_00869,0,0,0,11,15,6,0,0,0,0,11,16,16,11,0,0,0,2,16,16,16,12,0,0,0,0,12,16,16,9,0,0,0,0,5,16,16,15,1,0,0,0,7,16,3,15,2,0,0,0,1,16,6,16,0,0,0,0,1,11,15,7,0,0,8
digit_00870,0,0,4,14,16,8,0,0,0,3,16,16,16,16,0,0,0,3,9,4,16,16,4,0,0,0,2,16,16,16,14,0,0,0,2,13,16,12,2,0,0,0,0,7,16,4,0,0,0,0,0,13,13,0,0,0,0,0,5,13,3,0,0,0,7
digit_00871,0,0,0,0,13,4,0,0,0,0,0,9,12,1,0,0,0,0,4,14,4,0,0,0,0,1,14,12,4,4,1,0,0,7,16,16,16,16,7,0,0,4,7,2,9,16,3,0,0,0,0,0,12,12,0,0,0,0,0,0,14,5,0,0,4
digit_00872,0,0,9,15,8,2,0,0,0,3,15,15,16,9,0,0,0,0,11,16,16,12,0,0,0,0,0,0,2,14,2,0,0,0,0,0,0,15,8,0,0,0,0,0,0,9,12,0,0,0,14,5,7,13,14,0,0,0,10,16,15,12,1,0,9
digit_00873,0,0,11,3,8,7,0,0,0,1,15,11,16,16,7,0,0,0,16,4,5,13,10,0,0,3,13,0,0,8,9,0,0,5,13,0,0,8,8,0,0,6,13,0,7,16,2,0,0,2,16,12,16,10,0,0,0,0,9,13,8,0,0,0,0
digit_00874,0,0,0,1,11,7,0,0,0,0,0,13,16,15,2,0,0,0,4,16,16,16,4,0,0,2,16,16,16,16,0,0,0,1,8,9,16,16,1,0,0,0,0,10,16,16,1,0,0,0,0,9,16,16,0,0,0,0,0,2,11,7,0,0,1
digit_00875,0,0,0,1,13,9,0,0,0,0,0,8,16,2,0,0,0,0,7,16,4,0,0,0,0,4,16,7,3,11,4,0,0,12,16,13,16,16,5,0,0,11,12,12,16,15,0,0,0,0,0,0,15,13,0,0,0,0,0,1,16,5,0,0,4
digit_00876,0,0,0,1,13,7,0,0,0,0,0,12,14,0,0,0,0,0,8,15,3,0,2,0,0,6,16,7,4,10,13,0,0,13,16,16,16,16,10,0,0,1,8,8,9,15,2,0,0,0,0,0,10,10,0,0,0,0,0,0,15,7,0,0,4
digit_00877,0,0,4,15,6,0,0,0,0,3,16,16,16,5,0,0,0,7,11,4,8,14,1,0,0,7,10,0,0,14,6,0,0,7,10,0,0,11,9,0,0,2,14,0,0,9,10,0,0,0,12,10,9,15,6,0,0,0,2,13,16,7,0,0,0
digit_00878,0,0,8,13,1,0,0,0,0,0,12,16,0,0,0,0,0,0,15,11,0,0,0,0,0,0,15,13,6,3,0,0,0,0,15,16,16,16,5,0,0,0,15,16,14,16,12,0,0,0,13,16,15,16,7,0,0,0,5,15,13,7,0,0,6
digit_00879,0,1,10,12,16,12,3,0,0,0,12,16,10,11,3,0,0,0,7,14,0,0,0,0,0,0,7,16,7,1,0,0,0,0,1,12,15,12,0,0,0,2,11,13,3,16,2,0,0,8,15,6,15,11,0,0,0,3,13,14,9,1,0,0,5
digit_00880,0,2,15,12,12,12,7,0,0,0,12,16,14,14,9,0,0,0,10,10,0,0,0,0,0,0,8,13,3,0,0,0,0,0,0,7,15,4,0,0,0,0,0,0,10,11,0,0,0,2,7,9,14,3,0,0,0,4,15,11,1,0,0,0,5
digit_00881,0,0,3,13,16,15,2,0,0,0,10,12,10,16,10,3,0,0,0,0,8,16,15,4,0,0,0,8,16,15,1,0,0,0,0,2,10,10,0,0,0,0,0,4,15,1,0,0,0,0,0,11,9,0,0,0,0,0,4,15,0,0,0,0,7
digit_00882,0,0,11,16,14,9,1,0,0,0,15,13,13,16,4,0,0,0,0,0,4,16,5,0,0,0,0,0,10,15,2,0,0,0,0,8,16,6,0,0,0,0,8,16,8,0,0,0,0,6,16,16,16,10,0,0,0,1,8,8,12,13,0,0,2
digit_00883,0,4,16,13,0,0,0,0,0,10,16,16,2,0,0,0,0,8,7,16,4,0,0,0,0,0,5,16,2,0,0,0,0,0,10,14,0,0,0,0,0,1,15,10,0,0,0,0,0,8,16,16,16,16,6,0,0,3,13,16,16,15,5,0,2
digit_00884,0,0,8,0,8,7,0,0,0,0,16,4,13,16,2,0,0,2,14,2,7,16,6,0,0,7,12,0,0,13,7,0,0,5,13,0,0,12,8,0,0,5,16,8,4,15,7,0,0,3,16,16,16,16,1,0,0,0,7,14,10,3,0,0,0
digit_00885,0,4,16,14,1,0,0,0,0,9,16,16,8,0,0,0,0,5,9,12,7,0,0,0,0,0,1,16,3,0,0,0,0,0,6,15,0,0,0,0,0,1,15,10,0,0,0,0,0,6,16,14,10,6,1,0,0,4,15,16,16,16,13,0,2
digit_00886,0,0,5,16,10,0,0,0,0,0,12,15,15,5,0,0,0,0,10,3,11,9,0,0,0,0,0,0,12,8,0,0,0,0,0,0,15,6,0,0,0,0,2,7,16,2,0,0,0,0,11,16,16,15,10,2,0,0,6,8,4,9,15,3,2
digit_00887,0,0,5,13,3,0,0,0,0,0,12,16,11,0,0,0,0,0,5,13,16,1,0,0,0,0,0,3,16,3,0,0,0,0,0,9,16,1,0,0,0,0,1,16,9,0,0,0,0,0,7,16,13,8,4,0,0,0,5,16,16,16,16,5,2
digit_00888,0,0,4,13,12,3,0,0,0,0,15,16,16,7,0,0,0,0,16,16,16,16,3,0,0,0,11,16,16,5,0,0,0,0,15,10,12,15,1,0,0,2,16,4,1,16,10,0,0,1,15,12,11,16,5,0,0,0,6,15,9,1,0,0,8
digit_00889,0,0,0,6,16,2,0,0,0,0,0,12,13,0,0,0,0,0,8,15,2,0,0,0,0,3,16,8,1,11,7,0,0,14,16,16,16,16,10,0,0,5,12,12,16,16,4,0,0,0,0,3,16,9,0,0,0,0,0,7,16,5,0,0,4
digit_00890,0,0,6,15,16,9,0,0,0,2,15,14,15,16,0,0,0,0,2,0,13,15,0,0,0,0,2,6,14,15,2,0,0,0,12,16,16,16,10,0,0,0,2,11,16,2,0,0,0,0,2,15,9,0,0,0,0,0,8,13,1,0,0,0,7
digit_00891,0,0,8,13,16,11,1,0,0,0,16,8,8,12,2,0,0,4,15,0,0,0,0,0,0,4,12,0,0,0,0,0,0,2,15,14,9,1,0,0,0,0,2,7,12,11,1,0,0,2,10,5,7,16,2,0,0,0,10,16,14,5,0,0,5
digit_00892,0,0,6,14,16,10,0,0,0,3,15,14,16,16,1,0,0,0,3,0,10,16,4,0,0,0,0,5,12,16,8,0,0,0,0,13,16,15,6,0,0,0,0,5,16,10,0,0,0,0,0,11,15,0,0,0,0,0,8,15,2,0,0,0,7
digit_00893,0,0,1,11,14,10,4,0,0,0,8,16,16,16,12,0,0,1,15,14,14,16,12,0,0,7,16,16,16,16,8,0,0,0,4,3,8,16,1,0,0,0,0,0,16,12,0,0,0,0,0,6,16,9,0,0,0,0,2,16,7,0,0,0,9
digit_00894,0,0,1,10,14,7,1,0,0,4,16,12,11,16,4,0,0,6,6,0,5,15,1,0,0,0,0,3,16,6,0,0,0,0,0,6,16,11,0,0,0,0,0,0,10,16,4,0,0,0,0,7,10,16,4,0,0,0,0,7,13,5,0,0,3
digit_00895,0,0,11,15,8,0,0,0,0,4,16,9,15,5,0,0,0,6,15,1,15,13,0,0,0,1,15,15,16,16,4,0,0,0,1,7,5,16,6,0,0,0,0,0,0,16,5,0,0,0,15,9,11,15,3,0,0,1,13,16,14,3,0,0,9
digit_00896,0,0,5,12,16,9,0,0,0,1,16,15,15,13,0,0,0,0,4,1,13,14,2,0,0,0,0,5,16,16,13,0,0,0,0,12,16,11,4,0,0,0,0,8,15,1,0,0,0,0,0,15,12,0,0,0,0,0,4,15,2,0,0,0,7
digit_00897,0,0,5,14,10,0,0,0,0,2,15,14,13,0,0,0,0,6,16,3,9,14,1,0,0,8,16,16,16,16,7,0,0,0,8,5,6,16,8,0,0,0,0,0,8,15,6,0,0,0,3,12,16,7,0,0,0,0,6,16,7,0,0,0,9
digit_00898,0,0,5,10,16,8,0,0,0,1,16,16,16,6,0,0,0,4,16,15,4,0,0,0,0,3,16,10,0,0,0,0,0,0,11,16,6,0,0,0,0,0,1,15,15,2,0,0,0,0,5,13,16,8,0,0,0,0,7,16,13,3,0,0,5
digit_00899,0,0,5,11,14,2,0,0,0,8,16,16,14,4,0,0,0,12,15,8,1,0,0,0,0,2,15,10,0,0,0,0,0,0,2,13,13,3,0,0,0,0,0,1,9,15,4,0,0,0,2,10,15,15,3,0,0,0,3,12,8,3,0,0,5
digit_00900,0,1,10,13,16,9,0,0,0,11,16,14,16,16,2,0,0,7,6,3,16,11,0,0,0,0,0,5,16,9,0,0,0,0,0,3,16,12,0,0,0,0,0,0,9,16,5,0,0,0,3,9,16,15,1,0,0,0,12,15,11,1,0,0,3
digit_00901,0,0,0,8,15,10,0,0,0,0,1,16,16,16,0,0,0,0,6,16,16,15,1,0,0,3,14,16,16,12,0,0,0,8,16,16,16,12,0,0,0,5,7,13,16,13,0,0,0,0,0,8,16,16,4,0,0,0,0,6,15,15,9,0,1
digit_00902,0,0,7,15,8,0,0,0,0,7,16,16,12,0,0,0,0,12,14,11,11,0,0,0,0,8,3,16,7,0,0,0,0,0,5,16,3,0,0,0,0,0,9,14,0,0,0,0,0,0,12,15,12,8,3,0,0,0,6,16,16,16,11,0,2
digit_00903,0,0,7,9,15,6,0,0,0,2,16,16,16,16,3,0,0,7,15,8,1,13,8,0,0,8,10,0,0,8,8,0,0,8,9,0,0,8,8,0,0,7,14,0,3,15,5,0,0,2,16,14,16,13,1,0,0,0,8,13,8,0,0,0,0
digit_00904,0,0,8,12,5,0,0,0,0,3,15,13,15,0,0,0,0,0,0,9,13,0,0,0,0,0,0,13,12,0,0,0,0,0,0,7,16,11,3,0,0,0,0,0,3,14,14,0,0,0,4,7,7,15,12,0,0,0,8,13,12,6,0,0,3
digit_00905,0,0,0,1,14,4,0,0,0,0,0,9,15,2,0,0,0,0,2,16,8,0,0,0,0,0,13,14,0,3,2,0,0,7,16,7,10,16,9,0,1,14,16,16,16,16,6,0,0,7,8,4,15,14,1,0,0,0,0,0,16,10,0,0,4
digit_00906,0,1,9,12,14,6,0,0,0,6,16,10,16,12,0,0,0,1,14,13,12,16,0,0,0,0,0,0,2,16,4,0,0,0,0,0,0,15,9,0,0,0,0,0,0,10,9,0,0,0,0,0,5,14,11,0,0,0,10,16,16,7,0,0,9
digit_00907,0,0,0,11,9,0,0,0,0,0,3,16,3,0,0,0,0,0,10,14,0,1,2,0,0,3,16,5,0,13,9,0,0,10,16,8,10,16,8,0,3,16,16,16,16,15,4,0,0,4,3,7,16,3,0,0,0,0,0,11,11,0,0,0,4
digit_00908,0,0,0,6,14,3,0,0,0,0,2,14,16,12,0,0,0,0,4,16,16,16,0,0,0,1,11,16,16,12,0,0,0,6,16,16,16,12,0,0,0,0,8,16,16,9,0,0,0,0,4,16,16,10,1,0,0,0,0,9,14,11,2,0,1
digit_00909,0,0,1,11,14,13,0,0,0,1,13,16,9,5,0,0,0,2,16,9,1,8,6,0,0,0,13,16,15,16,6,0,0,0,1,13,16,13,0,0,0,0,1,16,16,16,2,0,0,0,5,16,16,14,1,0,0,0,2,14,11,1,0,0,8
digit_00910,0,0,1,11,5,0,0,0,0,0,8,16,1,0,0,0,0,2,15,10,0,0,0,0,0,6,16,5,3,0,0,0,0,8,16,16,16,14,0,0,0,3,16,9,1,16,10,0,0,0,11,16,12,16,6,0,0,0,0,10,14,11,1,0,6
digit_00911,0,0,3,12,16,10,0,0,0,0,16,10,5,16,1,0,0,4,16,11,10,14,0,0,0,0,14,16,16,13,1,0,0,0,2,8,8,16,7,0,0,0,0,0,1,16,3,0,0,0,0,10,16,7,0,0,0,0,2,10,3,0,0,0,9
digit_00912,0,0,1,14,6,2,6,0,0,0,10,13,1,10,10,0,0,4,16,3,3,16,5,0,0,10,16,12,14,16,9,0,0,3,16,16,16,10,2,0,0,0,0,5,15,1,0,0,0,0,0,11,10,0,0,0,0,0,0,13,8,0,0,0,4
digit_00913,0,0,0,14,4,1,1,0,0,0,4,16,1,12,7,0,0,1,15,8,5,16,3,0,0,9,14,0,10,11,0,0,0,11,16,14,16,14,4,0,0,6,8,14,16,14,5,0,0,0,0,11,9,0,0,0,0,0,0,13,4,0,0,0,4
digit_00914,0,0,0,0,8,16,2,0,0,0,0,6,16,16,3,0,0,0,1,15,16,16,0,0,0,0,13,16,16,12,0,0,0,4,16,7,16,12,0,0,0,5,4,3,16,9,0,0,0,0,0,2,16,8,0,0,0,0,0,0,12,14,0,0,1
digit_00915,0,0,0,4,14,5,9,0,0,0,4,16,6,11,13,0,0,2,14,9,2,16,4,0,0,7,16,16,16,15,0,0,0,3,16,16,16,13,2,0,0,0,2,9,16,1,0,0,0,0,0,6,16,2,0,0,0,0,0,6,16,5,0,0,4
digit_00916,0,0,9,12,13,15,16,3,0,1,14,13,12,16,14,1,0,0,0,0,6,15,3,0,0,0,5,13,16,16,10,0,0,1,16,16,15,12,3,0,0,0,5,16,7,0,0,0,0,0,7,16,0,0,0,0,0,0,11,14,0,0,0,0,7
digit_00917,0,0,6,13,16,14,1,0,0,5,15,4,1,12,4,0,0,1,16,10,15,10,2,0,0,0,10,13,3,0,0,0,0,0,9,15,1,0,0,0,0,0,13,11,10,0,0,0,0,0,15,3,13,6,0,0,0,0,5,12,14,9,0,0,8
digit_00918,0,0,7,12,15,13,3,0,0,2,16,6,2,11,7,0,0,7,14,9,13,11,1,0,0,2,16,12,6,7,2,0,0,2,16,15,8,2,0,0,0,2,16,14,2,0,0,0,0,0,14,16,8,0,0,0,0,0,4,12,11,0,0,0,8
digit_00919,0,0,0,0,10,12,1,0,0,0,0,1,15,16,3,0,0,0,2,10,16,11,0,0,0,1,11,16,16,12,0,0,0,5,8,3,16,9,0,0,0,0,0,1,16,10,0,0,0,0,0,0,15,11,0,0,0,0,0,0,7,13,1,0,1
digit_00920,0,0,0,8,11,3,7,0,0,0,6,15,4,10,9,0,0,3,15,6,1,16,5,0,0,7,16,12,14,16,14,0,0,5,16,16,16,14,7,0,0,0,4,7,16,5,0,0,0,0,0,9,15,0,0,0,0,0,0,7,16,0,0,0,4
digit_00921,0,0,0,0,2,15,3,0,0,0,0,0,12,16,4,0,0,0,0,6,16,16,0,0,0,0,7,16,16,14,0,0,0,6,16,11,16,12,0,0,0,1,3,0,15,13,0,0,0,0,0,0,10,16,0,0,0,0,0,0,2,14,5,0,1
digit_00922,0,0,0,7,12,2,0,0,0,1,10,16,15,6,0,0,0,0,15,13,1,0,0,0,0,2,16,8,0,0,0,0,0,2,16,11,12,9,0,0,0,2,16,14,10,14,10,0,0,0,11,15,8,11,16,1,0,0,1,9,16,16,13,1,6
digit_00923,0,0,4,14,15,6,0,0,0,2,16,12,15,14,0,0,0,7,9,0,0,12,4,0,0,8,6,0,0,6,7,0,0,5,8,0,0,4,8,0,0,2,14,1,0,7,7,0,0,0,12,16,16,16,2,0,0,0,2,11,15,8,0,0,0
digit_00924,0,0,0,9,16,7,0,0,0,0,7,16,8,0,0,0,0,0,14,10,0,0,0,0,0,1,16,4,0,0,0,0,0,2,16,8,8,2,0,0,0,1,14,14,9,15,7,0,0,0,9,14,4,8,14,0,0,0,0,9,15,15,7,0,6
digit_00925,0,0,0,0,3,13,3,0,0,0,0,0,11,16,4,0,0,0,0,11,16,16,2,0,0,0,9,16,16,16,0,0,0,3,16,5,13,16,0,0,0,3,2,0,12,15,1,0,0,0,0,0,8,16,0,0,0,0,0,0,2,14,3,0,1
digit_00926,0,0,5,15,13,2,0,0,0,3,16,16,16,16,0,0,0,8,7,1,3,14,7,0,0,3,1,0,0,5,8,0,0,5,10,0,0,5,8,0,0,3,16,12,8,14,8,0,0,0,13,16,16,16,5,0,0,0,3,14,16,10,0,0,0
digit_00927,0,0,3,13,0,0,0,0,0,0,11,14,0,0,0,0,0,2,16,3,0,0,0,0,0,7,14,0,0,0,0,0,0,8,13,8,12,7,1,0,0,6,16,10,10,16,6,0,0,0,13,14,12,15,8,0,0,0,3,13,16,12,3,0,6
digit_00928,0,0,3,15,16,16,9,0,0,0,1,9,14,16,5,0,0,0,0,1,11,15,0,0,0,0,5,16,16,16,14,0,0,0,1,12,14,5,2,0,0,0,1,15,8,0,0,0,0,0,5,16,2,0,0,0,0,0,7,15,2,0,0,0,7
digit_00929,0,0,0,0,9,10,0,0,0,0,0,5,16,15,0,0,0,0,3,14,16,12,0,0,0,3,15,16,16,10,0,0,0,4,4,8,16,8,0,0,0,0,0,3,16,9,0,0,0,0,0,3,15,10,0,0,0,0,0,0,7,14,2,0,1
digit_00930,0,0,4,15,8,0,0,0,0,1,14,12,16,1,0,0,0,2,10,1,16,0,0,0,0,0,3,11,8,0,0,0,0,0,0,10,15,6,0,0,0,0,0,2,12,15,2,0,0,0,1,10,8,15,3,0,0,0,2,15,16,11,0,0,3
digit_00931,0,0,0,4,13,15,0,0,0,0,6,16,9,1,0,0,0,0,15,9,0,0,0,0,0,3,15,0,0,0,0,0,0,8,12,0,0,0,0,0,0,4,15,12,12,7,1,0,0,0,9,15,9,13,11,0,0,0,0,6,12,16,10,0,6
digit_00932,0,0,0,12,15,4,0,0,0,0,7,9,8,15,0,0,0,2,12,0,0,9,4,0,0,5,11,0,0,4,8,0,0,8,4,0,0,8,6,0,0,2,12,0,1,14,5,0,0,0,13,15,16,12,1,0,0,0,2,10,12,1,0,0,0
digit_00933,0,0,0,9,14,13,4,0,0,0,6,14,6,10,12,0,0,0,9,12,6,15,7,0,0,1,11,16,15,5,0,0,0,7,16,16,10,0,0,0,0,7,16,9,16,9,0,0,0,1,11,8,7,16,0,0,0,0,2,11,12,13,0,0,8
digit_00934,0,0,8,15,16,16,12,0,0,0,4,12,13,16,8,0,0,0,0,0,10,14,0,0,0,1,9,12,16,13,4,0,0,5,16,16,16,14,5,0,0,0,2,16,5,0,0,0,0,0,10,14,0,0,0,0,0,0,11,11,0,0,0,0,7
digit_00935,0,0,2,11,16,9,0,0,0,0,9,14,15,14,0,0,0,0,0,0,13,10,0,0,0,0,4,9,16,12,5,0,0,9,16,16,16,16,11,0,0,3,8,12,11,0,0,0,0,0,0,16,5,0,0,0,0,0,2,16,2,0,0,0,7
digit_00936,0,0,1,10,16,16,7,0,0,0,13,14,10,7,3,0,0,6,16,2,0,0,0,0,0,10,16,16,16,8,1,0,0,1,6,11,13,16,9,0,0,0,0,0,4,16,8,0,0,0,0,1,9,16,5,0,0,0,2,15,16,8,0,0,5
digit_00937,0,0,0,6,15,16,6,0,0,0,3,16,5,9,12,0,0,0,4,15,7,13,4,0,0,0,14,16,16,10,0,0,0,5,16,13,11,0,0,0,0,5,15,1,16,3,0,0,0,0,10,13,15,6,0,0,0,0,0,5,13,5,0,0,8
digit_00938,0,0,1,11,15,2,0,0,0,6,6,16,16,9,0,0,0,8,14,13,3,13,4,0,0,7,16,1,0,6,6,0,0,3,12,0,0,6,9,0,0,0,14,5,2,13,12,0,0,0,3,16,16,16,8,0,0,0,0,9,16,13,2,0,0
digit_00939,0,0,4,12,13,11,0,0,0,3,15,3,7,16,1,0,0,4,12,9,15,4,0,0,0,0,11,15,1,0,0,0,0,1,13,16,12,0,0,0,0,3,14,1,14,3,0,0,0,0,12,3,4,12,0,0,0,0,3,12,12,13,0,0,8
digit_00940,0,0,10,15,2,0,0,0,0,5,16,16,8,0,0,0,0,9,13,8,12,0,0,0,0,12,7,4,14,0,0,0,0,3,1,7,12,0,0,0,0,0,0,15,13,1,0,0,0,0,9,16,16,16,6,0,0,0,10,16,16,16,10,0,2
digit_00941,0,0,2,11,16,16,11,0,0,0,13,11,4,13,13,0,0,0,12,14,15,14,2,0,0,0,12,16,15,5,0,0,0,0,8,16,11,0,0,0,0,2,16,9,16,4,0,0,0,4,16,6,14,10,0,0,0,0,3,12,15,6,0,0,8
digit_00942,0,0,0,8,13,1,0,0,0,0,6,16,11,1,0,0,0,0,12,12,0,0,0,0,0,2,16,6,0,0,0,0,0,0,15,10,9,6,2,0,0,2,15,12,10,16,11,0,0,0,8,15,10,14,14,0,0,0,0,9,13,12,7,0,6
digit_00943,0,2,15,14,3,0,0,0,0,7,15,14,13,0,0,0,0,9,11,2,16,4,0,0,0,7,4,0,14,6,0,0,0,0,0,0,14,7,0,0,0,0,0,3,16,3,0,0,0,0,4,15,16,8,4,0,0,1,16,16,16,16,16,5,2
digit_00944,0,0,0,8,13,10,5,0,0,0,8,16,11,14,15,0,0,0,9,16,16,14,11,0,0,0,3,10,16,16,7,0,0,0,0,0,2,16,4,0,0,0,0,0,4,16,2,0,0,0,0,1,11,11,0,0,0,0,0,14,15,2,0,0,9
digit_00945,0,0,3,12,13,9,0,0,0,0,12,8,2,12,2,0,0,0,11,8,12,11,0,0,0,0,7,16,5,0,0,0,0,3,12,6,11,0,0,0,0,4,8,0,7,9,0,0,0,1,12,2,0,13,4,0,0,0,2,12,11,12,6,0,8
digit_00946,0,0,9,15,16,15,8,0,0,5,16,16,13,12,13,1,0,6,16,5,1,0,0,0,0,11,16,16,10,0,0,0,0,8,15,11,16,0,0,0,0,0,0,10,12,0,0,0,0,0,2,15,7,0,0,0,0,0,9,13,0,0,0,0,5
digit_00947,0,0,7,11,15,13,0,0,0,1,14,12,16,9,0,0,0,0,0,3,16,6,0,0,0,0,2,11,16,8,1,0,0,1,15,16,16,16,10,0,0,0,10,16,9,4,1,0,0,0,8,13,0,0,0,0,0,0,11,9,0,0,0,0,7
digit_00948,0,0,0,4,13,10,0,0,0,0,0,12,10,14,4,0,0,0,0,14,4,15,4,0,0,1,9,15,14,8,0,0,0,5,14,10,8,0,0,0,0,4,8,2,12,0,0,0,0,0,9,8,12,4,0,0,0,0,1,7,13,2,0,0,8
digit_00949,0,0,2,14,1,0,0,0,0,0,9,11,0,0,0,0,0,0,16,4,0,0,0,0,0,4,16,0,0,0,0,0,0,3,13,2,8,8,3,0,0,0,16,14,8,12,12,0,0,1,10,12,4,10,13,0,0,0,2,11,14,14,4,0,6
digit_00950,0,0,0,2,10,16,2,0,0,0,0,10,13,16,6,0,0,0,0,0,5,16,7,0,0,1,7,8,10,16,3,0,0,5,16,13,16,13,3,0,0,0,0,2,16,9,0,0,0,0,0,4,16,5,0,0,0,0,0,0,11,8,0,0,7
digit_00951,0,0,6,12,16,16,11,0,0,0,5,15,13,4,0,0,0,0,1,14,0,0,0,0,0,0,7,16,14,4,0,0,0,0,1,6,12,15,0,0,0,0,0,0,0,16,2,0,0,0,3,0,3,13,0,0,0,0,10,16,14,4,0,0,5
digit_00952,0,1,13,16,1,0,0,0,0,7,16,16,3,0,0,0,0,12,9,16,4,0,0,0,0,5,3,15,4,0,0,0,0,0,6,15,1,0,0,0,0,0,14,10,0,0,0,0,0,4,16,13,11,9,3,0,0,1,15,16,16,15,5,0,2
digit_00953,0,0,0,10,10,1,0,0,0,0,5,16,5,11,7,0,0,2,16,7,3,16,4,0,0,7,16,2,9,15,2,0,0,7,16,12,16,15,7,0,0,1,10,14,16,10,1,0,0,0,0,11,15,1,0,0,0,0,0,12,13,0,0,0,4
digit_00954,0,0,0,3,10,13,12,4,0,0,3,16,6,5,14,9,0,0,12,16,13,12,14,4,0,0,11,16,16,16,12,0,0,0,0,0,2,15,2,0,0,0,0,0,10,6,0,0,0,0,0,1,16,4,0,0,0,0,0,1,15,1,0,0,9
digit_00955,0,0,7,15,16,11,0,0,0,0,9,11,13,12,0,0,0,0,0,0,12,8,0,0,0,0,5,8,16,7,0,0,0,10,16,16,16,16,7,0,0,5,6,16,11,4,1,0,0,0,4,16,2,0,0,0,0,0,8,14,1,0,0,0,7
digit_00956,0,0,7,14,0,0,0,0,0,0,9,16,2,0,0,0,0,1,14,16,4,0,0,0,0,8,16,16,9,0,0,0,0,12,13,9,16,0,0,0,0,1,2,3,16,5,0,0,0,0,4,10,16,13,7,1,0,0,7,16,16,16,16,3,1
digit_00957,0,2,14,4,0,0,0,0,0,6,16,10,0,0,0,0,0,8,8,14,0,0,0,0,0,2,3,15,0,0,0,0,0,0,4,12,0,0,0,0,0,1,13,8,0,0,0,0,0,6,16,16,16,12,4,0,0,3,15,16,14,7,2,0,2
digit_00958,0,0,4,13,16,16,5,0,0,0,13,16,12,7,0,0,0,0,8,15,0,0,0,0,0,0,10,16,16,15,2,0,0,0,6,13,15,16,7,0,0,0,0,0,1,15,6,0,0,0,0,7,9,16,2,0,0,0,5,16,15,7,0,0,5
digit_00959,0,0,1,12,2,0,0,0,0,0,10,8,0,9,9,0,0,1,16,1,0,15,5,0,0,3,16,5,7,16,2,0,0,2,16,16,16,16,7,0,0,0,6,10,16,1,0,0,0,0,0,9,7,0,0,0,0,0,0,14,1,0,0,0,4
digit_00960,0,1,9,14,16,16,13,0,0,8,16,12,7,4,2,0,0,10,15,4,2,0,0,0,0,8,16,16,15,3,0,0,0,0,3,6,15,13,0,0,0,0,0,0,5,16,2,0,0,0,2,4,8,16,4,0,0,0,13,16,16,10,0,0,5
digit_00961,0,0,12,9,0,0,0,0,0,4,15,15,5,0,0,0,0,7,10,3,11,0,0,0,0,10,6,0,12,2,0,0,0,5,3,0,12,5,0,0,0,0,1,3,16,4,0,0,0,0,14,16,16,16,14,0,0,0,12,13,10,8,4,0,2
digit_00962,0,0,1,10,7,0,0,0,0,0,9,15,2,0,0,0,0,0,13,7,0,0,0,0,0,0,16,1,0,0,0,0,0,5,16,16,16,10,0,0,0,2,14,8,5,13,7,0,0,0,4,15,9,12,10,0,0,0,1,9,15,13,3,0,6
digit_00963,0,1,13,16,7,0,0,0,0,8,15,15,9,0,0,0,0,12,8,8,12,0,0,0,0,10,7,8,12,0,0,0,0,1,0,11,10,0,0,0,0,0,3,16,5,0,0,0,0,0,13,15,6,6,1,0,0,1,16,16,16,16,8,0,2
digit_00964,0,0,0,4,10,13,12,0,0,0,9,16,13,10,16,0,0,2,15,16,16,16,10,0,0,0,0,0,0,14,6,0,0,0,0,0,5,15,1,0,0,0,0,0,11,9,0,0,0,0,0,0,15,3,0,0,0,0,0,2,11,0,0,0,9
digit_00965,0,0,6,15,10,0,0,0,0,0,15,16,9,0,0,0,0,5,16,16,3,0,0,0,0,8,16,16,16,9,0,0,0,0,4,8,13,16,4,0,0,0,0,2,4,16,6,0,0,0,10,15,14,14,1,0,0,0,8,16,14,2,0,0,3
digit_00966,0,0,2,16,16,11,0,0,0,0,13,15,15,16,5,0,0,4,14,3,3,14,9,0,0,8,15,0,0,6,8,0,0,4,12,0,0,6,8,0,0,1,16,11,10,16,7,0,0,0,14,16,16,11,1,0,0,0,2,12,11,2,0,0,0
digit_00967,0,0,6,16,15,3,0,0,0,0,16,13,8,1,0,0,0,0,12,7,4,0,0,0,0,0,14,16,16,13,2,0,0,0,3,4,4,13,8,0,0,0,0,0,0,9,4,0,0,0,2,8,13,15,3,0,0,0,4,14,12,5,0,0,5
digit_00968,0,0,0,1,12,14,0,0,0,0,0,5,16,12,0,0,0,0,1,14,16,12,0,0,0,3,15,16,16,8,0,0,0,9,15,7,16,8,0,0,0,1,2,6,16,5,0,0,0,0,0,2,16,10,0,0,0,0,0,0,11,16,4,0,1
digit_00969,0,0,4,13,16,16,9,0,0,1,15,14,13,16,7,0,0,0,6,0,10,15,2,0,0,0,0,5,16,7,0,0,0,0,0,4,15,15,1,0,0,0,0,1,8,16,5,0,0,0,4,15,13,16,2,0,0,0,3,15,15,5,0,0,3
digit_00970,0,0,3,12,14,16,2,0,0,0,8,12,15,16,1,0,0,0,0,1,16,8,0,0,0,2,8,13,16,8,3,0,0,9,16,16,16,16,10,0,0,1,9,16,5,4,1,0,0,0,8,16,1,0,0,0,0,0,4,16,3,0,0,0,7
digit_00971,0,0,13,13,2,0,0,0,0,2,16,15,11,0,0,0,0,2,16,9,16,1,0,0,0,2,16,8,16,0,0,0,0,0,8,9,15,0,0,0,0,0,2,15,13,4,0,0,0,0,12,16,16,16,11,3,0,0,13,11,0,6,9,3,2
digit_00972,0,0,0,9,10,0,0,0,0,0,6,16,7,0,0,0,0,0,15,7,0,0,0,0,0,3,16,2,0,0,0,0,0,5,16,16,16,7,0,0,0,2,16,12,10,16,4,0,0,0,8,15,9,14,7,0,0,0,0,7,14,16,3,0,6
digit_00973,0,0,5,9,13,13,0,0,0,0,11,16,9,4,0,0,0,0,7,12,0,0,0,0,0,0,10,15,12,12,2,0,0,0,3,12,8,14,7,0,0,0,0,0,0,13,4,0,0,0,1,9,14,12,1,0,0,0,3,16,10,1,0,0,5
digit_00974,0,0,9,16,16,16,12,0,0,0,8,12,10,14,10,0,0,0,2,5,4,15,1,0,0,0,9,16,16,16,13,0,0,0,2,14,15,7,1,0,0,0,0,14,7,0,0,0,0,0,6,14,0,0,0,0,0,0,10,9,0,0,0,0,7
digit_00975,0,0,16,13,16,16,10,0,0,0,11,7,4,2,2,0,0,0,11,1,0,0,0,0,0,5,15,6,1,0,0,0,0,2,8,10,15,4,0,0,0,0,0,0,4,11,0,0,0,2,9,0,8,8,0,0,0,0,11,16,13,1,0,0,5
digit_00976,0,0,3,14,10,1,0,0,0,0,12,9,9,12,0,0,0,2,16,5,0,8,6,0,0,4,8,1,0,3,7,0,0,5,7,0,0,4,8,0,0,2,12,0,0,7,5,0,0,0,12,7,5,13,2,0,0,0,3,14,15,6,0,0,0
digit_00977,0,0,8,16,15,4,0,0,0,2,16,5,7,8,0,0,0,0,6,0,5,8,0,0,0,0,0,0,12,5,0,0,0,0,0,9,14,0,0,0,0,1,11,15,4,0,0,0,0,3,16,13,4,0,0,0,0,0,8,13,16,15,5,0,2
digit_00978,0,0,6,10,16,12,0,0,0,1,16,13,11,12,0,0,0,1,4,0,10,8,1,0,0,0,5,8,15,16,13,0,0,1,16,16,14,8,1,0,0,0,4,16,4,0,0,0,0,0,5,13,1,0,0,0,0,0,9,10,0,0,0,0,7
digit_00979,0,1,11,13,12,4,0,0,0,1,8,8,12,11,0,0,0,0,0,1,11,10,0,0,0,0,7,12,13,1,0,0,0,7,16,16,8,0,0,0,0,0,4,9,14,12,2,0,0,1,10,7,5,16,7,0,0,2,15,16,15,9,1,0,3
digit_00980,0,0,0,0,11,16,3,0,0,0,1,11,16,16,8,0,0,3,13,16,16,16,5,0,0,10,16,11,9,16,6,0,0,1,4,0,11,16,4,0,0,0,0,0,12,16,2,0,0,0,0,0,13,15,1,0,0,0,0,0,8,16,5,0,1
digit_00981,0,0,1,11,12,4,0,0,0,1,13,11,6,15,0,0,0,7,13,0,3,15,0,0,0,1,12,13,15,6,0,0,0,0,4,15,13,11,0,0,0,2,15,4,1,14,6,0,0,3,14,3,0,12,7,0,0,0,4,13,16,15,1,0,8
digit_00982,0,0,4,14,8,0,0,0,0,0,15,13,15,8,0,0,0,3,14,0,1,14,5,0,0,4,12,0,0,9,8,0,0,4,12,0,0,8,8,0,0,4,13,0,0,14,6,0,0,0,15,10,10,13,1,0,0,0,5,15,12,3,0,0,0
digit_00983,0,0,10,13,16,16,12,0,0,0,6,12,8,13,11,0,0,0,0,0,2,16,5,0,0,0,6,8,14,16,13,0,0,0,15,16,15,9,1,0,0,0,0,13,6,0,0,0,0,0,6,14,1,0,0,0,0,0,14,9,0,0,0,0,7
digit_00984,0,6,16,16,13,1,0,0,0,13,11,8,15,9,0,0,0,5,1,0,10,14,0,0,0,0,0,0,12,11,0,0,0,0,0,3,16,2,0,0,0,0,0,13,13,0,0,0,0,3,14,16,12,8,7,0,0,5,16,16,16,16,10,0,2
digit_00985,0,0,0,9,14,4,0,0,0,0,10,14,4,1,0,0,0,0,14,4,0,0,0,0,0,6,16,16,10,3,0,0,0,3,16,2,5,14,4,0,0,0,14,2,0,12,10,0,0,0,7,12,0,13,9,0,0,0,0,8,16,14,2,0,6
digit_00986,0,0,0,1,12,14,0,0,0,0,0,6,16,4,0,0,0,0,3,16,4,9,3,0,0,2,13,15,6,16,6,0,0,11,16,16,16,16,9,0,0,3,4,4,10,16,1,0,0,0,0,0,11,13,0,0,0,0,0,0,12,10,0,0,4
digit_00987,0,0,7,16,16,16,3,0,0,0,8,15,12,16,3,0,0,0,13,12,0,0,0,0,0,1,13,16,14,5,0,0,0,0,1,4,13,13,0,0,0,1,5,0,4,16,3,0,0,4,15,8,11,15,0,0,0,0,7,16,16,8,0,0,5
digit_00988,0,0,0,4,13,5,0,0,0,0,2,14,12,5,0,0,0,0,7,12,1,0,0,0,0,0,11,7,0,0,0,0,0,0,12,14,12,8,0,0,0,1,14,14,8,12,8,0,0,0,2,14,5,9,14,0,0,0,0,3,15,15,6,0,6
digit_00989,0,3,13,16,16,12,1,0,0,1,8,4,5,15,6,0,0,0,0,1,9,15,2,0,0,0,6,16,15,5,0,0,0,0,5,14,16,8,0,0,0,0,0,0,8,16,2,0,0,6,12,6,12,15,1,0,0,4,13,12,11,2,0,0,3
digit_00990,0,0,6,14,16,9,0,0,0,5,15,5,8,16,1,0,0,4,14,1,3,16,6,0,0,0,7,16,15,14,8,0,0,0,0,0,0,8,8,0,0,0,0,0,0,8,9,0,0,0,12,3,0,11,9,0,0,0,8,14,16,13,1,0,9
digit_00991,0,0,0,4,16,11,0,0,0,0,0,13,16,10,0,0,0,0,12,16,16,7,0,0,0,5,14,13,16,5,0,0,0,0,0,8,16,4,0,0,0,0,0,4,16,7,0,0,0,0,0,4,16,8,0,0,0,0,0,3,14,8,0,0,1
digit_00992,0,0,1,10,16,9,0,0,0,0,10,13,5,3,0,0,0,1,16,3,0,0,0,0,0,4,13,0,0,0,0,0,0,3,15,15,13,5,0,0,0,1,16,11,4,15,4,0,0,0,8,14,5,14,2,0,0,0,0,8,16,12,1,0,6
digit_00993,0,0,4,16,16,16,16,12,0,0,2,8,8,11,16,4,0,0,0,0,1,15,8,0,0,0,2,4,10,16,11,0,0,11,16,16,16,6,0,0,0,9,9,13,11,0,0,0,0,0,2,15,2,0,0,0,0,0,8,12,0,0,0,0,7
digit_00994,0,1,13,16,16,3,0,0,0,0,2,2,10,14,0,0,0,0,0,0,5,14,0,0,0,0,0,11,16,3,0,0,0,0,0,11,15,8,1,0,0,0,0,0,9,16,4,0,0,0,3,4,7,15,1,0,0,0,15,16,12,5,0,0,3
digit_00995,0,0,10,15,13,8,0,0,0,1,12,4,11,10,0,0,0,0,0,8,13,3,0,0,0,3,13,16,5,0,0,0,0,1,8,13,16,13,2,0,0,0,0,0,1,13,6,0,0,5,10,8,8,16,2,0,0,0,10,16,16,6,0,0,3
digit_00996,0,0,2,13,16,7,0,0,0,0,7,15,12,16,2,0,0,0,4,16,11,16,8,0,0,0,0,8,16,13,10,0,0,5,4,0,0,7,13,0,0,4,13,0,0,9,11,0,0,1,12,10,4,13,10,0,0,0,2,12,16,16,4,0,9
digit_00997,0,0,0,5,16,1,0,0,0,0,1,13,8,2,7,0,0,0,9,12,0,10,10,0,0,7,16,4,4,16,11,0,0,11,16,16,16,16,7,0,0,2,8,7,14,8,0,0,0,0,0,2,16,2,0,0,0,0,0,6,12,0,0,0,4
digit_00998,0,0,6,10,10,15,3,0,0,4,13,6,9,8,8,0,0,3,11,0,7,13,1,0,0,0,14,14,9,0,0,0,0,1,14,13,3,0,0,0,0,3,8,1,14,1,0,0,0,0,13,0,6,9,0,0,0,0,5,15,15,5,0,0,8
digit_00999,0,0,0,6,15,10,1,0,0,0,0,12,16,14,2,0,0,1,12,16,16,7,0,0,0,7,16,16,16,7,0,0,0,1,4,10,16,4,0,0,0,0,0,5,16,7,0,0,0,0,0,8,16,11,0,0,0,0,0,6,16,12,0,0,1
digit_01000,0,2,13,16,16,16,2,0,0,1,10,8,10,16,0,0,0,0,7,8,12,15,7,0,0,3,16,16,16,12,5,0,0,0,2,11,14,0,0,0,0,0,3,15,3,0,0,0,0,0,10,12,0,0,0,0,0,0,15,4,0,0,0,0,7
digit_01001,0,0,0,6,15,2,2,0,0,0,3,15,10,4,15,0,0,2,14,9,0,12,11,0,0,9,16,4,3,16,14,0,0,11,16,16,16,15,7,0,0,1,10,11,16,8,0,0,0,0,0,3,16,1,0,0,0,0,0,8,11,0,0,0,4
digit_01002,0,2,15,16,10,0,0,0,0,8,16,10,16,2,0,0,0,4,7,0,16,6,0,0,0,0,0,2,16,4,0,0,0,0,0,8,14,0,0,0,0,0,2,16,7,0,0,0,0,2,15,16,9,8,8,0,0,3,16,16,16,16,12,0,2
digit_01003,0,4,15,16,12,0,0,0,0,12,15,7,16,5,0,0,0,3,3,0,15,4,0,0,0,0,0,0,13,7,0,0,0,0,0,5,15,2,0,0,0,0,1,14,11,0,0,0,0,1,13,16,9,8,3,0,0,3,16,16,16,16,16,1,2
digit_01004,0,0,7,15,13,3,0,0,0,0,11,6,8,14,0,0,0,0,0,3,8,12,0,0,0,0,0,16,14,2,0,0,0,0,0,10,15,7,0,0,0,0,0,0,2,11,10,0,0,1,15,3,1,11,10,0,0,0,4,15,16,13,2,0,3
digit_01005,0,0,10,16,12,0,0,0,0,1,14,13,16,4,0,0,0,0,2,3,16,5,0,0,0,0,0,4,16,2,0,0,0,0,0,11,14,0,0,0,0,0,2,16,8,0,3,0,0,1,13,16,14,16,16,3,0,0,12,16,16,13,7,0,2
digit_01006,0,0,5,16,16,15,1,0,0,0,10,9,10,16,2,0,0,0,0,1,12,10,0,0,0,0,0,9,16,8,0,0,0,0,0,2,14,16,5,0,0,0,0,4,0,16,5,0,0,0,3,14,8,13,0,0,0,0,4,16,13,3,0,0,3
digit_01007,0,0,11,16,15,2,0,0,0,0,12,10,14,8,0,0,0,0,0,0,11,8,0,0,0,0,0,1,15,3,0,0,0,0,1,11,11,0,0,0,0,6,15,15,2,0,0,0,0,9,16,14,9,3,0,0,0,1,9,12,15,16,13,0,2
digit_01008,0,0,1,9,15,12,0,0,0,0,13,8,5,14,4,0,0,0,14,1,5,14,1,0,0,0,7,13,16,4,0,0,0,0,11,12,14,12,1,0,0,4,13,0,0,11,7,0,0,1,13,7,2,8,8,0,0,0,1,9,16,13,2,0,8
digit_01009,0,3,15,16,11,0,0,0,0,10,15,13,16,2,0,0,0,10,7,4,16,0,0,0,0,1,0,9,12,0,0,0,0,0,1,16,6,0,0,0,0,0,10,15,0,0,0,0,0,7,16,14,12,14,11,0,0,6,16,16,16,11,3,0,2
digit_01010,0,0,9,13,15,10,1,0,0,0,7,4,4,12,13,0,0,0,0,0,0,7,11,0,0,0,2,12,13,12,2,0,0,0,0,10,15,1,0,0,0,0,0,1,11,9,0,0,0,0,12,3,3,15,0,0,0,0,8,16,16,3,0,0,3
digit_01011,0,2,16,10,9,8,0,0,0,0,10,16,16,12,0,0,0,1,5,10,16,10,6,0,0,11,16,16,16,15,7,0,0,3,5,14,9,2,0,0,0,0,6,16,0,0,0,0,0,0,10,10,0,0,0,0,0,3,16,1,0,0,0,0,7
digit_01012,0,0,3,14,16,12,1,0,0,3,16,14,3,11,4,0,0,2,13,1,3,15,4,0,0,0,10,16,16,8,0,0,0,2,15,10,14,4,0,0,0,5,14,0,3,14,1,0,0,0,14,4,1,14,2,0,0,0,2,13,16,10,0,0,8
digit_01013,0,0,0,9,14,0,0,0,0,0,5,16,4,4,9,0,0,4,16,3,0,13,9,0,0,6,16,15,12,16,13,0,0,0,8,11,15,14,3,0,0,0,0,0,16,5,0,0,0,0,0,6,13,0,0,0,0,0,0,9,10,0,0,0,4
digit_01014,0,0,0,0,8,13,1,0,0,0,1,9,15,14,1,0,0,6,14,16,16,10,0,0,0,5,11,4,16,9,0,0,0,0,0,3,16,5,0,0,0,0,0,3,16,7,0,0,0,0,0,0,16,10,0,0,0,0,0,0,11,13,0,0,1
digit_01015,0,0,1,13,14,2,0,0,0,0,7,16,10,12,0,0,0,3,15,10,0,12,3,0,0,7,9,0,0,8,7,0,0,5,9,0,0,8,7,0,0,1,13,0,0,11,2,0,0,0,13,7,5,10,0,0,0,0,3,14,15,3,0,0,0
digit_01016,0,0,0,0,15,15,1,0,0,0,0,2,16,16,4,0,0,0,2,11,16,15,1,0,0,9,16,16,16,12,0,0,0,3,10,8,16,8,0,0,0,0,0,0,16,11,0,0,0,0,0,0,15,13,0,0,0,0,0,0,15,15,0,0,1
digit_01017,0,0,2,14,15,8,0,0,0,0,8,10,3,15,1,0,0,0,5,11,1,15,4,0,0,0,0,12,15,16,5,0,0,0,0,0,2,8,6,0,0,1,3,0,0,7,5,0,0,1,12,4,0,10,7,0,0,0,4,14,14,13,1,0,9
digit_01018,0,0,9,15,14,1,0,0,0,2,16,8,15,10,0,0,0,2,14,4,13,14,1,0,0,0,7,15,15,14,6,0,0,0,0,1,1,7,9,0,0,0,0,0,0,3,12,0,0,0,6,0,0,6,12,0,0,0,9,16,16,16,6,0,9
digit_01019,0,0,7,10,13,5,0,0,0,6,16,12,16,12,0,0,0,6,15,6,16,14,1,0,0,1,13,16,12,16,2,0,0,0,0,0,0,13,4,0,0,0,0,0,0,11,7,0,0,0,11,6,4,13,8,0,0,0,9,16,16,12,3,0,9
digit_01020,0,0,8,16,16,16,16,2,0,0,8,10,7,12,13,0,0,0,0,0,3,15,2,0,0,0,4,11,15,16,13,0,0,0,11,16,14,6,0,0,0,0,1,14,6,0,0,0,0,0,7,13,1,0,0,0,0,0,12,8,0,0,0,0,7
digit_01021,0,0,10,12,13,11,2,0,0,0,14,9,8,8,2,0,0,0,15,0,0,0,0,0,0,6,16,6,0,0,0,0,0,3,12,13,15,5,0,0,0,0,0,0,6,13,1,0,0,0,9,5,4,14,0,0,0,0,8,15,15,7,0,0,5
digit_01022,0,0,2,13,13,4,0,0,0,0,12,13,11,14,0,0,0,0,9,13,13,14,1,0,0,0,0,4,8,13,3,0,0,0,0,0,0,7,9,0,0,0,0,0,0,3,13,0,0,0,14,6,0,6,12,0,0,0,2,12,16,16,7,0,9
digit_01023,0,0,0,5,12,15,7,0,0,0,3,14,4,13,6,0,0,0,4,13,0,14,7,0,0,0,0,13,14,16,8,0,0,0,0,0,3,8,8,0,0,1,3,0,0,10,8,0,0,5,16,7,0,12,4,0,0,0,2,6,13,15,1,0,9
digit_01024,0,0,6,12,15,15,9,0,0,0,8,12,4,4,3,0,0,0,12,3,0,0,0,0,0,1,15,6,3,0,0,0,0,8,16,12,16,6,0,0,0,3,4,0,4,11,0,0,0,4,15,5,13,6,0,0,0,0,6,16,10,0,0,0,5
digit_01025,0,0,3,10,13,5,0,0,0,0,15,12,5,14,1,0,0,4,12,1,0,10,4,0,0,5,8,0,0,8,7,0,0,5,8,0,0,8,8,0,0,4,11,0,0,11,5,0,0,1,14,6,7,12,0,0,0,0,4,15,14,4,0,0,0
digit_01026,0,0,0,2,15,7,0,0,0,0,0,11,12,1,0,0,0,0,6,15,1,14,2,0,0,5,15,5,3,16,1,0,0,7,16,14,13,16,8,0,0,1,6,12,15,14,3,0,0,0,0,1,13,7,0,0,0,0,0,3,16,1,0,0,4
digit_01027,0,0,5,13,12,15,2,0,0,0,13,13,8,8,2,0,0,3,16,5,0,0,0,0,0,7,16,13,5,0,0,0,0,1,7,10,16,10,0,0,0,0,0,0,4,16,4,0,0,0,8,6,5,16,4,0,0,0,7,13,13,10,0,0,5
digit_01028,0,0,0,2,14,5,1,0,0,0,1,12,13,1,15,4,0,0,9,15,2,6,16,2,0,7,16,13,8,14,12,0,0,9,16,16,16,16,10,0,0,0,0,3,11,15,1,0,0,0,0,0,14,10,0,0,0,0,0,2,16,4,0,0,4
digit_01029,0,0,7,13,12,9,1,0,0,3,15,5,5,16,4,0,0,3,15,2,7,16,1,0,0,0,5,15,16,15,4,0,0,0,0,0,0,11,7,0,0,1,4,0,0,9,7,0,0,3,13,1,0,10,8,0,0,0,9,15,16,16,1,0,9
digit_01030,0,0,2,14,12,2,0,0,0,0,12,13,7,13,0,0,0,5,16,1,0,12,3,0,0,6,12,2,0,4,8,0,0,7,8,0,0,7,8,0,0,1,14,1,0,9,6,0,0,0,9,11,7,16,1,0,0,0,2,12,16,8,0,0,0
digit_01031,0,0,2,8,15,7,0,0,0,0,11,15,6,14,3,0,0,0,16,6,0,4,9,0,0,8,4,0,0,4,8,0,0,6,7,0,0,5,8,0,0,3,13,0,0,13,1,0,0,0,10,11,8,11,0,0,0,0,1,13,11,2,0,0,0
digit_01032,0,3,16,16,10,0,0,0,0,2,12,11,16,3,0,0,0,0,0,2,16,5,0,0,0,0,0,3,16,2,0,0,0,0,1,15,10,0,0,0,0,0,13,16,1,0,0,0,0,7,16,13,10,12,13,0,0,2,15,16,16,12,6,0,2
digit_01033,0,0,14,16,14,5,0,0,0,0,3,0,2,16,3,0,0,0,0,4,10,15,1,0,0,6,16,16,14,2,0,0,0,1,4,6,12,12,0,0,0,0,0,0,0,12,9,0,0,0,10,0,4,14,5,0,0,0,13,16,13,4,0,0,3
digit_01034,0,0,0,13,16,16,16,1,0,0,0,7,8,13,11,0,0,0,0,0,0,14,10,1,0,6,12,13,16,14,9,0,0,6,14,10,16,6,0,0,0,0,0,7,13,1,0,0,0,0,0,13,10,0,0,0,0,0,0,15,3,0,0,0,7
digit_01035,0,0,6,12,13,12,6,0,0,0,6,8,2,5,7,0,0,0,12,2,0,0,0,0,0,7,15,12,7,2,0,0,0,2,8,8,9,15,4,0,0,0,0,0,0,7,7,0,0,0,4,5,4,13,2,0,0,0,4,15,16,6,0,0,5
digit_01036,0,0,1,8,15,8,0,0,0,0,14,11,14,16,0,0,0,3,12,0,6,9,0,0,0,1,15,10,14,1,0,0,0,0,1,15,16,5,0,0,0,0,5,12,3,15,3,0,0,0,6,11,1,13,4,0,0,0,0,8,16,13,1,0,8
digit_01037,0,0,5,8,12,12,13,0,0,0,14,12,8,4,4,0,0,0,14,0,2,0,0,0,0,3,16,16,16,10,0,0,0,0,5,1,2,15,2,0,0,0,0,0,0,16,0,0,0,0,4,10,8,9,0,0,0,0,3,16,13,1,0,0,5
digit_01038,0,0,4,15,10,0,0,0,0,3,16,9,10,7,0,0,0,7,15,3,1,11,2,0,0,8,6,0,0,6,7,0,0,8,5,0,0,4,8,0,0,4,10,0,0,7,8,0,0,0,13,6,5,15,3,0,0,0,4,15,14,6,0,0,0
digit_01039,0,0,0,3,15,4,0,0,0,0,0,13,9,0,0,0,0,0,8,12,0,7,4,0,0,4,14,3,0,15,5,0,0,11,16,16,16,16,10,0,0,5,9,9,13,12,0,0,0,0,0,0,12,7,0,0,0,0,0,2,16,3,0,0,4
digit_01040,0,0,0,2,11,1,0,0,0,0,0,7,13,1,0,0,0,0,6,15,2,4,7,0,0,1,14,11,0,14,8,0,0,7,16,16,16,16,3,0,0,0,0,3,13,14,0,0,0,0,0,0,15,9,0,0,0,0,0,3,15,5,0,0,4
digit_01041,0,0,4,14,5,0,0,0,0,0,12,15,14,0,0,0,0,0,12,8,15,9,0,0,0,0,5,16,15,16,4,0,0,0,0,0,6,12,10,0,0,0,0,0,0,5,15,0,0,0,3,8,4,9,16,4,0,0,5,12,15,12,11,0,9
digit_01042,0,0,0,3,12,0,0,0,0,0,0,12,9,1,1,0,0,0,3,16,3,10,7,0,0,1,13,10,1,16,3,0,0,8,16,13,13,16,2,0,0,3,6,8,16,14,2,0,0,0,0,2,16,2,0,0,0,0,0,3,13,0,0,0,4
digit_01043,0,0,2,13,14,2,0,0,0,1,15,16,16,9,0,0,0,7,16,8,5,16,1,0,0,6,16,3,0,11,7,0,0,5,16,4,0,8,8,0,0,0,16,9,0,10,11,0,0,0,10,15,10,16,8,0,0,0,2,13,16,14,2,0,0
digit_01044,0,0,3,15,8,0,0,0,0,0,8,16,16,7,0,0,0,0,7,11,9,12,0,0,0,0,2,5,9,11,0,0,0,0,0,0,13,7,0,0,0,0,7,10,16,4,0,0,0,0,14,16,16,16,15,0,0,0,1,4,4,7,11,1,2
digit_01045,0,0,0,6,11,6,0,0,0,0,8,13,9,16,3,0,0,2,15,4,0,13,3,0,0,0,7,14,9,13,0,0,0,0,1,15,16,6,0,0,0,0,11,10,10,12,0,0,0,0,9,10,1,16,3,0,0,0,0,9,12,10,1,0,8
digit_01046,0,0,4,16,7,1,0,0,0,0,10,13,15,11,0,0,0,2,15,3,4,15,3,0,0,4,16,0,0,12,8,0,0,5,16,1,0,9,8,0,0,4,16,2,1,13,7,0,0,0,14,9,9,14,1,0,0,0,5,14,15,6,0,0,0
digit_01047,0,0,5,12,6,0,0,0,0,0,11,16,15,6,0,0,0,0,10,11,11,15,2,0,0,0,4,15,15,16,6,0,0,0,0,4,8,13,9,0,0,0,0,0,0,8,13,0,0,0,9,8,8,12,13,0,0,0,5,10,13,12,5,0,9
digit_01048,0,0,1,13,10,0,0,0,0,0,9,16,11,0,0,0,0,3,16,11,0,0,0,0,0,5,16,11,7,1,0,0,0,4,16,16,16,15,3,0,0,3,16,12,2,12,11,0,0,0,12,14,5,9,15,0,0,0,0,10,15,16,11,0,6
digit_01049,0,0,2,9,3,0,0,0,0,5,14,9,13,9,0,0,0,7,14,0,10,10,0,0,0,0,9,14,15,6,0,0,0,0,7,16,16,0,0,0,0,0,12,6,7,12,1,0,0,0,15,5,0,14,6,0,0,0,2,8,12,11,3,0,8
digit_01050,0,0,6,12,8,4,0,0,0,1,14,5,7,16,1,0,0,2,16,4,6,13,0,0,0,0,9,14,15,2,0,0,0,0,7,14,12,1,0,0,0,0,15,2,9,11,0,0,0,0,15,7,6,16,0,0,0,0,3,8,9,6,0,0,8
digit_01051,0,1,8,15,10,0,0,0,0,6,15,13,16,8,0,0,0,0,0,3,14,12,0,0,0,0,4,15,16,10,0,0,0,0,7,12,13,16,6,0,0,0,0,0,0,14,8,0,0,0,8,10,13,16,3,0,0,0,10,16,12,5,0,0,3
digit_01052,0,1,13,12,0,0,0,0,0,7,16,16,8,0,0,0,0,8,10,4,14,0,0,0,0,2,6,2,15,0,0,0,0,0,0,9,10,0,0,0,0,0,5,16,5,0,0,0,0,2,16,16,16,16,11,0,0,1,11,11,8,9,9,0,2
digit_01053,0,0,8,12,9,1,0,0,0,3,16,16,16,10,0,0,0,3,16,16,16,10,0,0,0,0,8,16,16,4,0,0,0,0,12,16,16,8,0,0,0,1,15,16,16,9,0,0,0,0,13,16,16,9,0,0,0,0,6,9,11,3,0,0,1
digit_01054,0,0,6,14,16,5,0,0,0,3,16,13,13,12,0,0,0,1,4,1,12,12,0,0,0,0,4,14,16,6,0,0,0,0,6,14,16,15,2,0,0,0,0,0,8,16,2,0,0,2,16,10,13,15,0,0,0,0,9,14,8,2,0,0,3
digit_01055,0,0,6,12,12,8,0,0,0,0,11,16,16,16,0,0,0,0,9,16,16,16,1,0,0,0,12,16,16,15,2,0,0,0,12,16,16,16,4,0,0,0,12,16,16,11,1,0,0,0,8,16,16,1,0,0,0,1,11,12,5,0,0,0,1
digit_01056,0,0,1,12,14,16,10,0,0,0,3,10,8,16,6,0,0,0,0,0,3,15,1,0,0,0,1,7,14,14,3,0,0,0,4,13,16,12,5,0,0,0,0,7,13,0,0,0,0,0,0,13,7,0,0,0,0,0,2,14,2,0,0,0,7
digit_01057,0,0,10,16,6,0,0,0,0,0,15,14,16,0,0,0,0,0,14,4,16,0,0,0,0,0,0,2,15,0,0,0,0,0,0,6,10,0,0,0,0,0,1,14,6,0,0,0,0,1,14,16,13,12,6,0,0,0,8,8,8,11,11,0,2
digit_01058,0,0,0,4,15,0,0,0,0,0,1,13,11,0,0,0,0,0,7,16,7,12,0,0,0,2,16,11,10,16,2,0,0,6,16,16,16,16,3,0,0,0,4,4,15,13,1,0,0,0,0,1,16,7,0,0,0,0,0,4,11,1,0,0,4
digit_01059,0,0,2,16,15,6,0,0,0,7,11,15,12,16,0,0,0,9,16,10,10,16,1,0,0,0,11,16,16,6,0,0,0,0,15,16,15,2,0,0,0,0,14,5,10,13,1,0,0,0,11,11,6,16,7,0,0,0,3,11,16,12,3,0,8
digit_01060,0,0,0,4,15,0,0,0,0,0,3,15,10,0,0,0,0,0,11,15,0,4,0,0,0,5,16,8,4,16,3,0,0,3,16,14,13,16,2,0,0,0,4,6,15,14,2,0,0,0,0,0,15,6,0,0,0,0,0,2,15,2,0,0,4
digit_01061,0,1,9,13,12,6,0,0,0,5,16,13,8,10,2,0,0,4,14,1,0,0,0,0,0,2,16,14,4,0,0,0,0,5,16,15,16,4,0,0,0,0,0,1,11,16,3,0,0,0,6,6,15,15,1,0,0,0,7,13,10,3,0,0,5
digit_01062,0,0,9,16,15,5,0,0,0,4,16,12,12,16,7,0,0,5,16,4,0,1,1,0,0,8,16,15,11,3,0,0,0,4,14,12,14,15,2,0,0,0,0,0,4,16,4,0,0,0,5,8,15,15,2,0,0,0,11,15,9,2,0,0,5
digit_01063,0,0,0,0,9,6,0,0,0,0,0,9,14,2,0,0,0,0,3,15,4,3,6,0,0,1,13,11,0,13,7,0,0,7,16,13,13,16,3,0,0,0,4,4,13,13,1,0,0,0,0,1,16,7,0,0,0,0,0,1,14,1,0,0,4
digit_01064,0,1,15,12,3,0,0,0,0,1,12,16,15,4,0,0,0,0,0,4,16,10,0,0,0,0,0,15,16,5,0,0,0,0,0,12,14,13,1,0,0,0,0,0,0,8,12,0,0,0,7,8,6,13,13,0,0,0,13,16,16,13,7,0,3
digit_01065,0,3,14,14,4,0,0,0,0,8,15,11,16,6,0,0,0,1,4,4,16,7,0,0,0,0,5,16,16,4,0,0,0,0,2,9,15,16,3,0,0,0,0,0,4,16,8,0,0,0,7,4,11,16,5,0,0,2,14,16,14,7,0,0,3
digit_01066,0,0,4,14,15,4,0,0,0,1,16,14,15,13,0,0,0,4,16,7,4,16,3,0,0,5,16,3,0,12,4,0,0,4,16,2,0,11,8,0,0,2,16,6,1,15,4,0,0,0,12,13,13,14,1,0,0,0,3,16,15,4,0,0,0
digit_01067,0,0,6,14,9,0,0,0,0,3,16,13,16,6,0,0,0,2,16,3,9,13,0,0,0,1,16,1,1,15,4,0,0,3,16,0,0,12,6,0,0,0,16,1,0,13,4,0,0,0,16,8,8,15,1,0,0,0,7,15,14,5,0,0,0
digit_01068,0,0,4,14,11,0,0,0,0,3,16,9,15,7,0,0,0,9,15,0,4,14,2,0,0,8,13,0,0,12,6,0,0,8,12,0,0,11,7,0,0,6,14,1,0,14,4,0,0,0,14,11,8,16,1,0,0,0,5,16,14,6,0,0,0
digit_01069,0,0,1,8,6,0,0,0,0,0,14,16,16,16,0,0,0,0,16,16,16,16,0,0,0,0,16,16,16,16,0,0,0,0,16,16,16,15,0,0,0,0,16,16,16,13,0,0,0,0,9,16,16,9,0,0,0,0,6,8,6,1,0,0,1
digit_01070,0,2,10,15,8,0,0,0,0,6,16,15,16,8,0,0,0,8,16,5,13,16,0,0,0,4,16,12,16,16,5,0,0,0,5,11,13,16,7,0,0,0,0,0,1,16,8,0,0,0,2,4,10,16,8,0,0,0,12,16,14,11,0,0,9
digit_01071,0,2,15,13,2,0,0,0,0,6,16,14,15,1,0,0,0,7,12,0,15,8,0,0,0,4,7,0,16,8,0,0,0,0,0,1,16,3,0,0,0,0,0,9,15,0,0,0,0,2,15,16,16,14,5,0,0,2,10,12,13,16,8,0,2
digit_01072,0,0,13,14,4,0,0,0,0,4,16,13,14,2,0,0,0,0,16,4,16,14,2,0,0,0,11,14,16,14,0,0,0,0,0,8,11,15,0,0,0,0,0,0,4,16,2,0,0,0,6,6,7,16,2,0,0,0,12,16,16,10,0,0,9
digit_01073,0,1,12,16,15,11,3,0,0,7,16,14,11,9,4,0,0,3,16,8,2,0,0,0,0,5,16,16,15,3,0,0,0,2,14,16,16,14,0,0,0,0,0,0,12,16,1,0,0,2,12,12,16,16,0,0,0,1,14,16,10,3,0,0,5
digit_01074,0,0,8,16,15,5,0,0,0,0,7,8,15,10,0,0,0,0,0,0,14,10,0,0,0,0,5,12,16,14,2,0,0,0,16,16,15,10,6,0,0,0,1,14,7,0,0,0,0,0,4,16,0,0,0,0,0,0,4,12,0,0,0,0,7
digit_01075,0,0,8,12,3,0,0,0,0,5,16,16,14,4,0,0,0,10,15,2,14,16,2,0,0,3,16,10,13,16,7,0,0,0,5,8,10,16,8,0,0,0,0,0,0,12,12,0,0,0,10,7,4,14,12,0,0,0,10,16,16,14,7,0,9
digit_01076,0,0,3,8,6,1,0,0,0,2,15,16,16,12,0,0,0,0,13,16,16,13,0,0,0,0,10,16,16,16,0,0,0,0,12,16,16,16,0,0,0,0,14,16,16,16,2,0,0,0,12,16,16,15,2,0,0,0,1,6,6,0,0,0,1
digit_01077,0,0,5,14,12,1,0,0,0,0,14,15,16,10,0,0,0,4,13,1,3,15,0,0,0,5,7,0,0,11,7,0,0,4,13,0,0,6,8,0,0,4,16,2,0,9,8,0,0,0,13,15,10,16,3,0,0,0,4,13,16,11,0,0,0
digit_01078,0,1,9,13,9,2,0,0,0,6,16,10,16,7,0,0,0,0,0,2,16,6,0,0,0,0,2,13,14,0,0,0,0,0,2,13,16,13,0,0,0,0,0,0,4,15,8,0,0,0,8,4,4,14,11,0,0,1,14,16,16,12,1,0,3
digit_01079,0,0,8,13,16,10,3,0,0,5,16,10,8,10,6,0,0,6,12,0,0,0,0,0,0,6,15,12,3,0,0,0,0,4,12,14,16,1,0,0,0,0,0,0,16,8,0,0,0,0,4,7,16,7,0,0,0,0,11,14,10,0,0,0,5
digit_01080,0,0,0,6,7,0,0,0,0,0,2,15,6,0,0,0,0,0,10,11,1,1,0,0,0,4,16,5,10,9,0,0,0,8,16,16,16,15,2,0,0,1,4,7,16,10,0,0,0,0,0,5,16,1,0,0,0,0,0,9,11,0,0,0,4
digit_01081,0,0,2,12,5,0,0,0,0,1,13,16,13,2,0,0,0,3,16,10,14,11,0,0,0,7,16,8,5,16,4,0,0,7,16,8,1,14,5,0,0,2,15,9,1,15,5,0,0,0,11,14,11,15,2,0,0,0,3,16,15,3,0,0,0
digit_01082,0,0,1,8,12,7,0,0,0,2,15,8,5,14,0,0,0,0,11,5,3,15,0,0,0,0,1,14,16,12,0,0,0,0,5,15,15,9,0,0,0,1,15,6,1,12,1,0,0,0,12,11,1,12,5,0,0,0,1,8,8,9,3,0,8
digit_01083,0,0,2,12,16,14,10,0,0,0,1,8,4,11,13,0,0,0,0,0,0,14,5,0,0,0,0,3,9,15,0,0,0,0,5,16,16,15,3,0,0,0,2,10,13,3,0,0,0,0,0,13,7,0,0,0,0,0,1,15,2,0,0,0,7
digit_01084,0,0,0,12,7,0,0,0,0,0,7,16,3,0,0,0,0,2,15,6,0,0,0,0,0,4,16,10,7,0,0,0,0,5,16,16,16,12,0,0,0,6,16,9,5,16,3,0,0,1,14,15,11,16,3,0,0,0,1,10,16,7,0,0,6
digit_01085,0,0,9,16,8,1,0,0,0,5,16,9,14,11,1,0,0,10,10,0,8,16,4,0,0,4,16,15,15,16,8,0,0,0,4,8,7,13,8,0,0,0,0,0,0,9,11,0,0,0,11,6,9,16,7,0,0,0,11,13,12,6,0,0,9
digit_01086,0,0,0,11,12,0,0,0,0,0,7,16,11,1,0,0,0,2,16,12,0,0,0,0,0,2,16,7,0,0,0,0,0,8,16,16,8,1,0,0,0,4,16,13,13,14,3,0,0,0,13,14,7,16,12,0,0,0,0,10,16,12,6,0,6
digit_01087,0,0,7,14,7,0,0,0,0,0,15,14,16,3,0,0,0,0,15,12,16,6,0,0,0,0,6,16,16,4,0,0,0,0,8,16,16,11,0,0,0,0,15,12,3,16,8,0,0,2,15,11,8,16,10,0,0,0,9,16,16,12,6,0,8
digit_01088,0,0,1,14,13,1,0,0,0,0,12,16,16,12,0,0,0,1,11,14,11,16,5,0,0,3,8,16,2,8,10,0,0,0,5,14,0,8,7,0,0,0,7,12,0,15,3,0,0,0,7,14,11,11,0,0,0,0,2,16,13,2,0,0,0
digit_01089,0,3,12,16,15,4,0,0,0,4,11,8,14,11,0,0,0,0,0,6,16,3,0,0,0,0,3,15,15,1,0,0,0,0,1,11,15,14,1,0,0,0,0,0,4,12,6,0,0,1,8,12,15,16,6,0,0,2,12,12,11,7,0,0,3
digit_01090,0,0,2,6,9,4,0,0,0,3,15,5,8,13,0,0,0,4,15,3,5,16,0,0,0,0,9,13,15,7,0,0,0,0,3,16,12,0,0,0,0,0,9,9,13,6,0,0,0,0,10,8,11,16,1,0,0,0,5,12,12,7,0,0,8
digit_01091,0,0,7,15,14,3,0,0,0,0,8,11,10,12,0,0,0,0,0,0,5,13,0,0,0,0,0,5,15,9,0,0,0,0,0,5,12,15,6,0,0,0,0,0,0,8,12,0,0,0,8,1,1,12,12,0,0,0,9,15,16,13,1,0,3
digit_01092,0,1,8,15,16,12,3,0,0,4,16,13,5,6,2,0,0,0,16,7,1,0,0,0,0,6,16,16,15,8,0,0,0,1,12,8,12,16,5,0,0,0,0,0,5,16,5,0,0,0,3,8,15,12,0,0,0,0,8,14,8,0,0,0,5
digit_01093,0,0,4,15,6,0,0,0,0,0,13,13,16,0,0,0,0,4,15,1,16,2,0,0,0,0,0,2,16,0,0,0,0,0,0,8,12,0,0,0,0,1,12,16,6,4,0,0,0,7,16,16,16,16,6,0,0,0,2,0,4,8,3,0,2
digit_01094,0,0,0,8,12,1,0,0,0,0,8,16,14,8,0,0,0,6,16,2,2,16,0,0,0,8,16,2,0,10,6,0,0,4,16,3,0,8,8,0,0,0,10,9,0,8,8,0,0,0,4,16,12,16,2,0,0,0,0,7,13,8,0,0,0
digit_01095,0,0,10,12,13,9,4,0,0,2,16,11,8,5,3,0,0,3,16,1,0,0,0,0,0,7,16,16,15,3,0,0,0,6,12,9,14,15,1,0,0,0,0,0,6,16,2,0,0,0,4,4,13,15,1,0,0,0,13,15,9,2,0,0,5
digit_01096,0,0,13,15,3,0,0,0,0,2,16,11,15,4,0,0,0,4,16,2,16,16,0,0,0,2,13,16,16,16,2,0,0,0,0,4,5,15,2,0,0,0,0,0,0,12,7,0,0,0,2,4,4,11,12,0,0,0,11,16,16,15,10,0,9
digit_01097,0,0,12,16,6,0,0,0,0,6,16,11,15,5,0,0,0,8,16,0,11,15,1,0,0,8,14,0,2,16,5,0,0,8,14,0,0,12,7,0,0,5,16,2,1,16,4,0,0,3,15,10,11,14,2,0,0,0,6,12,10,1,0,0,0
digit_01098,0,0,11,16,12,1,0,0,0,0,16,12,16,12,0,0,0,0,3,2,12,12,0,0,0,0,5,16,16,6,0,0,0,0,4,12,16,15,2,0,0,0,0,0,5,15,7,0,0,1,11,12,12,16,7,0,0,2,12,15,12,5,1,0,3
digit_01099,0,0,3,11,7,0,0,0,0,4,16,16,16,0,0,0,0,4,16,16,16,0,0,0,0,4,16,16,10,0,0,0,0,1,14,16,16,0,0,0,0,0,12,16,16,6,0,0,0,0,11,16,16,11,0,0,0,0,2,11,12,6,0,0,1
digit_01100,0,0,6,11,14,3,0,0,0,2,16,12,11,16,0,0,0,4,16,9,7,15,0,0,0,0,14,15,16,12,0,0,0,0,10,16,16,3,0,0,0,1,16,6,11,15,1,0,0,3,16,3,7,16,3,0,0,0,7,14,16,12,1,0,8
digit_01101,0,2,12,16,16,10,2,0,0,7,16,8,6,8,2,0,0,6,15,0,0,0,0,0,0,6,16,13,8,0,0,0,0,6,15,12,16,6,0,0,0,0,0,0,11,13,0,0,0,0,4,6,16,12,0,0,0,2,15,14,9,0,0,0,5
digit_01102,0,0,6,16,5,0,0,0,0,6,16,16,16,7,0,0,0,11,15,2,16,14,0,0,0,9,16,10,16,16,7,0,0,2,13,16,16,16,8,0,0,0,0,0,0,13,12,0,0,0,3,8,12,16,7,0,0,0,5,16,12,5,0,0,9
digit_01103,0,0,3,15,13,2,0,0,0,2,15,14,16,8,0,0,0,5,15,6,4,15,0,0,0,1,15,1,1,15,3,0,0,3,16,2,0,12,5,0,0,3,16,3,0,12,6,0,0,0,12,14,15,15,0,0,0,0,2,14,14,4,0,0,0
digit_01104,0,0,2,14,1,0,0,0,0,0,11,13,0,0,0,0,0,2,16,1,0,0,0,0,0,4,16,1,3,0,0,0,0,8,12,12,16,13,0,0,0,4,16,9,4,13,6,0,0,0,13,12,8,12,11,0,0,0,2,10,13,14,4,0,6
digit_01105,0,0,8,12,11,6,0,0,0,1,14,16,16,13,0,0,0,4,16,16,16,8,0,0,0,1,15,16,16,3,0,0,0,3,15,16,16,7,0,0,0,2,13,16,16,8,0,0,0,1,14,16,16,7,0,0,0,0,7,12,9,0,0,0,1
digit_01106,0,0,1,12,14,1,0,0,0,0,8,15,7,0,0,0,0,1,14,7,0,0,0,0,0,1,16,16,16,10,2,0,0,1,16,15,5,11,10,0,0,1,16,4,0,8,13,0,0,0,11,11,9,16,8,0,0,0,2,11,15,5,0,0,6
digit_01107,0,1,10,16,12,1,0,0,0,7,16,10,13,5,0,0,0,1,6,0,9,8,0,0,0,0,0,7,15,10,0,0,0,0,0,6,12,14,7,0,0,0,0,0,0,2,14,0,0,0,7,6,4,9,14,0,0,0,7,15,16,13,7,0,3
digit_01108,0,0,8,15,10,1,0,0,0,0,15,13,15,10,0,0,0,0,16,2,0,14,1,0,0,0,14,5,7,16,2,0,0,0,7,12,11,15,3,0,0,0,0,0,0,13,4,0,0,0,6,6,9,16,2,0,0,0,7,13,14,3,0,0,9
digit_01109,0,4,16,16,16,16,13,0,0,5,12,12,13,16,14,0,0,0,0,0,10,15,4,0,0,0,0,3,16,9,0,0,0,0,0,7,16,2,0,0,0,0,3,15,9,0,0,0,0,0,13,16,2,0,0,0,0,2,16,12,0,0,0,0,7
digit_01110,0,0,1,16,15,5,0,0,0,0,9,16,16,12,0,0,0,2,16,16,16,7,0,0,0,0,12,16,16,2,0,0,0,0,8,16,16,5,0,0,0,0,15,16,16,11,0,0,0,0,15,16,16,16,8,0,0,0,2,10,15,11,4,0,1
digit_01111,0,0,2,16,10,1,0,0,0,0,8,15,13,7,0,0,0,0,3,9,4,13,0,0,0,0,0,0,6,13,0,0,0,0,0,0,12,8,0,0,0,0,0,4,16,3,0,0,0,0,2,15,14,8,14,5,0,0,2,15,16,16,12,7,2
digit_01112,0,0,1,12,13,2,0,0,0,0,12,16,10,2,0,0,0,2,16,7,0,0,0,0,0,1,16,12,8,2,0,0,0,2,16,13,13,14,2,0,0,0,13,7,0,12,12,0,0,0,9,13,6,15,13,0,0,0,1,11,15,14,6,0,6
digit_01113,0,0,4,9,9,0,0,0,0,1,16,15,12,10,0,0,0,3,16,5,0,0,0,0,0,6,16,16,7,0,0,0,0,3,16,15,16,1,0,0,0,0,1,0,12,5,0,0,0,0,13,10,16,6,0,0,0,0,8,16,9,0,0,0,5
digit_01114,0,0,12,14,8,3,0,0,0,3,16,15,16,16,3,0,0,0,14,12,14,13,1,0,0,0,7,16,16,3,0,0,0,0,12,16,16,2,0,0,0,1,15,4,9,14,0,0,0,3,15,4,5,16,1,0,0,1,12,16,16,12,0,0,8
digit_01115,0,0,2,9,16,6,0,0,0,1,15,16,11,5,0,0,0,2,16,7,0,0,0,0,0,5,16,0,3,0,0,0,0,4,16,16,16,14,3,0,0,2,16,6,1,10,10,0,0,0,10,12,8,15,10,0,0,0,1,11,16,12,4,0,6
digit_01116,0,1,11,9,14,11,1,0,0,8,16,14,14,16,2,0,0,7,16,0,11,12,0,0,0,1,1,1,15,5,0,0,0,0,0,10,14,0,0,0,0,0,2,15,5,0,0,0,0,0,12,16,4,0,0,0,0,0,15,11,1,0,0,0,7
digit_01117,0,0,11,15,16,16,16,7,0,0,14,14,12,16,16,3,0,0,1,0,4,16,6,0,0,0,0,0,13,12,0,0,0,0,0,7,15,4,0,0,0,0,3,16,9,0,0,0,0,0,11,16,5,0,0,0,0,0,15,15,0,0,0,0,7
digit_01118,0,0,11,12,2,0,0,0,0,3,16,12,7,0,0,0,0,2,14,3,10,0,0,0,0,0,0,5,8,0,0,0,0,0,0,11,5,0,0,0,0,0,3,16,1,0,0,0,0,0,11,14,9,15,15,0,0,0,8,13,12,8,10,2,2
digit_01119,0,0,2,16,11,0,0,0,0,1,11,16,16,7,0,0,0,10,16,16,16,9,0,0,0,2,9,15,16,11,0,0,0,0,0,12,16,8,0,0,0,0,4,16,16,5,0,0,0,0,10,16,16,15,4,0,0,0,3,15,16,12,0,0,1
digit_01120,0,4,8,8,12,16,5,0,0,8,16,16,16,15,3,0,0,2,3,7,16,7,0,0,0,0,0,12,14,1,0,0,0,0,9,16,7,0,0,0,0,0,14,16,0,0,0,0,0,6,16,12,0,0,0,0,0,6,14,7,0,0,0,0,7
digit_01121,0,0,9,16,16,7,0,0,0,0,13,15,13,11,0,0,0,1,15,11,1,0,0,0,0,2,16,16,15,3,0,0,0,0,7,12,12,10,0,0,0,0,0,0,9,14,0,0,0,0,4,8,15,15,0,0,0,0,10,16,16,7,0,0,5
digit_01122,0,0,5,7,13,7,0,0,0,7,16,16,10,15,0,0,0,5,15,5,6,11,0,0,0,1,9,15,15,4,0,0,0,0,5,16,16,3,0,0,0,0,14,7,13,8,0,0,0,0,15,11,13,11,0,0,0,0,5,12,12,4,0,0,8
digit_01123,0,0,4,15,9,1,0,0,0,0,11,16,16,9,0,0,0,0,1,10,16,11,0,0,0,0,0,8,16,12,0,0,0,0,0,11,16,10,0,0,0,0,1,16,16,7,0,0,0,0,5,16,16,12,0,0,0,0,5,16,14,6,0,0,1
digit_01124,0,4,15,9,8,8,1,0,0,4,16,16,16,16,8,0,0,9,15,2,15,14,1,0,0,5,5,5,16,4,0,0,0,0,0,12,12,0,0,0,0,0,7,15,2,0,0,0,0,3,16,7,0,0,0,0,0,6,16,4,0,0,0,0,7
digit_01125,0,0,3,13,14,1,0,0,0,0,8,15,7,2,0,0,0,0,10,12,2,0,0,0,0,0,13,16,16,10,1,0,0,0,15,14,11,10,10,0,0,0,13,5,0,6,14,0,0,0,8,12,8,12,10,0,0,0,1,10,12,12,4,0,6
digit_01126,0,0,0,10,13,3,0,0,0,0,7,16,12,6,0,0,0,0,12,13,1,0,0,0,0,0,16,16,16,10,0,0,0,2,16,15,1,12,8,0,0,0,16,4,0,6,15,0,0,0,11,14,8,15,14,1,0,0,2,11,16,11,2,0,6
digit_01127,0,0,10,13,11,10,0,0,0,0,12,16,16,16,0,0,0,0,13,11,0,2,0,0,0,0,14,16,13,1,0,0,0,0,5,10,14,9,0,0,0,0,0,0,10,13,0,0,0,0,14,16,16,11,0,0,0,0,10,16,13,1,0,0,5
digit_01128,0,0,3,14,3,0,0,0,0,3,15,16,15,1,0,0,0,6,15,5,8,11,0,0,0,7,10,0,0,12,5,0,0,4,11,0,0,6,10,0,0,2,14,0,0,6,12,0,0,0,12,9,5,13,8,0,0,0,2,15,16,13,2,0,0
digit_01129,0,0,8,12,13,2,0,0,0,7,16,10,10,15,2,0,0,10,11,0,1,16,4,0,0,6,15,12,16,16,7,0,0,0,5,8,4,12,8,0,0,0,0,0,0,12,12,0,0,0,11,10,12,16,8,0,0,0,9,12,15,9,1,0,9
digit_01130,0,0,5,13,12,2,0,0,0,0,14,12,12,13,0,0,0,0,11,4,2,15,0,0,0,0,8,8,4,16,1,0,0,0,2,14,16,16,6,0,0,0,0,0,0,7,10,0,0,0,8,9,8,15,10,0,0,0,4,16,16,13,2,0,9
digit_01131,0,0,0,15,12,3,0,0,0,0,0,16,16,8,0,0,0,0,9,16,16,9,0,0,0,0,0,10,16,13,0,0,0,0,0,4,16,16,2,0,0,0,1,8,16,16,10,0,0,0,8,16,16,16,16,5,0,0,1,9,12,14,12,4,1
digit_01132,0,0,14,15,12,12,6,0,0,1,16,12,12,16,7,0,0,0,6,1,12,12,0,0,0,0,0,8,15,2,0,0,0,0,0,13,7,0,0,0,0,0,6,15,1,0,0,0,0,0,15,10,0,0,0,0,0,0,15,6,0,0,0,0,7
digit_01133,0,1,12,13,9,5,0,0,0,5,16,11,15,16,0,0,0,4,16,5,8,16,4,0,0,2,13,16,16,16,5,0,0,0,0,3,4,15,6,0,0,0,0,0,1,15,6,0,0,0,11,9,12,16,2,0,0,0,11,16,14,8,0,0,9
digit_01134,0,0,0,7,8,0,0,0,0,0,0,14,4,5,0,0,0,0,2,14,4,12,0,0,0,0,9,7,7,9,0,0,0,1,16,2,10,12,3,0,0,10,16,16,16,16,3,0,0,4,8,8,15,4,0,0,0,0,0,7,11,0,0,0,4
digit_01135,0,0,4,16,14,2,0,0,0,0,16,11,11,10,0,0,0,1,4,1,11,10,0,0,0,0,1,11,16,6,0,0,0,0,6,16,14,13,2,0,0,0,1,2,1,10,11,0,0,0,7,11,6,13,14,0,0,0,3,12,16,15,7,0,3
digit_01136,0,0,9,11,8,5,0,0,0,2,16,14,16,15,0,0,0,6,16,11,2,0,0,0,0,8,16,16,13,2,0,0,0,1,3,0,12,9,0,0,0,0,0,0,9,12,0,0,0,0,5,8,16,6,0,0,0,0,8,15,10,0,0,0,5
digit_01137,0,0,4,14,10,0,0,0,0,0,14,15,15,6,0,0,0,1,16,5,5,11,0,0,0,0,5,4,6,13,0,0,0,0,0,0,14,6,0,0,0,0,0,3,16,2,0,0,0,0,3,15,16,12,16,3,0,0,4,16,12,12,12,5,2
digit_01138,0,0,6,15,16,6,0,0,0,5,15,16,16,11,0,0,0,8,16,16,16,9,0,0,0,0,4,16,16,6,0,0,0,0,2,16,16,0,0,0,0,0,8,16,16,2,0,0,0,0,11,16,16,13,2,0,0,0,5,13,11,8,2,0,1
digit_01139,0,0,5,3,10,10,0,0,0,4,16,13,14,13,0,0,0,4,14,0,8,8,0,0,0,1,13,13,15,0,0,0,0,0,0,14,16,1,0,0,0,0,13,13,8,5,0,0,0,1,13,10,8,10,0,0,0,0,2,13,16,6,0,0,8
digit_01140,0,0,5,10,12,7,0,0,0,1,14,16,16,16,0,0,0,11,16,4,7,15,0,0,0,5,12,0,11,14,0,0,0,0,0,5,16,9,0,0,0,0,2,14,13,5,1,0,0,0,10,16,16,16,15,0,0,0,7,12,12,9,12,1,2
digit_01141,0,0,9,14,9,2,0,0,0,2,16,10,14,8,0,0,0,2,16,2,6,16,1,0,0,0,14,9,11,16,5,0,0,0,2,11,11,14,9,0,0,0,0,0,0,13,11,0,0,0,5,9,11,16,6,0,0,0,7,13,12,8,0,0,9
digit_01142,0,0,11,16,14,7,1,0,0,7,15,7,13,16,4,0,0,10,12,0,5,16,6,0,0,3,16,12,15,16,8,0,0,0,2,4,7,16,6,0,0,0,0,0,3,16,4,0,0,0,7,10,10,15,2,0,0,0,11,16,14,6,0,0,9
digit_01143,0,0,5,15,12,3,0,0,0,0,9,12,10,3,0,0,0,0,14,6,0,0,0,0,0,0,15,16,16,3,0,0,0,0,7,8,10,10,0,0,0,0,0,0,5,13,0,0,0,0,4,12,16,11,0,0,0,0,6,16,11,2,0,0,5
digit_01144,0,0,5,12,11,2,0,0,0,1,14,15,13,14,0,0,0,2,15,4,6,16,0,0,0,0,0,2,13,12,0,0,0,0,0,11,16,13,2,0,0,0,0,1,5,12,12,0,0,0,8,11,8,14,12,0,0,0,7,16,12,12,3,0,3
digit_01145,0,0,0,11,15,5,0,0,0,0,8,16,13,6,0,0,0,0,11,14,0,0,0,0,0,0,15,15,12,8,0,0,0,0,16,14,12,15,9,0,0,0,16,6,0,11,14,0,0,0,10,14,9,16,11,0,0,0,1,11,13,12,1,0,6
digit_01146,0,0,11,12,16,10,1,0,0,5,16,15,7,15,4,0,0,5,16,6,8,15,1,0,0,0,7,16,16,10,0,0,0,0,6,16,16,7,0,0,0,0,14,10,10,12,0,0,0,4,16,9,12,14,0,0,0,1,11,16,15,5,0,0,8
digit_01147,0,0,2,13,16,6,0,0,0,0,11,16,11,5,0,0,0,0,15,6,0,0,0,0,0,4,16,4,10,2,0,0,0,3,14,15,16,14,1,0,0,3,16,8,0,14,9,0,0,0,13,8,5,16,5,0,0,0,4,13,16,10,0,0,6
digit_01148,0,0,0,5,4,1,0,0,0,0,0,14,8,12,0,0,0,0,4,13,4,12,0,0,0,0,12,5,7,9,0,0,0,2,16,4,13,16,7,0,0,10,16,16,16,11,1,0,0,5,6,7,15,0,0,0,0,0,0,7,7,0,0,0,4
digit_01149,0,0,0,11,8,0,0,0,0,0,0,13,7,0,0,0,0,0,3,16,6,15,0,0,0,0,9,11,7,14,0,0,0,1,15,6,12,13,1,0,0,7,16,16,16,16,11,0,0,5,12,13,16,8,3,0,0,0,0,12,12,0,0,0,4
digit_01150,0,0,10,16,16,8,0,0,0,0,15,14,9,9,0,0,0,3,16,5,0,0,0,0,0,2,16,16,10,0,0,0,0,0,11,13,15,6,0,0,0,0,0,0,10,11,0,0,0,0,5,11,15,13,0,0,0,0,7,16,15,4,0,0,5
digit_01151,0,0,5,12,8,2,0,0,0,0,12,6,8,13,0,0,0,2,10,0,0,12,2,0,0,0,14,12,12,10,0,0,0,0,1,15,16,7,0,0,0,0,14,8,0,9,1,0,0,0,14,2,1,12,2,0,0,0,8,12,12,6,0,0,8
digit_01152,0,0,4,11,4,0,0,0,0,0,12,15,16,14,0,0,0,4,15,0,5,12,6,0,0,6,10,0,0,7,8,0,0,7,8,0,0,8,8,0,0,6,13,0,1,13,3,0,0,2,16,10,12,13,0,0,0,0,6,13,12,1,0,0,0
digit_01153,0,0,3,16,11,0,0,0,0,0,5,16,16,0,0,0,0,1,11,16,15,0,0,0,0,3,15,16,15,0,0,0,0,0,2,16,14,0,0,0,0,0,0,15,16,0,0,0,0,0,1,16,16,2,0,0,0,0,1,11,14,5,0,0,1
digit_01154,0,0,3,14,7,1,0,0,0,0,11,15,16,12,0,0,0,0,14,8,0,13,4,0,0,1,16,2,0,12,6,0,0,1,16,2,0,13,7,0,0,2,16,0,4,16,1,0,0,0,13,10,15,13,0,0,0,0,6,15,12,6,0,0,0
digit_01155,0,0,9,13,4,0,0,0,0,1,16,9,11,0,0,0,0,2,11,0,13,0,0,0,0,0,2,3,13,0,0,0,0,0,0,11,5,0,0,0,0,0,3,14,1,0,0,0,0,0,11,14,10,8,11,0,0,0,11,13,12,12,14,2,2
digit_01156,0,0,7,11,13,7,0,0,0,1,15,15,13,15,2,0,0,4,16,4,5,14,4,0,0,0,10,16,16,13,2,0,0,0,7,15,16,3,0,0,0,1,16,9,8,15,0,0,0,3,15,6,9,16,0,0,0,0,6,16,15,6,0,0,8
digit_01157,0,0,4,14,15,8,1,0,0,0,14,14,12,15,7,0,0,3,15,1,0,9,7,0,0,6,12,0,0,8,8,0,0,8,11,0,0,9,8,0,0,8,12,0,0,14,5,0,0,3,16,9,14,11,0,0,0,0,6,14,11,0,0,0,0
digit_01158,0,2,12,16,16,16,14,0,0,9,16,16,15,16,6,0,0,11,13,0,11,14,0,0,0,0,0,2,16,6,0,0,0,0,0,12,14,1,0,0,0,0,4,16,6,0,0,0,0,0,11,16,1,0,0,0,0,2,15,13,0,0,0,0,7
digit_01159,0,0,1,7,12,5,0,0,0,0,4,16,9,6,0,0,0,0,11,8,0,0,0,0,0,0,15,8,8,5,0,0,0,0,16,16,12,16,2,0,0,0,15,5,0,15,5,0,0,0,11,9,8,16,4,0,0,0,2,14,15,8,0,0,6
digit_01160,0,0,5,10,12,2,0,0,0,2,16,13,11,11,0,0,0,7,14,0,4,15,0,0,0,1,6,0,10,12,0,0,0,0,0,2,16,6,0,0,0,0,0,9,12,0,0,0,0,0,4,16,16,16,16,2,0,0,7,15,11,8,8,1,2
digit_01161,0,0,7,13,16,8,0,0,0,9,16,12,8,16,2,0,0,4,7,0,6,15,1,0,0,0,4,13,16,8,0,0,0,0,6,13,15,16,3,0,0,0,0,0,2,11,12,0,0,0,7,8,4,14,12,0,0,0,10,16,16,14,4,0,3
digit_01162,0,0,10,15,10,0,0,0,0,10,15,10,16,6,0,0,0,2,2,13,15,1,0,0,0,0,4,16,16,5,0,0,0,0,0,3,7,15,5,0,0,0,0,0,0,9,13,0,0,0,13,7,5,11,14,0,0,0,7,16,16,14,3,0,3
digit_01163,0,0,0,11,14,2,0,0,0,0,9,16,12,6,0,0,0,2,15,8,0,0,0,0,0,0,16,4,3,1,0,0,0,0,16,14,16,15,3,0,0,0,13,14,2,4,14,1,0,0,7,14,5,8,16,4,0,0,1,9,15,14,7,0,6
digit_01164,0,0,10,14,11,9,0,0,0,0,9,12,8,9,0,0,0,0,11,9,1,0,0,0,0,0,15,16,14,2,0,0,0,0,12,2,10,6,0,0,0,0,0,0,0,13,0,0,0,0,7,5,8,12,0,0,0,0,10,16,15,4,0,0,5
digit_01165,0,1,11,14,12,6,0,0,0,8,15,7,11,15,0,0,0,11,9,0,8,16,4,0,0,8,14,13,16,16,7,0,0,0,6,9,4,15,8,0,0,0,0,0,0,11,10,0,0,0,9,8,11,16,3,0,0,0,14,14,11,5,0,0,9
digit_01166,0,0,8,11,15,4,0,0,0,0,14,14,12,6,0,0,0,0,11,9,0,0,0,0,0,0,10,16,14,2,0,0,0,0,4,8,9,14,2,0,0,0,0,0,0,15,2,0,0,0,4,11,13,16,1,0,0,0,4,15,12,9,0,0,5
digit_01167,0,0,8,12,14,15,15,1,0,3,15,16,14,16,15,2,0,0,10,2,5,16,7,0,0,0,0,1,14,12,0,0,0,0,0,6,16,5,0,0,0,0,0,15,12,0,0,0,0,0,6,16,7,0,0,0,0,0,11,16,3,0,0,0,7
digit_01168,0,0,7,8,8,8,0,0,0,0,12,16,14,12,0,0,0,0,15,5,2,0,0,0,0,0,14,16,13,2,0,0,0,0,7,4,12,9,0,0,0,0,0,0,6,12,0,0,0,0,11,12,16,10,0,0,0,0,8,13,8,1,0,0,5
digit_01169,0,0,3,12,15,3,0,0,0,0,14,15,14,4,0,0,0,1,16,15,1,0,0,0,0,3,16,16,5,2,1,0,0,2,16,11,4,8,10,0,0,2,16,2,0,6,13,0,0,0,11,11,4,11,10,0,0,0,1,10,13,10,3,0,6
digit_01170,0,0,5,15,11,9,1,0,0,0,10,16,12,14,7,0,0,0,15,2,0,10,8,0,0,2,12,0,0,11,8,0,0,4,10,0,0,12,5,0,0,8,10,0,3,15,1,0,0,2,15,12,14,9,0,0,0,0,6,14,9,1,0,0,0
digit_01171,0,0,0,10,14,0,0,0,0,0,4,16,7,0,0,0,0,0,8,16,6,8,0,0,0,0,14,9,8,15,0,0,0,4,16,3,11,15,6,0,0,10,16,16,16,16,9,0,0,6,12,13,16,7,0,0,0,0,0,12,16,2,0,0,4
digit_01172,0,0,1,10,14,13,2,0,0,0,9,15,13,16,5,0,0,0,0,0,0,11,5,0,0,0,0,0,4,13,0,0,0,0,8,16,16,13,2,0,0,0,8,14,16,10,1,0,0,0,0,12,7,0,0,0,0,0,0,14,2,0,0,0,7
digit_01173,0,0,7,15,8,2,0,0,0,0,12,16,14,5,0,0,0,0,12,16,16,4,0,0,0,0,12,16,16,2,0,0,0,0,13,16,16,2,0,0,0,0,14,16,16,0,0,0,0,1,14,16,16,14,1,0,0,1,8,16,11,8,0,0,1
digit_01174,0,0,6,9,4,1,0,0,0,0,6,16,16,9,1,0,0,0,4,16,1,13,7,0,0,0,0,14,5,12,8,0,0,1,10,15,16,10,0,0,0,6,15,9,16,1,0,0,0,7,13,8,14,4,0,0,0,0,6,10,13,1,0,0,8
digit_01175,0,0,5,12,8,1,0,0,0,0,15,16,16,8,0,0,0,0,15,16,16,6,0,0,0,1,14,16,16,4,0,0,0,2,15,16,16,9,0,0,0,0,6,16,16,14,1,0,0,0,8,16,16,15,0,0,0,0,4,12,10,4,0,0,1
digit_01176,0,0,0,2,15,3,0,0,0,0,0,8,14,0,0,0,0,0,0,12,8,2,4,0,0,0,4,15,2,15,8,0,0,4,13,14,9,16,6,0,3,16,16,16,16,14,0,0,1,6,4,4,13,9,0,0,0,0,0,3,16,4,0,0,4
digit_01177,0,0,7,16,10,0,0,0,0,1,13,14,16,8,0,0,0,5,16,4,7,13,0,0,0,4,16,4,0,13,5,0,0,7,16,0,0,12,8,0,0,2,15,7,0,10,11,0,0,0,12,15,12,16,5,0,0,0,6,15,16,8,0,0,0
digit_01178,0,0,4,14,16,11,0,0,0,0,12,12,16,15,0,0,0,0,0,1,16,11,0,0,0,0,2,9,16,9,0,0,0,0,13,16,16,16,9,0,0,0,2,15,12,8,1,0,0,0,4,16,9,0,0,0,0,0,5,15,7,0,0,0,7
digit_01179,0,0,3,12,15,3,0,0,0,0,9,15,15,7,0,0,0,0,12,14,12,1,0,0,0,0,8,16,16,14,0,0,0,0,0,0,0,13,7,0,0,0,0,0,0,7,12,0,0,2,16,10,8,13,10,0,0,0,6,11,16,14,3,0,5
digit_01180,0,0,0,3,15,5,0,0,0,0,0,6,16,2,0,0,0,0,0,6,16,3,0,0,0,0,2,13,5,12,2,0,0,5,13,13,9,16,1,0,4,16,16,16,16,15,0,0,2,9,7,4,13,9,0,0,0,0,0,5,16,5,0,0,4
digit_01181,0,3,13,16,16,6,0,0,0,4,16,9,14,12,0,0,0,0,8,3,14,7,0,0,0,0,0,12,16,3,0,0,0,0,0,5,15,15,1,0,0,0,0,0,1,16,10,0,0,2,12,8,11,16,7,0,0,2,15,16,15,9,0,0,3
digit_01182,0,1,14,16,9,0,0,0,0,8,16,12,15,6,0,0,0,6,16,7,5,14,0,0,0,4,16,4,0,14,4,0,0,4,16,3,0,10,6,0,0,6,16,1,0,10,8,0,0,3,16,9,7,15,6,0,0,1,15,16,15,9,0,0,0
digit_01183,0,0,8,16,11,0,0,0,0,1,15,15,14,9,0,0,0,1,15,12,0,12,6,0,0,0,16,7,0,10,4,0,0,0,16,6,0,10,8,0,0,3,16,3,0,15,3,0,0,1,14,14,12,16,0,0,0,0,7,13,16,8,0,0,0
digit_01184,0,0,8,14,12,2,0,0,0,3,16,12,15,6,0,0,0,3,7,7,13,9,0,0,0,0,5,15,16,3,0,0,0,0,0,7,14,14,1,0,0,0,0,0,3,16,5,0,0,0,7,5,10,16,5,0,0,0,13,10,8,3,0,0,3
digit_01185,0,1,9,15,5,0,0,0,0,6,16,13,15,3,0,0,0,12,11,0,12,14,0,0,0,5,15,11,15,16,3,0,0,0,4,8,10,16,5,0,0,0,0,0,0,12,12,0,0,0,6,4,7,14,13,0,0,0,7,14,14,12,5,0,9
digit_01186,0,2,14,16,11,0,0,0,0,8,15,7,16,0,0,0,0,1,2,0,15,1,0,0,0,0,2,12,14,0,0,0,0,0,1,11,14,11,0,0,0,0,0,0,2,14,5,0,0,2,8,3,4,10,12,0,0,1,13,16,16,14,4,0,3
digit_01187,0,0,3,11,16,16,10,0,0,0,11,10,8,16,7,0,0,0,0,0,4,16,2,0,0,0,1,4,13,11,0,0,0,0,10,16,16,16,9,0,0,0,4,13,13,8,2,0,0,0,2,14,6,0,0,0,0,0,4,12,1,0,0,0,7
digit_01188,0,0,1,13,12,14,7,0,0,0,5,12,9,16,2,0,0,0,0,0,3,13,0,0,0,0,0,0,10,7,0,0,0,0,7,16,16,10,1,0,0,0,9,14,16,11,1,0,0,0,0,15,5,0,0,0,0,0,1,15,2,0,0,0,7
digit_01189,0,0,0,0,10,7,0,0,0,0,0,0,15,5,0,0,0,0,0,4,16,3,0,0,0,0,0,7,15,3,0,0,0,3,7,14,12,16,1,0,1,14,16,16,16,15,0,0,0,9,10,14,16,16,0,0,0,0,0,0,12,9,0,0,4
digit_01190,0,0,4,16,16,8,0,0,0,2,16,10,12,16,4,0,0,4,16,4,10,16,4,0,0,3,16,16,16,16,1,0,0,0,0,0,4,16,4,0,0,0,0,0,2,16,1,0,0,0,0,6,11,16,0,0,0,0,4,13,9,3,0,0,9
digit_01191,0,1,11,16,15,2,0,0,0,4,12,8,14,8,0,0,0,1,1,2,15,6,0,0,0,0,0,7,16,4,0,0,0,0,0,1,13,13,0,0,0,0,0,0,2,16,7,0,0,0,10,11,8,15,8,0,0,0,8,14,16,12,1,0,3
digit_01192,0,0,0,8,14,5,0,0,0,0,0,9,16,14,2,0,0,0,0,11,16,13,1,0,0,0,6,16,16,7,0,0,0,3,13,16,16,4,0,0,0,3,11,15,16,12,0,0,0,0,0,10,16,15,3,0,0,0,0,8,16,15,6,0,1
digit_01193,0,0,3,15,12,2,0,0,0,1,16,14,13,11,0,0,0,5,16,12,0,11,5,0,0,4,11,11,0,3,8,0,0,6,8,0,0,4,8,0,0,4,11,0,0,9,7,0,0,0,15,13,9,13,5,0,0,0,3,12,14,12,0,0,0
digit_01194,0,0,0,10,13,3,0,0,0,0,0,16,16,8,0,0,0,0,4,16,16,7,0,0,0,2,15,16,16,10,0,0,0,6,16,16,16,13,0,0,0,0,0,8,16,14,0,0,0,0,0,11,16,16,1,0,0,0,0,12,12,7,0,0,1
digit_01195,0,0,0,9,14,14,12,6,0,0,3,8,8,11,16,7,0,0,0,0,1,12,12,0,0,0,3,4,11,14,0,0,0,0,13,16,16,15,4,0,0,0,0,10,11,0,0,0,0,0,0,14,9,0,0,0,0,0,0,15,4,0,0,0,7
digit_01196,0,0,2,14,16,13,0,0,0,0,15,9,7,9,0,0,0,0,14,6,5,4,0,0,0,0,11,16,16,16,3,0,0,0,1,5,4,11,8,0,0,0,3,0,0,7,9,0,0,2,16,11,4,8,10,0,0,0,1,10,14,15,3,0,5
digit_01197,0,0,4,13,16,15,4,0,0,3,16,10,8,16,4,0,0,3,10,0,3,16,4,0,0,0,0,11,16,15,0,0,0,0,0,3,14,16,6,0,0,0,0,0,2,16,9,0,0,0,2,12,8,16,8,0,0,0,3,16,16,13,1,0,3
digit_01198,0,0,8,14,13,1,0,0,0,3,16,16,16,7,0,0,0,4,16,3,11,8,0,0,0,0,4,0,15,4,0,0,0,0,0,3,15,1,0,0,0,0,7,14,15,5,2,0,0,1,16,16,16,16,15,0,0,0,6,4,6,9,11,0,2
digit_01199,0,0,6,11,4,0,0,0,0,0,12,16,14,0,0,0,0,0,12,16,6,1,0,0,0,0,5,16,16,5,0,0,0,0,12,16,16,4,0,0,0,0,12,16,16,9,0,0,0,0,13,16,16,12,0,0,0,0,8,12,11,6,0,0,1
digit_01200,0,0,0,16,11,4,0,0,0,0,2,16,16,12,0,0,0,0,10,16,16,8,0,0,0,2,16,16,16,4,0,0,0,2,11,16,16,4,0,0,0,0,1,16,16,6,0,0,0,0,0,14,16,16,6,0,0,0,0,12,16,15,6,0,1
digit_01201,0,0,0,9,15,10,0,0,0,0,2,16,16,16,0,0,0,0,0,15,16,16,0,0,0,0,2,16,16,12,0,0,0,0,14,16,16,12,0,0,0,4,16,16,16,11,0,0,0,0,0,12,16,16,4,0,0,0,0,14,15,10,2,0,1
digit_01202,0,0,13,14,5,0,0,0,0,3,16,15,16,3,0,0,0,7,11,1,13,4,0,0,0,1,2,2,15,2,0,0,0,0,0,9,12,0,0,0,0,0,8,16,4,1,1,0,0,0,16,16,16,16,8,0,0,0,11,12,10,11,7,0,2
digit_01203,0,0,7,13,14,6,0,0,0,2,16,16,16,14,0,0,0,3,16,9,4,2,0,0,0,2,16,16,14,5,0,0,0,0,6,8,9,15,7,0,0,0,0,0,0,8,12,0,0,0,11,4,5,14,11,0,0,0,8,16,16,13,1,0,5
digit_01204,0,0,9,16,14,1,0,0,0,4,16,14,15,8,0,0,0,8,16,5,3,15,2,0,0,7,13,0,0,15,4,0,0,8,12,0,0,12,5,0,0,5,14,1,2,14,4,0,0,0,16,16,16,13,1,0,0,0,8,14,11,3,0,0,0
digit_01205,0,0,0,7,8,2,0,0,0,0,2,15,16,8,0,0,0,0,4,16,16,8,0,0,0,0,8,16,16,9,0,0,0,3,16,16,16,16,0,0,0,1,6,9,16,16,0,0,0,0,0,7,16,16,2,0,0,0,0,7,11,3,0,0,1
digit_01206,0,0,3,14,8,0,0,0,0,8,16,16,16,6,0,0,0,11,14,4,7,14,0,0,0,9,10,0,0,12,7,0,0,6,11,0,0,6,8,0,0,0,16,4,0,4,12,0,0,0,10,14,10,14,10,0,0,0,2,12,16,13,2,0,0
digit_01207,0,0,12,13,9,2,0,0,0,3,16,16,16,7,0,0,0,2,16,5,0,0,0,0,0,0,14,16,14,3,0,0,0,0,1,4,10,15,3,0,0,0,0,0,0,9,12,0,0,0,13,12,12,13,13,0,0,0,6,12,14,14,5,0,5
digit_01208,0,0,2,11,15,8,0,0,0,0,14,13,13,8,0,0,0,0,14,8,8,4,0,0,0,0,7,16,16,14,2,0,0,0,1,4,1,13,6,0,0,0,0,0,0,7,13,0,0,0,10,7,2,7,12,0,0,0,2,10,14,16,7,0,5
digit_01209,0,0,12,10,2,0,0,0,0,2,16,8,10,2,0,0,0,0,16,0,10,10,0,0,0,0,5,10,12,15,0,0,0,0,0,6,8,14,3,0,0,0,0,0,0,5,12,0,0,0,0,1,4,9,13,0,0,0,10,15,16,15,5,0,9
digit_01210,0,0,1,12,7,0,0,0,0,0,14,16,6,0,0,0,0,2,16,5,0,0,0,0,0,1,16,2,0,0,0,0,0,3,16,11,5,3,0,0,0,1,16,15,14,16,8,0,0,0,11,16,5,7,16,5,0,0,1,10,16,16,13,1,6
digit_01211,0,1,11,14,14,3,0,0,0,9,14,10,11,14,0,0,0,8,8,0,9,12,0,0,0,3,3,8,16,6,0,0,0,0,0,8,14,16,2,0,0,0,0,0,0,10,12,0,0,0,5,6,4,12,13,0,0,0,11,12,15,14,6,0,3
digit_01212,0,0,0,1,16,8,0,0,0,0,0,3,16,6,0,0,0,0,0,7,15,9,3,0,0,0,3,14,8,16,4,0,0,7,15,14,12,16,3,0,3,15,16,16,16,16,1,0,1,4,4,4,14,13,0,0,0,0,0,1,16,7,0,0,4
digit_01213,0,0,3,15,16,16,6,0,0,0,11,15,12,16,2,0,0,0,0,0,11,13,0,0,0,0,4,8,16,8,2,0,0,0,14,16,16,16,10,0,0,0,3,13,12,6,1,0,0,0,1,16,6,0,0,0,0,0,7,15,2,0,0,0,7
digit_01214,0,0,0,4,16,1,0,0,0,0,0,6,14,0,0,0,0,0,0,11,10,9,2,0,0,0,4,16,8,16,4,0,0,5,14,11,11,16,2,0,3,15,16,16,16,14,0,0,3,12,11,14,16,13,0,0,0,0,0,7,16,7,0,0,4
digit_01215,0,0,10,16,14,6,0,0,0,0,14,16,9,15,3,0,0,0,10,16,5,15,4,0,0,0,3,16,16,13,1,0,0,0,12,16,16,10,0,0,0,2,16,5,10,14,0,0,0,7,16,8,7,16,3,0,0,0,9,14,16,11,1,0,8
digit_01216,0,1,12,8,0,0,0,0,0,9,16,14,9,0,0,0,0,9,8,0,16,0,0,0,0,1,0,4,13,0,0,0,0,0,0,9,7,0,0,0,0,0,1,13,3,0,0,0,0,1,15,15,11,10,7,0,0,0,11,12,12,12,11,0,2
digit_01217,0,0,0,1,16,5,0,0,0,0,0,4,16,6,0,0,0,0,0,7,15,3,2,0,0,0,1,14,8,16,7,0,0,3,12,15,9,16,2,0,2,15,16,16,16,15,0,0,0,3,7,8,15,12,0,0,0,0,0,1,16,9,0,0,4
digit_01218,0,0,6,8,0,0,0,0,0,0,11,14,0,0,0,0,0,0,13,7,0,0,0,0,0,0,16,7,0,0,0,0,0,0,16,9,6,0,0,0,0,4,16,16,16,14,2,0,0,2,14,14,8,16,9,0,0,0,6,15,16,16,6,0,6
digit_01219,0,0,0,9,9,1,0,0,0,0,10,16,10,12,1,0,0,0,5,14,1,12,4,0,0,0,0,11,15,16,2,0,0,0,3,12,16,9,0,0,0,1,12,10,4,16,7,0,0,2,15,5,0,11,12,0,0,0,1,10,13,13,6,0,8
digit_01220,0,0,13,16,5,0,0,0,0,4,15,13,13,0,0,0,0,7,8,3,16,1,0,0,0,9,3,4,16,0,0,0,0,0,0,8,10,0,0,0,0,0,2,15,5,0,0,0,0,0,12,16,16,16,7,0,0,0,13,12,9,15,7,0,2
digit_01221,0,0,10,16,14,3,0,0,0,2,16,10,14,12,0,0,0,0,7,4,14,8,0,0,0,0,0,8,16,9,0,0,0,0,0,0,7,16,4,0,0,0,0,0,0,13,7,0,0,8,11,5,4,16,4,0,0,1,11,15,16,8,1,0,3
digit_01222,0,0,0,9,14,0,0,0,0,0,0,13,11,0,4,0,0,0,2,16,6,6,15,0,0,0,9,14,0,14,10,0,0,12,16,14,13,15,1,0,0,11,14,14,16,12,0,0,0,0,0,7,16,5,0,0,0,0,0,14,13,0,0,0,4
digit_01223,0,0,11,15,6,0,0,0,0,0,10,16,8,0,0,0,0,0,8,16,16,0,0,0,0,2,12,16,14,2,0,0,0,0,6,16,16,7,0,0,0,0,8,16,16,9,0,0,0,0,12,16,16,15,3,0,0,0,8,15,12,5,1,0,1
digit_01224,0,0,6,9,13,11,2,0,0,7,16,16,16,16,3,0,0,8,16,10,6,0,0,0,0,5,16,16,16,13,1,0,0,0,0,3,6,16,4,0,0,3,0,0,0,12,5,0,0,5,16,9,8,14,6,0,0,0,5,10,12,10,0,0,5
digit_01225,0,1,10,10,6,0,0,0,0,4,15,11,15,7,0,0,0,2,14,1,11,14,0,0,0,0,11,16,16,16,0,0,0,0,0,0,0,16,3,0,0,0,0,0,0,11,8,0,0,2,8,8,8,12,12,0,0,2,12,12,16,13,5,0,9
digit_01226,0,0,8,16,15,4,0,0,0,0,8,16,16,10,0,0,0,0,8,16,16,7,0,0,0,0,8,16,16,4,0,0,0,2,16,16,16,4,0,0,0,0,12,16,16,4,0,0,0,0,7,16,16,11,0,0,0,0,7,16,16,13,4,0,1
digit_01227,0,0,7,11,15,6,0,0,0,3,16,15,12,4,0,0,0,5,16,13,14,8,0,0,0,6,15,11,8,15,6,0,0,0,0,0,0,8,8,0,0,0,0,0,0,4,8,0,0,0,13,9,8,13,5,0,0,0,6,11,14,9,0,0,5
digit_01228,0,1,12,16,16,8,0,0,0,4,10,8,8,4,0,0,0,9,11,6,7,0,0,0,0,4,16,16,16,11,0,0,0,0,0,0,1,16,4,0,0,0,0,0,0,16,6,0,0,0,5,8,11,14,2,0,0,0,15,13,10,1,0,0,5
digit_01229,0,0,7,13,16,8,0,0,0,0,16,14,10,16,2,0,0,0,9,14,4,16,1,0,0,0,1,16,16,14,0,0,0,0,8,16,16,3,0,0,0,2,16,13,14,15,1,0,0,4,16,7,5,16,6,0,0,0,10,15,16,15,2,0,8
digit_01230,0,0,6,16,8,0,0,0,0,0,14,10,11,7,0,0,0,0,16,1,3,16,1,0,0,0,11,10,13,16,5,0,0,0,2,8,8,9,10,0,0,0,0,0,0,2,14,0,0,0,0,0,1,5,15,1,0,0,6,15,16,14,5,0,9
digit_01231,0,1,9,15,2,0,0,0,0,10,14,14,7,0,0,0,0,5,3,10,8,0,0,0,0,0,0,14,4,0,0,0,0,0,2,16,0,0,0,0,0,0,10,12,1,0,0,0,0,2,16,16,16,14,8,0,0,0,7,9,14,16,7,0,2
digit_01232,0,0,5,15,10,0,0,0,0,1,15,12,13,10,0,0,0,5,16,2,1,11,3,0,0,5,14,2,0,4,8,0,0,4,12,0,0,4,8,0,0,3,14,2,0,9,9,0,0,0,12,12,7,14,9,0,0,0,5,16,16,10,0,0,0
digit_01233,0,0,0,8,11,0,0,0,0,0,5,14,7,0,0,0,0,0,12,10,0,0,0,0,0,4,16,3,0,0,0,0,0,5,15,12,10,3,0,0,0,4,16,12,8,15,5,0,0,0,10,15,6,10,15,0,0,0,0,7,12,12,8,0,6
digit_01234,0,0,2,14,11,4,0,0,0,1,14,16,13,16,2,0,0,4,16,10,3,15,3,0,0,0,9,16,14,14,2,0,0,1,12,16,16,4,0,0,0,5,16,9,11,13,0,0,0,1,14,13,10,16,7,0,0,0,4,9,13,11,1,0,8
digit_01235,0,0,9,14,10,1,0,0,0,3,13,2,8,9,0,0,0,4,12,0,4,16,1,0,0,1,14,8,11,16,6,0,0,0,1,6,3,10,7,0,0,0,0,0,0,8,8,0,0,3,8,3,1,10,8,0,0,1,9,11,16,12,1,0,9
digit_01236,0,0,11,12,4,0,0,0,0,4,16,8,14,7,0,0,0,5,16,7,6,15,1,0,0,0,12,16,16,16,2,0,0,0,0,1,0,7,9,0,0,0,0,0,0,4,12,0,0,0,4,8,10,14,12,0,0,0,10,12,9,7,0,0,9
digit_01237,0,0,10,16,16,16,5,0,0,0,2,4,10,16,5,0,0,0,0,0,9,12,0,0,0,0,4,14,16,13,6,0,0,0,6,15,16,15,7,0,0,0,0,14,10,0,0,0,0,0,6,16,7,0,0,0,0,0,11,15,0,0,0,0,7
digit_01238,0,1,12,12,11,5,0,0,0,5,15,8,12,15,2,0,0,7,12,0,9,16,3,0,0,3,15,9,10,16,7,0,0,0,5,11,16,16,8,0,0,0,0,0,1,14,10,0,0,0,7,8,11,16,2,0,0,0,12,16,13,6,0,0,9
digit_01239,0,1,10,16,13,4,0,0,0,9,13,4,11,15,0,0,0,0,0,0,4,16,1,0,0,0,0,3,13,11,0,0,0,0,0,7,16,14,2,0,0,0,0,0,4,15,8,0,0,0,5,4,5,14,9,0,0,0,15,16,14,9,0,0,3
digit_01240,0,0,8,16,8,0,0,0,0,0,10,16,16,0,0,0,0,0,6,10,16,4,0,0,0,0,0,0,16,2,0,0,0,0,0,7,13,0,0,0,0,0,1,14,8,0,0,0,0,0,13,16,16,16,14,0,0,0,8,12,11,8,14,0,2
digit_01241,0,0,3,12,6,0,0,0,0,0,16,16,16,8,0,0,0,0,14,14,7,15,0,0,0,0,5,16,15,8,0,0,0,0,0,13,16,0,0,0,0,2,14,10,13,7,0,0,0,3,15,7,9,15,0,0,0,0,5,12,11,5,0,0,8
digit_01242,0,1,11,13,5,0,0,0,0,7,12,7,15,4,0,0,0,8,4,0,8,12,0,0,0,2,6,0,0,13,0,0,0,0,0,1,8,3,0,0,0,0,0,11,8,0,0,0,0,1,12,16,13,8,2,0,0,2,12,12,12,12,12,0,2
digit_01243,0,3,13,16,13,1,0,0,0,11,11,8,14,8,0,0,0,5,1,0,5,14,0,0,0,0,0,0,5,11,0,0,0,0,0,1,14,3,0,0,0,0,0,9,11,0,0,0,0,0,11,16,15,12,7,0,0,1,8,8,9,13,7,0,2
digit_01244,0,3,14,16,12,2,0,0,0,11,12,4,12,8,0,0,0,1,1,0,12,7,0,0,0,0,0,9,16,6,0,0,0,0,0,4,11,16,2,0,0,0,0,0,0,8,11,0,0,1,8,6,7,14,6,0,0,2,11,16,12,8,0,0,3
digit_01245,0,0,8,10,16,13,0,0,0,4,16,16,16,16,1,0,0,6,16,12,8,15,5,0,0,6,16,1,0,12,8,0,0,5,13,0,1,14,6,0,0,4,14,2,12,16,2,0,0,2,16,16,16,8,0,0,0,0,9,12,7,0,0,0,0
digit_01246,0,0,6,15,8,0,0,0,0,0,13,15,16,4,0,0,0,0,15,6,15,13,0,0,0,0,15,12,16,16,1,0,0,0,3,11,7,12,6,0,0,0,0,0,0,6,11,0,0,0,1,4,2,7,14,0,0,0,7,14,16,15,9,0,9
digit_01247,0,2,16,14,2,0,0,0,0,6,14,12,14,0,0,0,0,7,12,8,15,0,0,0,0,2,5,8,12,0,0,0,0,0,0,15,1,0,0,0,0,0,5,13,0,0,0,0,0,1,13,14,9,8,2,0,0,2,14,15,12,16,10,0,2
digit_01248,0,1,5,11,13,5,0,0,0,10,16,16,15,3,0,0,0,10,13,0,0,0,0,0,0,10,14,8,8,3,0,0,0,2,12,13,13,16,5,0,0,0,0,0,0,11,14,0,0,0,2,11,8,14,15,0,0,0,2,11,16,14,6,0,5
digit_01249,0,1,10,12,12,2,0,0,0,7,15,8,12,8,0,0,0,0,2,0,13,7,0,0,0,0,0,7,16,4,0,0,0,0,0,5,13,13,1,0,0,0,0,0,1,11,9,0,0,0,8,4,6,14,8,0,0,2,12,16,14,9,1,0,3
digit_01250,0,0,14,14,13,15,5,0,0,0,16,14,12,6,0,0,0,4,16,11,8,1,0,0,0,3,16,16,16,9,0,0,0,0,0,0,5,16,2,0,0,0,0,0,3,16,4,0,0,0,6,9,15,14,0,0,0,0,12,16,10,2,0,0,5
digit_01251,0,0,0,1,16,14,1,0,0,0,0,10,16,14,0,0,0,3,9,16,16,3,0,0,0,5,16,16,16,4,0,0,0,0,0,14,16,4,0,0,0,0,0,9,16,8,0,0,0,0,0,5,16,12,0,0,0,0,0,2,15,14,2,0,1
digit_01252,0,1,9,12,12,2,0,0,0,7,12,4,11,10,0,0,0,0,1,0,11,8,0,0,0,0,2,15,16,2,0,0,0,0,2,8,12,12,0,0,0,0,0,0,1,16,6,0,0,1,16,3,6,16,6,0,0,1,11,15,12,4,0,0,3
digit_01253,0,0,2,12,16,10,0,0,0,0,11,12,11,16,4,0,0,0,1,1,1,16,4,0,0,0,0,0,8,14,2,0,0,0,0,4,15,5,0,0,0,0,8,16,5,0,0,0,0,5,16,16,14,9,1,0,0,0,3,8,10,15,3,0,2
digit_01254,0,0,6,15,12,10,8,0,0,0,11,16,16,16,7,0,0,1,14,11,12,6,0,0,0,4,16,16,16,13,0,0,0,2,11,8,10,16,2,0,0,0,0,0,1,16,1,0,0,0,0,11,13,15,0,0,0,0,4,16,12,1,0,0,5
digit_01255,0,0,7,12,8,0,0,0,0,0,15,16,15,2,0,0,0,0,11,16,16,2,0,0,0,0,12,16,16,4,0,0,0,0,12,16,16,7,0,0,0,0,9,16,16,11,0,0,0,0,11,16,16,13,0,0,0,0,2,8,12,6,0,0,1
digit_01256,0,0,12,16,12,2,0,0,0,12,15,9,15,12,0,0,0,12,7,0,8,16,0,0,0,3,1,0,8,14,0,0,0,0,0,4,16,6,0,0,0,0,1,13,15,1,0,0,0,0,11,16,13,12,8,0,0,0,11,12,12,15,14,0,2
digit_01257,0,0,14,14,16,15,0,0,0,4,16,13,12,8,0,0,0,6,13,0,0,0,0,0,0,5,16,12,4,0,0,0,0,3,14,16,14,0,0,0,0,0,0,0,12,12,0,0,0,0,10,8,15,10,0,0,0,0,15,16,11,1,0,0,5
digit_01258,0,0,0,2,13,10,0,0,0,0,0,6,16,4,0,0,0,0,0,14,12,0,0,0,0,0,11,15,1,6,1,0,0,6,16,5,6,16,6,0,4,15,16,12,14,16,2,0,1,8,12,13,16,10,0,0,0,0,0,4,15,4,0,0,4
digit_01259,0,0,6,15,16,14,0,0,0,2,11,5,7,16,2,0,0,0,0,0,4,16,0,0,0,0,8,13,16,6,0,0,0,0,5,13,16,14,3,0,0,0,0,14,8,14,4,0,0,0,6,16,2,0,0,0,0,0,7,9,1,0,0,0,7
digit_01260,0,0,6,16,16,16,12,0,0,0,6,12,11,15,16,1,0,0,0,0,0,15,12,0,0,0,1,11,12,16,3,0,0,0,3,16,16,16,4,0,0,0,0,9,16,13,3,0,0,0,1,16,9,0,0,0,0,0,7,15,4,0,0,0,7
digit_01261,0,0,9,15,7,1,0,0,0,5,16,7,12,14,0,0,0,10,10,0,8,16,0,0,0,6,12,0,5,16,4,0,0,0,12,13,15,16,3,0,0,0,0,0,1,13,10,0,0,0,2,4,5,13,11,0,0,0,8,16,12,8,1,0,9
digit_01262,0,1,7,12,10,1,0,0,0,1,14,16,16,12,0,0,0,0,12,16,16,14,0,0,0,0,7,16,16,14,1,0,0,0,5,16,16,13,0,0,0,0,7,16,16,14,0,0,0,1,14,16,16,15,2,0,0,1,8,12,10,8,0,0,1
digit_01263,0,0,4,14,13,4,0,0,0,0,13,14,6,15,0,0,0,0,4,15,8,16,0,0,0,0,0,3,14,14,0,0,0,0,0,9,16,12,0,0,0,0,8,15,4,15,3,0,0,0,15,8,4,14,7,0,0,0,4,13,13,12,2,0,8
digit_01264,0,0,6,13,12,4,0,0,0,2,16,9,12,13,0,0,0,0,9,0,13,10,0,0,0,0,0,6,16,4,0,0,0,0,0,0,8,14,1,0,0,0,0,0,0,14,9,0,0,0,4,9,5,10,13,0,0,0,7,12,13,12,5,0,3
digit_01265,0,1,15,16,14,2,0,0,0,1,11,12,16,8,0,0,0,0,0,5,16,4,0,0,0,0,2,15,16,3,0,0,0,0,4,16,16,14,4,0,0,0,5,16,12,16,7,0,0,0,11,11,0,0,0,0,0,0,16,6,0,0,0,0,7
digit_01266,0,0,11,16,13,12,3,0,0,3,16,11,8,8,1,0,0,5,16,9,9,1,0,0,0,8,16,16,16,6,0,0,0,6,11,3,9,11,0,0,0,0,0,0,4,12,0,0,0,0,10,14,11,16,0,0,0,0,9,12,12,6,0,0,5
digit_01267,0,0,4,6,14,14,1,0,0,0,16,16,16,16,5,0,0,3,16,7,3,12,8,0,0,4,16,0,0,9,8,0,0,4,16,0,0,8,8,0,0,1,15,1,1,13,7,0,0,0,14,13,15,12,0,0,0,0,6,14,14,4,0,0,0
digit_01268,0,0,5,15,12,2,0,0,0,0,7,16,16,1,0,0,0,0,10,16,16,6,0,0,0,0,11,16,16,2,0,0,0,0,7,16,16,3,0,0,0,0,7,16,16,7,0,0,0,0,8,16,16,8,0,0,0,0,12,16,13,3,0,0,1
digit_01269,0,1,13,14,6,0,0,0,0,3,16,9,15,4,0,0,0,2,16,8,15,4,0,0,0,0,0,0,16,4,0,0,0,0,0,6,12,0,0,0,0,0,0,14,6,0,0,0,0,0,14,16,9,6,4,0,0,2,11,12,12,12,12,0,2
digit_01270,0,0,0,8,15,0,0,0,0,0,0,16,10,0,0,0,0,0,4,16,4,0,0,0,0,0,12,12,0,0,0,0,0,9,16,5,7,14,0,0,3,16,16,13,16,13,0,0,1,7,9,15,16,7,0,0,0,0,0,12,14,2,0,0,4
digit_01271,0,0,0,5,16,2,0,0,0,0,0,12,14,0,0,0,0,0,4,16,5,0,0,0,0,1,12,12,0,4,6,0,0,8,16,3,2,16,10,0,2,16,16,16,15,16,2,0,1,4,7,11,16,11,0,0,0,0,0,7,16,4,0,0,4
digit_01272,0,0,8,15,11,4,0,0,0,7,15,13,14,16,2,0,0,8,14,0,10,16,4,0,0,0,14,15,16,12,1,0,0,0,9,16,13,1,0,0,0,0,14,16,11,0,0,0,0,0,15,16,16,2,0,0,0,0,8,16,15,3,0,0,8
digit_01273,0,0,9,12,9,0,0,0,0,0,16,16,16,4,0,0,0,0,13,16,16,4,0,0,0,0,12,16,16,2,0,0,0,0,12,16,16,4,0,0,0,0,13,16,16,4,0,0,0,0,16,16,16,9,0,0,0,0,4,8,10,4,0,0,1
digit_01274,0,0,7,12,14,7,0,0,0,0,12,11,12,16,0,0,0,0,0,2,4,12,0,0,0,0,0,14,15,14,1,0,0,0,0,12,15,15,6,0,0,0,0,12,8,1,1,0,0,0,5,16,1,0,0,0,0,0,7,7,0,0,0,0,7
digit_01275,0,0,3,14,13,2,0,0,0,0,16,14,14,11,0,0,0,7,15,2,1,16,1,0,0,5,12,0,0,12,8,0,0,8,10,0,0,11,8,0,0,1,15,0,0,8,11,0,0,0,11,10,7,15,6,0,0,0,3,12,16,11,1,0,0
digit_01276,0,1,14,13,9,2,0,0,0,2,16,16,16,14,2,0,0,0,14,10,3,16,3,0,0,0,5,15,14,13,0,0,0,0,1,15,15,3,0,0,0,0,8,16,16,2,0,0,0,0,16,13,16,8,0,0,0,0,12,12,9,2,0,0,8
digit_01277,0,0,9,16,4,0,0,0,0,0,14,14,13,7,0,0,0,4,15,12,16,16,5,0,0,4,12,7,8,14,8,0,0,7,12,0,0,12,8,0,0,5,13,0,0,13,8,0,0,2,16,12,15,16,5,0,0,0,9,14,12,8,0,0,0
digit_01278,0,0,8,14,10,2,0,0,0,0,15,14,11,13,0,0,0,0,0,0,5,16,1,0,0,0,0,0,11,14,0,0,0,0,0,0,3,15,3,0,0,0,0,0,0,9,13,0,0,0,3,9,8,15,11,0,0,0,6,16,14,7,1,0,3
digit_01279,0,0,0,8,16,1,0,0,0,0,0,14,16,2,0,0,0,0,3,15,13,0,0,0,0,0,9,16,3,3,1,0,0,1,14,11,4,16,7,0,1,12,16,14,14,16,2,0,1,11,12,14,16,11,0,0,0,0,0,9,16,5,0,0,4
digit_01280,0,0,0,2,13,7,0,0,0,0,0,9,15,3,0,0,0,0,2,14,10,0,0,0,0,0,13,13,2,6,0,0,0,8,15,2,14,14,0,0,4,15,16,16,16,12,0,0,1,4,8,10,16,7,0,0,0,0,0,5,16,6,0,0,4
digit_01281,0,0,0,4,15,0,0,0,0,0,0,11,13,0,0,0,0,0,1,15,7,0,0,0,0,0,11,11,0,0,0,0,0,2,16,2,11,8,0,0,2,13,14,10,16,8,0,0,2,6,12,15,16,4,0,0,0,0,0,5,14,1,0,0,4
digit_01282,0,0,8,16,15,11,0,0,0,0,5,7,11,16,3,0,0,0,0,0,9,13,0,0,0,0,7,15,15,5,0,0,0,0,8,14,16,14,4,0,0,0,0,10,9,4,1,0,0,0,4,14,1,0,0,0,0,0,10,7,0,0,0,0,7
digit_01283,0,0,0,0,10,13,2,0,0,0,0,4,16,16,2,0,0,0,0,10,16,16,2,0,0,1,13,16,16,16,4,0,0,5,12,10,16,16,0,0,0,0,0,0,15,16,1,0,0,0,0,0,14,16,5,0,0,0,0,0,11,16,6,0,1
digit_01284,0,0,4,12,10,3,0,0,0,0,9,16,16,5,0,0,0,0,10,16,16,3,0,0,0,0,12,16,16,3,0,0,0,0,4,16,15,2,0,0,0,0,7,16,16,4,0,0,0,0,8,16,16,6,0,0,0,0,6,12,9,4,0,0,1
digit_01285,0,0,5,14,0,0,0,0,0,0,12,14,0,0,0,0,0,0,15,12,0,0,0,0,0,1,16,9,5,2,0,0,0,5,16,16,16,15,2,0,0,7,16,15,10,16,9,0,0,1,15,13,13,16,5,0,0,0,5,13,13,9,0,0,6
digit_01286,0,0,8,15,12,2,0,0,0,4,16,13,11,12,1,0,0,9,14,1,13,15,2,0,0,9,15,0,14,15,0,0,0,2,15,16,16,16,0,0,0,0,1,4,4,16,4,0,0,0,4,8,4,16,5,0,0,0,5,14,16,15,5,0,9
digit_01287,0,1,12,15,16,9,0,0,0,2,16,16,12,9,0,0,0,6,14,1,0,0,0,0,0,7,15,5,1,0,0,0,0,7,16,16,12,0,0,0,0,0,4,4,15,4,0,0,0,0,8,5,16,6,0,0,0,0,13,16,12,1,0,0,5
digit_01288,0,0,15,14,14,15,10,0,0,0,16,8,11,10,6,0,0,5,14,0,0,0,0,0,0,8,16,16,16,4,0,0,0,4,14,9,12,12,0,0,0,0,0,0,5,15,0,0,0,0,11,4,11,9,0,0,0,0,14,16,14,1,0,0,5
digit_01289,0,2,14,12,16,13,1,0,0,4,16,15,4,10,7,0,0,2,16,5,2,14,2,0,0,0,9,12,14,6,0,0,0,0,2,16,11,0,0,0,0,0,11,13,12,0,0,0,0,2,13,0,15,0,0,0,0,2,14,15,10,0,0,0,8
digit_01290,0,0,0,2,16,6,0,0,0,0,0,6,16,2,0,0,0,0,0,13,13,0,0,0,0,0,6,16,4,9,4,0,0,3,15,10,4,16,6,0,2,15,16,16,14,16,5,0,1,8,13,16,16,15,0,0,0,0,0,2,16,9,0,0,4
digit_01291,0,0,0,7,15,6,0,0,0,0,10,13,14,13,0,0,0,2,13,0,12,6,0,0,0,0,2,3,12,1,0,0,0,0,1,15,3,0,0,0,0,2,13,8,0,0,0,0,0,10,16,14,12,8,0,0,0,2,4,7,9,14,0,0,2
digit_01292,0,1,8,15,16,11,1,0,0,5,16,13,10,13,7,0,0,4,13,0,0,9,8,0,0,1,13,8,6,15,4,0,0,0,2,15,16,9,0,0,0,0,8,14,15,8,0,0,0,0,14,8,9,14,0,0,0,0,11,16,14,8,0,0,8
digit_01293,0,0,6,9,16,10,1,0,0,2,15,15,9,15,8,0,0,6,16,1,0,12,8,0,0,0,14,13,14,12,2,0,0,0,4,16,15,1,0,0,0,0,11,11,16,3,0,0,0,2,16,8,13,14,0,0,0,0,8,16,12,10,0,0,8
digit_01294,0,0,9,16,13,2,0,0,0,3,16,9,12,12,0,0,0,4,16,0,0,16,0,0,0,1,8,0,2,16,0,0,0,0,0,0,5,13,0,0,0,0,0,1,11,9,0,0,0,0,4,11,16,10,7,0,0,0,9,12,8,9,13,0,2
digit_01295,0,0,5,14,16,14,1,0,0,2,15,4,7,16,1,0,0,0,5,0,12,12,0,0,0,0,0,6,16,3,0,0,0,0,0,0,7,15,1,0,0,0,0,0,2,16,2,0,0,0,1,4,8,16,4,0,0,0,8,15,13,8,0,0,3
digit_01296,0,0,7,15,13,3,0,0,0,0,16,16,16,16,1,0,0,5,15,7,7,16,5,0,0,8,12,0,0,15,5,0,0,6,16,0,0,13,7,0,0,5,16,1,2,16,4,0,0,3,16,9,14,15,0,0,0,0,9,13,12,3,0,0,0
digit_01297,0,0,0,7,12,7,0,0,0,0,13,13,13,12,0,0,0,3,12,0,9,9,0,0,0,0,0,7,16,9,0,0,0,0,0,2,8,16,0,0,0,0,0,0,1,15,3,0,0,0,0,12,9,15,0,0,0,0,1,12,15,5,0,0,3
digit_01298,0,0,7,14,0,0,0,0,0,0,12,15,0,0,0,0,0,0,16,9,0,0,0,0,0,1,15,7,2,0,0,0,0,1,16,16,15,10,2,0,0,3,16,12,4,14,12,0,0,0,12,10,1,14,9,0,0,0,5,16,16,11,3,0,6
digit_01299,0,0,9,15,16,10,0,0,0,0,16,16,16,16,4,0,0,0,14,11,14,16,2,0,0,0,7,16,16,7,0,0,0,0,10,16,11,0,0,0,0,2,16,15,14,1,0,0,0,4,16,14,16,4,0,0,0,0,9,15,13,1,0,0,8
digit_01300,0,1,14,16,16,12,1,0,0,0,13,8,4,4,0,0,0,0,12,4,0,0,0,0,0,0,8,16,16,9,0,0,0,0,4,7,5,14,0,0,0,0,0,0,0,13,0,0,0,0,5,0,3,15,0,0,0,2,14,16,14,7,0,0,5
digit_01301,0,0,0,13,7,0,0,0,0,5,14,16,16,8,0,0,0,12,10,0,6,16,0,0,0,2,14,12,5,16,3,0,0,0,0,11,16,11,0,0,0,0,2,15,9,16,5,0,0,0,10,14,4,13,12,0,0,0,1,9,14,16,11,0,8
digit_01302,0,0,7,12,14,6,0,0,0,7,16,14,14,6,0,0,0,5,16,10,3,0,0,0,0,6,16,16,16,6,0,0,0,3,7,4,10,14,0,0,0,0,0,0,10,15,1,0,0,0,2,15,16,8,0,0,0,0,5,16,9,0,0,0,5
digit_01303,0,0,5,15,2,0,0,0,0,0,15,16,16,13,2,0,0,4,16,16,14,16,8,0,0,7,12,0,0,8,8,0,0,4,12,0,0,8,8,0,0,4,15,0,0,9,7,0,0,1,15,5,7,15,4,0,0,0,5,13,12,7,0,0,0
digit_01304,0,0,2,12,14,5,0,0,0,2,15,6,8,14,6,0,0,5,9,0,5,16,4,0,0,5,9,4,15,12,0,0,0,0,14,13,16,5,0,0,0,0,0,4,12,0,0,0,0,0,0,11,5,0,0,0,0,0,2,15,4,0,0,0,9
digit_01305,0,0,0,12,15,0,0,0,0,0,5,16,9,0,0,0,0,3,14,10,0,1,0,0,0,10,14,1,4,15,9,0,0,11,15,15,16,16,4,0,0,1,8,10,16,12,0,0,0,0,0,8,16,3,0,0,0,0,0,11,16,0,0,0,4
digit_01306,0,6,16,16,13,3,0,0,0,12,16,12,15,16,5,0,0,10,14,1,0,4,1,0,0,2,15,8,0,0,0,0,0,0,7,16,2,0,0,0,0,0,2,15,9,0,0,0,0,1,5,15,10,0,0,0,0,7,16,15,1,0,0,0,5
digit_01307,0,0,11,16,9,0,0,0,0,9,12,6,14,10,0,0,0,11,5,0,13,13,0,0,0,1,11,14,12,15,6,0,0,0,0,0,0,12,8,0,0,0,0,0,0,10,10,0,0,0,1,0,4,13,6,0,0,0,9,14,16,10,0,0,9
digit_01308,0,0,12,16,16,10,0,0,0,0,15,13,13,16,1,0,0,0,3,14,16,14,1,0,0,0,0,15,14,2,0,0,0,0,0,7,16,5,0,0,0,0,0,0,9,16,2,0,0,0,6,5,11,16,8,0,0,0,10,16,16,15,3,0,3
digit_01309,0,0,0,4,13,13,0,0,0,0,3,16,14,3,0,0,0,1,15,11,1,1,0,0,0,10,15,0,0,11,9,0,0,7,15,9,9,16,6,0,0,0,4,8,16,15,1,0,0,0,0,2,16,7,0,0,0,0,0,3,16,1,0,0,4
digit_01310,0,2,13,16,15,7,0,0,0,10,16,15,6,14,3,0,0,8,16,1,0,0,0,0,0,3,14,8,0,0,0,0,0,0,4,15,4,0,0,0,0,0,0,5,16,0,0,0,0,0,5,9,16,3,0,0,0,1,15,16,10,0,0,0,5
digit_01311,0,0,1,12,9,0,0,0,0,0,7,16,5,0,0,0,0,0,10,9,0,0,0,0,0,0,15,11,11,1,0,0,0,0,13,16,14,14,1,0,0,0,10,13,0,12,5,0,0,0,4,13,2,16,3,0,0,0,0,11,16,8,0,0,6
digit_01312,0,0,3,16,8,1,0,0,0,0,4,16,16,2,0,0,0,7,16,16,16,0,0,0,0,9,10,15,14,0,0,0,0,0,1,16,13,0,0,0,0,0,0,16,11,0,0,0,0,0,3,16,13,0,0,0,0,0,1,13,15,0,0,0,1
digit_01313,0,0,8,16,16,12,0,0,0,3,16,9,11,16,3,0,0,4,7,0,8,14,1,0,0,0,5,8,14,12,1,0,0,5,16,16,16,16,10,0,0,6,5,9,11,0,0,0,0,0,4,16,3,0,0,0,0,0,11,8,0,0,0,0,7
digit_01314,0,2,12,15,16,14,2,0,0,6,16,15,11,12,5,0,0,4,16,2,0,0,0,0,0,1,13,5,0,0,0,0,0,0,11,8,0,0,0,0,0,0,5,16,0,0,0,0,0,2,12,14,0,0,0,0,0,2,16,10,0,0,0,0,5
digit_01315,0,1,6,12,15,4,0,0,0,6,16,12,12,16,3,0,0,12,8,0,5,16,2,0,0,1,2,0,12,13,0,0,0,0,0,6,16,2,0,0,0,0,0,16,9,0,0,0,0,0,7,16,8,8,7,0,0,0,3,11,12,12,7,0,2
digit_01316,0,0,7,16,6,5,0,0,0,0,16,12,9,14,1,0,0,4,15,0,0,16,2,0,0,4,14,0,0,15,3,0,0,5,12,0,3,14,0,0,0,3,16,0,6,10,0,0,0,1,15,6,16,3,0,0,0,0,8,15,8,0,0,0,0
digit_01317,0,0,0,10,12,0,0,0,0,0,3,16,9,0,0,0,0,0,8,12,0,0,0,0,0,0,10,10,1,0,0,0,0,0,12,16,16,15,3,0,0,0,10,15,4,8,16,1,0,0,6,14,0,9,15,0,0,0,1,10,16,15,4,0,6
digit_01318,0,3,15,16,16,15,1,0,0,14,13,7,8,16,8,0,0,2,1,0,8,16,7,0,0,0,0,7,16,10,0,0,0,0,0,14,13,0,0,0,0,0,0,10,14,2,0,0,0,2,8,5,16,8,0,0,0,2,16,16,13,3,0,0,3
digit_01319,0,1,10,16,16,13,0,0,0,6,15,6,9,16,3,0,0,3,5,0,8,16,3,0,0,0,1,10,16,14,3,0,0,0,6,16,16,9,8,0,0,0,0,15,9,0,0,0,0,0,6,15,1,0,0,0,0,0,14,5,0,0,0,0,7
digit_01320,0,3,15,14,5,1,0,0,0,12,16,16,16,16,5,0,0,9,16,15,7,8,3,0,0,1,13,13,0,0,0,0,0,0,6,16,5,0,0,0,0,0,1,15,11,0,0,0,0,0,7,16,10,0,0,0,0,2,16,13,1,0,0,0,5
digit_01321,0,0,0,13,3,0,0,0,0,0,5,16,7,0,0,0,0,0,9,14,0,0,0,0,0,0,10,14,8,3,0,0,0,0,15,15,12,14,6,0,0,0,15,9,0,4,15,1,0,0,7,14,2,9,16,0,0,0,1,11,15,14,6,0,6
digit_01322,0,0,0,10,11,0,0,0,0,0,2,16,7,0,0,0,0,0,7,12,0,0,0,0,0,0,10,10,0,0,0,0,0,0,10,16,16,9,0,0,0,0,10,14,2,14,3,0,0,0,6,14,1,14,5,0,0,0,0,7,16,15,1,0,6
digit_01323,0,0,8,16,15,5,0,0,0,0,14,16,11,15,0,0,0,0,16,2,0,8,4,0,0,2,12,0,0,8,6,0,0,3,11,0,0,11,5,0,0,3,12,0,2,15,1,0,0,1,15,2,14,8,0,0,0,0,7,15,12,0,0,0,0
digit_01324,0,0,1,16,14,0,0,0,0,0,3,16,16,1,0,0,0,0,1,15,16,4,0,0,0,0,0,14,16,6,0,0,0,0,2,16,16,2,0,0,0,0,1,16,16,1,0,0,0,0,3,16,16,0,0,0,0,0,2,15,16,4,0,0,1
digit_01325,0,0,6,15,13,3,0,0,0,5,15,6,13,15,3,0,0,10,11,0,13,16,5,0,0,4,15,14,16,15,1,0,0,0,0,1,12,9,0,0,0,0,0,8,15,1,0,0,0,0,1,14,8,0,0,0,0,0,6,15,0,0,0,0,9
digit_01326,0,0,6,15,11,2,0,0,0,1,16,10,14,16,3,0,0,4,11,0,14,16,3,0,0,3,15,16,12,15,5,0,0,0,1,2,0,12,7,0,0,0,0,0,1,13,6,0,0,0,1,5,13,12,0,0,0,0,8,12,6,0,0,0,9
digit_01327,0,4,16,16,12,1,0,0,0,8,14,5,15,6,0,0,0,3,5,0,13,8,0,0,0,0,0,3,15,7,0,0,0,0,1,13,13,0,0,0,0,0,11,15,2,0,0,0,0,6,16,9,4,4,1,0,0,4,15,16,16,16,15,1,2
digit_01328,0,2,14,16,13,1,0,0,0,10,14,10,15,8,0,0,0,5,2,0,12,12,0,0,0,0,0,4,16,6,0,0,0,0,1,15,10,0,0,0,0,0,11,14,1,0,0,0,0,4,16,8,1,0,0,0,0,2,15,16,16,16,8,0,2
digit_01329,0,1,9,12,15,14,4,0,0,6,14,4,4,14,8,0,0,3,8,0,7,15,2,0,0,0,0,6,14,2,0,0,0,0,0,8,11,0,0,0,0,0,0,1,15,2,0,0,0,0,5,0,12,9,0,0,0,0,11,16,14,3,0,0,3
digit_01330,0,0,14,11,7,1,0,0,0,2,16,16,16,14,4,0,0,0,15,11,0,6,3,0,0,0,7,14,0,0,0,0,0,0,2,16,4,0,0,0,0,0,1,12,12,0,0,0,0,4,12,14,11,0,0,0,0,0,14,16,6,0,0,0,5
digit_01331,0,0,15,2,0,0,0,0,0,5,16,15,11,5,0,0,0,7,16,15,12,13,4,0,0,1,15,7,0,0,0,0,0,0,5,16,5,0,0,0,0,0,0,10,14,0,0,0,0,0,1,12,15,0,0,0,0,0,11,16,6,0,0,0,5
digit_01332,0,0,8,9,15,11,0,0,0,9,15,15,4,15,2,0,0,8,9,0,8,12,0,0,0,2,14,11,14,2,0,0,0,0,11,16,7,0,0,0,0,0,14,2,13,6,0,0,0,2,12,1,8,12,0,0,0,0,8,16,14,5,0,0,8
digit_01333,0,0,6,15,8,0,0,0,0,2,15,7,16,5,0,0,0,6,11,1,10,14,2,0,0,7,7,0,0,10,6,0,0,7,5,0,0,8,8,0,0,4,10,0,0,10,7,0,0,0,12,8,4,15,2,0,0,0,2,12,12,8,0,0,0
digit_01334,0,4,15,16,16,12,1,0,0,15,13,5,5,16,8,0,0,7,3,0,10,16,4,0,0,0,1,11,16,10,0,0,0,0,7,16,10,0,0,0,0,0,1,7,16,6,0,0,0,3,8,6,16,10,0,0,0,5,16,16,12,1,0,0,3
digit_01335,0,0,8,16,16,15,0,0,0,3,16,9,8,16,4,0,0,9,8,0,6,16,2,0,0,1,8,13,16,16,5,0,0,0,15,12,16,13,8,0,0,0,0,9,15,1,0,0,0,0,2,16,4,0,0,0,0,0,11,11,0,0,0,0,7
digit_01336,0,0,0,5,16,5,0,0,0,0,6,15,16,9,0,0,3,16,16,16,16,3,0,0,0,9,11,13,16,3,0,0,0,0,0,14,14,0,0,0,0,0,0,14,13,0,0,0,0,0,0,11,14,0,0,0,0,0,0,4,15,4,0,0,1
digit_01337,0,0,6,15,16,5,0,0,0,5,16,13,15,11,0,0,0,10,12,1,16,9,0,0,0,3,3,9,16,2,0,0,0,0,4,16,7,0,0,0,0,0,11,13,0,0,0,0,0,0,12,14,8,8,2,0,0,0,5,16,16,16,11,0,2
digit_01338,0,0,0,13,11,0,0,0,0,0,6,16,6,0,0,0,0,0,15,13,0,5,1,0,0,6,16,6,4,16,9,0,0,11,16,5,13,16,2,0,0,1,11,16,16,9,0,0,0,0,0,11,15,2,0,0,0,0,0,12,13,0,0,0,4
digit_01339,0,0,9,13,15,10,0,0,0,2,15,5,6,16,6,0,0,0,3,0,2,16,6,0,0,0,0,0,11,13,0,0,0,0,0,8,14,1,0,0,0,0,5,15,3,0,0,0,0,0,12,6,0,0,0,0,0,0,8,16,16,12,0,0,2
digit_01340,0,0,6,13,16,11,1,0,0,4,15,6,9,16,5,0,0,6,9,0,7,16,6,0,0,3,15,12,15,15,8,0,0,0,2,5,2,10,8,0,0,0,0,0,0,13,7,0,0,2,9,4,8,15,2,0,0,0,10,13,12,2,0,0,9
digit_01341,0,0,0,1,15,9,0,0,0,0,0,9,16,11,0,0,0,4,8,16,16,6,0,0,0,15,16,16,16,4,0,0,0,5,9,4,16,4,0,0,0,0,0,5,16,2,0,0,0,0,0,4,16,5,0,0,0,0,0,2,14,9,0,0,1
digit_01342,0,0,6,13,6,0,0,0,0,0,10,16,14,6,0,0,0,0,14,9,3,16,1,0,0,0,15,2,0,15,5,0,0,0,14,2,0,15,1,0,0,0,12,4,5,15,0,0,0,0,10,9,15,8,0,0,0,0,5,14,10,0,0,0,0
digit_01343,0,0,9,13,10,1,0,0,0,7,14,4,15,8,0,0,0,10,8,0,10,14,0,0,0,4,14,12,14,15,4,0,0,0,2,4,2,12,6,0,0,0,0,0,1,15,5,0,0,0,0,4,10,15,1,0,0,0,9,12,9,2,0,0,9
digit_01344,0,0,0,5,16,4,0,0,0,0,0,13,15,1,0,0,0,0,10,16,3,2,0,0,0,5,16,9,0,13,10,0,0,12,16,6,6,16,6,0,0,1,15,16,16,16,1,0,0,0,0,4,16,11,0,0,0,0,0,4,16,11,0,0,4
digit_01345,0,0,4,13,16,8,0,0,0,5,16,8,10,12,0,0,0,8,9,0,8,12,0,0,0,0,0,2,11,10,2,0,0,0,3,16,16,16,9,0,0,0,0,9,14,0,0,0,0,0,0,13,7,0,0,0,0,0,5,15,2,0,0,0,7
digit_01346,0,0,2,13,3,0,0,0,0,0,11,15,4,0,0,0,0,0,11,8,0,0,0,0,0,0,14,5,0,0,0,0,0,0,16,13,16,14,4,0,0,0,15,15,9,13,12,0,0,0,13,11,2,15,9,0,0,0,2,14,15,11,1,0,6
digit_01347,0,0,0,8,16,2,0,0,0,0,8,16,9,1,0,0,0,0,13,10,0,0,0,0,0,0,15,15,8,1,0,0,0,1,16,11,12,10,0,0,0,0,15,5,1,15,1,0,0,0,8,11,3,16,0,0,0,0,1,10,16,7,0,0,6
digit_01348,0,0,0,11,13,0,0,0,0,0,5,15,13,0,0,0,0,3,16,16,10,0,0,0,0,0,7,16,10,0,0,0,0,0,0,15,10,0,0,0,0,0,0,15,8,0,0,0,0,0,0,16,6,0,0,0,0,0,0,12,11,0,0,0,1
digit_01349,0,1,11,16,16,5,0,0,0,6,16,6,14,13,0,0,0,4,5,0,14,12,0,0,0,0,7,9,16,10,0,0,0,0,15,16,16,16,8,0,0,0,1,14,11,4,0,0,0,0,10,16,1,0,0,0,0,0,15,9,0,0,0,0,7
digit_01350,0,0,8,16,16,10,0,0,0,1,16,14,11,16,1,0,0,0,12,8,13,15,1,0,0,0,1,7,16,7,0,0,0,0,0,4,16,6,0,0,0,0,0,0,11,14,0,0,0,0,0,4,13,16,2,0,0,0,10,16,16,12,0,0,3
digit_01351,0,2,12,15,16,10,1,0,0,3,16,5,10,16,3,0,0,0,0,5,15,7,0,0,0,0,0,14,8,0,0,0,0,0,0,15,4,0,0,0,0,0,0,4,14,2,0,0,0,1,2,2,15,6,0,0,0,2,12,15,12,1,0,0,3
digit_01352,0,0,6,15,16,10,0,0,0,0,14,11,10,15,0,0,0,0,2,0,9,14,0,0,0,0,5,9,15,14,2,0,0,11,16,16,16,16,11,0,0,1,3,11,13,1,0,0,0,0,5,16,3,0,0,0,0,0,8,12,0,0,0,0,7
digit_01353,0,0,0,8,12,1,0,0,0,0,6,16,13,0,0,0,0,0,10,14,1,0,0,0,0,0,14,8,0,0,0,0,0,0,15,12,8,8,2,0,0,0,11,16,13,14,13,0,0,0,8,16,5,10,15,0,0,0,0,8,16,13,7,0,6
digit_01354,0,0,7,15,16,16,8,0,0,4,16,12,5,13,13,0,0,1,5,0,0,16,10,0,0,0,0,1,8,16,6,0,0,0,9,15,16,16,11,0,0,2,12,14,15,4,1,0,0,0,1,15,6,0,0,0,0,0,10,11,0,0,0,0,7
digit_01355,0,0,6,15,16,13,1,0,0,3,16,10,11,16,3,0,0,5,8,0,4,16,4,0,0,0,0,2,9,16,1,0,0,0,9,16,16,15,6,0,0,0,10,10,16,10,3,0,0,0,0,11,12,0,0,0,0,0,7,13,1,0,0,0,7
digit_01356,0,0,9,13,11,9,1,0,0,0,11,10,10,14,4,0,0,0,5,14,7,13,0,0,0,0,0,10,15,3,0,0,0,0,8,16,12,0,0,0,0,0,14,3,12,4,0,0,0,0,13,1,12,7,0,0,0,0,10,16,13,1,0,0,8
digit_01357,0,0,4,12,15,2,0,0,0,0,12,14,14,15,2,0,0,2,15,1,11,16,4,0,0,5,11,0,0,11,7,0,0,5,11,0,0,13,3,0,0,0,15,0,1,15,0,0,0,0,14,7,13,11,0,0,0,0,2,15,12,3,0,0,0
digit_01358,0,0,0,14,13,1,0,0,0,0,2,16,16,2,0,0,0,0,4,16,15,0,0,0,0,0,3,16,13,0,0,0,0,0,7,16,12,0,0,0,0,0,7,16,12,0,0,0,0,0,6,16,14,0,0,0,0,0,1,11,16,4,0,0,1
digit_01359,0,0,8,11,16,12,1,0,0,2,16,16,9,16,3,0,0,0,13,11,8,15,2,0,0,0,5,16,16,6,0,0,0,0,9,16,12,0,0,0,0,2,16,12,16,0,0,0,0,3,16,4,16,2,0,0,0,0,12,16,12,0,0,0,8
digit_01360,0,0,0,12,11,0,0,0,0,0,4,16,5,0,0,0,0,0,9,8,0,0,0,0,0,0,13,7,0,0,0,0,0,0,14,11,12,5,0,0,0,0,12,16,10,15,4,0,0,0,6,13,2,11,9,0,0,0,0,10,13,15,3,0,6
digit_01361,0,0,1,15,11,0,0,0,0,0,9,16,16,1,0,0,0,8,16,16,15,0,0,0,1,16,16,16,14,0,0,0,0,4,6,15,15,0,0,0,0,0,2,16,12,0,0,0,0,0,1,16,13,0,0,0,0,0,0,14,12,0,0,0,1
digit_01362,0,0,0,9,11,0,0,0,0,0,2,16,9,0,0,0,0,0,6,14,1,0,0,0,0,0,9,11,0,0,0,0,0,0,11,16,16,9,0,0,0,0,10,15,4,10,8,0,0,0,4,14,3,11,12,0,0,0,0,8,16,12,4,0,6
digit_01363,0,0,15,16,16,12,1,0,0,5,16,13,11,16,4,0,0,1,16,2,3,15,4,0,0,0,11,11,15,11,0,0,0,0,4,16,14,1,0,0,0,0,13,16,8,0,0,0,0,2,16,14,11,0,0,0,0,0,12,16,7,0,0,0,8
digit_01364,0,0,2,13,11,5,0,0,0,2,15,10,15,16,0,0,0,4,13,1,0,11,4,0,0,6,6,0,0,6,6,0,0,5,8,0,0,6,7,0,0,0,12,0,0,11,6,0,0,0,10,8,2,16,1,0,0,0,2,11,13,6,0,0,0
digit_01365,0,0,4,16,9,0,0,0,0,0,15,16,16,9,0,0,0,3,16,15,5,13,3,0,0,5,8,4,0,5,7,0,0,5,6,0,0,7,7,0,0,2,11,0,0,11,6,0,0,0,13,1,6,15,0,0,0,0,5,15,13,3,0,0,0
digit_01366,0,0,9,13,16,12,1,0,0,5,16,14,16,16,4,0,0,4,16,0,13,13,1,0,0,2,14,14,15,3,0,0,0,0,8,16,4,0,0,0,0,0,15,16,5,0,0,0,0,1,16,16,7,0,0,0,0,0,12,16,6,0,0,0,8
digit_01367,0,0,8,3,11,11,2,0,0,2,16,6,7,12,8,0,0,1,16,1,7,14,1,0,0,0,11,14,12,1,0,0,0,0,11,16,1,0,0,0,0,3,12,11,8,0,0,0,0,5,10,5,12,0,0,0,0,1,10,16,9,0,0,0,8
digit_01368,0,0,1,14,7,0,0,0,0,0,10,16,4,0,0,0,0,1,15,7,0,0,0,0,0,2,16,3,0,0,0,0,0,3,16,16,16,14,3,0,0,1,15,16,0,4,13,1,0,0,10,15,3,7,16,5,0,0,1,11,15,15,9,0,6
digit_01369,0,0,6,14,0,0,12,6,0,0,15,13,0,6,16,6,0,2,16,12,4,16,12,0,0,1,14,16,16,16,7,0,0,0,1,8,16,7,0,0,0,0,0,12,16,2,0,0,0,0,3,16,6,0,0,0,0,0,7,15,0,0,0,0,4
digit_01370,0,0,9,16,15,8,0,0,0,3,16,13,7,8,0,0,0,10,16,5,0,0,0,0,0,10,16,15,5,0,0,0,0,0,4,9,15,3,0,0,0,0,0,2,16,8,0,0,0,0,2,12,16,3,0,0,0,0,9,16,8,0,0,0,5
digit_01371,0,0,5,12,15,15,5,0,0,0,8,7,4,13,7,0,0,0,0,0,2,16,1,0,0,0,2,4,12,10,0,0,0,7,16,14,16,12,2,0,0,2,0,11,7,0,0,0,0,0,3,14,1,0,0,0,0,0,8,7,0,0,0,0,7
digit_01372,0,0,9,16,16,7,0,0,0,0,8,9,11,16,1,0,0,0,0,2,13,16,1,0,0,0,0,13,16,6,0,0,0,0,0,3,13,13,2,0,0,0,0,0,1,13,9,0,0,0,4,2,1,12,13,0,0,0,11,16,16,16,11,0,3
digit_01373,0,0,9,16,15,4,0,0,0,0,12,14,12,16,1,0,0,0,0,10,16,14,0,0,0,0,2,16,16,10,1,0,0,0,0,4,8,13,13,0,0,0,0,0,0,4,16,2,0,0,9,6,9,15,15,0,0,0,10,16,16,14,3,0,3
digit_01374,0,0,7,14,16,8,0,0,0,1,16,16,8,6,0,0,0,8,16,10,0,0,0,0,0,14,16,16,10,1,0,0,0,7,12,8,15,6,0,0,0,0,0,0,14,9,0,0,0,0,3,9,16,6,0,0,0,0,12,16,10,1,0,0,5
digit_01375,0,0,0,5,12,11,1,0,0,0,3,14,6,7,11,0,0,5,16,2,1,9,9,0,0,8,14,8,14,16,1,0,0,1,7,8,13,10,0,0,0,0,0,1,14,4,0,0,0,0,0,5,13,0,0,0,0,0,0,11,7,0,0,0,9
digit_01376,0,0,1,14,10,0,0,0,0,0,3,16,16,1,0,0,0,0,3,16,13,0,0,0,0,0,5,16,9,0,0,0,0,0,6,16,10,0,0,0,0,0,4,16,9,0,0,0,0,0,3,16,6,0,0,0,0,0,1,12,6,0,0,0,1
digit_01377,0,1,12,10,0,0,0,0,0,4,16,3,0,9,9,0,0,8,14,0,3,16,6,0,0,9,15,8,13,14,5,0,0,1,12,16,16,15,5,0,0,0,1,14,6,0,0,0,0,0,8,13,0,0,0,0,0,2,12,3,0,0,0,0,4
digit_01378,0,0,14,16,16,8,0,0,0,0,6,5,8,16,3,0,0,0,0,0,7,16,2,0,0,0,0,7,16,13,0,0,0,0,0,8,12,16,7,0,0,0,0,0,0,8,14,1,0,0,10,4,4,10,16,1,0,0,12,16,16,16,9,0,3
digit_01379,0,0,2,15,16,12,2,0,0,0,13,12,4,12,12,0,0,6,16,1,3,13,12,0,0,11,16,15,16,16,9,0,0,1,7,9,16,11,0,0,0,0,0,9,15,1,0,0,0,0,0,14,10,0,0,0,0,0,4,16,3,0,0,0,9
digit_01380,0,0,9,16,16,5,0,0,0,0,13,16,9,6,0,0,0,0,9,12,0,0,0,0,0,0,3,16,3,0,0,0,0,0,0,12,10,0,0,0,0,0,0,5,15,0,0,0,0,0,3,5,16,5,0,0,0,0,7,16,15,1,0,0,5
digit_01381,0,3,15,16,13,4,0,0,0,4,6,4,10,16,0,0,0,0,0,5,14,11,0,0,0,0,10,16,12,0,0,0,0,0,6,9,15,12,0,0,0,0,0,0,0,12,8,0,0,1,6,4,6,15,8,0,0,4,13,13,11,7,0,0,3
digit_01382,0,0,1,15,12,0,0,0,0,0,6,16,15,0,0,0,0,0,5,16,9,0,0,0,0,0,5,16,6,0,0,0,0,0,3,16,8,0,0,0,0,0,2,16,8,0,0,0,0,0,1,16,9,0,0,0,0,0,1,13,6,0,0,0,1
digit_01383,0,0,10,11,9,1,0,0,0,0,14,16,16,6,0,0,0,0,14,12,6,15,0,0,0,1,16,6,0,14,3,0,0,3,16,6,0,12,6,0,0,3,16,0,6,15,4,0,0,1,16,12,16,15,2,0,0,0,7,16,14,5,0,0,0
digit_01384,0,0,6,14,16,10,0,0,0,0,13,13,10,15,0,0,0,0,5,15,11,14,0,0,0,0,0,10,16,7,0,0,0,0,0,14,16,1,0,0,0,0,8,15,15,2,0,0,0,0,12,14,16,1,0,0,0,0,10,16,11,0,0,0,8
digit_01385,0,5,14,16,8,1,0,0,0,4,11,4,12,11,0,0,0,1,2,1,11,11,0,0,0,0,1,15,13,1,0,0,0,0,1,10,16,9,0,0,0,0,0,0,1,13,8,0,0,5,5,0,2,12,8,0,0,5,16,16,16,13,1,0,3
digit_01386,0,0,12,16,16,16,11,0,0,0,8,10,9,16,11,0,0,0,0,0,9,16,2,0,0,0,0,2,15,9,0,0,0,8,16,16,16,14,0,0,0,3,9,16,12,3,0,0,0,0,9,16,2,0,0,0,0,0,14,10,0,0,0,0,7
digit_01387,0,0,2,10,16,13,1,0,0,8,16,15,5,12,6,0,0,10,16,10,0,7,10,0,0,12,16,12,10,16,8,0,0,3,12,16,16,12,0,0,0,0,0,5,16,4,0,0,0,0,0,7,15,0,0,0,0,0,0,11,11,0,0,0,9
digit_01388,0,0,3,13,10,0,0,0,0,0,11,11,11,5,0,0,0,2,16,6,0,10,1,0,0,2,14,1,0,6,5,0,0,3,11,0,0,2,9,0,0,2,14,0,0,4,9,0,0,0,12,9,7,12,9,0,0,0,2,11,15,12,4,0,0
digit_01389,0,0,12,15,16,16,15,2,0,0,10,12,10,14,14,2,0,0,0,0,2,16,7,0,0,0,0,0,12,11,0,0,0,3,12,14,16,13,3,0,0,12,12,16,11,7,0,0,0,0,5,15,2,0,0,0,0,0,12,11,0,0,0,0,7
digit_01390,0,0,3,16,9,1,0,0,0,0,12,16,16,1,0,0,0,0,15,16,10,0,0,0,0,0,14,16,5,0,0,0,0,0,13,16,4,0,0,0,0,0,13,16,4,0,0,0,0,0,9,16,5,0,0,0,0,0,2,16,6,0,0,0,1
digit_01391,0,0,5,16,14,3,0,0,0,0,9,15,10,11,0,0,0,0,0,4,8,13,0,0,0,0,0,0,14,10,0,0,0,0,0,4,16,5,0,0,0,0,0,13,16,5,0,0,0,0,4,16,16,16,14,8,0,0,4,16,12,8,9,13,2
digit_01392,0,0,9,16,16,10,0,0,0,0,15,13,11,16,1,0,0,0,3,1,13,13,0,0,0,0,0,5,16,5,0,0,0,0,1,15,11,0,0,0,0,0,8,16,2,2,2,0,0,0,15,13,14,16,15,3,0,0,9,16,15,10,8,1,2
digit_01393,0,0,6,15,16,16,9,0,0,0,9,12,8,16,12,0,0,0,0,0,5,16,4,0,0,1,7,8,16,9,2,0,0,9,16,16,16,16,9,0,0,2,7,16,4,0,0,0,0,0,8,14,0,0,0,0,0,0,10,9,0,0,0,0,7
digit_01394,0,0,0,6,13,0,0,0,0,0,0,13,9,0,0,0,0,0,1,16,3,0,0,0,0,0,3,15,0,0,0,0,0,0,6,14,8,7,1,0,0,0,7,16,12,12,13,2,0,0,4,16,3,3,13,7,0,0,0,7,16,16,11,1,6
digit_01395,0,0,9,16,15,5,0,0,0,0,4,7,12,15,0,0,0,0,0,1,9,16,3,0,0,0,0,10,16,13,0,0,0,0,0,3,8,15,9,0,0,0,0,0,0,7,14,0,0,0,10,7,4,10,16,1,0,0,7,16,16,16,10,0,3
digit_01396,0,0,15,16,15,7,0,0,0,2,16,12,11,9,0,0,0,0,12,12,0,0,0,0,0,0,3,15,5,0,0,0,0,0,0,8,14,0,0,0,0,0,0,2,16,2,0,0,0,0,7,8,16,4,0,0,0,0,12,16,14,1,0,0,5
digit_01397,0,0,2,6,15,16,8,0,0,0,15,16,10,8,16,0,0,4,16,5,0,7,12,0,0,9,16,10,10,16,8,0,0,1,9,16,15,16,4,0,0,0,0,0,9,13,0,0,0,0,0,3,16,4,0,0,0,0,0,7,13,0,0,0,9
digit_01398,0,1,15,16,16,13,0,0,0,0,7,8,12,16,0,0,0,0,0,0,10,14,0,0,0,1,4,6,16,5,0,0,0,11,16,16,16,15,8,0,0,4,9,16,8,8,2,0,0,0,11,12,0,0,0,0,0,2,16,4,0,0,0,0,7
digit_01399,0,0,0,10,10,0,0,0,0,0,3,16,10,0,0,0,0,0,10,10,0,0,0,0,0,0,16,5,0,0,0,0,0,0,16,7,8,7,0,0,0,0,12,16,13,9,13,2,0,0,6,16,5,5,13,8,0,0,0,9,14,13,9,1,6
digit_01400,0,0,15,15,8,1,0,0,0,0,4,6,11,15,2,0,0,0,0,0,0,16,4,0,0,0,4,9,15,13,1,0,0,0,4,12,16,13,1,0,0,0,1,0,2,10,8,0,0,4,11,3,5,12,8,0,0,1,9,15,15,10,0,0,3
digit_01401,0,0,10,16,0,0,12,6,0,2,15,9,0,8,16,5,0,6,16,6,1,14,13,0,0,7,16,11,11,16,13,0,0,1,11,14,16,12,2,0,0,0,0,11,14,1,0,0,0,0,2,16,5,0,0,0,0,0,13,10,0,0,0,0,4
digit_01402,0,0,2,16,10,0,0,0,0,0,5,16,15,1,0,0,0,0,4,16,12,0,0,0,0,0,4,16,11,0,0,0,0,0,1,16,12,0,0,0,0,0,1,16,12,0,0,0,0,0,1,16,10,0,0,0,0,0,0,15,5,0,0,0,1
digit_01403,0,2,10,16,16,16,7,0,0,14,16,15,11,13,5,0,0,12,15,1,0,0,0,0,0,4,16,7,0,0,0,0,0,0,16,8,0,0,0,0,0,0,15,9,0,0,0,0,0,0,12,14,0,0,0,0,0,0,15,7,0,0,0,0,5
digit_01404,0,0,1,11,16,16,6,0,0,0,13,14,7,10,15,0,0,6,16,4,2,11,14,0,0,7,16,16,16,16,10,0,0,0,5,8,9,16,2,0,0,0,0,2,14,8,0,0,0,0,0,11,13,0,0,0,0,0,0,16,7,0,0,0,9
digit_01405,0,0,9,15,14,2,0,0,0,3,16,13,15,11,0,0,0,2,9,0,14,9,0,0,0,0,0,5,16,5,0,0,0,0,0,12,14,0,0,0,0,0,5,16,4,0,0,0,0,1,14,15,8,8,9,1,0,0,11,16,16,16,16,7,2
digit_01406,0,0,0,7,16,16,5,0,0,0,8,15,6,13,11,0,0,2,15,5,0,13,10,0,0,10,16,10,13,16,11,0,0,2,11,16,16,16,6,0,0,0,0,1,16,8,0,0,0,0,0,7,16,1,0,0,0,0,0,10,12,0,0,0,9
digit_01407,0,0,4,13,10,1,0,0,0,0,11,16,14,7,0,0,0,1,15,9,0,12,1,0,0,2,16,6,0,7,5,0,0,2,16,10,0,8,8,0,0,1,16,5,2,15,5,0,0,0,11,16,16,13,0,0,0,0,4,15,11,2,0,0,0
digit_01408,0,0,7,16,2,0,4,0,0,0,15,12,0,4,16,3,0,6,16,2,2,15,10,0,0,10,14,0,12,12,1,0,0,9,16,16,16,10,0,0,0,1,8,16,9,1,0,0,0,0,7,14,1,0,0,0,0,0,10,8,0,0,0,0,4
digit_01409,0,4,16,16,16,12,1,0,0,0,7,8,12,16,2,0,0,0,0,0,8,15,1,0,0,0,3,4,15,11,0,0,0,2,16,16,16,16,6,0,0,0,9,16,10,4,1,0,0,0,10,15,1,0,0,0,0,1,16,8,0,0,0,0,7
digit_01410,0,0,9,16,16,9,0,0,0,0,13,13,15,16,0,0,0,0,9,16,16,7,0,0,0,0,4,16,12,0,0,0,0,0,10,15,14,1,0,0,0,0,14,7,12,5,0,0,0,0,15,9,16,5,0,0,0,0,9,16,14,1,0,0,8
digit_01411,0,1,8,16,14,7,0,0,0,5,16,6,8,15,0,0,0,1,13,8,15,9,0,0,0,0,1,15,10,0,0,0,0,0,8,12,11,0,0,0,0,0,13,5,8,1,0,0,0,0,14,1,9,4,0,0,0,0,9,14,14,1,0,0,8
digit_01412,0,0,9,15,16,7,0,0,0,0,16,9,7,15,0,0,0,0,5,14,13,8,0,0,0,0,0,14,14,0,0,0,0,0,4,16,13,0,0,0,0,0,10,8,12,0,0,0,0,0,13,8,15,1,0,0,0,0,11,16,5,0,0,0,8
digit_01413,0,1,12,16,14,6,0,0,0,2,13,7,5,15,2,0,0,0,6,15,9,13,0,0,0,0,0,10,15,1,0,0,0,0,4,15,8,0,0,0,0,0,12,4,12,0,0,0,0,3,14,10,11,0,0,0,0,0,14,13,3,0,0,0,8
digit_01414,0,0,1,16,8,0,0,0,0,0,2,16,16,7,0,0,0,0,2,16,16,1,0,0,0,0,3,16,16,1,0,0,0,0,2,16,12,0,0,0,0,0,3,16,14,0,0,0,0,0,4,16,14,0,0,0,0,0,2,15,10,0,0,0,1
digit_01415,0,0,0,9,16,10,0,0,0,0,3,15,12,15,4,0,0,1,12,14,1,15,11,0,0,8,16,12,14,16,7,0,0,7,16,16,16,12,0,0,0,0,7,8,16,5,0,0,0,0,0,8,13,0,0,0,0,0,0,9,11,0,0,0,9
digit_01416,0,4,16,16,16,14,3,0,0,1,8,8,8,15,10,0,0,0,0,0,5,16,6,0,0,0,0,0,13,12,0,0,0,8,16,16,16,15,8,0,0,3,11,16,9,8,3,0,0,0,14,12,0,0,0,0,0,5,16,2,0,0,0,0,7
digit_01417,0,0,15,7,0,2,11,1,0,3,16,6,1,12,13,2,0,4,16,5,8,15,3,0,0,2,16,16,16,13,0,0,0,0,4,14,15,3,0,0,0,0,7,16,3,0,0,0,0,1,13,10,0,0,0,0,0,1,16,3,0,0,0,0,4
digit_01418,0,0,3,13,15,6,0,0,0,2,11,15,7,16,3,0,0,16,16,9,8,16,6,0,0,9,16,16,16,16,5,0,0,0,4,8,16,11,0,0,0,0,0,9,16,1,0,0,0,0,0,14,11,0,0,0,0,0,1,16,7,0,0,0,9
digit_01419,0,0,0,3,15,16,3,0,0,0,0,12,10,15,3,0,0,0,0,2,6,14,0,0,0,0,0,1,15,5,0,0,0,0,1,13,9,0,0,0,0,1,12,12,1,0,0,0,0,9,16,16,16,13,5,0,0,2,4,5,10,13,12,0,2
digit_01420,0,0,1,11,13,0,0,0,0,0,7,16,8,1,0,0,0,0,15,12,0,0,0,0,0,1,15,7,0,0,0,0,0,0,15,7,4,5,1,0,0,0,15,16,16,16,13,1,0,0,10,16,9,8,16,6,0,0,1,9,14,16,13,2,6
digit_01421,0,0,4,13,15,4,0,0,0,0,11,13,8,13,0,0,0,0,5,2,4,13,0,0,0,0,0,0,12,7,0,0,0,0,0,6,15,2,0,0,0,0,0,15,5,0,0,0,0,0,9,14,6,11,5,0,0,0,9,16,12,12,10,0,2
digit_01422,0,0,3,15,16,6,0,0,0,0,6,11,11,16,5,0,0,0,0,0,7,16,7,0,0,0,0,0,13,16,2,0,0,9,13,13,16,12,2,0,0,2,12,14,16,16,15,0,0,0,0,15,13,0,0,0,0,0,3,16,8,0,0,0,7
digit_01423,0,2,16,16,16,10,0,0,0,0,11,8,12,16,2,0,0,0,0,0,14,13,0,0,0,2,9,12,16,4,0,0,0,11,16,16,16,16,8,0,0,0,10,14,1,4,0,0,0,2,16,7,0,0,0,0,0,2,15,6,0,0,0,0,7
digit_01424,0,0,0,14,15,4,0,0,0,0,7,16,14,2,0,0,0,0,14,13,1,0,0,0,0,0,3,7,0,0,0,0,0,3,16,6,8,3,0,0,0,2,15,16,16,15,3,0,0,0,9,16,15,15,11,0,0,0,0,10,16,16,11,0,6
digit_01425,0,1,10,16,11,0,0,0,0,8,16,12,16,3,0,0,0,1,12,3,16,4,0,0,0,0,0,6,15,0,0,0,0,0,0,11,13,0,0,0,0,0,3,16,7,0,0,0,0,0,11,16,16,16,14,5,0,0,11,13,9,12,15,11,2
digit_01426,0,1,15,8,0,1,2,0,0,8,16,8,0,12,15,0,0,7,16,11,10,16,7,0,0,2,15,16,16,16,2,0,0,0,2,12,16,9,0,0,0,0,1,16,12,0,0,0,0,0,10,15,1,0,0,0,0,0,12,11,0,0,0,0,4
digit_01427,0,0,0,11,13,0,0,0,0,0,4,16,8,1,0,0,0,0,13,10,0,0,0,0,0,0,15,5,0,0,0,0,0,1,16,3,4,2,0,0,0,0,13,16,15,14,7,0,0,0,7,16,7,4,16,1,0,0,0,9,16,16,11,0,6
digit_01428,0,0,1,11,16,15,3,0,0,1,13,13,5,13,8,0,0,6,16,8,2,15,8,0,0,10,16,16,16,16,7,0,0,1,1,6,15,14,1,0,0,0,0,3,16,5,0,0,0,0,0,9,14,0,0,0,0,0,1,15,7,0,0,0,9
digit_01429,0,4,14,16,16,12,2,0,0,10,16,10,8,14,7,0,0,10,12,0,0,0,0,0,0,2,16,7,0,0,0,0,0,0,15,11,0,0,0,0,0,0,9,15,3,0,0,0,0,1,12,16,4,0,0,0,0,5,16,15,1,0,0,0,5
digit_01430,0,0,6,10,12,4,0,0,0,2,15,10,8,9,0,0,0,0,6,0,3,12,0,0,0,0,0,0,8,7,0,0,0,0,0,6,14,1,0,0,0,0,4,14,6,0,0,0,0,1,16,11,7,11,8,0,0,0,13,16,13,12,12,0,2
digit_01431,0,0,1,11,6,0,0,0,0,0,7,13,2,0,0,0,0,0,13,6,0,0,0,0,0,1,13,1,0,0,0,0,0,1,12,0,4,3,0,0,0,1,11,11,14,14,10,0,0,0,12,15,5,4,15,3,0,0,1,13,16,12,9,1,6
digit_01432,0,0,5,13,11,2,0,0,0,2,14,15,15,12,0,0,0,2,16,5,0,7,4,0,0,4,16,3,0,3,6,0,0,3,14,0,0,8,7,0,0,2,16,0,2,14,6,0,0,1,15,15,16,11,0,0,0,0,7,14,10,1,0,0,0
digit_01433,0,0,0,10,12,0,0,0,0,0,4,16,7,1,0,0,0,0,11,8,0,0,0,0,0,0,12,5,0,0,0,0,0,0,14,2,3,4,1,0,0,0,11,10,16,13,13,0,0,0,7,16,7,0,11,5,0,0,0,8,15,16,13,1,6
digit_01434,0,1,7,11,15,11,1,0,0,4,9,4,0,13,5,0,0,0,0,0,9,15,1,0,0,0,4,15,11,3,0,0,0,0,3,16,8,2,0,0,0,0,0,2,7,16,6,0,0,0,0,6,9,16,5,0,0,0,13,12,7,3,0,0,3
digit_01435,0,0,1,16,14,2,0,0,0,0,4,16,16,8,0,0,0,0,7,16,16,3,0,0,0,0,10,16,16,3,0,0,0,0,13,16,12,0,0,0,0,0,15,16,12,0,0,0,0,0,11,16,11,0,0,0,0,0,3,15,16,9,0,0,1
digit_01436,0,0,0,2,9,15,9,0,0,0,8,14,7,9,12,0,0,3,16,5,4,13,6,0,0,2,10,12,15,14,0,0,0,0,0,0,1,13,3,0,0,0,0,0,2,16,0,0,0,0,0,0,7,12,0,0,0,0,0,0,12,6,0,0,9
digit_01437,0,3,12,16,16,14,0,0,0,13,16,14,8,5,0,0,0,10,10,0,0,0,0,0,0,5,15,3,0,0,0,0,0,0,14,9,0,0,0,0,0,0,7,14,1,0,0,0,0,0,10,16,4,0,0,0,0,0,15,15,2,0,0,0,5
digit_01438,0,0,4,11,14,12,0,0,0,4,16,9,5,16,1,0,0,11,8,0,6,13,0,0,0,5,6,1,13,5,0,0,0,0,0,11,9,0,0,0,0,0,4,16,1,0,0,0,0,0,10,9,0,0,1,0,0,0,3,16,16,14,6,0,2
digit_01439,0,2,12,16,15,8,0,0,0,2,7,4,10,16,2,0,0,0,0,3,16,13,0,0,0,0,0,15,15,1,0,0,0,0,0,10,13,0,0,0,0,0,0,0,14,10,1,0,0,0,1,5,10,16,4,0,0,1,13,13,12,8,0,0,3
digit_01440,0,0,1,11,8,0,0,0,0,0,8,15,3,0,0,0,0,1,15,4,0,0,0,0,0,4,16,8,15,14,3,0,0,4,14,11,7,5,10,0,0,1,13,0,0,1,13,0,0,0,11,5,0,9,13,0,0,0,2,11,16,12,1,0,6
digit_01441,0,0,0,10,15,4,0,0,0,0,6,16,10,1,0,0,0,0,11,15,1,0,0,0,0,0,16,10,6,3,0,0,0,4,16,16,16,16,7,0,0,0,15,16,11,6,16,1,0,0,11,13,2,4,16,4,0,0,0,10,16,16,13,1,6
digit_01442,0,0,5,14,16,14,0,0,0,7,16,15,8,8,0,0,0,14,13,0,0,0,0,0,0,13,16,13,3,0,0,0,0,0,5,11,15,1,0,0,0,0,0,0,16,9,0,0,0,0,5,11,16,8,0,0,0,0,11,16,10,1,0,0,5
digit_01443,0,0,0,5,15,0,0,0,0,0,0,11,10,3,8,0,0,0,6,15,1,13,9,0,0,3,16,8,9,16,5,0,0,12,16,15,15,13,8,0,0,3,4,0,16,2,0,0,0,0,0,4,11,0,0,0,0,0,0,6,11,0,0,0,4
digit_01444,0,0,5,14,16,8,0,0,0,6,15,10,12,16,1,0,0,9,5,0,13,8,0,0,0,6,15,13,15,1,0,0,0,0,11,16,4,0,0,0,0,0,15,16,7,0,0,0,0,0,16,13,14,0,0,0,0,0,5,16,15,4,0,0,8
digit_01445,0,2,16,16,15,3,0,0,0,0,3,3,14,8,0,0,0,0,0,3,16,2,0,0,0,0,0,10,14,0,0,0,0,3,16,16,16,16,8,0,0,0,11,15,4,4,1,0,0,0,14,6,0,0,0,0,0,3,16,3,0,0,0,0,7
digit_01446,0,1,10,16,16,14,6,0,0,11,16,7,4,16,10,0,0,9,16,10,10,16,4,0,0,0,5,12,16,3,0,0,0,0,0,7,16,0,0,0,0,0,0,13,15,0,0,0,0,0,6,16,7,0,0,0,0,2,15,10,0,0,0,0,9
digit_01447,0,1,9,16,16,14,2,0,0,11,16,7,5,16,6,0,0,16,14,10,16,16,4,0,0,4,8,10,16,13,0,0,0,0,1,13,13,1,0,0,0,0,6,16,6,0,0,0,0,0,12,10,0,0,0,0,0,0,11,11,0,0,0,0,9
digit_01448,0,0,5,14,13,2,0,0,0,3,14,5,8,12,0,0,0,3,9,0,12,4,0,0,0,1,14,9,13,0,0,0,0,0,2,14,12,0,0,0,0,0,4,14,14,3,0,0,0,0,10,7,12,6,0,0,0,0,6,16,13,1,0,0,8
digit_01449,0,0,0,12,8,0,6,3,0,0,4,16,3,3,15,3,0,0,12,10,0,12,8,0,0,8,15,5,8,16,4,0,0,10,16,16,16,16,10,0,0,0,4,5,15,1,0,0,0,0,0,8,11,0,0,0,0,0,0,12,6,0,0,0,4
digit_01450,0,3,13,16,4,0,0,0,0,7,14,16,8,0,0,0,0,0,1,16,7,0,0,0,0,0,9,15,1,0,0,0,0,1,16,8,0,0,0,0,0,7,16,1,0,0,0,0,0,9,16,4,4,4,4,0,0,4,16,16,16,16,8,0,2
digit_01451,0,0,2,16,15,7,0,0,0,0,3,12,13,13,0,0,0,0,0,6,16,10,0,0,0,0,0,6,16,3,0,0,0,0,3,15,10,12,0,0,0,1,13,5,0,13,6,0,0,0,16,5,0,7,15,0,0,0,3,11,16,16,12,2,8
digit_01452,0,0,9,13,16,9,0,0,0,0,4,5,11,15,0,0,0,0,0,6,15,8,0,0,0,0,0,13,10,0,0,0,0,0,0,8,12,1,0,0,0,0,0,0,9,14,2,0,0,0,0,3,12,16,4,0,0,0,11,16,11,3,0,0,3
digit_01453,0,0,2,13,9,1,0,0,0,1,13,7,15,5,0,0,1,15,9,0,15,2,0,0,0,6,13,7,13,0,0,0,0,0,5,16,8,0,0,0,0,0,1,15,14,2,0,0,0,0,4,12,6,11,0,0,0,0,0,11,16,8,0,0,8
digit_01454,0,0,2,13,6,0,4,0,0,0,13,11,0,2,15,3,0,4,16,2,0,13,8,0,0,3,16,16,12,16,7,0,0,0,2,7,15,10,1,0,0,0,0,4,13,0,0,0,0,0,0,13,5,0,0,0,0,0,2,12,0,0,0,0,4
digit_01455,0,4,12,14,12,6,0,0,0,2,4,4,5,16,6,0,0,0,0,0,6,16,4,0,0,0,0,5,16,6,0,0,0,0,0,5,16,3,0,0,0,0,0,0,11,13,0,0,0,0,0,5,13,16,0,0,0,5,16,12,11,1,0,0,3
digit_01456,0,7,16,16,16,9,0,0,0,3,8,4,13,16,0,0,0,0,0,8,16,6,0,0,0,0,0,4,16,4,0,0,0,0,0,0,11,15,5,0,0,0,0,0,1,13,15,0,0,0,5,9,15,16,10,0,0,4,16,16,10,3,0,0,3
digit_01457,0,0,1,14,11,0,0,0,0,0,12,13,1,0,0,0,0,5,16,3,0,7,15,1,0,6,16,11,12,16,10,0,0,0,11,14,16,11,0,0,0,0,0,7,15,2,0,0,0,0,0,15,12,0,0,0,0,0,1,15,7,0,0,0,4
digit_01458,0,0,11,16,15,3,0,0,0,0,2,4,16,7,0,0,0,0,0,4,16,3,0,0,0,2,4,10,14,4,2,0,0,9,16,16,16,16,8,0,0,0,7,15,2,0,0,0,0,0,10,9,0,0,0,0,0,0,12,7,0,0,0,0,7
digit_01459,0,0,7,15,15,3,0,0,0,0,10,14,12,14,0,0,0,0,1,6,16,12,0,0,0,0,1,15,14,3,0,0,0,0,0,9,15,5,0,0,0,0,0,0,5,15,6,0,0,0,7,6,7,13,16,1,0,0,7,16,16,15,8,0,3
digit_01460,0,0,1,14,6,0,0,0,0,0,6,15,3,0,0,0,0,1,14,7,0,0,0,0,0,0,16,9,8,3,0,0,0,7,16,16,12,15,3,0,0,5,14,7,0,4,9,0,0,3,15,6,1,12,9,0,0,0,4,13,16,14,3,0,6
digit_01461,0,0,2,13,14,2,0,0,0,0,10,16,13,4,0,0,0,0,13,15,1,0,0,0,0,1,16,9,0,0,0,0,0,1,16,15,12,2,0,0,0,1,15,16,11,13,0,0,0,0,11,12,8,16,1,0,0,0,2,13,16,15,0,0,6
digit_01462,0,0,0,10,14,0,3,1,0,0,5,16,6,1,14,5,0,2,15,8,3,10,13,0,0,8,16,14,16,16,8,0,0,5,11,6,15,13,3,0,0,0,0,1,15,0,0,0,0,0,0,7,10,0,0,0,0,0,0,13,3,0,0,0,4
digit_01463,0,1,8,16,16,11,0,0,0,2,10,6,12,12,0,0,0,0,0,0,11,11,0,0,0,0,0,4,16,8,3,0,0,3,15,16,16,16,11,0,0,4,10,16,6,6,2,0,0,0,9,13,0,0,0,0,0,1,14,7,0,0,0,0,7
digit_01464,0,0,0,12,14,2,0,0,0,0,6,15,16,4,0,0,0,0,13,16,12,0,0,0,0,1,14,16,8,0,0,0,0,1,15,16,2,0,0,0,0,1,15,16,4,0,0,0,0,0,10,16,11,4,0,0,0,0,0,11,13,5,0,0,1
digit_01465,0,0,9,16,13,3,0,0,0,2,16,16,16,12,0,0,0,0,0,6,16,7,0,0,0,0,1,15,12,0,0,0,0,0,13,15,2,0,0,0,0,4,16,7,0,0,0,0,0,8,16,8,6,8,3,0,0,1,11,16,16,12,4,0,2
digit_01466,0,0,10,16,16,9,0,0,0,4,13,5,9,12,0,0,0,0,0,1,13,5,0,0,0,0,5,13,16,16,9,0,0,0,11,16,11,11,9,0,0,0,1,13,3,0,0,0,0,0,8,10,0,0,0,0,0,0,11,8,0,0,0,0,7
digit_01467,0,0,1,12,16,3,0,0,0,0,8,8,4,0,0,0,0,0,14,1,0,0,0,0,0,2,16,9,8,6,1,0,0,4,16,14,11,12,6,0,0,2,16,4,1,7,11,0,0,0,11,11,5,13,9,0,0,0,0,10,13,10,3,0,6
digit_01468,0,0,5,16,16,6,0,0,0,0,16,9,11,13,0,0,0,0,11,11,14,8,0,0,0,0,1,15,12,1,0,0,0,0,3,16,15,4,0,0,0,0,12,10,7,13,1,0,0,0,15,4,3,16,6,0,0,0,8,16,16,13,1,0,8
digit_01469,0,0,1,11,16,15,2,0,0,2,14,15,11,16,6,0,0,11,14,2,8,15,1,0,0,8,16,12,16,16,9,0,0,0,3,7,9,16,8,0,0,0,0,0,13,15,1,0,0,0,0,7,16,4,0,0,0,0,0,11,13,0,0,0,9
digit_01470,0,0,3,11,15,15,4,0,0,2,14,8,4,15,5,0,0,7,11,1,13,15,1,0,0,1,11,12,13,16,5,0,0,0,0,0,8,12,0,0,0,0,0,3,15,2,0,0,0,0,0,11,7,0,0,0,0,0,0,13,4,0,0,0,9
digit_01471,0,0,1,8,15,16,7,0,0,1,13,14,9,16,8,0,0,8,16,5,11,15,2,0,0,5,16,16,16,10,1,0,0,0,1,4,10,16,9,0,0,0,0,0,3,16,7,0,0,0,0,3,14,14,1,0,0,0,0,11,15,3,0,0,9
digit_01472,0,2,12,16,16,9,0,0,0,2,15,10,7,16,4,0,0,0,0,0,5,16,6,0,0,0,0,6,16,13,0,0,0,0,0,5,13,16,6,0,0,0,0,0,0,9,16,0,0,0,6,4,5,12,16,2,0,2,13,16,16,16,10,0,3
digit_01473,0,0,5,16,14,1,0,0,0,0,13,10,9,10,0,0,0,1,16,4,0,16,0,0,0,3,16,7,0,13,6,0,0,5,12,0,0,13,8,0,0,4,16,0,0,14,5,0,0,0,15,13,14,12,0,0,0,0,5,14,10,4,0,0,0
digit_01474,0,0,0,9,12,0,0,0,0,0,5,16,6,0,0,0,0,0,10,11,0,0,0,0,0,0,12,8,4,0,0,0,0,0,13,16,15,11,1,0,0,0,13,14,1,6,6,0,0,0,5,12,1,11,6,0,0,0,0,9,15,10,0,0,6
digit_01475,0,1,12,16,16,8,0,0,0,1,8,5,9,12,0,0,0,0,0,0,11,8,0,0,0,0,5,14,14,10,5,0,0,0,3,15,14,12,5,0,0,0,2,16,3,0,0,0,0,0,10,9,0,0,0,0,0,0,13,2,0,0,0,0,7
digit_01476,0,0,1,14,13,0,0,0,0,0,6,16,8,0,0,0,0,0,12,9,0,0,0,0,0,0,14,10,16,12,1,0,0,1,16,10,14,8,13,0,0,0,13,9,10,0,12,4,0,0,8,10,0,5,16,5,0,0,1,11,16,16,11,0,6
digit_01477,0,2,12,16,15,9,0,0,0,1,4,7,15,14,0,0,0,0,3,15,14,3,0,0,0,0,6,14,5,0,0,0,0,0,1,11,16,7,0,0,0,0,0,0,6,16,7,0,0,0,3,9,14,15,5,0,0,1,14,12,8,1,0,0,3
digit_01478,0,0,4,14,16,7,0,0,0,1,16,14,8,5,0,0,0,8,10,0,0,0,0,0,0,3,13,0,0,0,0,0,0,0,12,6,0,0,0,0,0,0,4,13,0,0,0,0,0,0,0,16,5,0,0,0,0,0,7,16,4,0,0,0,5
digit_01479,0,0,0,12,14,5,0,0,0,0,3,16,16,12,0,0,0,0,14,16,16,2,0,0,0,1,15,16,8,0,0,0,0,4,16,15,4,0,0,0,0,3,16,16,1,0,0,0,0,0,10,16,13,0,0,0,0,0,0,11,16,5,0,0,1
digit_01480,0,0,6,13,16,16,13,0,0,6,16,10,7,15,14,0,0,1,4,0,10,16,6,0,0,0,0,10,16,4,0,0,0,0,3,16,9,0,0,0,0,0,15,11,0,0,0,0,0,0,16,10,0,0,0,0,0,0,9,16,16,12,1,0,2
digit_01481,0,0,1,16,10,0,0,0,0,0,3,16,16,4,0,0,0,0,6,16,14,0,0,0,0,0,6,16,14,0,0,0,0,0,8,16,11,0,0,0,0,0,6,16,12,0,0,0,0,0,6,16,11,0,0,0,0,0,1,11,13,0,0,0,1
digit_01482,0,0,3,13,16,16,3,0,0,0,8,10,5,5,0,0,0,7,15,0,0,0,0,0,0,10,13,2,0,0,0,0,0,3,15,14,1,0,0,0,0,0,0,11,11,0,0,0,0,0,0,7,13,0,0,0,0,0,3,16,11,0,0,0,5
digit_01483,0,5,15,13,0,0,0,0,0,3,10,16,5,0,0,0,0,0,0,14,4,0,0,0,0,0,6,14,0,0,0,0,0,1,14,7,0,0,0,0,0,7,13,1,0,0,0,0,0,13,14,10,11,9,5,0,0,5,15,16,14,10,3,0,2
digit_01484,0,1,10,16,16,15,2,0,0,9,16,11,4,16,11,0,0,6,16,15,12,16,7,0,0,0,4,9,16,14,1,0,0,0,0,1,15,8,0,0,0,0,0,13,15,2,0,0,0,0,9,16,5,0,0,0,0,3,16,7,0,0,0,0,9
digit_01485,0,0,1,11,13,1,0,0,0,0,11,13,9,11,0,0,0,2,16,2,0,10,2,0,0,5,12,0,0,5,7,0,0,8,8,0,0,4,8,0,0,2,12,0,0,7,7,0,0,0,13,5,8,16,2,0,0,0,2,15,14,5,0,0,0
digit_01486,0,0,3,15,10,1,0,0,0,0,11,14,10,7,0,0,0,2,16,3,0,11,1,0,0,4,15,0,0,7,5,0,0,3,12,0,0,3,9,0,0,2,11,0,0,7,9,0,0,0,11,8,9,16,4,0,0,0,2,10,16,9,0,0,0
digit_01487,0,0,1,15,14,0,0,0,0,0,6,16,16,8,0,0,0,0,12,16,16,2,0,0,0,0,12,16,13,0,0,0,0,0,15,16,7,0,0,0,0,0,14,16,7,0,0,0,0,0,11,16,11,0,0,0,0,0,2,14,13,0,0,0,1
digit_01488,0,0,2,15,12,1,0,0,0,0,6,16,15,1,0,0,0,0,14,16,8,0,0,0,0,2,16,16,2,0,0,0,0,3,16,15,0,0,0,0,0,2,16,13,0,0,0,0,0,0,9,16,2,0,0,0,0,0,2,13,12,0,0,0,1
digit_01489,0,0,2,14,14,4,0,0,0,0,15,16,16,15,1,0,0,6,14,16,5,12,6,0,0,2,11,12,0,6,8,0,0,0,12,4,0,9,6,0,0,0,11,5,0,12,3,0,0,0,8,12,11,15,2,0,0,0,1,12,10,2,0,0,0
digit_01490,0,0,0,8,15,1,0,0,0,0,2,16,7,0,0,0,0,0,7,15,1,0,0,0,0,0,10,11,0,0,0,0,0,0,14,16,16,13,2,0,0,0,15,16,5,6,14,1,0,0,9,12,2,4,14,5,0,0,0,8,15,16,13,4,6
digit_01491,0,0,7,13,0,0,3,8,0,0,15,7,0,3,15,7,0,0,16,12,6,14,9,0,0,0,6,12,16,12,0,0,0,0,0,2,14,2,0,0,0,0,0,9,9,0,0,0,0,0,2,13,1,0,0,0,0,0,8,5,0,0,0,0,4
digit_01492,0,0,3,12,16,10,0,0,0,3,14,5,0,12,0,0,0,9,8,1,9,16,4,0,0,5,15,15,15,14,2,0,0,0,0,0,15,3,0,0,0,0,0,8,10,0,0,0,0,0,0,11,6,0,0,0,0,0,3,15,2,0,0,0,9
digit_01493,0,0,1,13,16,5,0,0,0,0,6,16,11,2,0,0,0,0,13,15,0,0,0,0,0,3,16,9,0,0,0,0,0,4,16,5,5,10,3,0,0,4,16,5,16,14,15,4,0,0,13,11,7,8,16,7,0,0,2,12,16,16,12,2,6
digit_01494,0,0,0,8,14,0,0,0,0,0,9,16,5,0,0,0,0,2,14,12,4,7,8,0,0,5,16,16,16,16,13,0,0,1,7,10,12,16,6,0,0,0,0,2,15,10,0,0,0,0,0,10,16,2,0,0,0,0,0,10,15,3,0,0,4
digit_01495,0,0,3,16,14,3,0,0,0,0,6,16,16,5,0,0,0,0,12,16,9,0,0,0,0,0,16,16,5,0,0,0,0,2,16,16,1,0,0,0,0,1,16,16,1,0,0,0,0,0,13,16,1,0,0,0,0,0,4,15,0,0,0,0,1
digit_01496,0,0,4,12,13,2,0,0,0,0,16,9,12,9,0,0,0,2,12,1,15,5,0,0,0,0,1,6,14,1,0,0,0,0,0,15,7,0,0,0,0,0,9,12,0,0,0,0,0,0,9,9,4,8,14,2,0,0,4,13,13,9,2,0,2
digit_01497,0,0,2,15,15,6,0,0,0,0,9,13,4,15,3,0,0,0,14,7,0,8,4,0,0,0,15,4,0,5,8,0,0,4,13,0,0,7,6,0,0,2,12,0,0,12,5,0,0,0,15,9,12,14,0,0,0,0,3,13,13,0,0,0,0
digit_01498,0,0,4,12,15,6,0,0,0,4,16,8,8,15,0,0,0,10,9,0,3,15,2,0,0,6,15,7,10,16,4,0,0,0,7,8,8,13,8,0,0,0,0,0,0,7,9,0,0,0,2,4,4,10,11,0,0,0,8,16,15,10,2,0,9
digit_01499,0,0,0,0,7,13,1,0,0,0,0,0,9,16,2,0,0,0,1,9,16,16,0,0,0,4,12,16,16,16,0,0,0,5,10,3,12,15,0,0,0,0,0,0,10,15,0,0,0,0,0,0,12,15,0,0,0,0,0,0,9,12,0,0,1
digit_01500,0,3,13,14,7,1,0,0,0,6,12,8,13,6,0,0,0,1,0,0,10,7,0,0,0,0,0,9,16,4,0,0,0,0,0,9,14,15,4,0,0,0,0,0,0,13,8,0,0,1,8,8,10,16,3,0,0,4,14,16,11,2,0,0,3
digit_01501,0,0,2,11,0,0,0,0,0,0,11,13,0,0,0,0,0,0,16,6,0,0,0,0,0,0,15,7,4,1,0,0,0,4,16,16,16,15,3,0,0,1,16,13,8,14,12,0,0,0,14,15,12,15,12,0,0,0,2,15,16,14,4,0,6
digit_01502,0,0,0,10,13,0,0,0,0,0,1,16,11,2,0,0,0,0,8,16,0,0,0,0,0,0,13,12,0,0,0,0,0,0,14,16,14,9,0,0,0,0,12,15,5,9,13,0,0,0,3,16,4,6,16,2,0,0,0,8,13,14,9,0,6
digit_01503,0,0,5,13,16,3,0,0,0,1,15,15,16,8,0,0,0,5,8,5,16,11,0,0,0,2,12,16,16,16,10,0,0,2,14,16,15,10,5,0,0,0,1,16,11,0,0,0,0,0,5,16,8,0,0,0,0,0,8,14,2,0,0,0,7
digit_01504,0,0,11,15,10,0,0,0,0,3,15,6,16,3,0,0,0,0,0,3,14,2,0,0,0,0,1,14,13,2,0,0,0,0,3,13,14,15,3,0,0,0,0,0,0,14,7,0,0,0,8,1,7,15,2,0,0,0,12,16,14,4,0,0,3
digit_01505,0,0,3,13,13,4,0,0,0,1,14,13,10,16,1,0,0,6,12,1,3,16,6,0,0,7,15,4,10,16,8,0,0,2,11,15,12,16,8,0,0,0,0,0,0,15,8,0,0,0,5,10,4,16,8,0,0,0,2,12,16,11,1,0,9
digit_01506,0,1,14,13,0,0,0,0,0,9,16,16,2,0,0,0,0,7,11,16,8,0,0,0,0,0,1,13,8,0,0,0,0,0,2,16,5,0,0,0,0,0,6,16,4,0,0,0,0,1,15,16,16,12,6,0,0,0,16,16,16,16,16,3,2
digit_01507,0,0,10,16,15,1,0,0,0,5,15,8,15,6,0,0,0,3,6,1,14,4,0,0,0,0,0,10,16,13,0,0,0,0,0,1,7,16,7,0,0,0,1,2,0,15,7,0,0,0,12,13,6,16,5,0,0,0,9,16,16,9,0,0,3
digit_01508,0,0,4,13,14,1,0,0,0,1,16,9,16,3,0,0,0,2,5,0,12,6,0,0,0,0,3,6,16,4,0,0,0,6,16,16,16,16,6,0,0,4,6,13,12,4,2,0,0,0,0,14,4,0,0,0,0,0,5,11,0,0,0,0,7
digit_01509,0,0,6,14,13,1,0,0,0,2,15,15,16,7,0,0,0,1,5,4,16,6,0,0,0,0,0,7,16,10,3,0,0,1,9,16,16,16,10,0,0,1,15,16,13,8,1,0,0,0,2,16,8,0,0,0,0,0,8,13,0,0,0,0,7
digit_01510,0,0,8,15,15,5,0,0,0,4,16,13,16,9,0,0,0,1,4,4,16,6,0,0,0,0,0,11,16,5,0,0,0,1,13,16,16,15,5,0,0,5,13,16,13,12,5,0,0,0,9,16,3,0,0,0,0,0,12,10,0,0,0,0,7
digit_01511,0,0,5,13,16,15,3,0,0,3,16,16,15,16,5,0,0,0,4,0,6,16,2,0,0,0,3,12,16,16,4,0,0,0,9,16,16,16,8,0,0,0,2,13,15,2,0,0,0,0,2,16,9,0,0,0,0,0,5,14,1,0,0,0,7
digit_01512,0,0,6,14,3,0,0,0,0,0,12,14,14,0,0,0,0,0,14,7,14,2,0,0,0,0,10,5,10,6,0,0,0,0,0,0,13,5,0,0,0,0,0,2,14,5,3,0,0,0,8,16,16,16,16,0,0,0,9,14,8,8,8,2,2
digit_01513,0,0,3,15,4,0,0,0,0,0,8,13,15,7,0,0,0,2,16,6,5,16,3,0,0,4,14,0,0,11,8,0,0,6,12,0,0,8,8,0,0,4,15,1,0,9,7,0,0,1,15,11,9,16,3,0,0,0,4,10,15,8,0,0,0
digit_01514,0,1,8,15,13,2,0,0,0,5,14,8,14,7,0,0,0,1,2,2,15,2,0,0,0,0,0,15,15,3,0,0,0,0,0,9,14,16,3,0,0,0,0,0,0,13,8,0,0,0,6,8,8,15,4,0,0,0,11,12,12,5,0,0,3
digit_01515,0,0,14,11,1,0,0,0,0,7,15,14,8,0,0,0,0,7,8,4,8,0,0,0,0,0,4,0,12,0,0,0,0,0,0,4,10,0,0,0,0,0,0,8,6,0,0,0,0,1,13,16,13,8,4,0,0,1,14,12,16,16,10,0,2
digit_01516,0,0,5,14,16,10,0,0,0,3,15,13,8,15,6,0,0,0,14,13,7,16,9,0,0,0,10,16,16,12,3,0,0,0,6,16,16,3,0,0,0,0,14,13,16,7,0,0,0,0,14,12,14,9,0,0,0,0,6,14,11,2,0,0,8
digit_01517,0,0,3,10,14,9,0,0,0,3,15,11,9,8,0,0,0,6,12,8,7,1,0,0,0,4,16,14,16,15,1,0,0,2,8,4,3,14,8,0,0,0,0,0,0,8,9,0,0,0,0,7,8,13,9,0,0,0,0,14,14,9,0,0,5
digit_01518,0,0,0,4,13,2,0,0,0,0,0,14,8,0,0,0,0,0,5,14,0,9,7,0,0,2,16,3,5,16,5,0,0,7,14,0,12,13,0,0,0,7,16,13,15,11,0,0,0,0,5,13,16,16,2,0,0,0,0,3,14,2,0,0,4
digit_01519,0,0,4,15,7,0,0,0,0,2,15,5,13,5,0,0,0,5,11,0,2,13,2,0,0,5,8,0,0,6,8,0,0,7,8,0,0,5,8,0,0,3,11,0,0,9,7,0,0,0,14,10,6,15,2,0,0,0,6,12,13,6,0,0,0
digit_01520,0,0,4,16,1,0,0,0,0,0,10,12,0,0,0,0,0,1,14,8,0,0,0,0,0,3,16,16,14,4,0,0,0,3,16,8,6,15,5,0,0,1,14,3,0,7,12,0,0,0,11,11,7,16,8,0,0,0,5,14,14,9,0,0,6
digit_01521,0,0,9,13,16,5,0,0,0,7,16,12,9,12,0,0,0,6,14,1,1,7,1,0,0,1,13,16,16,12,3,0,0,0,9,16,12,0,0,0,0,1,16,8,16,2,0,0,0,4,14,2,16,4,0,0,0,0,13,16,10,0,0,0,8
digit_01522,0,0,3,11,0,0,0,0,0,0,11,10,0,0,0,0,0,0,16,5,0,0,0,0,0,2,16,5,4,2,0,0,0,3,16,16,16,16,6,0,0,2,16,6,0,6,13,0,0,0,15,7,3,12,11,0,0,0,4,14,16,11,3,0,6
digit_01523,0,0,9,16,11,5,0,0,0,5,16,10,9,16,3,0,0,8,12,0,0,12,2,0,0,5,16,12,15,16,7,0,0,0,11,16,16,5,0,0,0,1,15,11,13,10,0,0,0,3,16,6,11,12,0,0,0,0,10,16,13,4,0,0,8
digit_01524,0,0,0,9,4,0,0,0,0,0,0,16,3,0,0,0,0,0,8,12,0,1,0,0,0,4,15,2,1,15,3,0,0,8,13,0,8,16,3,0,0,8,16,16,16,13,4,0,0,0,4,10,13,0,0,0,0,0,0,7,12,0,0,0,4
digit_01525,0,0,3,10,13,1,0,0,0,2,15,10,16,3,0,0,0,2,4,1,16,4,0,0,0,0,0,7,16,0,0,0,0,0,7,14,16,12,3,0,0,2,13,15,13,9,2,0,0,0,0,13,8,0,0,0,0,0,1,15,3,0,0,0,7
digit_01526,0,0,0,0,15,16,3,0,0,0,0,0,15,16,2,0,0,0,0,4,16,16,2,0,0,0,8,16,16,13,0,0,0,8,16,16,16,9,0,0,0,1,8,6,16,12,0,0,0,0,0,3,16,13,0,0,0,0,0,0,13,13,0,0,1
digit_01527,0,0,0,0,13,12,0,0,0,0,0,2,16,16,2,0,0,0,0,7,16,16,2,0,0,4,14,16,16,15,0,0,0,9,16,13,16,10,0,0,0,0,0,4,16,12,0,0,0,0,0,1,16,15,0,0,0,0,0,0,13,16,4,0,1
digit_01528,0,2,15,13,0,0,0,0,0,12,16,16,6,0,0,0,0,14,7,11,10,0,0,0,0,3,1,10,12,0,0,0,0,0,1,15,6,0,0,0,0,0,12,14,0,0,0,0,0,4,16,15,12,12,5,0,0,2,15,16,16,16,13,0,2
digit_01529,0,0,3,11,12,12,1,0,0,0,15,12,4,14,2,0,0,0,15,12,5,16,4,0,0,0,6,16,16,13,1,0,0,0,8,15,14,13,1,0,0,1,15,4,3,16,6,0,0,3,16,5,6,15,1,0,0,0,9,14,13,6,0,0,8
digit_01530,0,0,8,15,16,3,0,0,0,3,15,14,16,5,0,0,0,0,3,6,16,2,0,0,0,0,3,12,16,8,3,0,0,1,14,16,16,16,10,0,0,0,9,16,12,5,0,0,0,0,8,16,4,0,0,0,0,0,11,11,0,0,0,0,7
digit_01531,0,0,0,8,15,1,0,0,0,0,1,15,11,0,0,0,0,0,12,14,1,8,15,1,0,7,16,6,4,16,10,0,0,9,16,16,16,16,1,0,0,1,5,12,16,11,1,0,0,0,0,10,15,1,0,0,0,0,0,10,10,0,0,0,4
digit_01532,0,0,0,10,16,7,0,0,0,0,0,9,16,16,2,0,0,0,0,11,16,14,0,0,0,0,0,14,16,12,0,0,0,0,7,16,16,8,0,0,0,2,15,16,16,7,0,0,0,3,10,16,16,8,0,0,0,0,0,11,16,15,3,0,1
digit_01533,0,0,6,12,14,15,2,0,0,0,14,9,8,5,0,0,0,3,14,6,0,0,0,0,0,6,16,16,15,9,0,0,0,0,4,4,7,15,7,0,0,0,0,0,0,11,8,0,0,0,2,9,13,16,4,0,0,0,7,15,12,6,0,0,5
digit_01534,0,0,6,13,15,9,0,0,0,4,15,8,4,16,4,0,0,8,9,0,0,15,8,0,0,7,15,9,10,16,8,0,0,0,5,8,5,12,8,0,0,0,0,0,0,12,8,0,0,0,11,9,3,14,3,0,0,0,4,15,16,7,0,0,9
digit_01535,0,0,8,12,1,0,0,0,0,0,15,16,11,0,0,0,0,0,10,3,14,1,0,0,0,0,0,0,11,2,0,0,0,0,0,0,14,3,0,0,0,0,0,4,16,1,0,0,0,0,6,16,16,16,11,1,0,0,5,16,13,12,12,6,2
digit_01536,0,0,9,16,10,0,0,0,0,1,15,15,16,3,0,0,0,1,16,6,13,8,0,0,0,0,10,5,11,9,0,0,0,0,0,0,14,8,0,0,0,0,0,3,16,5,0,0,0,0,9,16,16,16,14,4,0,0,9,16,14,12,16,8,2
digit_01537,0,0,0,15,3,0,0,0,0,0,3,16,2,0,0,0,0,0,7,15,0,0,0,0,0,0,10,12,3,0,0,0,0,0,14,16,16,11,2,0,0,1,15,11,1,11,11,0,0,0,12,13,4,8,13,0,0,0,2,11,14,13,5,0,6
digit_01538,0,0,5,14,16,6,0,0,0,2,15,10,7,15,0,0,0,0,3,0,9,7,0,0,0,0,0,6,16,5,0,0,0,0,0,2,11,16,3,0,0,0,0,0,0,11,7,0,0,0,8,8,7,15,3,0,0,0,7,15,13,6,0,0,3
digit_01539,0,0,4,11,0,0,0,0,0,0,8,9,0,0,0,0,0,0,15,4,0,0,0,0,0,2,16,8,7,2,0,0,0,6,16,12,13,14,4,0,0,5,16,2,1,10,11,0,0,0,16,9,4,16,9,0,0,0,7,14,15,8,0,0,6
digit_01540,0,0,9,15,15,7,0,0,0,3,16,7,7,11,0,0,0,0,16,10,3,6,0,0,0,0,7,16,16,15,4,0,0,0,9,16,16,3,0,0,0,1,15,4,11,10,0,0,0,4,14,3,9,11,0,0,0,0,8,15,15,4,0,0,8
digit_01541,0,1,8,16,14,0,0,0,0,4,15,9,16,3,0,0,0,1,4,7,16,0,0,0,0,0,0,11,16,9,0,0,0,0,0,0,5,15,5,0,0,0,0,0,0,15,5,0,0,0,15,9,9,15,2,0,0,0,6,13,10,4,0,0,3
digit_01542,0,0,0,0,7,7,0,0,0,0,0,4,15,1,0,0,0,0,0,13,6,9,1,0,0,0,8,12,0,14,3,0,0,3,16,3,2,16,0,0,0,5,16,16,13,16,4,0,0,0,1,7,12,14,2,0,0,0,0,0,9,10,0,0,4
digit_01543,0,0,7,12,16,16,7,0,0,0,14,14,11,16,7,0,0,0,2,0,7,16,3,0,0,0,2,11,15,16,4,0,0,0,13,16,16,16,7,0,0,0,4,15,12,0,0,0,0,0,6,16,3,0,0,0,0,0,9,15,2,0,0,0,7
digit_01544,0,0,0,6,16,0,0,0,0,0,0,9,15,0,0,0,0,0,2,15,8,14,0,0,0,0,12,14,8,16,0,0,0,9,16,12,14,14,3,0,0,8,16,16,16,15,8,0,0,1,4,10,16,5,0,0,0,0,0,5,16,4,0,0,4
digit_01545,0,0,6,13,12,9,1,0,0,4,16,11,6,13,7,0,0,7,16,6,2,13,8,0,0,1,14,15,16,13,3,0,0,0,7,16,16,5,0,0,0,2,16,9,13,14,0,0,0,1,15,8,7,16,3,0,0,0,6,16,15,7,0,0,8
digit_01546,0,2,10,13,3,0,0,0,0,10,15,10,14,8,0,0,0,11,14,4,13,14,0,0,0,2,9,12,12,16,4,0,0,0,0,0,0,16,7,0,0,0,0,0,0,12,12,0,0,2,12,4,5,15,11,0,0,0,9,13,12,11,1,0,9
digit_01547,0,0,2,15,8,0,0,0,0,0,9,14,16,6,0,0,0,0,15,9,3,14,3,0,0,4,16,2,0,9,7,0,0,8,12,0,0,7,8,0,0,3,14,1,0,8,9,0,0,0,15,15,13,15,7,0,0,0,3,14,15,9,0,0,0
digit_01548,0,0,0,7,14,1,0,0,0,0,0,9,11,0,0,0,0,0,0,12,7,4,8,0,0,0,5,15,2,16,5,0,0,3,16,7,6,16,0,0,0,11,16,15,15,16,2,0,0,0,2,8,16,9,0,0,0,0,0,5,16,2,0,0,4
digit_01549,0,3,15,16,11,1,0,0,0,12,13,10,16,4,0,0,0,5,1,8,16,1,0,0,0,0,0,16,16,6,0,0,0,0,0,7,13,16,5,0,0,0,0,0,1,15,13,0,0,4,11,8,8,15,13,0,0,2,14,16,16,10,1,0,3
digit_01550,0,1,12,14,6,0,0,0,0,8,14,5,15,7,0,0,0,6,11,1,11,15,2,0,0,1,14,16,13,16,8,0,0,0,0,0,0,12,8,0,0,1,3,0,0,11,9,0,0,4,13,2,1,13,6,0,0,0,10,16,16,9,0,0,9
digit_01551,0,0,0,12,11,0,0,0,0,0,5,16,8,0,0,0,0,0,12,11,0,0,0,0,0,0,15,8,4,1,0,0,0,3,16,16,16,15,5,0,0,2,16,3,1,9,13,0,0,0,12,9,4,13,13,0,0,0,0,11,16,13,3,0,6
digit_01552,0,0,4,15,15,5,0,0,0,1,16,12,11,15,3,0,0,7,16,2,4,16,4,0,0,5,16,16,16,16,5,0,0,0,0,1,0,16,8,0,0,0,0,0,0,14,8,0,0,0,10,13,8,16,5,0,0,0,7,13,14,9,1,0,9
digit_01553,0,0,5,15,8,1,0,0,0,1,15,13,15,9,0,0,0,8,15,1,3,14,1,0,0,4,14,0,0,11,8,0,0,5,12,0,0,12,8,0,0,5,15,1,0,12,10,0,0,1,16,10,9,15,3,0,0,0,5,15,15,4,0,0,0
digit_01554,0,0,0,2,13,2,0,0,0,0,0,14,10,0,0,0,0,0,11,10,0,10,4,0,0,4,16,3,1,14,3,0,0,6,16,16,16,16,5,0,0,0,5,8,14,11,1,0,0,0,0,0,15,2,0,0,0,0,0,1,13,0,0,0,4
digit_01555,0,0,0,1,15,5,0,0,0,0,0,11,15,0,7,1,0,0,8,15,2,5,16,0,0,3,15,8,4,12,11,0,0,10,16,16,16,16,7,0,0,2,8,8,13,16,1,0,0,0,0,0,14,10,0,0,0,0,0,2,14,3,0,0,4
digit_01556,0,2,16,10,1,0,0,0,0,3,16,16,8,0,0,0,0,1,11,11,12,0,0,0,0,0,0,4,16,0,0,0,0,0,0,9,12,0,0,0,0,0,5,15,8,0,0,0,0,5,16,16,16,16,13,0,0,2,16,16,16,16,14,0,2
digit_01557,0,1,7,9,12,14,1,0,0,11,16,15,10,5,1,0,0,2,16,7,0,0,0,0,0,0,9,16,16,9,0,0,0,0,0,2,8,13,6,0,0,0,0,0,0,8,11,0,0,0,7,13,14,16,4,0,0,0,10,16,12,3,0,0,5
digit_01558,0,1,10,16,14,3,0,0,0,4,16,13,15,14,0,0,0,1,1,0,9,16,2,0,0,0,5,14,16,13,0,0,0,0,7,16,16,15,2,0,0,0,0,0,4,15,9,0,0,1,13,8,13,16,5,0,0,1,14,16,14,7,0,0,3
digit_01559,0,0,0,11,16,8,0,0,0,0,9,15,5,3,0,0,0,0,14,6,0,0,0,0,0,4,14,0,0,0,0,0,0,5,11,2,4,1,0,0,0,4,14,15,15,15,3,0,0,1,11,16,11,11,15,0,0,0,1,11,15,16,12,0,6
digit_01560,0,3,16,14,10,5,0,0,0,1,8,8,11,16,2,0,0,0,2,6,12,11,1,0,0,0,12,16,16,6,0,0,0,0,0,3,11,16,2,0,0,0,0,0,0,14,7,0,0,1,8,9,14,13,0,0,0,3,16,12,9,1,0,0,3
digit_01561,0,0,2,11,13,1,0,0,0,0,11,15,8,1,0,0,0,1,16,5,0,0,0,0,0,4,15,0,0,0,0,0,0,3,16,10,12,10,2,0,0,2,16,15,11,12,14,0,0,0,14,12,7,11,16,2,0,0,3,11,16,14,6,0,6
digit_01562,0,0,7,13,5,0,0,0,0,4,14,4,14,13,0,0,0,0,13,8,12,16,4,0,0,0,5,12,11,6,6,0,0,0,0,0,0,5,9,0,0,0,0,0,0,9,7,0,0,0,2,2,8,16,2,0,0,0,10,16,12,3,0,0,9
digit_01563,0,0,8,15,15,1,0,0,0,4,16,16,16,10,0,0,0,7,12,0,1,16,0,0,0,6,11,0,0,9,7,0,0,8,12,0,0,9,4,0,0,4,16,1,2,15,8,0,0,0,15,16,16,16,1,0,0,0,7,16,16,8,0,0,0
digit_01564,0,3,15,16,3,0,0,0,0,11,16,15,12,0,0,0,0,1,1,6,16,0,0,0,0,0,0,5,16,0,0,0,0,0,0,14,12,0,0,0,0,0,9,16,9,8,5,0,0,3,16,16,16,16,11,0,0,5,16,16,13,8,1,0,2
digit_01565,0,0,7,16,16,16,13,0,0,0,6,9,11,15,13,0,0,0,0,0,2,16,5,0,0,0,0,5,13,16,4,0,0,0,9,16,16,16,8,0,0,0,3,14,11,0,0,0,0,0,3,16,5,0,0,0,0,0,7,15,0,0,0,0,7
digit_01566,0,0,4,12,15,3,0,0,0,3,16,14,14,13,0,0,0,5,16,1,2,15,5,0,0,8,16,0,0,9,11,0,0,5,16,0,0,8,12,0,0,0,15,2,0,11,13,0,0,0,10,12,12,16,9,0,0,0,4,16,16,9,0,0,0
digit_01567,0,0,6,11,15,16,12,0,0,0,6,8,5,12,10,0,0,0,0,0,2,15,2,0,0,0,7,12,13,15,4,0,0,0,6,10,16,9,4,0,0,0,0,13,7,0,0,0,0,0,5,15,2,0,0,0,0,0,10,10,0,0,0,0,7
digit_01568,0,0,2,11,12,12,15,8,0,0,5,12,12,13,15,2,0,0,0,0,0,7,10,0,0,0,0,4,12,16,8,0,0,0,1,16,16,12,3,0,0,0,0,4,13,1,0,0,0,0,1,12,6,0,0,0,0,0,2,14,1,0,0,0,7
digit_01569,0,0,9,15,16,16,10,0,0,0,15,11,11,16,4,0,0,0,0,0,12,11,0,0,0,0,2,8,16,16,12,0,0,0,14,16,13,8,2,0,0,0,5,16,6,0,0,0,0,0,8,14,0,0,0,0,0,0,13,9,0,0,0,0,7
digit_01570,0,0,8,13,11,4,0,0,0,3,16,8,8,15,2,0,0,6,16,8,9,16,8,0,0,0,10,16,13,13,8,0,0,0,0,0,0,11,7,0,0,0,0,0,2,16,3,0,0,0,3,9,15,7,0,0,0,0,10,10,3,0,0,0,9
digit_01571,0,3,12,11,6,0,0,0,0,11,15,8,16,8,0,0,0,10,11,1,13,15,1,0,0,2,14,16,15,15,8,0,0,0,1,4,0,14,2,0,0,0,0,0,3,16,1,0,0,1,11,9,14,8,0,0,0,2,15,13,10,0,0,0,9
digit_01572,0,0,7,16,15,5,0,0,0,0,15,7,6,15,2,0,0,3,15,4,5,13,2,0,0,2,15,16,16,15,0,0,0,0,8,16,15,15,3,0,0,0,11,13,1,6,7,0,0,0,16,12,8,11,4,0,0,0,7,15,16,12,2,0,8
digit_01573,0,0,4,14,15,9,0,0,0,0,14,9,0,2,0,0,0,2,15,1,0,0,0,0,0,5,9,0,0,0,0,0,0,7,12,10,15,7,0,0,0,4,16,15,3,11,6,0,0,0,13,15,14,11,10,0,0,0,5,14,16,11,2,0,6
digit_01574,0,0,6,12,15,10,0,0,0,5,15,5,4,11,6,0,0,7,11,4,5,14,6,0,0,2,16,16,16,6,0,0,0,0,15,15,12,14,1,0,0,0,14,3,0,9,6,0,0,0,16,7,6,14,6,0,0,0,7,15,12,9,0,0,8
digit_01575,0,4,14,15,7,1,0,0,0,8,14,12,16,4,0,0,0,0,0,0,12,8,0,0,0,0,2,9,16,7,0,0,0,0,3,13,13,16,5,0,0,0,0,0,0,12,8,0,0,3,11,7,12,16,4,0,0,4,14,16,11,4,0,0,3
digit_01576,0,0,5,14,15,6,0,0,0,1,16,8,8,15,2,0,0,0,16,10,10,15,5,0,0,0,11,16,16,9,0,0,0,0,6,16,16,16,3,0,0,0,9,13,0,10,7,0,0,0,12,10,8,15,2,0,0,0,7,16,13,5,0,0,8
digit_01577,0,1,8,14,16,5,0,0,0,5,15,7,11,11,0,0,0,0,1,0,11,9,0,0,0,0,3,11,16,3,0,0,0,0,12,16,16,15,3,0,0,0,2,1,1,12,8,0,0,0,5,9,14,15,3,0,0,0,11,12,8,1,0,0,3
digit_01578,0,0,3,14,13,1,0,0,0,0,12,12,3,2,0,0,0,1,16,2,0,0,0,0,0,4,14,0,0,0,0,0,0,2,14,0,2,2,0,0,0,2,14,14,16,16,8,0,0,0,11,16,11,11,16,2,0,0,1,10,12,12,9,0,6
digit_01579,0,3,7,13,16,12,2,0,0,10,16,12,6,2,0,0,0,9,16,8,1,0,0,0,0,4,11,16,15,6,0,0,0,0,0,1,8,15,5,0,0,0,0,0,1,14,7,0,0,0,11,13,16,15,1,0,0,0,10,12,8,3,0,0,5
digit_01580,0,0,5,11,15,5,0,0,0,6,13,2,3,15,3,0,0,7,13,8,11,16,8,0,0,1,9,12,8,8,8,0,0,0,0,0,1,13,4,0,0,0,0,0,9,12,0,0,0,0,0,8,13,0,0,0,0,0,7,10,1,0,0,0,9
digit_01581,0,0,0,6,15,1,0,0,0,0,6,16,8,3,7,0,0,1,16,12,0,12,11,0,0,5,16,16,13,16,12,0,0,3,12,15,16,16,7,0,0,0,0,0,14,10,0,0,0,0,0,3,16,3,0,0,0,0,0,8,14,1,0,0,4
digit_01582,0,0,0,10,14,9,0,0,0,0,10,14,6,4,0,0,0,1,16,5,0,0,0,0,0,6,12,0,0,0,0,0,0,7,10,1,4,1,0,0,0,2,15,16,14,14,1,0,0,0,12,12,4,14,11,0,0,0,1,10,13,12,4,0,6
digit_01583,0,1,9,12,12,13,16,4,0,1,11,12,12,16,13,1,0,0,0,0,7,16,2,0,0,0,8,12,15,13,0,0,0,0,16,16,16,12,0,0,0,0,0,13,10,0,0,0,0,0,7,16,5,0,0,0,0,0,12,15,2,0,0,0,7
digit_01584,0,0,6,16,16,13,7,0,0,0,14,12,16,16,9,0,0,0,0,0,5,15,1,0,0,0,0,4,11,14,6,0,0,0,3,16,16,16,10,0,0,0,1,12,13,4,1,0,0,0,3,15,5,0,0,0,0,0,7,15,0,0,0,0,7
digit_01585,0,0,3,15,13,1,0,0,0,1,15,12,13,10,0,0,0,3,16,1,1,12,2,0,0,6,12,0,0,4,6,0,0,4,11,0,0,4,8,0,0,0,13,3,5,13,8,0,0,0,10,15,16,16,5,0,0,0,2,14,12,5,0,0,0
digit_01586,0,0,0,10,10,0,0,0,0,0,2,15,7,0,7,1,0,1,13,13,0,5,16,3,0,6,16,12,8,14,14,0,0,4,15,16,16,16,9,0,0,0,0,3,15,13,0,0,0,0,0,6,16,4,0,0,0,0,0,12,8,0,0,0,4
digit_01587,0,0,8,16,8,0,0,0,0,6,14,5,13,6,0,0,0,7,12,2,7,16,2,0,0,0,12,16,16,16,6,0,0,0,0,3,3,9,8,0,0,0,0,0,5,16,3,0,0,0,3,9,16,8,0,0,0,0,10,11,4,0,0,0,9
digit_01588,0,1,15,15,1,0,0,0,0,7,16,16,11,0,0,0,0,3,7,8,13,0,0,0,0,0,0,7,16,2,0,0,0,0,2,15,9,0,0,0,0,0,8,16,5,0,3,0,0,3,15,16,16,16,16,0,0,2,16,16,16,16,10,0,2
digit_01589,0,0,7,12,12,7,0,0,0,0,11,16,16,11,0,0,0,0,10,16,16,7,0,0,0,0,12,16,16,6,0,0,0,0,12,16,16,7,0,0,0,0,13,16,16,11,0,0,0,0,16,16,16,13,0,0,0,0,6,10,8,3,0,0,1
digit_01590,0,0,7,12,13,1,0,0,0,6,16,6,8,7,0,0,0,0,16,10,11,8,0,0,0,0,8,15,16,5,0,0,0,0,10,15,12,14,1,0,0,0,15,7,0,11,7,0,0,0,15,8,8,15,7,0,0,0,6,12,12,8,1,0,8
digit_01591,0,0,8,15,11,0,0,0,0,7,16,15,15,9,0,0,0,10,14,0,3,12,2,0,0,5,12,0,0,5,7,0,0,4,11,0,0,7,8,0,0,3,11,0,6,16,6,0,0,0,14,13,16,14,1,0,0,0,8,15,11,2,0,0,0
digit_01592,0,0,9,16,14,2,0,0,0,0,10,16,16,4,0,0,0,4,16,16,16,0,0,0,0,0,14,16,16,2,0,0,0,1,16,16,16,3,0,0,0,1,16,16,16,0,0,0,0,3,16,16,16,7,0,0,0,1,9,15,16,8,0,0,1
digit_01593,0,0,9,15,2,0,0,0,0,3,16,14,13,1,0,0,0,0,6,0,14,2,0,0,0,0,0,1,15,0,0,0,0,0,0,5,14,0,0,0,0,0,1,12,9,0,0,0,0,0,12,16,16,16,16,2,0,0,8,13,11,8,7,0,2
digit_01594,0,0,4,12,7,0,0,0,0,2,13,16,16,6,0,0,0,5,16,3,5,15,0,0,0,8,13,0,0,11,1,0,0,7,12,0,0,8,4,0,0,5,10,0,0,9,5,0,0,1,15,13,13,16,3,0,0,0,5,14,16,10,0,0,0
digit_01595,0,0,8,15,14,6,0,0,0,4,16,5,6,16,3,0,0,7,16,2,3,16,8,0,0,2,14,16,16,16,8,0,0,0,0,2,0,9,8,0,0,0,0,0,5,16,2,0,0,0,0,8,14,5,0,0,0,0,9,8,1,0,0,0,9
digit_01596,0,0,11,12,7,0,0,0,0,0,5,16,16,9,0,0,0,0,4,16,16,12,0,0,0,0,4,16,16,13,0,0,0,0,3,15,16,12,0,0,0,0,2,13,16,12,0,0,0,0,11,16,16,5,0,0,0,0,8,10,8,0,0,0,1
digit_01597,0,0,5,8,8,10,13,4,0,0,10,12,12,14,14,1,0,0,0,0,0,12,5,0,0,0,2,4,7,16,0,0,0,0,10,16,16,10,0,0,0,0,0,8,11,0,0,0,0,0,0,16,7,0,0,0,0,0,7,16,3,0,0,0,7
digit_01598,0,0,7,13,10,0,0,0,0,0,16,16,16,9,0,0,0,3,12,2,9,16,4,0,0,6,9,0,0,13,7,0,0,8,12,0,0,8,8,0,0,7,15,4,2,12,8,0,0,2,16,16,16,16,5,0,0,0,7,14,12,7,0,0,0
digit_01599,0,0,3,12,11,7,0,0,0,0,8,16,16,6,0,0,0,3,16,16,16,6,0,0,0,4,16,16,15,1,0,0,0,1,8,9,16,4,0,0,0,1,15,16,16,9,0,0,0,0,8,16,16,12,0,0,0,0,4,11,11,6,0,0,1
digit_01600,0,0,10,16,16,16,11,0,0,0,9,11,8,16,9,0,0,0,0,0,5,16,3,0,0,0,2,11,15,16,11,0,0,0,6,16,16,10,5,0,0,0,0,13,11,0,0,0,0,0,7,16,3,0,0,0,0,0,13,11,0,0,0,0,7
digit_01601,0,0,9,15,8,0,0,0,0,6,14,2,7,10,0,0,0,9,10,0,2,16,3,0,0,5,16,16,16,14,2,0,0,6,16,16,16,14,1,0,0,5,16,0,0,9,11,0,0,1,16,9,7,14,6,0,0,0,9,12,13,8,0,0,8
digit_01602,0,0,3,11,12,4,0,0,0,6,15,6,5,13,0,0,0,7,13,0,2,16,1,0,0,3,16,16,16,14,0,0,0,0,15,13,8,13,6,0,0,0,12,1,0,3,9,0,0,0,9,12,8,14,11,0,0,0,5,13,12,9,1,0,8
digit_01603,0,0,0,10,16,6,0,0,0,0,4,16,16,4,0,0,0,0,14,16,16,4,0,0,0,0,16,16,16,8,0,0,0,0,16,16,16,8,0,0,0,0,15,16,16,14,3,0,0,0,10,16,16,16,8,0,0,0,1,12,12,15,7,0,1
digit_01604,0,0,0,4,15,0,0,0,0,0,2,13,12,0,3,0,0,0,11,15,2,6,16,0,0,8,16,12,8,15,12,0,0,7,16,16,16,16,7,0,0,0,4,7,14,13,0,0,0,0,0,1,16,9,0,0,0,0,0,3,16,3,0,0,4
digit_01605,0,3,12,15,16,14,2,0,0,7,16,11,4,7,1,0,0,9,16,6,0,0,0,0,0,4,15,16,11,0,0,0,0,0,0,6,16,6,0,0,0,0,0,0,9,12,0,0,0,1,12,12,16,6,0,0,0,3,16,16,7,0,0,0,5
digit_01606,0,0,7,16,13,2,0,0,0,2,15,16,16,11,0,0,0,7,14,4,6,16,0,0,0,4,12,0,0,7,7,0,0,6,12,0,1,11,8,0,0,2,15,8,13,16,9,0,0,0,15,16,16,15,2,0,0,0,5,14,11,1,0,0,0
digit_01607,0,0,8,14,5,0,0,0,0,8,13,5,14,5,0,0,0,8,13,2,5,14,3,0,0,4,16,14,15,16,8,0,0,0,2,5,7,10,7,0,0,0,0,0,3,15,3,0,0,0,0,4,14,10,0,0,0,0,10,13,6,0,0,0,9
digit_01608,0,1,8,15,10,0,0,0,0,4,16,16,16,9,0,0,0,0,12,16,16,12,0,0,0,0,10,16,16,8,0,0,0,0,8,16,16,10,0,0,0,0,9,16,16,13,0,0,0,0,8,16,16,12,0,0,0,0,5,15,16,9,1,0,1
digit_01609,0,3,9,14,15,6,0,0,0,7,13,7,8,16,0,0,0,0,0,0,7,12,0,0,0,0,1,9,16,10,0,0,0,0,5,15,12,15,7,0,0,0,0,0,0,13,9,0,0,0,8,8,14,16,4,0,0,3,16,14,9,1,0,0,3
digit_01610,0,3,11,13,8,1,0,0,0,3,11,8,15,7,0,0,0,0,0,2,14,6,0,0,0,0,7,16,16,11,0,0,0,0,5,12,11,16,8,0,0,0,0,0,6,16,7,0,0,2,12,16,16,7,0,0,0,4,13,11,2,0,0,0,3
digit_01611,0,0,5,14,12,2,0,0,0,1,16,11,5,11,0,0,0,4,14,0,0,9,4,0,0,8,10,0,0,5,8,0,0,8,8,0,0,8,8,0,0,4,11,0,0,10,5,0,0,2,16,11,12,14,0,0,0,0,5,14,14,3,0,0,0
digit_01612,0,0,4,15,12,2,0,0,0,0,13,16,16,14,0,0,0,7,16,3,2,15,2,0,0,8,16,4,0,4,8,0,0,8,15,3,0,6,8,0,0,4,15,4,2,13,10,0,0,0,13,16,16,16,6,0,0,0,4,15,16,9,0,0,0
digit_01613,0,0,0,10,12,2,0,0,0,0,11,16,16,10,0,0,0,3,16,5,6,12,2,0,0,5,12,0,0,6,8,0,0,4,16,0,0,6,8,0,0,2,15,7,2,13,8,0,0,0,9,16,14,16,5,0,0,0,0,12,16,10,0,0,0
digit_01614,0,0,4,16,3,0,0,0,0,0,8,16,2,0,1,0,0,0,11,13,3,15,5,0,0,2,16,6,11,15,0,0,0,11,16,12,16,13,4,0,1,12,12,15,15,11,2,0,0,0,1,16,5,0,0,0,0,0,6,16,0,0,0,0,4
digit_01615,0,0,0,14,7,1,6,0,0,0,6,15,2,11,15,0,0,2,14,10,2,16,8,0,0,7,16,10,13,16,14,0,0,6,16,16,16,11,5,0,0,0,0,7,15,1,0,0,0,0,0,10,10,0,0,0,0,0,1,15,4,0,0,0,4
digit_01616,0,0,0,8,12,0,0,0,0,0,0,15,5,11,7,0,0,0,8,12,1,16,3,0,0,3,15,5,6,14,0,0,0,12,15,10,15,16,7,0,0,12,16,16,16,10,3,0,0,0,2,7,13,0,0,0,0,0,0,11,10,0,0,0,4
digit_01617,0,0,4,13,15,6,0,0,0,4,15,6,7,15,2,0,0,8,14,0,4,16,5,0,0,2,15,10,14,7,0,0,0,0,7,16,14,0,0,0,0,0,12,9,15,6,0,0,0,0,12,8,11,8,0,0,0,0,3,15,15,3,0,0,8
digit_01618,0,0,4,8,13,6,0,0,0,5,16,11,9,12,1,0,0,7,13,0,12,16,4,0,0,6,14,9,15,12,3,0,0,0,8,11,10,14,0,0,0,0,0,0,16,6,0,0,0,0,0,8,12,0,0,0,0,0,6,10,0,0,0,0,9
digit_01619,0,0,7,12,15,4,0,0,0,4,16,9,7,12,0,0,0,0,5,0,10,8,0,0,0,0,0,13,16,4,0,0,0,0,0,10,9,16,3,0,0,0,0,0,0,11,7,0,0,0,8,6,6,15,3,0,0,0,8,15,12,3,0,0,3
digit_01620,0,0,11,13,1,0,0,0,0,5,16,14,10,0,0,0,0,9,10,8,12,0,0,0,0,5,3,10,7,0,0,0,0,0,2,15,2,0,0,0,0,0,11,10,1,5,3,0,0,0,16,12,14,16,9,0,0,0,13,16,11,3,0,0,2
digit_01621,0,0,6,12,14,16,16,4,0,3,16,15,12,15,16,4,0,1,5,0,1,16,11,0,0,0,0,0,9,15,3,0,0,0,0,4,16,8,0,0,0,0,0,12,16,0,0,0,0,0,6,16,6,0,0,0,0,0,10,15,0,0,0,0,7
digit_01622,0,0,4,16,13,13,5,0,0,0,9,15,7,4,2,0,0,3,14,9,0,0,0,0,0,5,16,16,13,5,0,0,0,0,0,2,10,15,1,0,0,0,0,0,5,15,1,0,0,0,1,4,14,6,0,0,0,0,2,16,10,0,0,0,5
digit_01623,0,0,0,16,14,5,0,0,0,0,7,16,16,7,0,0,0,0,7,16,16,1,0,0,0,0,12,16,13,0,0,0,0,0,14,16,10,0,0,0,0,0,14,16,8,0,0,0,0,0,11,16,12,0,0,0,0,0,2,10,16,7,0,0,1
digit_01624,0,1,15,16,16,16,15,2,0,0,12,10,9,16,14,2,0,0,0,0,9,16,4,0,0,0,0,5,15,6,0,0,0,0,0,13,12,0,0,0,0,0,9,15,2,0,0,0,0,1,16,10,0,0,0,0,0,3,16,7,0,0,0,0,7
digit_01625,0,0,2,13,16,4,0,0,0,0,12,12,10,13,0,0,0,4,16,2,0,15,2,0,0,5,16,1,0,8,8,0,0,8,12,0,0,8,8,0,0,5,15,1,0,9,8,0,0,1,15,11,8,16,3,0,0,0,4,15,14,5,0,0,0
digit_01626,0,0,8,16,9,0,0,0,0,4,15,10,16,0,0,0,0,5,5,7,12,0,0,0,0,0,0,16,14,9,0,0,0,0,0,8,8,15,7,0,0,0,0,0,0,11,8,0,0,0,15,5,7,15,3,0,0,0,6,13,13,6,0,0,3
digit_01627,0,0,0,0,7,16,11,0,0,0,0,1,16,16,7,0,0,0,4,15,16,5,0,0,0,4,16,16,15,0,0,0,0,1,8,16,16,3,0,0,0,0,0,10,16,9,0,0,0,0,0,4,16,12,0,0,0,0,0,0,7,12,0,0,1
digit_01628,0,0,5,14,16,9,0,0,0,0,8,15,12,14,3,0,0,3,15,12,0,0,0,0,0,12,16,7,0,0,0,0,0,8,14,16,10,1,0,0,0,0,1,8,16,4,0,0,0,0,3,11,16,3,0,0,0,0,5,16,12,0,0,0,5
digit_01629,0,0,0,11,13,1,3,0,0,0,0,15,8,13,13,0,0,0,9,15,4,16,7,0,0,5,16,13,12,16,8,0,0,8,16,16,16,15,7,0,0,0,0,6,16,4,0,0,0,0,0,7,13,0,0,0,0,0,0,11,7,0,0,0,4
digit_01630,0,1,7,15,10,0,0,0,0,6,14,7,16,2,0,0,0,6,14,12,16,13,0,0,0,1,12,16,11,0,0,0,0,0,0,13,16,3,0,0,0,0,4,12,3,14,2,0,0,0,8,9,0,11,8,0,0,0,6,16,16,11,2,0,8
digit_01631,0,0,0,10,8,0,0,0,0,0,2,16,11,1,0,0,0,0,6,15,1,0,0,0,0,0,10,11,0,0,0,0,0,0,13,12,8,6,0,0,0,0,13,16,16,16,12,1,0,0,9,16,13,11,16,4,0,0,0,10,15,12,5,0,6
digit_01632,0,0,0,9,12,2,0,0,0,0,2,13,16,3,0,0,0,0,9,16,16,1,0,0,0,5,15,14,16,5,0,0,0,2,1,12,16,5,0,0,0,0,0,10,16,4,0,0,0,0,0,12,15,3,0,0,0,0,0,7,15,13,1,0,1
digit_01633,0,0,2,8,12,13,9,1,0,0,15,16,14,16,16,0,0,4,16,14,13,16,12,0,0,0,13,14,11,16,10,0,0,0,0,0,5,16,7,0,0,0,0,0,13,15,3,0,0,0,0,10,15,2,0,0,0,0,1,16,5,0,0,0,9
digit_01634,0,0,9,15,6,0,0,0,0,1,16,6,14,2,0,0,0,0,14,1,8,8,0,0,0,0,7,7,5,9,0,0,0,0,0,0,9,5,0,0,0,0,0,1,14,2,0,0,0,0,5,15,12,11,6,0,0,0,15,14,12,8,8,0,2
digit_01635,0,0,11,16,16,13,4,0,0,2,16,14,9,8,8,0,0,7,16,4,0,0,0,0,0,12,16,16,12,1,0,0,0,2,8,10,16,9,0,0,0,0,1,0,12,12,0,0,0,0,15,12,16,6,0,0,0,0,13,16,9,0,0,0,5
digit_01636,0,1,11,16,13,1,0,0,0,9,16,10,15,8,0,0,0,7,13,1,12,11,0,0,0,0,0,5,15,9,0,0,0,0,0,16,16,16,7,0,0,0,0,7,3,13,12,0,0,0,7,8,10,16,5,0,0,0,13,16,16,6,0,0,3
digit_01637,0,2,13,15,5,0,0,0,0,9,16,13,14,0,0,0,0,7,6,2,16,0,0,0,0,0,0,3,16,1,0,0,0,0,0,11,12,0,0,0,0,0,5,16,7,0,0,0,0,2,16,16,9,11,11,1,0,2,15,16,16,16,11,1,2
digit_01638,0,0,0,9,13,1,0,0,0,0,3,15,6,12,0,0,0,1,10,9,0,10,3,0,0,4,16,5,0,5,7,0,0,5,16,3,0,6,8,0,0,0,16,5,0,6,9,0,0,0,8,14,7,15,3,0,0,0,0,10,16,9,0,0,0
digit_01639,0,0,2,8,12,5,0,0,0,0,3,16,16,12,0,0,0,0,5,16,16,8,0,0,0,0,5,16,16,11,0,0,0,0,9,16,16,5,0,0,0,0,8,16,16,8,0,0,0,0,6,16,16,10,0,0,0,0,1,10,10,7,0,0,1
digit_01640,0,0,11,16,13,2,0,0,0,7,16,11,12,14,0,0,0,9,13,0,11,14,0,0,0,0,0,11,16,14,2,0,0,0,0,10,9,15,10,0,0,0,0,0,0,9,12,0,0,0,14,8,9,16,6,0,0,0,11,16,16,10,0,0,3
digit_01641,0,0,0,4,9,15,2,0,0,0,6,15,11,13,4,0,0,3,16,4,4,15,0,0,0,0,15,16,16,16,1,0,0,0,2,4,3,15,6,0,0,0,0,0,1,16,1,0,0,0,0,3,12,5,0,0,0,0,0,7,10,0,0,0,9
digit_01642,0,0,0,0,8,16,7,0,0,0,0,6,16,16,12,0,0,0,8,16,16,16,12,0,0,5,12,8,12,16,8,0,0,0,0,0,12,16,5,0,0,0,0,0,15,16,1,0,0,0,0,0,16,16,0,0,0,0,0,0,11,16,2,0,1
digit_01643,0,2,15,11,1,0,0,0,0,13,15,15,8,0,0,0,0,16,9,8,11,0,0,0,0,7,1,10,9,0,0,0,0,0,0,13,7,0,0,0,0,0,2,16,5,0,0,0,0,1,14,15,16,16,12,2,0,2,13,16,14,11,6,0,2
digit_01644,0,0,0,9,16,10,1,0,0,0,9,13,4,14,8,0,0,4,15,6,10,16,7,0,0,5,16,14,11,16,4,0,0,0,0,0,5,15,1,0,0,0,0,1,14,7,0,0,0,0,0,7,12,0,0,0,0,0,0,11,8,0,0,0,9
digit_01645,0,0,4,11,16,11,1,0,0,3,15,7,5,14,4,0,0,8,13,0,14,16,5,0,0,0,15,16,11,16,5,0,0,0,1,2,5,13,0,0,0,0,0,1,13,4,0,0,0,0,1,13,7,0,0,0,0,0,6,14,0,0,0,0,9
digit_01646,0,0,1,12,15,5,0,0,0,0,12,11,4,3,0,0,0,1,15,2,0,0,0,0,0,5,12,0,0,0,0,0,0,3,16,16,11,2,0,0,0,2,16,15,8,12,0,0,0,0,10,9,1,15,5,0,0,0,0,12,16,10,0,0,6
digit_01647,0,0,1,12,16,14,1,0,0,0,4,16,16,16,4,0,0,2,14,16,16,16,6,0,0,2,12,16,16,10,0,0,0,0,8,16,16,8,0,0,0,0,11,16,16,5,0,0,0,0,8,16,16,4,0,0,0,0,1,15,16,8,0,0,1
digit_01648,0,0,0,10,10,0,0,0,0,0,3,15,5,5,0,0,0,0,11,10,8,12,0,0,0,5,16,5,13,10,2,0,0,11,16,16,16,15,8,0,0,0,4,9,14,1,0,0,0,0,0,9,9,0,0,0,0,0,0,13,4,0,0,0,4
digit_01649,0,0,2,14,7,0,0,0,0,1,9,12,13,6,0,0,0,5,16,8,2,14,0,0,0,6,16,2,0,12,6,0,0,5,15,1,0,9,9,0,0,0,16,1,0,12,8,0,0,0,11,12,8,15,1,0,0,0,3,13,15,7,0,0,0
digit_01650,0,0,0,14,4,5,1,0,0,0,6,13,1,15,5,0,0,0,12,7,2,16,2,0,0,7,15,6,10,16,6,0,0,12,16,16,16,13,6,0,0,2,7,8,15,3,0,0,0,0,0,8,10,0,0,0,0,0,0,16,4,0,0,0,4
digit_01651,0,1,10,14,16,16,15,1,0,1,12,11,8,11,15,2,0,0,0,0,1,14,8,0,0,0,0,0,11,11,1,0,0,0,0,5,16,2,0,0,0,0,1,16,6,0,0,0,0,0,7,14,1,0,0,0,0,0,15,11,0,0,0,0,7
digit_01652,0,0,5,12,10,0,0,0,0,2,16,9,11,2,0,0,0,0,16,5,8,14,0,0,0,1,14,16,16,3,0,0,0,0,3,16,16,4,0,0,0,0,11,12,15,11,0,0,0,2,16,7,2,16,2,0,0,0,9,15,13,11,1,0,8
digit_01653,0,0,5,14,0,0,0,0,0,0,9,11,1,3,0,0,0,2,14,4,10,11,0,0,0,8,16,12,15,14,6,0,0,9,16,13,16,10,5,0,0,0,0,9,11,0,0,0,0,0,0,15,5,0,0,0,0,0,3,16,3,0,0,0,4
digit_01654,0,0,2,11,16,16,16,12,0,0,7,15,9,8,12,13,0,0,0,0,0,1,14,5,0,0,0,0,0,11,9,0,0,0,0,0,6,13,0,0,0,0,0,1,14,3,0,0,0,0,0,10,9,0,0,0,0,0,1,16,5,0,0,0,7
digit_01655,0,0,4,14,11,1,0,0,0,4,16,12,10,8,0,0,0,9,14,1,7,7,0,0,0,1,2,0,15,9,0,0,0,0,0,0,7,15,2,0,0,0,0,0,0,5,11,0,0,0,12,3,4,10,11,0,0,0,6,15,15,11,1,0,3
digit_01656,0,0,1,11,15,16,5,0,0,0,13,15,13,16,9,0,0,1,16,14,15,16,8,0,0,0,13,16,13,15,15,0,0,0,0,0,1,14,9,0,0,0,0,0,9,14,1,0,0,0,0,9,15,2,0,0,0,0,0,15,7,0,0,0,9
digit_01657,0,0,5,11,13,10,3,0,0,1,13,11,5,6,3,0,0,6,15,0,0,0,0,0,0,7,13,4,1,0,0,0,0,1,14,16,15,4,0,0,0,0,0,0,8,13,0,0,0,0,8,5,5,15,0,0,0,0,4,12,16,9,0,0,5
digit_01658,0,2,11,16,16,16,13,0,0,5,12,10,8,13,16,0,0,0,0,0,1,15,11,0,0,0,0,0,13,13,0,0,0,0,0,8,16,2,0,0,0,0,3,15,8,0,0,0,0,0,11,15,0,0,0,0,0,2,16,10,0,0,0,0,7
digit_01659,0,0,0,6,14,9,0,0,0,0,8,15,8,2,0,0,0,3,15,9,0,0,0,0,0,7,15,0,0,0,0,0,0,7,16,4,6,3,0,0,0,1,16,15,12,15,5,0,0,0,7,14,6,11,14,0,0,0,0,5,13,15,8,0,6
digit_01660,0,0,8,11,16,14,3,0,0,0,16,14,8,8,3,0,0,4,16,8,0,0,0,0,0,4,16,14,4,0,0,0,0,0,0,9,16,7,0,0,0,0,0,0,14,12,0,0,0,3,15,5,15,7,0,0,0,0,11,16,11,1,0,0,5
digit_01661,0,0,12,8,2,0,0,0,0,0,16,6,14,6,0,0,0,2,16,10,16,0,0,0,0,10,13,14,10,4,1,0,0,8,16,16,16,16,10,0,0,0,13,15,4,4,1,0,0,0,12,12,0,0,0,0,0,1,14,5,0,0,0,0,4
digit_01662,0,0,0,3,13,14,1,0,0,0,3,15,16,16,0,0,0,5,16,16,16,14,0,0,0,0,0,4,16,14,0,0,0,0,0,4,16,14,0,0,0,0,0,4,16,10,0,0,0,0,0,4,16,8,0,0,0,0,0,2,12,16,5,0,1
digit_01663,0,0,7,12,14,11,3,0,0,0,12,13,5,5,3,0,0,1,16,7,0,0,0,0,0,5,16,16,12,1,0,0,0,0,0,1,12,10,0,0,0,0,0,0,1,14,0,0,0,0,11,4,8,11,0,0,0,0,10,16,11,2,0,0,5
digit_01664,0,0,7,15,15,5,0,0,0,0,15,13,12,15,5,0,0,0,10,14,12,16,3,0,0,0,5,16,16,9,0,0,0,2,15,16,16,3,0,0,0,7,14,2,12,14,1,0,0,3,15,9,12,16,4,0,0,0,5,12,13,8,1,0,8
digit_01665,0,0,9,16,8,0,0,0,0,9,13,4,13,0,0,0,0,7,6,1,14,0,0,0,0,0,0,9,16,9,0,0,0,0,0,8,6,13,6,0,0,0,0,0,0,4,11,0,0,0,6,0,3,12,5,0,0,0,9,16,16,7,0,0,3
digit_01666,0,0,6,15,16,16,5,0,0,3,16,14,8,4,1,0,0,10,16,11,3,0,0,0,0,11,16,16,15,3,0,0,0,1,2,1,14,12,0,0,0,0,0,0,7,16,1,0,0,0,5,13,11,15,0,0,0,0,7,16,15,3,0,0,5
digit_01667,0,0,1,7,12,14,5,0,0,0,8,13,1,8,8,0,0,2,16,6,16,16,9,0,0,0,7,8,6,12,10,0,0,0,0,0,0,12,7,0,0,0,0,0,0,16,2,0,0,0,0,0,9,10,0,0,0,0,0,8,11,4,0,0,9
digit_01668,0,0,0,9,15,13,2,0,0,0,10,12,4,11,8,0,0,3,15,3,6,15,6,0,0,5,16,14,12,15,7,0,0,0,0,0,0,14,5,0,0,0,0,0,9,12,0,0,0,0,0,8,12,0,0,0,0,0,0,12,5,0,0,0,9
digit_01669,0,0,4,16,13,2,0,0,0,0,11,7,2,13,0,0,0,3,16,4,0,9,1,0,0,5,13,2,0,5,7,0,0,4,8,0,0,4,8,0,0,4,14,0,0,6,8,0,0,0,13,10,1,14,3,0,0,0,4,12,16,10,0,0,0
digit_01670,0,1,12,16,6,0,0,0,0,9,16,14,14,3,0,0,0,12,12,0,16,7,0,0,0,2,0,0,15,6,0,0,0,0,0,4,15,1,0,0,0,0,1,12,14,0,0,0,0,2,15,16,14,9,2,0,0,1,13,16,16,16,16,3,2
digit_01671,0,0,0,13,4,0,0,0,0,0,4,16,9,9,0,0,0,0,12,8,10,9,0,0,0,7,15,4,15,8,1,0,0,11,16,16,16,16,10,0,0,1,4,10,12,0,0,0,0,0,0,12,8,0,0,0,0,0,0,12,5,0,0,0,4
digit_01672,0,0,2,12,14,1,0,0,0,0,14,9,11,14,7,0,0,5,12,0,8,11,1,0,0,4,14,8,13,1,0,0,0,0,9,16,4,0,0,0,0,0,7,13,13,1,0,0,0,0,8,7,14,6,0,0,0,0,4,14,12,4,0,0,8
digit_01673,0,0,2,12,8,0,0,0,0,0,13,11,1,0,0,0,0,2,15,1,0,0,0,0,0,6,13,0,0,0,0,0,0,8,14,10,11,5,0,0,0,4,16,15,8,12,7,0,0,0,15,11,4,11,10,0,0,0,3,13,15,12,3,0,6
digit_01674,0,0,1,14,10,0,0,0,0,0,9,16,6,0,0,0,0,0,13,16,1,0,0,0,0,0,16,11,0,0,0,0,0,2,16,15,11,6,1,0,0,3,16,16,16,16,11,0,0,0,12,16,14,16,11,0,0,0,1,10,15,11,2,0,6
digit_01675,0,0,2,14,9,1,0,0,0,1,14,10,11,10,0,0,0,4,14,1,0,12,3,0,0,7,8,0,0,3,6,0,0,7,7,0,0,1,9,0,0,3,12,0,0,5,8,0,0,0,11,5,3,12,6,0,0,0,2,14,16,9,0,0,0
digit_01676,0,0,0,6,13,9,0,0,0,1,15,16,7,3,0,0,0,7,15,3,0,0,0,0,0,7,16,16,8,0,0,0,0,2,11,5,12,7,0,0,0,0,0,0,2,14,0,0,0,0,0,5,11,16,1,0,0,0,0,4,15,9,0,0,5
digit_01677,0,0,1,15,4,0,0,0,0,0,9,12,0,0,0,0,0,1,14,6,0,0,0,0,0,1,16,4,3,3,0,0,0,2,16,8,16,15,2,0,0,1,16,16,10,5,12,0,0,0,13,15,8,12,10,0,0,0,0,13,15,10,1,0,6
digit_01678,0,0,8,13,6,0,0,0,0,2,16,12,11,10,0,0,0,0,16,16,14,8,1,0,0,0,13,11,0,0,0,0,0,2,15,4,0,0,0,0,0,0,16,13,0,0,0,0,0,2,15,16,2,0,0,0,0,0,11,16,4,0,0,0,8
digit_01679,0,0,8,13,11,5,0,0,0,4,16,14,16,10,0,0,0,1,14,16,7,0,0,0,0,0,11,16,14,2,0,0,0,2,16,3,8,15,1,0,0,6,15,2,1,16,5,0,0,5,16,9,11,16,3,0,0,0,9,15,15,7,0,0,8
digit_01680,0,0,6,13,10,0,0,0,0,3,16,11,14,6,0,0,0,9,11,0,12,12,0,0,0,4,4,0,9,12,0,0,0,0,0,4,16,3,0,0,0,0,0,13,15,3,0,0,0,0,8,16,15,16,11,0,0,0,4,14,10,2,0,0,2
digit_01681,0,0,5,16,4,0,0,0,0,0,13,16,1,0,0,0,0,2,16,11,0,0,0,0,0,8,16,12,10,16,6,0,0,2,13,16,16,16,6,0,0,0,1,14,16,6,0,0,0,0,5,16,11,0,0,0,0,0,5,16,7,0,0,0,4
digit_01682,0,0,0,10,15,4,0,0,0,0,5,16,14,3,0,0,0,0,12,15,1,0,0,0,0,1,15,8,0,0,0,0,0,4,16,12,2,0,0,0,0,3,16,16,15,4,0,0,0,0,12,14,16,10,0,0,0,0,1,9,15,10,0,0,6
digit_01683,0,0,0,13,7,0,0,0,0,0,3,16,9,0,0,0,0,0,11,15,2,6,4,0,0,4,16,14,13,16,12,0,0,11,16,16,16,16,3,0,0,3,8,10,16,9,0,0,0,0,0,11,16,2,0,0,0,0,1,13,13,0,0,0,4
digit_01684,0,0,10,13,16,15,4,0,0,0,0,6,9,15,12,0,0,0,0,0,0,16,8,0,0,0,0,0,8,16,2,0,0,1,4,9,15,12,0,0,0,10,16,16,15,1,0,0,0,3,9,16,6,0,0,0,0,0,10,13,0,0,0,0,7
digit_01685,0,0,2,16,14,2,0,0,0,0,7,15,15,11,0,0,0,0,5,16,15,16,2,0,0,0,0,6,15,16,8,0,0,0,0,0,2,12,11,0,0,0,0,0,0,9,14,0,0,0,0,0,7,15,13,0,0,0,1,12,16,14,7,0,9
digit_01686,0,0,2,12,14,4,0,0,0,0,9,15,13,13,0,0,0,2,15,3,1,14,4,0,0,4,13,0,0,12,6,0,0,5,9,0,0,12,8,0,0,5,9,0,0,13,5,0,0,1,13,9,13,14,1,0,0,0,4,9,16,6,0,0,0
digit_01687,0,0,6,16,8,0,0,0,0,3,16,6,16,1,0,0,0,3,7,2,16,2,0,0,0,0,0,7,13,0,0,0,0,0,0,12,8,0,0,0,0,0,2,15,4,1,0,0,0,0,8,12,4,13,6,0,0,0,5,16,15,8,1,0,2
digit_01688,0,2,11,3,0,2,0,0,0,2,13,12,5,15,6,0,0,0,11,14,14,1,0,0,0,0,7,15,1,0,0,0,0,0,15,12,5,0,0,0,0,4,10,4,8,0,0,0,0,7,9,7,8,0,0,0,0,2,14,15,5,0,0,0,8
digit_01689,0,0,7,12,9,0,0,0,0,0,13,13,14,9,0,0,0,0,11,12,14,14,0,0,0,0,1,10,12,15,4,0,0,0,0,0,0,11,9,0,0,0,0,0,0,9,9,0,0,0,0,0,1,14,6,0,0,0,5,12,14,11,1,0,9
digit_01690,0,0,0,1,12,4,0,0,0,0,1,14,16,11,0,0,0,0,9,13,5,15,4,0,0,2,16,2,0,16,3,0,0,1,16,7,7,16,4,0,0,0,13,16,16,16,1,0,0,0,1,13,16,13,0,0,0,0,0,3,12,5,0,0,0
digit_01691,0,0,7,15,15,8,3,0,0,3,14,3,0,13,8,0,0,6,10,1,6,14,8,0,0,0,8,12,6,8,8,0,0,0,0,0,0,8,6,0,0,0,0,0,0,12,3,0,0,0,0,0,7,13,0,0,0,0,7,15,14,2,0,0,9
digit_01692,0,0,0,2,14,10,0,0,0,0,1,12,16,13,0,0,0,6,13,16,16,6,0,0,0,5,10,12,16,5,0,0,0,0,0,7,16,5,0,0,0,0,0,4,16,6,0,0,0,0,0,4,16,7,0,0,0,0,0,2,11,14,0,0,1
digit_01693,0,3,15,12,11,12,2,0,0,12,16,16,16,16,6,0,0,12,13,0,3,4,0,0,0,3,15,13,2,0,0,0,0,0,5,15,11,0,0,0,0,0,0,6,16,3,0,0,0,0,5,12,16,3,0,0,0,4,16,16,12,0,0,0,5
digit_01694,0,0,2,15,11,1,0,0,0,0,6,16,16,14,0,0,0,0,3,15,16,16,5,0,0,0,0,5,7,11,9,0,0,0,0,0,0,13,13,0,0,0,0,0,1,16,8,0,0,0,0,2,13,16,5,0,0,0,5,15,16,6,0,0,9
digit_01695,0,0,0,9,12,0,0,0,0,0,2,16,10,0,0,0,0,0,9,16,3,0,0,0,0,0,14,12,0,0,0,0,0,1,16,5,0,2,0,0,0,2,16,13,16,16,6,0,0,0,8,16,8,12,16,3,0,0,0,5,12,16,15,4,6
digit_01696,0,0,2,11,16,10,0,0,0,0,10,15,2,14,4,0,0,3,15,1,0,10,8,0,0,7,10,0,0,12,5,0,0,8,8,0,0,14,4,0,0,3,12,0,9,14,1,0,0,0,13,10,16,5,0,0,0,0,2,10,12,2,0,0,0
digit_01697,0,0,0,2,11,16,8,0,0,1,9,15,16,16,12,0,0,3,15,16,13,16,10,0,0,0,0,3,16,16,6,0,0,0,0,0,16,16,4,0,0,0,0,4,16,16,3,0,0,0,0,4,16,16,1,0,0,0,0,1,13,16,1,0,1
digit_01698,0,0,3,10,13,4,0,0,0,0,9,13,14,10,0,0,0,0,9,11,16,15,0,0,0,0,1,11,12,16,0,0,0,0,0,0,0,15,3,0,0,0,0,0,1,16,3,0,0,0,0,0,6,16,1,0,0,0,4,16,16,10,0,0,9
digit_01699,0,2,4,9,13,13,0,0,0,5,15,11,12,16,0,0,0,0,0,0,8,13,0,0,0,0,0,0,12,12,0,0,0,0,0,0,9,16,1,0,0,0,0,0,0,15,8,0,0,0,9,14,11,16,6,0,0,0,1,10,15,9,0,0,3
digit_01700,0,0,0,5,10,0,0,0,0,0,1,14,12,0,0,0,0,0,4,16,5,0,0,0,0,0,9,16,2,0,0,0,0,0,11,10,0,0,0,0,0,0,11,16,13,12,5,0,0,0,6,16,16,16,16,2,0,0,0,3,12,15,11,3,6
digit_01701,0,8,12,16,13,0,0,0,0,2,10,10,16,8,0,0,0,0,0,0,10,16,4,0,0,0,0,0,10,16,4,0,0,0,0,4,16,14,0,0,0,0,0,0,12,16,8,0,0,0,4,8,15,16,8,0,0,10,16,16,11,3,0,0,3
digit_01702,0,0,11,12,12,13,16,8,0,0,9,12,12,13,16,4,0,0,0,0,2,16,11,0,0,0,0,0,13,14,1,0,0,0,0,0,14,14,0,0,0,0,0,0,6,16,6,0,0,0,1,4,9,16,4,0,0,0,14,16,15,6,0,0,3
digit_01703,0,0,0,9,16,5,0,0,0,1,12,15,15,8,0,0,0,7,13,5,15,4,0,0,0,0,1,6,16,0,0,0,0,0,0,8,16,0,0,0,0,0,0,9,13,0,0,0,0,0,0,12,8,4,3,0,0,0,0,11,16,15,5,0,2
digit_01704,0,1,6,11,16,6,0,0,0,0,5,13,11,16,6,0,0,0,4,16,8,0,0,0,0,0,5,15,0,0,0,0,0,1,13,10,4,0,0,0,0,6,10,4,8,0,0,0,0,8,7,12,7,0,0,0,0,2,13,14,0,0,0,0,8
digit_01705,0,0,1,16,14,1,0,0,0,0,3,16,16,4,0,0,0,0,1,16,16,5,0,0,0,0,0,16,16,7,0,0,0,0,7,16,16,0,0,0,0,0,8,16,14,0,0,0,0,0,7,16,15,0,0,0,0,0,2,13,16,0,0,0,1
digit_01706,0,0,2,15,12,0,0,0,0,0,3,16,14,10,0,0,0,0,0,5,13,16,2,0,0,0,0,0,0,12,8,0,0,0,0,0,0,7,11,0,0,0,0,0,0,7,13,0,0,0,2,0,2,11,11,0,0,0,3,13,15,16,6,0,9
digit_01707,0,0,0,2,14,0,0,0,0,0,1,13,14,1,0,0,0,0,5,16,4,0,0,0,0,0,11,8,0,0,0,0,0,0,12,8,1,0,0,0,0,0,8,16,16,14,5,0,0,0,4,16,4,8,16,3,0,0,0,4,11,15,14,6,6
digit_01708,0,0,10,16,15,6,0,0,0,0,0,4,16,15,0,0,0,0,0,0,14,13,0,0,0,0,0,0,14,16,3,0,0,0,0,0,3,15,12,0,0,0,0,0,1,15,15,0,0,0,0,2,12,16,8,0,0,0,7,15,15,7,0,0,3
digit_01709,0,0,0,0,11,8,0,0,0,0,0,2,16,8,0,0,0,0,0,6,16,2,0,0,0,0,0,7,15,0,0,0,0,0,0,10,14,0,0,0,0,0,13,16,16,11,0,0,0,0,7,7,16,16,10,0,0,0,0,0,8,16,15,0,6
digit_01710,0,1,13,16,16,16,12,1,0,0,0,3,4,12,16,2,0,0,0,0,4,16,7,0,0,0,0,2,15,12,0,0,0,1,8,13,16,16,5,0,0,3,15,16,12,7,0,0,0,0,13,10,0,0,0,0,0,2,15,7,0,0,0,0,7
digit_01711,0,2,11,16,10,1,0,0,0,7,14,7,16,14,2,0,0,6,9,7,15,1,0,0,0,1,13,16,7,0,0,0,0,0,9,16,9,0,0,0,0,0,12,16,11,0,0,0,0,3,16,16,3,0,0,0,0,0,14,9,0,0,0,0,8
digit_01712,0,0,0,10,16,10,0,0,0,0,9,16,12,8,0,0,0,1,15,13,1,0,0,0,0,2,16,5,0,0,0,0,0,2,16,8,0,0,0,0,0,2,16,16,9,0,0,0,0,1,12,16,16,3,0,0,0,0,0,12,16,7,0,0,6
digit_01713,0,0,1,14,12,1,0,0,0,0,8,16,9,0,0,0,0,0,15,16,0,0,0,0,0,0,16,12,0,0,0,0,0,1,16,11,0,0,0,0,0,0,16,16,15,4,0,0,0,0,11,13,13,16,1,0,0,0,2,12,16,14,2,0,6
digit_01714,0,0,13,16,12,0,0,0,0,8,16,14,16,0,0,0,0,12,13,7,16,1,0,0,0,5,8,10,15,0,0,0,0,0,1,16,9,0,0,0,0,0,8,16,3,0,0,0,0,0,14,15,8,9,6,0,0,0,16,16,15,11,3,0,2
digit_01715,0,0,9,16,11,0,0,0,0,5,16,16,16,7,0,0,0,3,16,16,16,15,0,0,0,0,2,6,3,11,5,0,0,0,0,0,0,11,7,0,0,0,0,0,0,13,11,0,0,0,4,5,11,16,5,0,0,0,5,12,12,6,0,0,9
digit_01716,0,0,1,11,15,2,0,0,0,0,11,14,10,13,0,0,0,2,15,4,0,15,3,0,0,3,13,0,0,9,7,0,0,6,9,0,0,10,8,0,0,2,12,0,0,11,8,0,0,0,13,5,6,16,3,0,0,0,2,14,16,11,1,0,0
digit_01717,0,0,9,15,1,0,0,0,0,2,16,14,10,0,0,0,0,9,13,8,12,0,0,0,0,9,8,12,9,0,0,0,0,1,1,14,6,0,0,0,0,0,2,16,2,0,0,0,0,0,9,14,12,15,8,0,0,0,7,16,15,5,2,0,2
digit_01718,0,2,8,9,14,10,0,0,0,3,11,9,13,16,0,0,0,0,0,0,15,14,0,0,0,0,0,0,16,8,0,0,0,0,0,0,15,13,1,0,0,0,0,0,6,16,8,0,0,0,1,6,15,14,3,0,0,0,14,11,7,1,0,0,3
digit_01719,0,0,3,14,13,1,0,0,0,0,12,15,11,9,0,0,0,1,16,4,0,15,0,0,0,5,13,0,0,13,6,0,0,7,9,0,0,13,8,0,0,4,12,0,0,13,9,0,0,3,13,4,10,16,5,0,0,0,3,8,13,15,2,0,0
digit_01720,0,2,5,10,16,6,0,0,0,4,12,13,16,5,0,0,0,0,0,5,16,0,0,0,0,0,0,11,11,0,0,0,0,0,0,11,13,2,0,0,0,0,0,1,12,15,4,0,0,0,0,0,7,16,8,0,0,0,1,13,16,11,2,0,3
digit_01721,0,0,5,14,12,8,2,0,0,0,1,10,16,16,12,0,0,0,5,14,16,16,2,0,0,0,10,16,16,12,0,0,0,6,16,16,14,4,0,0,0,9,16,16,11,0,0,0,0,10,16,16,6,0,0,0,0,1,10,14,12,4,0,0,1
digit_01722,0,0,9,16,13,15,5,0,0,4,16,11,10,13,5,0,0,12,11,0,0,0,0,0,0,8,14,3,0,0,0,0,0,0,10,15,0,0,0,0,0,0,0,15,5,0,0,0,0,0,2,16,7,0,0,0,0,0,14,13,1,0,0,0,5
digit_01723,0,3,16,15,7,0,0,0,0,5,16,16,16,13,2,0,0,0,7,8,10,16,6,0,0,0,0,0,2,16,4,0,0,0,0,0,4,16,1,0,0,0,0,0,12,9,0,0,0,0,4,11,15,3,0,0,0,2,15,12,3,0,0,0,9
digit_01724,0,0,13,16,16,16,2,0,0,1,16,16,12,9,0,0,0,8,16,8,0,0,0,0,0,10,16,1,0,0,0,0,0,7,16,13,0,0,0,0,0,0,9,16,10,0,0,0,0,0,11,16,12,0,0,0,0,0,15,14,6,0,0,0,5
digit_01725,0,0,0,3,10,10,0,0,0,8,14,16,14,15,4,0,0,0,3,1,1,15,4,0,0,0,0,7,14,16,6,0,0,0,9,16,15,10,0,0,0,0,2,2,14,4,0,0,0,0,0,7,11,0,0,0,0,0,0,9,4,0,0,0,7
digit_01726,0,0,12,16,6,0,0,0,0,3,15,12,12,0,0,0,0,6,12,8,12,0,0,0,0,3,14,11,10,0,0,0,0,0,5,16,3,0,0,0,0,0,13,12,0,0,0,0,0,8,16,12,7,5,2,0,0,0,12,13,10,10,4,0,2
digit_01727,0,0,0,8,15,1,0,0,0,0,1,15,15,1,0,0,0,0,8,16,5,0,0,0,0,0,12,15,1,0,0,0,0,0,15,7,0,0,0,0,0,0,14,14,12,7,0,0,0,0,8,16,12,16,7,0,0,0,0,7,15,16,13,0,6
digit_01728,0,0,3,15,14,12,12,5,0,0,0,9,12,14,16,7,0,0,0,0,1,13,14,0,0,4,9,10,11,16,13,0,0,3,12,14,16,14,5,0,0,0,0,8,16,4,0,0,0,0,1,15,8,0,0,0,0,0,4,15,0,0,0,0,7
digit_01729,0,0,10,7,0,0,0,0,0,1,14,8,0,0,0,0,0,5,16,3,2,8,4,0,0,7,16,14,16,15,5,0,0,0,4,8,16,12,0,0,0,0,0,6,16,2,0,0,0,0,5,16,7,0,0,0,0,0,11,9,0,0,0,0,4
digit_01730,0,0,0,8,15,2,0,0,0,0,0,13,16,3,0,0,0,0,4,16,14,0,0,0,0,0,7,16,7,0,0,0,0,0,9,16,2,0,0,0,0,0,12,16,4,0,0,0,0,0,8,16,16,8,0,0,0,0,0,6,15,15,0,0,6
digit_01731,0,1,7,13,16,16,8,0,0,5,16,12,16,16,5,0,0,0,1,4,16,8,0,0,0,0,0,11,16,9,1,0,0,0,0,0,9,15,10,0,0,0,0,0,0,13,9,0,0,0,0,5,11,16,5,0,0,0,6,16,14,7,0,0,3
digit_01732,0,0,6,16,12,1,0,0,0,8,15,5,16,4,0,0,0,13,6,4,16,3,0,0,0,3,3,5,16,0,0,0,0,0,0,13,12,0,0,0,0,0,3,16,9,0,0,0,0,0,10,16,6,4,1,0,0,0,4,15,16,16,14,0,2
digit_01733,0,2,15,16,16,12,2,0,0,0,2,10,16,16,5,0,0,0,0,11,16,5,0,0,0,0,0,11,16,10,0,0,0,0,0,1,10,16,7,0,0,0,0,0,8,16,9,0,0,0,5,11,16,15,2,0,0,3,16,14,10,2,0,0,3
digit_01734,0,2,14,13,16,13,0,0,0,0,7,8,14,14,0,0,0,0,0,0,13,12,0,0,0,0,11,13,16,14,5,0,0,0,8,16,16,12,5,0,0,0,3,16,7,0,0,0,0,0,11,14,1,0,0,0,0,2,16,8,0,0,0,0,7
digit_01735,0,0,6,12,14,16,14,0,0,1,12,12,10,12,16,0,0,0,0,0,1,11,15,0,0,0,0,9,16,16,10,0,0,0,0,9,16,11,0,0,0,0,0,7,15,0,0,0,0,0,1,16,5,0,0,0,0,0,8,13,0,0,0,0,7
digit_01736,0,0,3,12,0,0,0,0,0,0,7,16,2,0,0,0,0,0,13,11,1,7,1,0,0,6,16,16,16,16,8,0,0,2,11,14,16,13,0,0,0,0,0,13,15,3,0,0,0,0,4,16,12,0,0,0,0,0,5,12,6,0,0,0,4
digit_01737,0,0,11,16,10,0,0,0,0,0,3,16,16,9,0,0,0,0,0,14,16,9,0,0,0,0,2,16,16,4,0,0,0,0,7,16,16,3,0,0,0,0,8,16,13,1,0,0,0,0,12,16,12,0,0,0,0,0,9,14,16,0,0,0,1
digit_01738,0,0,5,10,14,8,0,0,0,8,16,13,16,15,0,0,0,0,0,1,16,8,0,0,0,0,0,6,16,2,0,0,0,0,0,5,16,14,2,0,0,0,0,0,6,16,8,0,0,0,1,10,14,15,1,0,0,0,2,13,10,2,0,0,3
digit_01739,0,0,4,13,4,0,0,0,0,0,11,10,11,7,0,0,0,0,14,3,1,15,0,0,0,0,15,1,0,12,5,0,0,1,15,0,0,13,5,0,0,0,16,0,4,16,4,0,0,0,11,10,15,11,0,0,0,0,3,12,14,1,0,0,0
digit_01740,0,0,2,15,12,1,0,0,0,0,7,15,15,9,0,0,0,0,5,15,7,16,2,0,0,0,1,13,14,16,7,0,0,0,0,4,13,15,10,0,0,0,0,0,0,14,11,0,0,0,0,1,8,16,10,0,0,0,2,13,16,15,3,0,9
digit_01741,0,0,0,12,16,2,0,0,0,0,4,16,12,1,0,0,0,0,14,16,2,0,0,0,0,0,16,10,0,0,0,0,0,1,16,8,5,0,0,0,0,0,14,16,16,13,1,0,0,0,7,15,7,15,13,0,0,0,1,9,16,16,16,3,6
digit_01742,0,0,3,12,15,2,0,0,0,2,15,6,0,0,0,0,0,4,14,2,9,14,8,0,0,1,13,16,14,4,0,0,0,0,8,16,6,0,0,0,0,0,11,11,15,0,0,0,0,0,11,5,12,2,0,0,0,0,3,12,15,3,0,0,8
digit_01743,0,0,5,15,16,7,0,0,0,0,8,12,16,16,1,0,0,0,2,7,13,15,0,0,0,0,10,16,16,15,8,0,0,0,2,15,16,16,9,0,0,0,0,8,16,2,0,0,0,0,0,15,9,0,0,0,0,0,4,16,1,0,0,0,7
digit_01744,0,3,15,16,8,0,0,0,0,10,16,15,13,0,0,0,0,6,9,12,12,0,0,0,0,0,0,14,8,0,0,0,0,0,5,16,4,0,0,0,0,0,13,12,0,1,4,0,0,4,16,14,12,15,9,0,0,3,16,16,13,8,0,0,2
digit_01745,0,0,8,12,15,16,6,0,0,6,16,16,14,8,0,0,0,12,14,4,1,0,0,0,0,8,15,9,1,0,0,0,0,0,13,16,10,0,0,0,0,0,1,9,15,0,0,0,0,0,3,11,14,0,0,0,0,0,11,15,3,0,0,0,5
digit_01746,0,0,7,10,0,0,0,0,0,0,12,13,11,6,0,0,0,3,16,16,16,16,6,0,0,8,13,4,5,15,6,0,0,8,12,0,0,10,8,0,0,6,14,1,5,15,4,0,0,4,16,16,16,13,0,0,0,1,12,14,9,1,0,0,0
digit_01747,0,0,9,15,6,0,0,0,0,3,14,16,16,3,0,0,0,7,11,1,15,4,0,0,0,1,2,0,14,4,0,0,0,0,0,9,13,0,0,0,0,0,3,16,4,0,0,0,0,0,14,16,12,11,4,0,0,0,9,15,14,12,5,0,2
digit_01748,0,0,6,12,11,6,0,0,0,0,8,16,16,16,3,0,0,0,8,16,16,13,0,0,0,0,8,16,16,12,0,0,0,0,10,16,16,12,0,0,0,3,15,16,16,7,0,0,0,3,15,16,16,2,0,0,0,0,3,8,9,5,0,0,1
digit_01749,0,0,0,4,11,12,5,0,0,0,1,16,16,16,1,0,0,0,8,16,16,13,0,0,0,1,14,16,16,4,0,0,0,4,16,16,16,4,0,0,0,7,16,16,16,1,0,0,0,1,12,16,16,3,0,0,0,0,0,7,12,8,0,0,1
digit_01750,0,7,16,15,4,0,0,0,0,11,10,7,13,0,0,0,0,2,3,4,12,0,0,0,0,0,0,12,12,0,0,0,0,0,4,16,6,0,0,0,0,0,13,13,0,0,0,0,0,6,16,16,16,16,8,0,0,4,15,16,16,13,3,0,2
digit_01751,0,0,8,16,14,2,0,0,0,1,14,6,11,8,0,0,0,8,16,0,4,16,0,0,0,2,11,15,15,16,6,0,0,0,0,6,7,12,6,0,0,0,0,0,0,8,8,0,0,0,12,6,4,13,10,0,0,0,6,14,16,10,2,0,9
digit_01752,0,0,6,15,15,2,0,0,0,0,9,16,16,5,0,0,0,0,9,16,16,1,0,0,0,0,11,16,16,1,0,0,0,0,14,16,14,2,0,0,0,0,14,16,14,0,0,0,0,0,15,16,15,4,0,0,0,0,5,16,12,0,0,0,1
digit_01753,0,0,1,10,13,8,0,0,0,1,14,10,7,15,0,0,0,1,16,7,7,16,3,0,0,0,7,16,13,10,8,0,0,0,0,0,0,6,8,0,0,0,0,0,0,12,4,0,0,0,1,10,5,13,3,0,0,0,1,11,16,7,0,0,9
digit_01754,0,0,0,6,15,1,0,0,0,0,2,15,11,0,0,0,0,0,8,15,1,0,0,0,0,7,16,3,0,6,6,0,0,9,16,16,13,15,12,0,0,1,6,10,16,16,8,0,0,0,0,1,16,10,1,0,0,0,0,6,16,2,0,0,4
digit_01755,0,0,11,16,6,0,0,0,0,2,16,15,16,3,0,0,0,0,8,4,16,4,0,0,0,0,0,7,14,1,0,0,0,0,0,14,9,0,0,0,0,0,11,11,0,0,0,0,0,1,16,9,2,5,1,0,0,0,9,14,12,9,0,0,2
digit_01756,0,2,13,11,5,0,0,0,0,1,8,13,16,8,0,0,0,0,0,0,12,16,0,0,0,0,0,7,16,11,0,0,0,0,0,9,16,7,0,0,0,0,0,1,9,16,5,0,0,2,8,5,7,16,6,0,0,3,14,16,13,8,0,0,3
digit_01757,0,0,0,8,15,0,0,0,0,0,3,16,10,0,0,0,0,1,14,15,0,0,0,0,0,4,16,10,0,0,0,0,0,2,14,16,16,16,6,0,0,0,3,12,16,15,2,0,0,0,0,3,16,10,0,0,0,0,0,4,13,3,0,0,4
digit_01758,0,0,1,13,11,0,0,0,0,0,11,16,3,0,0,0,0,2,16,11,0,1,2,0,0,8,16,13,8,14,10,0,0,3,15,16,16,16,3,0,0,0,3,9,16,11,0,0,0,0,0,12,16,6,0,0,0,0,0,15,13,3,0,0,4
digit_01759,0,0,11,15,8,0,0,0,0,5,16,16,16,11,0,0,0,8,13,2,9,16,3,0,0,8,15,0,0,15,4,0,0,8,12,0,0,13,6,0,0,8,15,0,1,16,3,0,0,4,16,14,16,9,0,0,0,0,11,16,12,0,0,0,0
digit_01760,0,0,7,7,4,4,0,0,0,0,16,16,16,16,4,0,0,1,16,16,8,12,8,0,0,6,15,7,0,12,5,0,0,6,12,0,0,13,4,0,0,5,12,0,8,14,1,0,0,4,16,11,15,7,0,0,0,0,8,15,7,0,0,0,0
digit_01761,0,0,3,12,2,0,0,0,0,0,9,16,3,0,0,0,0,0,16,10,0,0,0,0,0,1,16,6,0,0,0,0,0,5,16,10,8,3,0,0,0,6,16,16,16,16,5,0,0,0,13,16,8,16,4,0,0,0,1,11,15,14,0,0,6
digit_01762,0,0,4,8,16,13,0,0,0,3,16,16,14,16,2,0,0,4,16,6,0,12,4,0,0,4,12,0,0,12,6,0,0,5,12,0,0,12,3,0,0,4,16,6,6,14,0,0,0,0,12,16,16,7,0,0,0,0,4,12,8,0,0,0,0
digit_01763,0,0,7,16,7,0,0,0,0,4,16,9,10,11,2,0,0,11,10,0,11,14,1,0,0,6,14,7,14,7,0,0,0,0,11,16,12,0,0,0,0,0,13,12,15,1,0,0,0,4,16,7,14,2,0,0,0,0,8,16,10,0,0,0,8
digit_01764,0,0,7,16,15,0,0,0,0,5,16,16,16,0,0,0,0,3,8,8,16,0,0,0,0,0,2,15,8,0,0,0,0,0,5,16,3,0,0,0,0,0,15,10,0,2,1,0,0,0,15,16,12,16,8,0,0,0,6,16,16,15,3,0,2
digit_01765,0,0,0,9,15,0,0,0,0,0,5,16,12,0,0,0,0,0,13,15,2,0,0,0,0,5,16,8,0,0,0,0,0,11,16,2,2,8,3,0,0,13,16,14,15,16,6,0,0,3,15,16,16,12,0,0,0,0,2,12,16,5,0,0,4
digit_01766,0,0,1,11,13,0,0,0,0,0,5,16,3,0,0,0,0,1,15,9,0,0,0,0,0,6,15,1,0,4,6,0,0,9,16,11,9,16,8,0,0,1,9,12,16,12,1,0,0,0,0,4,16,4,0,0,0,0,0,14,11,0,0,0,4
digit_01767,0,0,0,13,7,0,0,0,0,0,9,16,4,0,0,0,0,1,14,11,0,0,0,0,0,7,16,7,6,16,5,0,0,0,10,14,16,14,1,0,0,0,0,8,16,6,0,0,0,0,0,15,6,0,0,0,0,0,0,16,9,0,0,0,4
digit_01768,0,0,12,13,9,6,2,0,0,4,16,16,16,16,7,0,0,7,13,3,5,3,0,0,0,7,14,5,0,0,0,0,0,4,16,16,5,0,0,0,0,1,9,16,12,0,0,0,0,0,5,12,12,0,0,0,0,0,8,15,5,0,0,0,5
digit_01769,0,0,0,6,14,2,0,0,0,0,2,14,12,0,0,0,0,0,7,15,1,0,0,0,0,0,13,10,0,0,0,0,0,1,16,11,8,4,0,0,0,1,15,16,16,16,8,0,0,0,8,13,2,4,15,1,0,0,0,7,14,16,14,1,6
digit_01770,0,0,8,16,10,0,0,0,0,2,16,13,16,0,0,0,0,2,8,4,14,0,0,0,0,0,0,8,10,0,0,0,0,0,0,13,6,0,0,0,0,0,6,15,0,0,0,0,0,0,12,15,12,8,2,0,0,0,8,15,10,8,1,0,2
digit_01771,0,0,3,11,12,4,0,0,0,2,15,10,16,12,0,0,0,5,11,0,11,14,4,0,0,8,8,0,0,5,8,0,0,6,8,0,0,4,8,0,0,4,10,0,0,10,5,0,0,1,14,5,7,14,0,0,0,0,7,15,10,1,0,0,0
digit_01772,0,0,0,7,10,0,0,0,0,0,7,16,5,0,0,0,0,0,14,11,0,0,0,0,0,4,16,5,4,8,0,0,0,3,16,16,16,14,0,0,0,1,6,8,16,7,0,0,0,0,0,3,16,5,0,0,0,0,0,9,13,2,0,0,4
digit_01773,0,0,4,12,0,0,0,0,0,0,14,6,0,0,0,0,0,4,16,4,0,0,0,0,0,7,16,1,0,0,0,0,0,8,16,16,16,13,1,0,0,5,16,7,9,16,5,0,0,1,14,12,4,16,5,0,0,0,3,15,16,8,0,0,6
digit_01774,0,0,8,12,14,10,1,0,0,3,16,12,9,15,8,0,0,1,6,0,8,14,4,0,0,0,0,4,16,7,0,0,0,0,0,2,15,7,0,0,0,0,0,0,6,16,1,0,0,0,8,7,8,16,3,0,0,0,6,14,11,6,0,0,3
digit_01775,0,0,4,16,14,3,0,0,0,3,16,16,16,15,2,0,0,8,16,2,1,14,6,0,0,8,16,0,0,5,8,0,0,5,15,0,0,4,8,0,0,0,16,6,0,9,7,0,0,0,14,14,8,16,3,0,0,0,3,14,16,13,0,0,0
digit_01776,0,2,12,13,11,1,0,0,0,4,12,12,16,7,0,0,0,0,0,5,16,5,0,0,0,0,0,16,16,1,0,0,0,0,0,4,15,15,0,0,0,0,0,0,1,16,5,0,0,2,8,5,8,16,3,0,0,2,10,16,14,8,0,0,3
digit_01777,0,0,0,8,15,4,0,0,0,0,0,13,16,13,0,0,0,1,1,10,3,13,6,0,0,5,8,0,0,6,8,0,0,7,11,0,0,4,8,0,0,3,15,7,0,4,9,0,0,0,7,16,13,11,12,0,0,0,0,6,15,16,4,0,0
digit_01778,0,0,4,13,16,12,0,0,0,0,7,9,13,15,0,0,0,0,0,3,11,11,0,0,0,0,7,16,16,14,6,0,0,0,5,13,16,12,5,0,0,0,1,11,4,0,0,0,0,0,6,14,0,0,0,0,0,0,6,9,0,0,0,0,7
digit_01779,0,0,3,13,15,16,16,3,0,0,10,16,13,13,11,1,0,0,11,16,11,4,0,0,0,0,4,13,16,15,1,0,0,0,0,2,13,16,1,0,0,0,0,0,6,16,0,0,0,0,0,5,15,7,0,0,0,0,3,16,9,0,0,0,5
digit_01780,0,0,0,8,14,15,2,0,0,0,9,12,4,13,7,0,0,0,14,13,8,14,3,0,0,0,3,16,16,16,2,0,0,0,0,0,0,15,0,0,0,0,3,0,1,16,1,0,0,0,14,13,9,14,0,0,0,0,2,10,12,4,0,0,9
digit_01781,0,5,14,10,4,0,0,0,0,3,12,16,16,6,0,0,0,0,1,13,16,5,0,0,0,0,8,16,13,2,0,0,0,0,5,16,13,2,0,0,0,0,0,6,16,15,4,0,0,1,8,9,15,16,5,0,0,4,15,14,8,4,0,0,3
digit_01782,0,0,7,16,16,7,0,0,0,3,16,16,16,11,0,0,0,1,6,4,16,7,0,0,0,0,0,9,15,2,0,0,0,0,1,14,8,0,0,0,0,0,7,16,5,4,1,0,0,0,10,16,16,16,5,0,0,0,7,16,16,7,0,0,2
digit_01783,0,1,8,16,15,1,0,0,0,8,12,14,16,0,0,0,0,0,1,16,11,0,0,0,0,0,4,16,12,2,0,0,0,0,1,9,15,16,2,0,0,0,2,0,0,15,8,0,0,1,16,14,5,15,7,0,0,0,7,13,14,10,1,0,3
digit_01784,0,3,15,16,13,5,0,0,0,7,16,12,14,15,1,0,0,1,6,0,11,15,1,0,0,0,0,16,16,5,0,0,0,0,0,6,15,15,2,0,0,0,0,0,2,16,7,0,0,3,8,2,6,16,4,0,0,2,12,16,16,9,0,0,3
digit_01785,0,0,3,12,14,16,14,0,0,0,1,8,7,10,14,0,0,0,0,5,4,13,9,0,0,0,5,16,16,16,10,0,0,0,3,8,16,5,0,0,0,0,0,11,9,0,0,0,0,0,3,16,1,0,0,0,0,0,7,9,0,0,0,0,7
digit_01786,0,0,3,13,7,0,0,0,0,0,12,16,16,11,0,0,0,1,16,16,10,16,3,0,0,7,16,14,0,14,4,0,0,1,16,9,0,12,5,0,0,0,15,8,4,16,4,0,0,0,12,16,16,12,1,0,0,0,5,15,11,1,0,0,0
digit_01787,0,0,7,16,15,5,0,0,0,0,5,8,11,15,4,0,0,0,0,1,14,13,1,0,0,0,0,10,16,3,0,0,0,0,0,5,16,5,0,0,0,0,2,0,11,12,0,0,0,3,15,11,12,15,0,0,0,0,8,13,11,3,0,0,3
digit_01788,0,0,3,9,14,4,0,0,0,1,16,15,13,10,2,0,0,1,15,5,1,13,12,0,0,0,15,12,11,16,3,0,0,0,4,16,16,9,0,0,0,0,11,16,16,7,0,0,0,0,15,16,16,8,0,0,0,0,3,13,15,4,0,0,8
digit_01789,0,2,10,15,11,4,0,0,0,2,10,6,13,12,0,0,0,0,0,2,13,9,0,0,0,0,0,15,16,0,0,0,0,0,0,11,16,9,0,0,0,0,0,0,2,15,11,0,0,0,1,3,11,14,2,0,0,2,15,16,11,1,0,0,3
digit_01790,0,0,5,15,8,0,0,0,0,2,15,9,10,3,1,0,0,6,9,7,11,14,1,0,0,2,15,13,8,2,0,0,0,1,15,6,0,0,0,0,0,1,16,12,0,0,0,0,0,1,16,13,1,0,0,0,0,0,8,15,3,0,0,0,8
digit_01791,0,0,5,14,11,0,0,0,0,0,13,16,14,0,0,0,0,0,6,9,12,0,0,0,0,0,0,10,8,0,0,0,0,0,1,15,3,0,0,0,0,0,8,14,0,0,0,0,0,0,11,16,12,15,1,0,0,0,6,16,16,7,0,0,2
digit_01792,0,0,4,15,3,0,0,0,0,0,8,16,1,0,0,0,0,0,14,13,0,0,0,0,0,3,16,10,4,3,0,0,0,8,16,16,16,16,5,0,0,8,16,6,4,14,8,0,0,5,16,11,8,16,5,0,0,0,6,15,16,11,0,0,6
digit_01793,0,0,7,14,4,0,0,0,0,1,16,16,16,7,0,0,0,4,16,16,16,14,0,0,0,0,13,16,16,11,0,0,0,0,8,16,16,1,0,0,0,0,10,16,16,6,0,0,0,0,11,16,16,13,0,0,0,0,6,12,13,10,0,0,8
digit_01794,0,0,2,11,11,3,0,0,0,0,2,16,16,16,4,0,0,0,1,16,16,16,4,0,0,0,3,16,16,16,3,0,0,0,7,16,16,15,2,0,0,0,10,16,16,14,1,0,0,0,8,16,16,12,0,0,0,0,1,5,8,9,2,0,1
digit_01795,0,1,7,12,12,2,0,0,0,10,16,16,16,10,0,0,0,0,2,1,16,8,0,0,0,0,0,1,16,9,0,0,0,0,0,2,16,14,0,0,0,0,0,0,4,15,5,0,0,0,3,7,7,16,10,0,0,0,7,16,16,12,0,0,3
digit_01796,0,0,5,12,14,5,0,0,0,2,16,13,16,6,0,0,0,0,0,3,16,4,0,0,0,0,0,15,16,5,0,0,0,0,0,4,11,16,4,0,0,0,0,0,1,16,4,0,0,0,6,12,13,15,1,0,0,0,8,12,11,3,0,0,3
digit_01797,0,0,5,11,15,8,0,0,0,4,14,8,10,16,0,0,0,8,13,1,15,12,0,0,0,4,16,15,16,13,0,0,0,0,4,12,13,16,4,0,0,0,4,1,0,14,8,0,0,0,13,13,6,14,7,0,0,0,2,14,14,9,2,0,9
digit_01798,0,0,9,16,7,0,0,0,0,0,16,16,14,0,0,0,0,0,3,13,16,0,0,0,0,0,7,16,16,12,8,0,0,0,8,16,16,16,9,0,0,0,0,14,11,0,0,0,0,0,4,16,5,0,0,0,0,0,7,12,0,0,0,0,7
digit_01799,0,1,14,16,14,4,0,0,0,3,16,8,8,14,0,0,0,0,15,14,13,9,0,0,0,0,3,11,16,4,0,0,0,0,0,0,12,12,0,0,0,0,0,0,4,16,3,0,0,0,3,4,3,16,1,0,0,0,12,14,16,14,1,0,9
digit_01800,0,0,8,15,16,12,0,0,0,5,16,12,15,14,0,0,0,1,5,1,15,8,0,0,0,0,4,14,16,4,0,0,0,0,3,16,16,14,1,0,0,0,0,0,7,16,4,0,0,0,4,15,16,14,1,0,0,0,9,16,12,3,0,0,3
digit_01801,0,0,1,7,11,13,11,5,0,0,7,16,16,13,16,4,0,0,14,8,0,0,0,0,0,4,16,9,8,5,0,0,0,8,16,16,16,16,2,0,0,2,4,4,12,15,0,0,0,0,0,7,16,5,0,0,0,0,0,12,5,0,0,0,5
digit_01802,0,0,6,15,16,7,0,0,0,1,16,12,15,13,0,0,0,0,0,3,16,11,0,0,0,0,5,16,11,0,0,0,0,0,5,13,16,12,0,0,0,0,0,0,9,15,1,0,0,0,5,9,14,15,0,0,0,0,5,16,11,4,0,0,3
digit_01803,0,1,11,16,15,6,0,0,0,2,16,7,6,13,2,0,0,0,10,13,14,16,3,0,0,0,2,9,9,12,3,0,0,0,0,0,0,12,4,0,0,0,0,0,0,9,7,0,0,0,0,0,3,14,3,0,0,0,9,16,16,11,2,0,9
digit_01804,0,0,9,16,6,0,0,0,0,0,15,10,15,2,0,0,0,0,5,2,16,2,0,0,0,0,2,7,16,3,0,0,0,7,16,16,16,16,8,0,0,1,5,14,6,0,1,0,0,0,9,12,0,0,0,0,0,0,10,8,0,0,0,0,7
digit_01805,0,0,0,7,15,0,0,0,0,0,7,16,10,0,0,0,0,1,16,9,0,12,8,0,0,9,14,1,5,16,7,0,0,8,15,8,12,16,9,0,0,3,15,16,16,11,1,0,0,0,0,7,16,1,0,0,0,0,0,7,13,0,0,0,4
digit_01806,0,0,6,14,14,2,0,0,0,0,15,11,9,10,0,0,0,3,14,0,0,7,5,0,0,4,12,0,0,4,8,0,0,4,13,0,0,11,8,0,0,5,13,0,4,16,3,0,0,0,16,14,16,7,0,0,0,0,10,15,7,0,0,0,0
digit_01807,0,0,9,16,14,4,0,0,0,1,10,8,16,13,0,0,0,0,0,0,15,11,0,0,0,0,1,12,16,3,0,0,0,0,2,14,16,13,0,0,0,0,0,0,7,16,2,0,0,0,1,4,9,15,2,0,0,0,11,16,13,3,0,0,3
digit_01808,0,0,2,10,12,14,16,12,0,0,8,16,16,16,14,4,0,0,2,16,12,4,0,0,0,0,1,16,15,2,0,0,0,0,0,8,16,11,0,0,0,0,0,0,13,16,0,0,0,0,0,7,16,11,0,0,0,0,1,16,11,1,0,0,5
digit_01809,0,0,0,9,14,16,12,0,0,0,10,14,6,11,15,1,0,0,11,15,16,16,8,0,0,0,0,0,1,15,9,0,0,0,0,0,5,15,0,0,0,0,0,1,14,5,0,0,0,0,0,6,12,0,0,0,0,0,0,12,5,0,0,0,9
digit_01810,0,0,3,15,12,1,0,0,0,0,11,14,8,11,0,0,0,0,15,1,0,13,1,0,0,5,14,0,0,9,5,0,0,5,12,0,0,11,2,0,0,0,16,1,2,15,2,0,0,0,14,13,14,12,0,0,0,0,2,14,8,1,0,0,0
digit_01811,0,0,5,14,16,9,0,0,0,0,8,16,14,16,5,0,0,0,7,16,13,16,4,0,0,8,13,16,16,12,0,0,0,3,15,16,12,2,0,0,0,0,14,16,12,1,0,0,0,0,15,16,16,4,0,0,0,0,7,16,11,1,0,0,8
digit_01812,0,0,0,5,8,0,0,0,0,0,4,16,2,0,14,0,0,0,9,8,0,8,8,0,0,2,15,0,1,15,0,0,0,10,9,4,9,15,1,0,0,11,16,16,16,11,1,0,0,3,4,7,9,0,0,0,0,0,0,8,5,0,0,0,4
digit_01813,0,0,3,14,16,9,0,0,0,0,8,14,11,16,1,0,0,10,11,15,15,11,0,0,0,4,13,16,12,1,0,0,0,2,16,14,14,0,0,0,0,4,14,0,13,8,0,0,0,2,13,4,13,16,0,0,0,0,3,14,12,7,0,0,8
digit_01814,0,0,9,16,12,3,0,0,0,0,9,16,16,7,0,0,0,0,8,16,14,2,0,0,0,0,14,16,14,0,0,0,0,0,15,16,16,1,0,0,0,2,15,16,14,1,0,0,0,0,14,16,8,0,0,0,0,0,12,16,10,0,0,0,1
digit_01815,0,0,7,13,16,5,0,0,0,6,8,8,14,9,0,0,0,0,0,0,15,5,0,0,0,0,0,12,11,0,0,0,0,0,6,15,1,0,0,0,0,0,12,4,0,0,0,0,0,0,11,10,8,8,4,0,0,0,6,15,16,12,4,0,2
digit_01816,0,0,4,12,14,6,0,0,0,5,16,11,9,16,2,0,0,12,16,2,4,16,3,0,0,6,16,14,14,14,0,0,0,0,1,11,16,1,0,0,0,0,1,14,16,9,0,0,0,0,5,16,9,15,1,0,0,0,2,12,13,8,0,0,8
digit_01817,0,0,0,13,9,1,0,0,0,0,9,16,16,11,0,0,0,0,8,14,5,16,3,0,0,1,7,10,0,12,6,0,0,6,14,14,2,10,9,0,0,4,16,16,12,16,10,0,0,0,11,16,16,15,4,0,0,0,2,13,16,7,0,0,0
digit_01818,0,0,8,16,16,8,0,0,0,5,15,8,16,14,0,0,0,1,2,2,15,11,0,0,0,0,3,13,16,9,1,0,0,0,8,16,15,15,10,0,0,0,2,2,3,16,6,0,0,0,7,14,16,12,1,0,0,0,14,16,7,0,0,0,3
digit_01819,0,0,10,16,16,9,0,0,0,2,15,12,14,16,1,0,0,1,4,4,13,16,5,0,0,0,10,16,16,16,13,0,0,0,5,15,16,6,1,0,0,0,0,16,11,0,0,0,0,0,9,16,3,0,0,0,0,0,11,12,0,0,0,0,7
digit_01820,0,0,3,13,1,0,0,0,0,0,13,12,0,0,0,0,0,3,16,1,0,0,0,0,0,2,14,1,1,4,0,0,0,5,14,6,14,16,7,0,0,1,16,16,11,5,15,0,0,0,10,16,14,16,11,0,0,0,2,12,16,13,0,0,6
digit_01821,0,0,7,15,16,16,13,0,0,2,16,9,8,14,16,0,0,1,2,0,4,16,8,0,0,0,0,0,10,15,2,0,0,0,0,0,7,16,8,0,0,0,0,0,3,16,8,0,0,0,0,5,15,13,1,0,0,0,9,16,11,2,0,0,3
digit_01822,0,0,3,14,16,8,0,0,0,2,15,15,16,14,5,0,0,3,16,16,16,16,14,1,0,0,6,5,8,16,6,0,0,0,0,0,12,13,0,0,0,0,0,5,16,3,0,0,0,0,0,14,8,0,0,0,0,0,4,15,1,0,0,0,9
digit_01823,0,0,2,15,16,14,5,0,0,0,5,15,8,13,11,0,0,2,11,12,7,15,8,0,0,7,16,16,16,8,1,0,0,2,15,16,8,0,0,0,0,0,7,16,12,0,0,0,0,0,4,16,16,0,0,0,0,0,2,14,14,0,0,0,8
digit_01824,0,0,6,8,10,12,11,0,0,1,16,16,16,12,3,0,0,4,16,8,1,0,0,0,0,6,14,0,0,0,0,0,0,1,14,12,3,0,0,0,0,0,5,15,16,6,0,0,0,0,0,4,16,10,0,0,0,0,6,14,7,1,0,0,5
digit_01825,0,0,5,10,12,15,5,0,0,1,13,16,15,8,2,0,0,7,16,5,0,0,0,0,0,1,13,12,3,0,0,0,0,0,1,9,16,5,0,0,0,0,0,0,11,12,0,0,0,0,0,8,15,6,0,0,0,0,6,12,3,0,0,0,5
digit_01826,0,0,8,15,15,5,0,0,0,6,16,7,5,14,2,0,0,8,16,6,6,16,3,0,0,0,9,16,15,9,0,0,0,1,12,16,13,0,0,0,0,3,15,4,13,7,0,0,0,3,8,0,10,9,0,0,0,0,7,14,14,4,0,0,8
digit_01827,0,0,12,4,0,0,0,0,0,0,15,4,0,0,0,0,0,2,15,2,0,0,0,0,0,2,15,6,12,8,0,0,0,7,16,14,9,10,6,0,0,4,16,14,3,1,10,0,0,3,16,13,15,16,5,0,0,0,10,15,10,3,0,0,6
digit_01828,0,0,1,9,15,16,14,1,0,0,12,15,11,14,13,1,0,0,16,16,16,16,6,0,0,0,4,8,8,14,14,0,0,0,0,0,3,14,7,0,0,0,0,1,12,11,0,0,0,0,0,8,14,1,0,0,0,0,0,15,7,0,0,0,9
digit_01829,0,0,11,3,0,0,0,0,0,2,16,4,0,0,0,0,0,4,15,0,0,0,0,0,0,4,14,6,12,11,1,0,0,7,16,16,15,14,8,0,0,4,16,15,3,9,11,0,0,1,16,16,16,16,6,0,0,0,7,14,13,5,0,0,6
digit_01830,0,0,0,3,15,6,0,0,0,0,1,13,13,1,0,0,0,0,10,16,9,8,1,0,0,3,16,10,12,16,1,0,0,9,16,5,16,13,3,0,0,7,16,16,16,16,11,0,0,0,0,7,16,7,0,0,0,0,0,3,16,8,0,0,4
digit_01831,0,0,6,15,16,16,16,11,0,0,10,15,16,14,10,2,0,0,3,16,8,0,0,0,0,0,3,16,13,1,0,0,0,0,0,9,16,9,0,0,0,0,0,0,15,15,1,0,0,0,0,10,15,7,0,0,0,0,5,15,3,0,0,0,5
digit_01832,0,0,2,11,13,16,11,0,0,0,9,16,13,16,10,0,0,0,14,16,16,16,16,4,0,0,6,11,9,14,14,0,0,0,0,0,6,16,4,0,0,0,0,2,15,7,0,0,0,0,0,13,13,0,0,0,0,0,3,15,4,0,0,0,9
digit_01833,0,0,6,15,12,1,0,0,0,8,13,4,10,8,0,0,0,2,0,0,15,6,0,0,0,0,0,6,16,5,0,0,0,0,0,16,16,16,5,0,0,0,4,5,1,16,7,0,0,2,16,10,14,15,0,0,0,0,6,13,9,1,0,0,3
digit_01834,0,0,5,10,13,16,9,0,0,2,16,16,11,8,2,0,0,1,15,9,0,0,0,0,0,0,9,16,9,1,0,0,0,0,0,1,13,11,0,0,0,0,0,0,2,15,0,0,0,0,0,4,15,5,0,0,0,0,7,14,3,0,0,0,5
digit_01835,0,0,7,16,13,2,0,0,0,2,16,12,13,12,0,0,0,14,15,4,15,8,0,0,0,5,15,16,15,4,0,0,0,0,10,16,13,0,0,0,0,0,15,10,14,2,0,0,0,0,13,3,12,6,0,0,0,0,4,15,15,3,0,0,8
digit_01836,0,0,0,3,11,15,1,0,0,0,6,16,16,16,9,0,0,2,16,16,16,13,14,0,0,0,11,8,1,9,9,0,0,0,0,0,1,15,0,0,0,0,0,0,6,10,0,0,0,0,0,0,12,3,0,0,0,0,0,0,13,0,0,0,9
digit_01837,0,0,7,8,12,16,12,0,0,1,16,16,16,15,6,0,0,10,16,7,1,0,0,0,0,8,16,9,1,0,0,0,0,0,9,16,12,0,0,0,0,0,0,8,16,4,0,0,0,0,5,14,14,1,0,0,0,0,9,15,3,0,0,0,5
digit_01838,0,0,5,15,12,1,0,0,0,0,14,14,14,13,0,0,0,3,13,0,1,14,3,0,0,4,11,0,0,10,8,0,0,5,15,0,0,5,8,0,0,2,15,2,0,7,8,0,0,0,12,14,13,16,4,0,0,0,4,14,16,8,0,0,0
digit_01839,0,2,15,16,6,0,0,0,0,3,14,14,16,2,0,0,0,0,0,6,16,2,0,0,0,0,0,11,16,1,0,0,0,8,14,16,16,16,5,0,0,10,16,15,11,12,5,0,0,5,16,7,0,0,0,0,0,5,14,1,0,0,0,0,7
digit_01840,0,2,15,16,11,0,0,0,0,4,15,14,16,3,0,0,0,0,0,10,16,2,0,0,0,0,0,13,13,0,0,0,0,0,6,16,4,0,0,0,0,1,11,13,0,0,0,0,0,8,16,14,13,16,6,0,0,3,16,16,11,6,0,0,2
digit_01841,0,0,2,15,9,2,0,0,0,0,5,16,15,0,0,0,0,0,8,16,10,0,0,0,0,0,7,16,9,0,0,0,0,0,13,16,10,0,0,0,0,0,8,16,8,0,0,0,0,0,8,16,10,0,0,0,0,0,4,14,8,0,0,0,1
digit_01842,0,0,1,8,15,16,9,0,0,1,12,15,9,13,14,0,0,5,13,2,0,13,11,0,0,3,5,0,1,15,7,0,0,0,0,2,10,16,9,0,0,0,0,14,16,11,1,0,0,0,0,13,14,0,0,0,0,0,0,12,5,0,0,0,7
digit_01843,0,0,2,15,13,3,0,0,0,0,2,16,16,6,0,0,0,0,3,16,16,5,0,0,0,0,4,16,16,0,0,0,0,0,7,16,13,0,0,0,0,0,9,16,7,0,0,0,0,0,11,16,9,0,0,0,0,0,4,13,12,1,0,0,1
digit_01844,0,0,6,15,16,16,7,0,0,0,8,13,15,16,7,0,0,0,1,15,14,8,0,0,0,0,2,16,16,13,2,0,0,0,0,3,11,16,5,0,0,0,0,0,7,16,4,0,0,0,1,10,15,11,0,0,0,0,6,16,9,0,0,0,3
digit_01845,0,0,7,16,15,4,0,0,0,0,14,6,5,15,2,0,0,1,16,0,6,15,0,0,0,2,16,10,16,8,0,0,0,0,9,16,13,0,0,0,0,0,10,12,15,7,0,0,0,1,16,3,5,13,0,0,0,0,9,15,14,7,0,0,8
digit_01846,0,0,4,14,4,0,0,0,0,0,13,10,1,0,0,0,0,6,15,1,0,0,0,0,0,7,12,0,0,0,0,0,0,8,7,10,16,14,0,0,0,5,14,16,14,16,7,0,0,2,16,16,12,16,8,0,0,0,6,15,14,8,1,0,6
digit_01847,0,0,10,16,12,0,0,0,0,7,16,13,16,1,0,0,0,6,5,6,15,2,0,0,0,0,0,10,12,0,0,0,0,0,0,14,9,0,0,0,0,0,6,15,5,0,0,0,0,0,16,15,16,12,3,0,0,0,12,16,15,12,5,0,2
digit_01848,0,0,2,8,9,12,12,0,0,0,10,16,15,10,4,0,0,0,13,14,1,0,0,0,0,3,16,12,2,0,0,0,0,0,3,10,15,12,0,0,0,0,0,0,8,16,0,0,0,0,0,8,14,6,0,0,0,0,0,13,4,0,0,0,5
digit_01849,0,1,7,12,14,5,0,0,0,3,13,8,14,10,0,0,0,0,0,3,16,2,0,0,0,0,0,13,12,3,0,0,0,0,0,8,13,16,4,0,0,0,0,0,4,14,3,0,0,0,1,12,16,9,0,0,0,0,9,13,5,0,0,0,3
digit_01850,0,0,1,15,13,2,0,0,0,0,8,16,13,9,0,0,0,0,9,11,2,12,2,0,0,5,16,7,0,9,6,0,0,4,16,8,0,9,9,0,0,1,15,4,0,13,8,0,0,0,10,14,12,16,5,0,0,0,1,13,15,8,0,0,0
digit_01851,0,0,8,16,14,1,0,0,0,0,6,10,16,8,0,0,0,0,0,0,14,7,0,0,0,0,0,1,16,9,2,0,0,4,15,16,16,16,10,0,0,1,8,15,11,4,1,0,0,0,7,15,1,0,0,0,0,0,11,11,0,0,0,0,7
digit_01852,0,0,0,7,16,11,0,0,0,0,9,16,16,16,16,7,0,0,10,16,16,12,16,4,0,0,3,8,4,13,9,0,0,0,0,0,7,14,0,0,0,0,0,0,15,4,0,0,0,0,0,5,13,0,0,0,0,0,0,8,16,1,0,0,9
digit_01853,0,0,6,16,0,0,0,0,0,0,13,7,0,0,0,0,0,2,16,0,0,0,0,0,0,0,16,3,0,0,0,0,0,4,15,10,10,4,0,0,0,5,16,14,8,13,8,0,0,2,16,13,11,15,11,0,0,0,5,12,13,7,0,0,6
digit_01854,0,0,7,16,14,0,0,0,0,0,11,16,16,0,0,0,0,0,1,10,15,0,0,0,0,0,0,13,11,0,0,0,0,0,2,16,3,0,0,0,0,0,6,15,0,2,0,0,0,0,10,16,16,14,0,0,0,0,6,16,16,9,0,0,2
digit_01855,0,0,4,15,16,5,0,0,0,0,7,16,16,13,0,0,0,0,15,16,16,9,0,0,0,0,13,16,16,7,0,0,0,2,14,16,16,7,0,0,0,0,10,16,16,5,0,0,0,0,6,16,16,10,2,0,0,0,2,10,14,3,0,0,1
digit_01856,0,0,4,14,1,0,0,0,0,0,12,10,0,0,0,0,0,0,15,5,0,0,0,0,0,3,16,2,8,2,0,0,0,4,16,16,13,15,2,0,0,4,16,12,0,8,9,0,0,1,13,13,8,14,8,0,0,0,3,12,12,8,0,0,6
digit_01857,0,0,2,11,15,16,10,0,0,0,13,14,10,15,11,0,0,0,11,2,1,16,3,0,0,0,0,0,8,15,2,0,0,0,0,11,16,16,10,0,0,0,1,16,13,4,1,0,0,0,0,14,6,0,0,0,0,0,2,16,2,0,0,0,7
digit_01858,0,0,0,3,14,8,0,0,0,0,0,13,12,1,2,0,0,1,11,13,1,7,14,0,0,5,15,3,0,13,8,0,0,13,14,8,11,16,7,0,0,10,16,16,16,12,3,0,0,0,0,3,16,5,0,0,0,0,0,3,15,0,0,0,4
digit_01859,0,0,3,12,15,9,1,0,0,2,16,13,9,14,10,0,0,6,16,8,0,11,10,0,0,4,16,16,14,16,4,0,0,0,4,12,16,15,0,0,0,0,1,11,16,16,2,0,0,0,7,16,16,14,0,0,0,0,3,15,13,2,0,0,8
digit_01860,0,2,11,15,16,10,0,0,0,5,12,9,16,15,0,0,0,0,0,11,15,5,0,0,0,0,11,16,3,0,0,0,0,0,8,15,16,8,0,0,0,0,0,2,9,16,5,0,0,0,7,11,15,14,3,0,0,0,15,13,7,0,0,0,3
digit_01861,0,0,8,14,14,4,0,0,0,0,6,14,16,11,1,0,0,0,3,15,16,15,3,0,0,0,1,16,16,13,0,0,0,0,2,16,16,8,0,0,0,0,10,16,16,6,0,0,0,1,14,16,15,2,0,0,0,0,12,16,8,0,0,0,1
digit_01862,0,0,7,16,16,1,0,0,0,0,7,16,16,7,0,0,0,0,9,16,16,9,0,0,0,0,11,16,16,13,0,0,0,0,6,16,16,16,2,0,0,0,2,16,16,15,1,0,0,0,6,16,16,16,2,0,0,0,6,14,15,9,2,0,1
digit_01863,0,0,0,11,16,2,7,0,0,0,7,16,7,10,13,0,0,2,16,7,4,16,9,0,0,6,16,13,12,16,15,0,0,1,11,16,16,12,3,0,0,0,0,2,16,2,0,0,0,0,0,7,12,0,0,0,0,0,0,11,9,0,0,0,4
digit_01864,0,0,5,16,11,2,0,0,0,6,16,8,10,14,2,0,0,2,16,16,16,16,8,0,0,0,9,12,7,16,4,0,0,0,0,0,0,16,0,0,0,0,0,0,7,11,0,0,0,0,0,7,15,3,0,0,0,0,8,13,1,0,0,0,9
digit_01865,0,0,5,13,15,5,0,0,0,0,13,16,12,16,2,0,0,5,16,4,0,15,4,0,0,6,16,1,0,11,8,0,0,8,16,1,1,14,6,0,0,4,16,8,6,16,6,0,0,0,14,16,16,10,0,0,0,0,7,15,14,0,0,0,0
digit_01866,0,0,8,12,0,0,0,0,0,1,13,8,0,0,0,0,0,4,13,0,0,0,0,0,0,2,14,0,0,0,0,0,0,5,12,7,12,8,0,0,0,5,16,16,16,16,8,0,0,1,14,16,13,15,8,0,0,0,6,15,16,11,0,0,6
digit_01867,0,5,16,12,0,0,0,0,0,11,16,16,5,0,0,0,0,0,2,16,8,0,0,0,0,0,2,16,8,0,0,0,0,0,7,16,4,0,0,0,0,2,15,11,0,0,0,0,0,10,16,16,16,16,9,0,0,8,16,14,9,8,3,0,2
digit_01868,0,0,2,14,8,0,0,0,0,0,10,16,16,2,0,0,0,0,9,16,16,1,0,0,0,0,10,16,14,1,0,0,0,0,7,16,16,4,0,0,0,0,5,16,13,2,0,0,0,0,4,16,15,1,0,0,0,0,0,8,15,2,0,0,1
digit_01869,0,0,3,14,9,1,0,0,0,0,8,16,13,0,0,0,0,0,10,16,15,1,0,0,0,0,8,16,15,0,0,0,0,0,10,16,15,1,0,0,0,0,6,16,16,1,0,0,0,0,3,16,15,2,0,0,0,0,2,12,16,3,0,0,1
digit_01870,0,0,9,13,13,9,1,0,0,0,16,9,4,14,6,0,0,0,2,0,8,13,0,0,0,0,0,10,16,7,0,0,0,0,0,2,6,15,4,0,0,0,0,0,0,8,8,0,0,6,4,0,2,15,4,0,0,2,10,15,15,7,0,0,3
digit_01871,0,0,10,16,16,15,5,0,0,0,5,5,7,15,10,0,0,0,0,0,1,16,7,0,0,0,6,12,13,16,3,0,0,0,7,14,16,13,7,0,0,0,0,13,11,0,0,0,0,0,6,16,2,0,0,0,0,0,13,11,0,0,0,0,7
digit_01872,0,0,7,16,16,16,5,0,0,0,3,6,4,13,14,0,0,0,0,0,0,11,12,0,0,0,0,0,3,15,3,0,0,0,7,16,16,16,9,0,0,0,2,10,14,4,1,0,0,0,2,16,6,0,0,0,0,0,9,14,0,0,0,0,7
digit_01873,0,0,4,13,15,8,0,0,0,2,13,4,0,12,0,0,0,6,9,0,2,10,0,0,0,3,13,1,4,15,5,0,0,0,5,14,14,3,0,0,0,0,3,16,13,0,0,0,0,0,8,6,14,4,0,0,0,0,6,13,15,3,0,0,8
digit_01874,0,0,5,12,4,0,0,0,0,2,16,14,13,2,0,0,0,0,16,7,14,15,0,0,0,0,8,15,16,16,3,0,0,0,0,0,0,13,6,0,0,0,0,0,0,10,9,0,0,0,3,4,7,16,8,0,0,0,9,14,12,8,1,0,9
digit_01875,0,0,15,16,7,0,0,0,0,3,16,6,16,3,0,0,0,0,12,6,12,9,0,0,0,0,0,0,12,7,0,0,0,0,0,0,15,4,0,0,0,0,0,6,15,2,0,0,0,1,11,15,13,2,8,1,0,0,13,14,15,16,16,3,2
digit_01876,0,0,0,0,12,13,1,0,0,0,0,2,16,16,3,0,0,0,0,5,16,16,4,0,0,0,0,12,16,16,5,0,0,0,5,16,16,16,4,0,0,3,15,14,15,16,3,0,0,3,8,2,13,16,0,0,0,0,0,0,12,11,1,0,1
digit_01877,0,6,15,16,10,0,0,0,0,15,13,9,16,2,0,0,0,7,9,0,14,7,0,0,0,0,0,0,12,8,0,0,0,0,0,2,16,5,0,0,0,0,0,11,15,1,0,0,0,1,11,16,12,2,0,0,0,6,16,16,16,16,14,0,2
digit_01878,0,0,13,16,5,0,0,0,0,0,16,7,15,5,0,0,0,0,15,3,11,9,0,0,0,0,7,6,9,11,0,0,0,0,0,0,9,11,0,0,0,0,0,0,12,7,0,0,0,0,7,9,16,3,0,0,0,0,11,16,16,16,16,8,2
digit_01879,0,1,10,16,12,1,0,0,0,8,15,5,12,11,0,0,0,11,12,3,13,16,3,0,0,4,14,16,13,14,9,0,0,0,0,4,0,8,13,0,0,0,1,0,0,3,16,1,0,2,15,1,0,8,15,1,0,0,9,16,16,16,6,0,9
digit_01880,0,1,10,16,16,8,0,0,0,8,13,6,14,8,0,0,0,1,1,10,15,2,0,0,0,0,3,16,15,8,0,0,0,0,0,2,7,15,6,0,0,0,0,0,0,8,12,0,0,0,2,1,2,13,10,0,0,0,11,16,16,11,1,0,3
digit_01881,0,0,10,8,0,0,0,0,0,0,13,11,0,0,0,0,0,1,16,7,0,0,0,0,0,4,16,3,0,0,0,0,0,4,16,9,11,10,1,0,0,8,16,16,16,16,7,0,0,4,16,16,16,16,5,0,0,0,8,15,16,12,0,0,6
digit_01882,0,0,3,14,10,0,0,0,0,0,13,14,15,10,0,0,0,2,16,5,8,16,3,0,0,4,14,0,4,16,1,0,0,4,16,0,3,15,1,0,0,4,16,1,0,12,4,0,0,1,14,11,9,16,3,0,0,0,3,12,12,4,0,0,0
digit_01883,0,0,11,16,11,0,0,0,0,0,13,12,14,6,0,0,0,0,6,14,10,10,0,0,0,0,0,1,6,14,0,0,0,0,0,0,6,14,0,0,0,0,0,0,9,14,0,0,0,0,9,9,15,12,2,0,0,0,10,16,16,16,16,4,2
digit_01884,0,0,4,8,0,0,0,0,0,0,13,10,0,0,0,0,0,3,16,5,0,0,0,0,0,2,16,3,0,0,0,0,0,5,16,10,12,7,1,0,0,0,16,16,16,16,8,0,0,0,12,16,13,16,9,0,0,0,3,9,13,10,0,0,6
digit_01885,0,0,0,2,16,12,0,0,0,0,0,6,16,15,0,0,0,0,0,11,16,11,0,0,0,1,8,16,16,11,0,0,0,9,16,16,16,10,0,0,0,1,8,8,16,8,0,0,0,0,0,4,16,9,0,0,0,0,0,1,16,10,0,0,1
digit_01886,0,0,11,16,15,3,0,0,0,0,6,8,14,12,0,0,0,0,0,0,7,10,0,0,0,0,0,3,13,9,5,0,0,0,4,16,16,15,8,0,0,0,1,14,11,2,0,0,0,0,1,16,2,0,0,0,0,0,8,12,0,0,0,0,7
digit_01887,0,2,15,16,13,1,0,0,0,8,16,9,15,8,0,0,0,8,16,0,8,12,0,0,0,0,5,1,7,13,0,0,0,0,0,0,12,10,0,0,0,0,0,4,16,7,0,0,0,5,15,15,16,2,0,0,0,3,11,12,16,16,13,2,2
digit_01888,0,0,2,15,16,16,10,0,0,0,1,6,4,11,13,0,0,0,0,0,0,9,8,0,0,0,0,4,8,15,3,0,0,0,3,16,16,16,9,0,0,0,0,3,14,0,0,0,0,0,0,13,3,0,0,0,0,0,4,12,0,0,0,0,7
digit_01889,0,4,16,16,6,0,0,0,0,7,13,8,15,1,0,0,0,0,0,6,16,2,0,0,0,0,3,16,14,1,0,0,0,0,1,11,15,13,1,0,0,0,0,0,3,14,8,0,0,5,6,0,0,7,16,0,0,3,14,16,16,16,10,0,3
digit_01890,0,0,6,12,14,10,1,0,0,2,13,4,0,10,9,0,0,2,14,0,3,14,6,0,0,1,14,11,14,5,0,0,0,0,9,16,6,0,0,0,0,2,14,10,12,0,0,0,0,2,11,1,14,0,0,0,0,0,11,13,9,0,0,0,8
digit_01891,0,0,3,15,15,5,0,0,0,0,13,13,10,15,0,0,0,0,12,14,13,16,5,0,0,0,1,8,8,14,6,0,0,0,0,0,0,8,12,0,0,0,1,0,0,3,16,1,0,1,14,2,0,3,16,2,0,0,3,15,16,16,13,1,9
digit_01892,0,0,12,12,0,0,0,0,0,1,15,11,0,0,0,0,0,6,16,3,0,0,0,0,0,6,16,1,0,0,0,0,0,11,13,3,14,15,3,0,0,9,15,16,13,13,15,0,0,5,16,7,1,11,15,0,0,1,11,16,16,15,6,0,6
digit_01893,0,0,7,13,0,0,0,0,0,2,15,11,0,0,0,0,0,9,16,2,0,0,0,0,0,7,16,0,0,0,0,0,0,9,16,2,4,4,0,0,0,5,16,16,16,16,12,0,0,3,16,16,9,13,16,0,0,0,5,13,16,16,7,0,6
digit_01894,0,0,0,0,1,14,4,0,0,0,0,0,2,16,8,0,0,0,0,0,8,16,6,0,0,0,0,0,15,16,5,0,0,0,0,8,16,16,3,0,0,0,6,16,9,16,0,0,0,2,16,8,4,16,0,0,0,2,4,0,2,15,3,0,1
digit_01895,0,0,1,12,16,16,12,0,0,0,0,7,4,11,13,0,0,0,0,0,0,8,11,0,0,0,0,1,4,12,8,0,0,0,0,12,16,16,8,0,0,0,0,3,12,6,0,0,0,0,0,6,14,0,0,0,0,0,0,15,5,0,0,0,7
digit_01896,0,0,8,16,16,16,12,3,0,0,2,2,0,5,16,8,0,0,0,0,0,5,15,1,0,0,0,0,1,13,8,0,0,1,8,8,10,16,1,0,0,3,12,15,16,11,3,0,0,0,2,15,7,0,0,0,0,0,11,11,0,0,0,0,7
digit_01897,0,0,10,14,16,16,8,0,0,0,16,12,5,5,11,0,0,4,15,11,6,0,0,0,0,10,16,16,16,11,0,0,0,5,7,0,5,15,0,0,0,0,0,0,7,14,0,0,0,0,5,4,14,7,0,0,0,0,8,16,14,1,0,0,5
digit_01898,0,0,8,16,5,0,0,0,0,0,16,9,0,0,0,0,0,6,16,2,0,0,0,0,0,7,16,0,1,0,0,0,0,10,13,9,16,14,3,0,0,8,15,16,9,9,15,0,0,4,16,13,0,9,16,1,0,0,6,16,16,16,10,0,6
digit_01899,0,0,4,15,15,4,0,0,0,0,9,16,16,9,0,0,0,0,7,16,16,9,0,0,0,0,7,16,16,13,0,0,0,0,10,16,16,10,0,0,0,1,15,16,16,4,0,0,0,0,13,16,16,3,0,0,0,0,4,10,16,4,0,0,1
digit_01900,0,0,10,12,2,0,0,0,0,4,15,13,13,0,0,0,0,5,12,0,14,2,0,0,0,2,10,0,13,3,0,0,0,0,0,2,14,0,0,0,0,0,0,9,9,0,0,0,0,0,11,16,8,4,2,0,0,0,13,15,16,16,7,0,2
digit_01901,0,0,3,14,16,16,7,0,0,0,11,9,4,12,15,0,0,0,0,0,0,8,14,0,0,0,0,0,0,12,9,0,0,0,5,11,12,16,5,0,0,0,11,16,16,12,3,0,0,0,0,9,13,1,0,0,0,0,3,16,2,0,0,0,7
digit_01902,0,0,8,15,8,0,0,0,0,4,16,16,16,5,0,0,0,8,16,2,6,15,0,0,0,3,15,4,4,16,0,0,0,0,1,0,7,15,0,0,0,0,0,3,15,7,0,0,0,2,11,16,15,7,4,0,0,1,13,16,15,12,4,0,2
digit_01903,0,0,7,14,16,16,7,0,0,0,14,13,8,5,1,0,0,3,16,10,3,0,0,0,0,10,16,16,16,2,0,0,0,3,4,0,11,8,0,0,0,0,0,0,10,8,0,0,0,0,14,5,16,4,0,0,0,0,9,16,14,0,0,0,5
digit_01904,0,0,0,6,15,1,0,0,0,0,4,16,3,0,0,0,0,0,12,8,0,0,0,0,0,7,15,1,0,5,9,0,0,9,16,0,6,15,10,0,0,10,16,16,16,14,0,0,0,2,5,7,16,7,0,0,0,0,0,6,15,1,0,0,4
digit_01905,0,0,8,12,12,1,0,0,0,6,12,2,6,8,0,0,0,5,11,0,3,16,7,0,0,0,14,6,10,10,1,0,0,0,6,16,8,0,0,0,0,0,7,16,5,0,0,0,0,0,12,10,10,0,0,0,0,0,11,14,9,0,0,0,8
digit_01906,0,0,6,15,8,0,0,0,0,4,16,13,16,2,0,0,0,6,15,0,13,13,0,0,0,8,10,0,7,16,5,0,0,8,8,0,6,16,3,0,0,7,11,0,7,15,0,0,0,0,14,10,13,11,0,0,0,0,6,14,12,2,0,0,0
digit_01907,0,0,11,16,13,2,0,0,0,0,10,15,11,13,0,0,0,0,3,15,7,15,5,0,0,0,0,1,1,13,6,0,0,0,0,0,0,16,5,0,0,0,0,0,9,16,2,0,0,0,15,16,16,11,0,0,0,0,9,15,13,16,16,5,2
digit_01908,0,0,3,12,7,0,0,0,0,0,14,11,11,6,0,0,0,4,12,0,2,16,0,0,0,5,9,0,0,10,7,0,0,6,8,0,0,8,8,0,0,3,12,0,0,3,10,0,0,1,13,5,3,13,5,0,0,0,3,13,16,9,1,0,0
digit_01909,0,0,8,14,11,2,0,0,0,2,16,10,13,9,0,0,0,4,16,4,1,15,5,0,0,2,14,12,11,16,7,0,0,0,6,16,16,6,0,0,0,0,12,16,12,0,0,0,0,0,16,16,15,0,0,0,0,0,8,15,8,0,0,0,8
digit_01910,0,0,15,8,0,0,0,0,0,2,16,15,2,0,0,0,0,0,16,8,10,0,0,0,0,0,12,8,12,0,0,0,0,0,0,8,8,0,0,0,0,0,0,12,8,0,0,0,0,0,12,16,15,15,5,0,0,0,15,11,6,2,0,0,2
digit_01911,0,0,4,13,13,8,0,0,0,0,16,1,1,11,2,0,0,4,13,0,0,6,7,0,0,3,14,0,9,14,2,0,0,0,9,15,14,1,0,0,0,0,5,16,9,0,0,0,0,0,8,12,15,2,0,0,0,0,4,15,13,2,0,0,8
digit_01912,0,0,14,16,11,1,0,0,0,1,12,16,16,6,0,0,0,0,0,4,16,7,0,0,0,0,1,10,16,13,2,0,0,0,5,16,16,16,8,0,0,0,1,16,9,1,0,0,0,0,9,16,1,0,0,0,0,0,13,12,0,0,0,0,7
digit_01913,0,1,14,16,16,16,5,0,0,4,16,7,4,5,3,0,0,7,16,5,1,0,0,0,0,8,16,16,15,1,0,0,0,0,2,4,15,7,0,0,0,0,0,0,10,13,0,0,0,6,9,1,13,14,0,0,0,1,14,16,15,3,0,0,5
digit_01914,0,0,2,13,1,0,0,0,0,0,5,15,0,0,0,0,0,0,13,6,0,0,0,0,0,5,14,0,0,0,0,0,0,8,12,3,7,6,1,0,0,7,16,14,8,14,7,0,0,2,15,9,5,12,7,0,0,0,4,9,13,13,1,0,6
digit_01915,0,2,15,16,15,3,0,0,0,4,16,7,13,13,0,0,0,0,7,12,16,8,0,0,0,0,7,16,15,6,0,0,0,0,0,4,11,16,4,0,0,1,0,0,0,14,11,0,0,9,9,0,6,14,9,0,0,3,14,16,16,13,1,0,3
digit_01916,0,0,8,16,16,9,0,0,0,0,15,9,6,14,2,0,0,0,16,5,1,16,8,0,0,0,9,16,16,16,11,0,0,0,0,6,7,10,12,0,0,1,3,0,0,8,14,0,0,4,13,5,0,11,12,0,0,0,9,16,16,16,6,0,9
digit_01917,0,0,0,8,14,0,0,0,0,0,5,16,3,0,0,0,0,0,15,9,0,0,2,0,0,8,15,1,0,11,14,0,0,11,13,4,7,16,5,0,0,8,16,16,16,13,0,0,0,0,0,5,16,3,0,0,0,0,0,10,14,0,0,0,4
digit_01918,0,0,0,15,10,0,0,0,0,0,4,16,16,7,0,0,0,0,3,16,16,10,0,0,0,0,3,16,16,14,0,0,0,0,4,16,16,16,2,0,0,0,10,16,16,16,5,0,0,0,9,16,16,16,9,0,0,0,1,8,3,7,16,2,1
digit_01919,0,0,3,13,0,0,0,0,0,0,12,6,0,0,0,0,0,2,16,1,0,0,0,0,0,5,12,0,0,0,0,0,0,8,10,5,11,7,0,0,0,6,16,16,9,12,8,0,0,0,14,9,4,11,8,0,0,0,3,12,13,9,1,0,6
digit_01920,0,1,13,16,16,6,0,0,0,3,13,6,12,13,0,0,0,0,0,5,15,7,0,0,0,0,2,16,15,2,0,0,0,0,0,4,14,14,1,0,0,0,0,0,3,15,5,0,0,1,10,1,2,13,7,0,0,1,13,16,16,13,1,0,3
digit_01921,0,0,1,14,15,3,0,0,0,0,0,15,16,9,0,0,0,0,0,15,16,7,0,0,0,0,2,15,16,5,0,0,0,0,4,16,15,1,0,0,0,0,7,16,10,0,0,0,0,0,8,16,8,0,0,0,0,0,2,12,16,5,0,0,1
digit_01922,0,0,2,10,12,13,6,0,0,0,15,14,8,7,0,0,0,4,16,0,0,0,0,0,0,7,16,16,15,2,0,0,0,3,14,8,15,6,0,0,0,0,0,0,12,7,0,0,0,0,0,6,14,4,0,0,0,0,0,13,12,0,0,0,5
digit_01923,0,0,6,16,6,0,0,0,0,2,15,14,16,5,0,0,0,6,15,1,9,14,0,0,0,4,16,0,1,16,5,0,0,7,13,0,1,16,4,0,0,5,15,2,0,14,5,0,0,0,14,10,12,13,1,0,0,0,4,14,14,3,0,0,0
digit_01924,0,0,7,16,16,4,0,0,0,5,16,7,8,13,1,0,0,10,13,0,6,16,7,0,0,5,16,12,15,16,9,0,0,0,5,8,3,11,12,0,0,0,0,0,0,9,12,0,0,0,1,4,0,13,12,0,0,0,9,16,16,13,3,0,9
digit_01925,0,0,8,16,16,12,4,0,0,0,12,10,8,8,4,0,0,4,16,13,3,0,0,0,0,6,16,16,15,1,0,0,0,0,0,0,12,6,0,0,0,0,0,0,9,6,0,0,0,0,4,7,16,3,0,0,0,0,4,16,6,0,0,0,5
digit_01926,0,0,15,15,4,0,0,0,0,0,16,13,15,2,0,0,0,0,9,15,12,8,0,0,0,0,0,2,11,10,0,0,0,0,0,0,13,8,0,0,0,0,0,1,14,5,0,0,0,0,16,16,16,6,1,0,0,1,11,15,12,15,15,4,2
digit_01927,0,0,5,13,12,1,0,0,0,2,15,5,6,7,0,0,0,6,9,0,0,16,4,0,0,6,10,0,0,14,6,0,0,0,9,13,14,12,9,0,0,0,0,0,0,0,12,0,0,0,3,0,0,3,14,0,0,0,5,12,13,14,5,0,9
digit_01928,0,0,1,10,10,1,0,0,0,0,7,16,16,5,0,0,0,0,13,16,16,3,0,0,0,0,14,16,16,8,0,0,0,0,14,16,7,2,0,0,0,0,10,16,16,6,0,0,0,0,7,16,16,5,0,0,0,0,2,10,12,5,0,0,1
digit_01929,0,1,6,9,15,16,14,0,0,4,16,16,10,7,2,0,0,8,16,13,3,0,0,0,0,10,14,14,14,0,0,0,0,1,1,1,16,0,0,0,0,0,0,1,16,0,0,0,0,0,3,10,14,0,0,0,0,0,15,14,3,0,0,0,5
digit_01930,0,0,3,14,16,6,0,0,0,1,13,5,4,13,0,0,0,5,12,0,0,9,4,0,0,5,9,0,0,5,8,0,0,8,7,0,0,3,8,0,0,6,9,0,0,2,9,0,0,0,15,3,1,9,8,0,0,0,5,15,14,9,0,0,0
digit_01931,0,0,5,15,16,16,10,0,0,0,11,14,8,4,1,0,0,4,16,16,15,3,0,0,0,8,15,9,13,13,1,0,0,0,2,0,3,16,4,0,0,0,0,0,3,16,2,0,0,0,0,3,13,9,0,0,0,0,5,16,12,1,0,0,5
digit_01932,0,0,6,15,16,15,2,0,0,0,4,6,6,15,7,0,0,0,0,0,0,16,3,0,0,0,2,8,10,16,4,0,0,0,7,12,16,13,5,0,0,0,0,5,14,0,0,0,0,0,1,15,5,0,0,0,0,0,8,12,0,0,0,0,7
digit_01933,0,0,4,14,5,0,0,0,0,0,13,7,11,4,2,0,0,2,13,0,6,14,4,0,0,3,9,0,3,14,7,0,0,5,8,0,4,11,8,0,0,4,8,0,0,1,12,0,0,1,14,2,0,10,7,0,0,0,3,15,16,13,2,0,0
digit_01934,0,1,12,16,12,0,0,0,0,11,13,5,16,3,8,0,0,10,13,4,16,15,3,0,0,2,16,12,15,6,0,0,0,0,14,14,2,0,0,0,0,2,16,16,3,0,0,0,0,4,15,12,11,0,0,0,0,0,14,16,13,0,0,0,8
digit_01935,0,0,7,14,15,13,10,0,0,1,14,8,3,0,2,0,0,4,16,10,15,6,0,0,0,4,16,12,11,16,3,0,0,2,7,0,0,12,6,0,0,0,0,0,1,14,3,0,0,0,9,9,11,12,0,0,0,0,8,13,8,0,0,0,5
digit_01936,0,0,0,11,9,0,0,0,0,0,6,16,8,0,0,0,0,0,13,12,0,0,0,0,0,0,16,6,4,2,0,0,0,0,16,16,15,15,4,0,0,0,15,6,0,0,15,1,0,0,9,13,0,6,14,5,0,0,0,9,16,16,10,0,6
digit_01937,0,0,3,13,9,2,0,0,0,0,5,16,16,7,0,0,0,0,10,16,16,0,0,0,0,1,15,16,14,1,0,0,0,6,16,16,14,0,0,0,0,0,12,16,10,0,0,0,0,0,7,16,14,0,0,0,0,0,3,15,16,12,0,0,1
digit_01938,0,0,0,1,16,9,0,0,0,0,0,6,16,11,0,0,0,0,0,11,16,6,0,0,0,1,7,15,14,1,0,0,0,6,14,16,15,0,0,0,0,0,1,13,15,0,0,0,0,0,0,14,16,4,0,0,0,0,0,0,12,15,6,0,1
digit_01939,0,0,9,14,15,4,0,0,0,0,16,9,9,16,0,0,0,0,0,1,13,12,0,0,0,0,2,15,16,3,0,0,0,0,2,12,12,12,1,0,0,0,0,0,0,9,9,0,0,0,14,9,5,13,12,0,0,0,9,16,16,14,1,0,3
digit_01940,0,0,7,14,15,2,0,0,0,0,8,4,4,15,0,0,0,0,0,0,8,11,0,0,0,0,2,16,16,4,0,0,0,0,1,8,13,13,0,0,0,0,0,0,0,7,10,0,0,2,14,2,3,12,9,0,0,1,12,16,16,10,1,0,3
digit_01941,0,0,0,1,13,13,0,0,0,0,5,15,15,16,0,0,0,3,15,8,7,14,0,0,0,11,15,9,15,16,9,0,0,8,16,14,15,15,5,0,0,0,0,0,12,8,0,0,0,0,0,0,12,6,0,0,0,0,0,0,12,4,0,0,4
digit_01942,0,0,0,12,4,0,0,0,0,0,6,16,10,0,0,0,0,0,14,11,0,0,0,0,0,0,13,7,0,0,0,0,0,0,14,16,15,9,1,0,0,0,12,11,4,10,13,0,0,0,4,14,4,10,16,3,0,0,0,9,16,14,9,0,6
digit_01943,0,0,0,2,12,6,14,0,0,0,1,15,13,8,10,0,0,2,15,7,0,15,4,0,0,9,15,7,7,16,5,0,0,8,16,16,16,16,10,0,0,1,4,4,13,8,0,0,0,0,0,3,15,1,0,0,0,0,0,3,14,0,0,0,4
digit_01944,0,0,0,4,13,12,1,0,0,0,3,16,9,15,14,2,0,0,14,8,2,10,14,0,0,3,16,12,13,16,7,0,0,0,8,3,2,16,2,0,0,0,0,0,8,12,0,0,0,0,0,0,14,6,0,0,0,0,0,3,14,2,0,0,9
digit_01945,0,0,4,14,10,0,0,0,0,3,16,9,8,7,0,0,0,8,16,0,2,11,0,0,0,6,14,0,0,6,6,0,0,5,14,0,0,3,9,0,0,0,15,1,0,5,13,0,0,0,12,9,2,13,10,0,0,0,2,14,15,10,1,0,0
digit_01946,0,0,8,13,12,2,0,0,0,4,16,3,2,13,0,0,0,10,13,5,12,12,0,0,0,5,14,16,16,3,0,0,0,0,8,15,9,9,0,0,0,0,12,6,0,8,5,0,0,0,11,8,4,12,6,0,0,0,5,12,13,10,0,0,8
digit_01947,0,0,6,13,12,2,0,0,0,7,14,4,9,10,0,0,0,8,3,0,10,7,0,0,0,0,2,9,16,2,0,0,0,0,10,12,12,14,1,0,0,0,0,0,0,6,12,0,0,0,11,5,4,12,10,0,0,0,6,13,13,10,1,0,3
digit_01948,0,0,2,8,11,16,16,14,0,0,10,15,10,11,16,7,0,0,0,0,0,13,9,0,0,0,4,8,11,16,4,0,0,0,13,16,16,11,5,0,0,0,0,4,16,1,0,0,0,0,0,12,11,0,0,0,0,0,0,15,5,0,0,0,7
digit_01949,0,0,5,13,12,3,0,0,0,0,14,9,8,13,0,0,0,3,16,4,0,13,6,0,0,4,14,1,0,8,9,0,0,1,15,0,0,4,8,0,0,2,13,1,2,13,4,0,0,0,15,13,16,11,0,0,0,0,8,11,5,0,0,0,0
digit_01950,0,0,0,12,13,1,0,0,0,0,7,16,10,1,0,0,0,0,11,13,0,0,0,0,0,0,13,10,4,1,0,0,0,0,13,16,16,13,3,0,0,2,16,14,6,10,15,2,0,2,13,14,8,13,15,1,0,0,1,13,16,14,3,0,6
digit_01951,0,0,0,7,13,14,4,0,0,0,15,13,4,0,1,0,0,1,16,2,0,0,0,0,0,5,16,9,14,13,1,0,0,7,15,8,1,11,4,0,0,0,0,0,0,13,4,0,0,0,0,5,7,12,0,0,0,0,0,8,14,3,0,0,5
digit_01952,0,0,7,11,4,0,0,0,0,0,15,16,15,5,0,0,0,3,16,5,3,10,2,0,0,4,16,2,0,7,7,0,0,8,10,0,0,6,8,0,0,5,9,0,0,10,6,0,0,0,15,4,10,14,2,0,0,0,7,16,10,2,0,0,0
digit_01953,0,0,2,12,6,0,0,0,0,1,12,10,11,3,0,0,0,1,16,7,3,13,1,0,0,2,16,1,0,9,5,0,0,2,16,2,0,2,10,0,0,0,14,8,0,7,13,0,0,0,10,7,7,16,5,0,0,0,2,13,12,6,0,0,0
digit_01954,0,0,3,10,13,16,7,0,0,0,10,10,8,12,13,0,0,0,0,0,0,10,10,0,0,5,12,12,12,15,8,0,0,5,12,12,15,11,1,0,0,0,0,5,15,3,0,0,0,0,0,11,9,0,0,0,0,0,3,16,2,0,0,0,7
digit_01955,0,0,6,12,16,16,13,0,0,0,13,12,8,14,16,2,0,0,1,5,7,15,11,0,0,0,13,16,16,16,11,0,0,0,3,9,16,3,0,0,0,0,0,11,13,0,0,0,0,0,5,16,7,0,0,0,0,0,9,15,2,0,0,0,7
digit_01956,0,0,4,16,13,16,13,0,0,0,12,11,5,4,2,0,0,1,16,1,9,8,2,0,0,8,16,14,10,13,6,0,0,1,4,0,0,9,6,0,0,0,0,0,5,11,1,0,0,0,1,6,14,4,0,0,0,0,6,15,5,0,0,0,5
digit_01957,0,0,0,2,12,13,8,1,0,0,3,12,5,14,16,2,0,0,11,1,0,12,14,0,0,2,11,3,7,14,3,0,0,3,15,11,5,10,0,0,0,0,0,0,9,6,0,0,0,0,0,1,14,2,0,0,0,0,0,0,14,1,0,0,9
digit_01958,0,0,1,16,12,2,0,0,0,0,4,15,16,5,0,0,0,0,8,16,13,0,0,0,0,1,12,16,11,0,0,0,0,5,16,16,11,0,0,0,0,0,9,16,9,0,0,0,0,0,4,16,12,1,0,0,0,0,1,14,16,10,0,0,1
digit_01959,0,0,0,1,13,12,3,0,0,0,6,13,11,12,10,0,0,6,16,11,4,13,7,0,0,8,16,16,16,16,10,0,0,0,4,4,7,16,5,0,0,0,0,0,12,8,0,0,0,0,0,0,13,7,0,0,0,0,0,0,15,4,0,0,4
digit_01960,0,4,15,16,7,0,0,0,0,4,16,11,16,2,0,0,0,2,6,4,16,3,0,0,0,0,0,1,16,4,0,0,0,0,0,8,14,1,0,0,0,0,2,15,10,0,0,0,0,3,15,16,13,12,11,0,0,5,16,16,15,12,12,0,2
digit_01961,0,0,3,11,16,15,5,0,0,0,10,6,4,12,10,0,0,0,0,0,0,12,8,0,0,4,12,10,12,16,3,0,0,2,8,5,16,9,0,0,0,0,0,6,11,0,0,0,0,0,0,13,6,0,0,0,0,0,0,15,1,0,0,0,7
digit_01962,0,0,7,15,6,0,0,0,0,1,15,12,15,0,0,0,0,3,15,1,12,2,0,0,0,0,11,0,13,3,0,0,0,0,0,1,14,1,0,0,0,0,0,7,12,0,0,0,0,0,7,16,16,16,14,3,0,0,6,12,8,8,8,3,2
digit_01963,0,1,8,13,16,8,0,0,0,11,13,6,8,15,1,0,0,2,1,9,14,5,0,0,0,0,14,16,14,3,0,0,0,0,8,4,10,15,1,0,0,0,0,0,0,13,7,0,0,2,15,8,9,15,1,0,0,1,10,13,13,4,0,0,3
digit_01964,0,0,0,0,8,16,11,0,0,0,0,13,9,8,14,1,0,0,10,8,0,5,16,4,0,2,15,8,14,14,12,0,0,2,12,9,2,10,6,0,0,0,0,0,2,14,0,0,0,0,0,0,9,7,0,0,0,0,0,0,13,1,0,0,9
digit_01965,0,0,9,14,12,8,0,0,0,8,13,0,2,16,2,0,0,11,14,14,14,6,0,0,0,1,14,16,13,1,0,0,0,3,15,4,6,12,0,0,0,1,15,0,0,8,9,0,0,3,16,1,3,13,6,0,0,0,8,16,13,6,0,0,8
digit_01966,0,0,7,16,15,11,5,0,0,0,14,11,8,8,5,0,0,1,16,2,8,5,0,0,0,8,15,15,15,15,3,0,0,8,15,5,0,12,4,0,0,0,0,0,2,15,1,0,0,0,6,8,13,8,0,0,0,0,8,15,10,0,0,0,5
digit_01967,0,0,0,2,15,2,0,0,0,0,0,12,9,0,0,0,0,0,5,15,2,2,0,0,0,1,13,6,0,14,3,0,0,5,15,0,8,16,1,0,0,9,16,16,16,16,3,0,0,0,4,4,16,7,0,0,0,0,0,3,15,4,0,0,4
digit_01968,0,0,0,7,15,14,2,0,0,4,13,9,8,16,4,0,0,7,16,6,3,16,3,0,0,0,7,16,16,8,0,0,0,0,1,16,14,14,0,0,0,0,7,11,0,15,8,0,0,0,6,15,5,15,5,0,0,0,0,9,14,7,0,0,8
digit_01969,0,0,8,14,9,0,0,0,0,6,15,12,16,3,0,0,0,1,3,0,8,4,0,0,0,0,0,0,9,5,0,0,0,0,0,1,15,3,0,0,0,0,0,12,11,0,0,0,0,0,10,16,13,12,6,0,0,0,11,12,12,9,4,0,2
digit_01970,0,0,0,6,12,12,0,0,0,0,0,15,16,13,0,0,0,0,7,16,16,12,0,0,0,3,16,16,16,11,0,0,0,3,12,16,16,9,0,0,0,0,0,11,16,9,0,0,0,0,0,13,16,10,0,0,0,0,0,9,13,11,0,0,1
digit_01971,0,0,4,12,12,6,0,0,0,3,16,9,8,15,0,0,0,9,16,3,0,8,6,0,0,6,14,0,0,6,8,0,0,4,11,0,0,9,5,0,0,4,10,0,0,15,2,0,0,0,15,5,9,14,0,0,0,0,7,14,13,2,0,0,0
digit_01972,0,0,0,1,15,2,0,0,0,0,0,8,16,0,0,0,0,0,2,16,6,6,6,0,0,0,11,13,2,14,9,0,0,6,16,9,10,16,10,0,0,15,16,16,16,16,5,0,0,2,4,4,16,9,0,0,0,0,0,2,16,9,0,0,4
digit_01973,0,0,7,12,8,0,0,0,0,6,16,11,15,3,0,0,0,10,8,0,11,5,0,0,0,0,0,0,11,3,0,0,0,0,0,0,14,1,0,0,0,0,0,7,13,0,0,0,0,0,8,16,16,14,9,0,0,0,11,13,11,8,9,0,2
digit_01974,0,0,1,8,13,12,1,0,0,1,15,8,4,14,6,0,0,6,10,0,1,10,8,0,0,7,12,5,11,16,7,0,0,2,11,12,10,16,2,0,0,0,0,0,9,10,0,0,0,0,0,4,16,1,0,0,0,0,0,12,7,0,0,0,9
digit_01975,0,2,5,7,10,13,4,0,0,3,16,13,12,11,3,0,0,0,16,1,0,0,0,0,0,6,16,16,15,2,0,0,0,3,8,4,10,9,0,0,0,0,0,0,8,11,0,0,0,0,1,9,15,3,0,0,0,2,16,12,2,0,0,0,5
digit_01976,0,1,10,16,11,0,0,0,0,5,16,9,14,6,0,0,0,1,3,0,11,8,0,0,0,0,0,0,11,8,0,0,0,0,0,4,15,0,0,0,0,0,0,9,11,0,0,0,0,0,11,16,10,12,8,0,0,0,11,12,12,12,14,0,2
digit_01977,0,0,0,4,13,0,0,0,0,0,0,13,9,0,0,0,0,0,4,15,2,2,4,0,0,1,15,6,0,9,10,0,0,10,16,8,9,16,4,0,0,3,12,12,16,12,0,0,0,0,0,2,16,6,0,0,0,0,0,5,16,3,0,0,4
digit_01978,0,0,6,9,12,12,8,0,0,2,16,12,8,8,6,0,0,0,15,8,4,0,0,0,0,0,14,16,16,13,1,0,0,0,9,7,5,16,7,0,0,0,0,0,2,16,5,0,0,0,0,6,15,9,0,0,0,0,15,15,7,0,0,0,5
digit_01979,0,0,2,14,16,15,9,0,0,1,14,11,5,9,14,0,0,4,14,0,3,12,11,0,0,6,13,9,15,15,1,0,0,2,13,15,15,11,0,0,0,0,0,4,15,0,0,0,0,0,1,13,11,0,0,0,0,0,3,16,5,0,0,0,9
digit_01980,0,0,4,14,12,7,1,0,0,4,13,9,7,16,4,0,0,12,12,0,9,15,1,0,0,3,16,10,15,6,0,0,0,0,5,16,16,3,0,0,0,0,5,13,5,15,3,0,0,0,8,8,7,16,4,0,0,0,3,15,16,9,0,0,8
digit_01981,0,0,1,9,15,13,1,0,0,0,11,12,6,16,4,0,0,10,15,1,7,14,0,0,0,3,15,14,15,3,0,0,0,0,1,12,15,3,0,0,0,0,0,12,8,13,1,0,0,0,0,12,6,16,2,0,0,0,0,9,15,6,0,0,8
digit_01982,0,0,4,15,14,7,0,0,0,2,14,10,8,15,2,0,0,8,16,2,1,16,5,0,0,1,14,14,14,12,0,0,0,0,1,15,16,7,0,0,0,0,7,14,8,15,2,0,0,0,8,9,3,14,7,0,0,0,5,16,16,11,1,0,8
digit_01983,0,0,6,10,11,15,4,0,0,0,10,15,12,12,3,0,0,0,14,6,0,0,0,0,0,5,16,9,9,7,0,0,0,2,12,12,12,16,7,0,0,0,0,0,1,13,7,0,0,0,0,7,13,13,0,0,0,0,9,12,10,1,0,0,5
digit_01984,0,0,1,9,16,13,1,0,0,0,13,9,5,14,8,0,0,3,14,0,0,13,12,0,0,2,15,12,16,16,3,0,0,0,3,8,11,12,0,0,0,0,0,3,14,2,0,0,0,0,0,12,9,0,0,0,0,0,1,15,3,0,0,0,9
digit_01985,0,0,0,8,16,10,0,0,0,0,1,14,16,14,0,0,0,1,10,16,16,5,0,0,0,6,16,16,16,3,0,0,0,1,12,16,16,0,0,0,0,0,4,16,15,0,0,0,0,0,4,16,16,4,0,0,0,0,0,11,12,11,0,0,1
digit_01986,0,0,3,14,9,0,0,0,0,1,16,15,13,10,0,0,0,7,16,2,1,15,2,0,0,7,16,2,0,9,7,0,0,5,16,0,0,9,8,0,0,0,16,4,0,9,11,0,0,0,13,11,9,16,5,0,0,0,3,14,16,9,1,0,0
digit_01987,0,0,13,12,1,0,0,0,0,11,16,14,12,0,0,0,0,5,8,1,16,1,0,0,0,0,0,0,16,3,0,0,0,0,0,8,16,0,0,0,0,0,3,14,9,0,0,0,0,0,15,16,13,13,11,0,0,0,11,12,12,14,16,2,2
digit_01988,0,0,0,9,15,7,0,0,0,0,7,16,10,6,0,0,0,0,14,8,0,0,0,0,0,1,16,5,11,8,0,0,0,3,16,16,10,15,9,0,0,1,15,9,0,4,13,0,0,0,11,14,6,11,15,0,0,0,0,10,14,13,8,0,6
digit_01989,0,0,9,12,14,16,8,0,0,1,12,12,10,14,11,0,0,0,0,0,3,16,2,0,0,1,10,8,12,16,7,0,0,2,16,16,16,16,10,0,0,0,2,14,10,5,1,0,0,0,6,16,2,0,0,0,0,0,11,11,0,0,0,0,7
digit_01990,0,0,4,14,16,11,1,0,0,0,15,10,4,13,11,0,0,3,16,3,4,12,10,0,0,1,13,16,16,16,7,0,0,0,0,0,5,16,1,0,0,0,0,1,13,9,0,0,0,0,2,13,14,0,0,0,0,0,5,16,7,0,0,0,9
digit_01991,0,0,10,16,16,9,0,0,0,1,6,4,5,15,4,0,0,0,0,0,3,15,2,0,0,1,4,0,12,8,0,0,0,3,16,16,16,16,8,0,0,0,2,13,7,0,0,0,0,0,7,12,0,0,0,0,0,0,12,6,0,0,0,0,7
digit_01992,0,0,1,14,6,0,0,0,0,0,9,15,3,0,0,0,0,0,12,6,0,0,0,0,0,0,16,3,0,0,0,0,0,3,16,16,16,14,4,0,0,1,16,7,4,6,13,0,0,0,10,10,0,4,14,0,0,0,1,11,14,16,7,0,6
digit_01993,0,0,0,3,14,12,0,0,0,0,1,11,16,14,0,0,0,0,8,16,16,14,0,0,0,6,16,16,16,10,0,0,0,1,5,16,16,8,0,0,0,0,0,15,16,9,0,0,0,0,0,10,16,14,5,0,0,0,0,2,15,15,7,0,1
digit_01994,0,1,11,13,7,0,0,0,0,6,15,13,15,4,0,0,0,2,2,0,9,9,0,0,0,0,0,0,8,8,0,0,0,0,0,0,13,5,0,0,0,0,0,8,12,0,0,0,0,0,8,16,10,9,3,0,0,0,11,15,15,16,7,0,2
digit_01995,0,0,4,10,12,15,16,5,0,0,15,14,12,13,16,7,0,0,3,0,0,8,15,2,0,0,1,8,8,14,9,0,0,0,5,16,16,16,4,0,0,0,0,7,16,4,0,0,0,0,0,12,14,0,0,0,0,0,3,16,5,0,0,0,7
digit_01996,0,2,8,12,12,15,8,0,0,4,16,12,7,5,2,0,0,4,15,0,0,0,0,0,0,7,15,9,5,0,0,0,0,1,8,12,15,5,0,0,0,0,0,0,11,12,0,0,0,2,8,9,16,4,0,0,0,3,14,14,6,0,0,0,5
digit_01997,0,0,1,11,15,1,0,0,0,0,11,15,5,0,0,0,0,3,16,6,0,0,0,0,0,6,7,0,5,3,0,0,0,8,10,4,13,15,2,0,0,4,16,4,0,8,10,0,0,0,13,10,5,14,9,0,0,0,1,10,13,13,4,0,6
digit_01998,0,0,2,11,11,2,0,0,0,0,13,13,11,12,0,0,0,7,13,1,0,12,1,0,0,7,9,0,0,7,5,0,0,6,10,0,0,7,8,0,0,2,13,0,0,10,7,0,0,0,10,10,6,16,3,0,0,0,2,11,15,9,0,0,0
digit_01999,0,0,5,12,12,3,0,0,0,0,9,16,16,12,0,0,0,0,9,16,16,15,0,0,0,0,11,16,16,10,0,0,0,0,11,16,16,9,0,0,0,0,13,16,16,3,0,0,0,0,12,16,15,2,0,0,0,0,2,9,11,2,0,0,1
digit_02000,0,0,7,16,16,13,0,0,0,0,13,11,11,16,4,0,0,0,0,0,5,16,3,0,0,0,0,0,9,15,0,0,0,1,10,16,16,15,3,0,0,3,12,16,15,12,4,0,0,0,3,16,7,0,0,0,0,0,11,13,0,0,0,0,7
digit_02001,0,0,6,12,13,7,0,0,0,0,13,13,8,7,0,0,0,2,16,1,0,0,0,0,0,5,16,12,12,7,0,0,0,2,9,8,8,15,1,0,0,0,0,0,0,13,4,0,0,0,4,4,12,14,1,0,0,0,7,13,11,3,0,0,5
digit_02002,0,0,5,15,5,0,0,0,0,0,13,11,12,0,0,0,0,0,14,7,2,4,4,0,0,0,9,15,14,13,5,0,0,1,13,16,13,0,0,0,0,7,14,4,14,9,0,0,0,0,15,4,2,14,7,0,0,0,3,13,16,16,7,0,8
digit_02003,0,0,2,12,12,3,0,0,0,0,4,16,16,13,0,0,0,0,3,16,16,11,0,0,0,0,5,16,16,11,0,0,0,0,9,16,16,9,0,0,0,0,9,16,16,8,0,0,0,0,7,16,16,10,0,0,0,0,1,11,12,9,0,0,1
digit_02004,0,0,6,15,12,0,0,0,0,0,13,16,16,13,0,0,0,2,15,16,7,13,4,0,0,5,11,7,0,5,7,0,0,8,7,0,0,7,8,0,0,4,12,0,1,11,9,0,0,2,13,8,12,15,1,0,0,0,5,15,12,3,0,0,0
digit_02005,0,0,6,15,16,16,9,0,0,2,16,11,8,15,12,0,0,0,2,0,0,14,11,0,0,0,3,8,8,16,7,0,0,3,16,16,16,16,10,0,0,0,6,6,15,4,0,0,0,0,0,15,7,0,0,0,0,0,8,12,0,0,0,0,7
digit_02006,0,0,4,12,12,0,0,0,0,2,16,8,12,10,0,0,0,7,10,4,14,14,0,0,0,2,13,14,11,14,0,0,0,0,0,0,0,13,2,0,0,0,0,0,0,6,7,0,0,0,4,2,0,7,8,0,0,0,5,14,16,11,2,0,9
digit_02007,0,0,0,5,15,5,0,0,0,0,3,15,11,1,0,0,0,1,13,14,1,2,6,0,0,6,16,6,0,12,15,0,0,13,15,0,4,16,6,0,0,13,16,16,16,16,1,0,0,0,8,11,16,8,0,0,0,0,0,7,16,3,0,0,4
digit_02008,0,3,11,16,7,0,0,0,0,5,12,8,16,0,0,0,0,0,0,10,14,0,0,0,0,0,10,14,3,0,0,0,0,0,10,16,16,15,3,0,0,0,0,0,3,10,8,0,0,0,4,7,10,15,5,0,0,5,13,12,10,3,0,0,3
digit_02009,0,0,7,16,12,3,0,0,0,0,12,16,16,8,0,0,0,0,15,16,16,1,0,0,0,1,14,16,16,1,0,0,0,1,15,16,16,4,0,0,0,0,13,16,16,3,0,0,0,0,11,16,16,9,0,0,0,0,4,9,14,6,0,0,1
digit_02010,0,2,11,13,14,11,1,0,0,1,10,5,4,16,4,0,0,0,0,1,10,13,0,0,0,0,0,7,16,1,0,0,0,0,0,5,16,13,2,0,0,0,0,0,3,12,7,0,0,5,8,4,6,15,4,0,0,3,12,14,13,9,0,0,3
digit_02011,0,1,11,16,14,8,0,0,0,1,16,15,12,15,3,0,0,2,16,10,0,2,0,0,0,5,16,8,2,0,0,0,0,3,15,16,15,3,0,0,0,0,2,4,13,11,0,0,0,0,6,8,15,11,0,0,0,0,13,16,16,5,0,0,5
digit_02012,0,0,5,15,3,0,0,0,0,0,12,16,14,8,0,0,0,1,16,16,12,16,3,0,0,3,14,1,0,6,7,0,0,6,8,0,0,4,8,0,0,4,12,0,0,10,12,0,0,1,14,10,13,16,5,0,0,0,6,16,14,8,0,0,0
digit_02013,0,1,9,12,13,7,0,0,0,6,13,8,7,13,0,0,0,0,2,0,5,12,0,0,0,0,0,5,16,5,0,0,0,0,0,6,16,9,0,0,0,0,0,0,3,13,6,0,0,1,7,3,6,12,6,0,0,0,12,13,13,8,1,0,3
digit_02014,0,0,0,5,13,0,0,0,0,0,0,14,6,0,0,0,0,0,9,13,0,2,0,0,0,1,16,4,5,14,0,0,0,9,14,0,7,10,0,0,0,10,16,12,14,14,0,0,0,2,8,12,15,1,0,0,0,0,0,4,11,0,0,0,4
digit_02015,0,0,10,16,9,0,0,0,0,2,16,16,16,2,0,0,0,0,8,1,15,8,0,0,0,0,0,0,14,9,0,0,0,0,0,1,16,10,0,0,0,0,0,9,16,16,7,0,0,0,8,16,15,12,15,5,0,0,13,15,1,0,5,6,2
digit_02016,0,0,0,6,12,0,0,0,0,0,2,16,10,0,0,0,0,0,7,14,1,0,0,0,0,0,11,10,0,0,0,0,0,0,14,11,1,0,0,0,0,0,15,15,15,16,10,1,0,0,8,14,3,7,16,7,0,0,0,8,15,16,12,3,6
digit_02017,0,0,6,16,16,15,5,0,0,0,8,6,7,16,11,0,0,0,0,0,3,16,9,0,0,0,0,0,9,15,0,0,0,1,8,8,15,14,3,0,0,3,16,16,16,16,4,0,0,0,3,16,8,0,0,0,0,0,8,15,2,0,0,0,7
digit_02018,0,0,2,13,11,0,0,0,0,0,10,14,2,0,0,0,0,0,12,5,0,0,0,0,0,0,14,4,0,0,0,0,0,0,15,8,8,8,2,0,0,0,14,16,12,12,13,0,0,0,10,10,4,6,16,0,0,0,3,11,15,12,7,0,6
digit_02019,0,0,5,16,16,10,1,0,0,8,14,14,8,9,1,0,0,14,16,9,1,0,0,0,0,12,16,16,15,3,0,0,0,1,10,12,13,13,0,0,0,0,0,0,4,16,0,0,0,0,1,4,12,14,0,0,0,0,4,15,16,4,0,0,5
digit_02020,0,0,6,11,7,2,0,0,0,0,15,16,15,12,0,0,0,3,16,7,0,10,3,0,0,4,8,0,0,2,8,0,0,8,5,0,0,5,8,0,0,5,7,0,0,12,5,0,0,0,14,5,13,13,1,0,0,0,7,16,11,0,0,0,0
digit_02021,0,0,8,7,0,0,0,0,0,0,15,16,16,7,0,0,0,2,16,16,14,14,2,0,0,4,16,0,0,11,6,0,0,3,13,0,0,11,9,0,0,3,15,0,5,16,7,0,0,0,15,12,14,16,3,0,0,0,5,16,14,7,0,0,0
digit_02022,0,0,1,13,10,0,0,0,0,0,6,16,4,0,0,0,0,0,10,12,0,0,0,0,0,0,14,10,0,0,0,0,0,0,16,14,12,12,2,0,0,4,16,14,12,13,14,0,0,0,11,14,4,7,16,1,0,0,1,12,16,16,13,0,6
digit_02023,0,1,8,14,13,2,0,0,0,4,16,6,12,8,0,0,0,3,16,4,3,4,0,0,0,0,9,15,4,11,6,0,0,0,5,16,16,13,6,0,0,4,15,12,16,7,0,0,0,7,14,2,12,11,0,0,0,1,10,16,14,5,0,0,8
digit_02024,0,0,6,9,15,14,2,0,0,8,13,12,6,4,1,0,0,10,13,8,3,0,0,0,0,2,11,15,16,5,0,0,0,0,0,0,7,12,0,0,0,0,0,0,1,13,0,0,0,0,0,1,9,12,0,0,0,0,8,12,10,1,0,0,5
digit_02025,0,0,1,11,16,11,0,0,0,0,14,15,8,9,1,0,0,3,15,1,0,0,0,0,0,7,14,8,8,0,0,0,0,4,16,16,16,4,0,0,0,0,0,0,8,8,0,0,0,0,1,6,15,5,0,0,0,0,1,14,9,0,0,0,5
digit_02026,0,0,6,15,16,13,1,0,0,0,12,12,14,16,1,0,0,0,0,0,13,14,0,0,0,0,4,4,16,13,2,0,0,8,16,16,16,16,10,0,0,5,8,15,14,4,1,0,0,0,3,16,8,0,0,0,0,0,7,16,0,0,0,0,7
digit_02027,0,2,12,16,13,5,0,0,0,5,12,12,16,8,0,0,0,0,0,4,16,4,0,0,0,0,0,12,14,1,0,0,0,0,0,3,14,16,2,0,0,0,0,0,1,10,8,0,0,0,8,4,6,13,6,0,0,0,12,16,14,9,0,0,3
digit_02028,0,0,3,14,16,5,0,0,0,2,14,11,14,9,0,0,0,5,16,7,14,15,0,0,0,2,16,16,16,16,6,0,0,0,1,4,2,16,7,0,0,0,0,0,0,15,6,0,0,0,0,5,7,16,2,0,0,0,4,16,16,9,0,0,9
digit_02029,0,0,2,13,13,2,0,0,0,0,9,16,6,13,0,0,0,1,14,1,0,9,4,0,0,4,9,0,0,6,7,0,0,8,8,0,0,4,8,0,0,4,9,0,0,4,8,0,0,0,15,8,4,12,7,0,0,0,2,10,16,15,2,0,0
digit_02030,0,0,9,15,16,13,0,0,0,0,10,5,13,14,0,0,0,0,0,0,12,12,0,0,0,0,0,2,16,6,0,0,0,1,12,16,16,13,7,0,0,5,14,16,12,8,3,0,0,0,5,16,2,0,0,0,0,0,11,12,0,0,0,0,7
digit_02031,0,0,2,12,0,0,0,0,0,0,11,11,0,0,0,0,0,5,12,1,0,0,0,0,0,4,10,0,0,0,0,0,0,5,9,2,11,12,3,0,0,1,15,16,16,14,11,0,0,0,11,13,6,15,8,0,0,0,3,15,14,8,0,0,6
digit_02032,0,0,0,0,12,3,0,0,0,0,0,2,15,0,0,0,0,0,0,9,9,0,0,0,0,0,3,15,0,3,10,0,0,1,14,3,0,14,6,0,0,10,16,15,13,16,1,0,0,9,10,8,14,11,0,0,0,0,0,0,12,2,0,0,4
digit_02033,0,0,0,9,8,0,0,0,0,0,7,14,1,0,0,0,0,0,14,3,0,0,0,0,0,3,14,0,0,0,0,0,0,7,10,1,5,3,0,0,0,2,16,12,16,16,6,0,0,0,8,16,11,11,13,0,0,0,0,7,12,16,9,0,6
digit_02034,0,0,0,10,15,3,0,0,0,2,11,15,12,12,0,0,0,5,16,4,0,10,4,0,0,7,14,0,0,6,6,0,0,7,11,0,0,9,5,0,0,0,16,1,0,11,5,0,0,0,9,13,8,15,2,0,0,0,1,11,16,8,0,0,0
digit_02035,0,0,5,13,14,5,0,0,0,0,9,8,9,12,0,0,0,3,12,2,11,9,0,0,0,3,13,15,14,1,0,0,0,0,0,11,12,12,2,0,0,0,4,10,0,9,9,0,0,0,10,5,2,8,13,0,0,0,5,14,15,11,2,0,8
digit_02036,0,0,0,7,16,0,0,0,0,0,0,14,12,0,0,0,0,0,5,15,4,2,3,0,0,1,15,8,1,15,8,0,0,10,15,8,10,16,3,0,2,16,16,16,16,16,1,0,0,6,6,10,16,3,0,0,0,0,0,9,11,0,0,0,4
digit_02037,0,0,0,4,14,0,0,0,0,0,2,15,7,0,0,0,0,0,10,11,0,0,0,0,0,3,15,2,0,0,0,0,0,6,12,7,10,4,0,0,0,5,15,16,13,15,4,0,0,0,8,16,8,13,12,0,0,0,0,8,14,13,6,0,6
digit_02038,0,0,3,14,13,1,0,0,0,0,13,16,15,9,0,0,0,6,16,3,0,13,0,0,0,6,13,0,0,7,6,0,0,8,8,0,0,4,8,0,0,0,14,0,0,2,12,0,0,0,12,11,8,15,8,0,0,0,2,14,16,13,3,0,0
digit_02039,0,0,7,13,3,0,0,0,0,0,5,15,3,0,0,0,0,0,12,7,0,0,0,0,0,3,14,0,0,0,0,0,0,4,13,8,12,10,1,0,0,5,16,14,10,13,8,0,0,2,15,11,5,13,7,0,0,0,5,13,14,11,1,0,6
digit_02040,0,0,0,6,12,0,0,0,0,0,0,11,11,0,0,0,0,0,1,16,3,4,3,0,0,1,11,12,0,14,7,0,0,8,16,10,9,15,2,0,0,10,16,16,16,15,0,0,0,0,0,5,16,3,0,0,0,0,0,5,14,0,0,0,4
digit_02041,0,0,10,15,16,6,0,0,0,1,13,5,7,15,2,0,0,0,0,0,7,12,2,0,0,0,0,6,15,3,0,0,0,0,7,12,1,0,0,0,0,5,14,2,0,0,0,0,0,9,14,10,11,7,1,0,0,1,7,8,8,11,4,0,2
digit_02042,0,0,0,1,15,10,0,0,0,0,0,6,16,7,0,0,0,0,0,11,16,0,0,0,0,0,2,16,12,15,11,0,0,1,15,14,6,16,8,0,0,8,16,15,16,16,6,0,0,5,12,12,16,13,3,0,0,0,0,2,14,3,0,0,4
digit_02043,0,0,0,6,14,16,7,0,0,0,10,15,6,15,7,0,0,4,16,3,2,12,0,0,0,3,15,11,7,16,3,0,0,0,2,9,15,13,0,0,0,0,0,4,15,5,0,0,0,0,0,8,16,0,0,0,0,0,0,5,16,0,0,0,9
digit_02044,0,0,6,12,16,10,0,0,0,0,12,8,11,13,0,0,0,5,13,3,15,5,0,0,0,4,15,16,11,0,0,0,0,0,8,14,15,11,0,0,0,0,11,5,2,15,7,0,0,0,12,5,4,13,8,0,0,0,6,15,16,14,3,0,8
digit_02045,0,0,0,0,2,14,4,0,0,0,0,1,11,16,5,0,0,0,6,14,16,16,1,0,0,5,16,12,16,13,0,0,0,3,10,0,14,13,0,0,0,0,0,0,15,14,0,0,0,0,0,0,8,16,1,0,0,0,0,0,4,15,0,0,1
digit_02046,0,0,2,12,13,4,0,0,0,0,12,11,8,13,0,0,0,0,13,0,13,5,0,0,0,11,14,7,11,0,0,0,0,0,7,16,5,0,0,0,0,0,7,12,12,4,0,0,0,0,9,6,10,10,0,0,0,0,2,14,15,6,0,0,8
digit_02047,0,3,15,13,2,0,0,0,0,11,14,12,11,0,0,0,0,8,2,4,15,0,0,0,0,0,0,4,15,0,0,0,0,0,0,13,7,0,0,0,0,0,6,15,1,0,0,0,0,2,14,14,12,15,8,0,0,2,13,13,12,12,5,0,2
digit_02048,0,0,4,6,14,10,2,0,0,0,15,16,12,12,12,0,0,4,14,1,0,0,0,0,0,5,16,16,12,1,0,0,0,0,4,8,15,10,0,0,0,0,0,0,5,9,0,0,0,0,0,5,14,3,0,0,0,0,5,14,5,0,0,0,5
digit_02049,0,0,1,13,13,2,0,0,0,0,5,15,13,13,0,0,0,1,13,5,0,14,1,0,0,3,16,7,0,8,8,0,0,4,9,0,0,8,8,0,0,2,13,1,0,7,11,0,0,0,14,14,9,16,7,0,0,0,3,12,16,9,0,0,0
digit_02050,0,3,15,16,13,0,0,0,0,10,14,15,16,4,0,0,0,3,3,1,16,8,0,0,0,0,0,6,16,4,0,0,0,0,1,14,12,0,0,0,0,0,10,16,3,0,0,0,0,3,16,15,12,11,1,0,0,2,16,16,16,16,8,0,2
digit_02051,0,0,5,15,9,0,0,0,0,2,13,8,15,5,0,0,0,2,2,0,8,5,0,0,0,0,5,9,15,2,0,0,0,0,11,15,15,11,0,0,0,0,0,0,1,14,1,0,0,0,4,9,4,11,3,0,0,0,5,12,13,9,0,0,3
digit_02052,0,0,3,9,14,8,0,0,0,0,13,16,14,16,0,0,0,0,10,0,12,10,0,0,0,0,0,7,16,8,0,0,0,0,0,3,13,15,1,0,0,0,0,1,1,13,4,0,0,0,3,13,11,14,1,0,0,0,3,16,10,1,0,0,3
digit_02053,0,0,0,0,12,16,2,0,0,0,3,11,16,16,5,0,0,3,15,16,16,14,0,0,0,4,12,12,16,14,0,0,0,0,0,5,16,11,0,0,0,0,0,7,16,11,0,0,0,0,0,4,16,13,0,0,0,0,0,1,13,13,0,0,1
digit_02054,0,2,12,11,1,0,0,0,0,6,14,16,8,0,0,0,0,5,5,10,11,0,0,0,0,0,0,11,6,0,0,0,0,0,3,16,1,0,0,0,0,1,15,7,2,1,0,0,0,5,16,16,16,16,7,0,0,3,12,12,8,6,3,0,2
digit_02055,0,0,0,1,8,15,10,0,0,0,3,15,15,16,12,0,0,0,16,9,6,16,2,0,0,4,16,9,13,16,1,0,0,0,10,12,15,16,0,0,0,0,0,0,10,12,0,0,0,0,0,0,10,11,0,0,0,0,0,0,6,6,0,0,9
digit_02056,0,0,2,14,15,3,0,0,0,0,11,14,14,13,0,0,0,0,16,4,1,13,4,0,0,3,16,4,0,7,8,0,0,5,13,0,0,4,8,0,0,3,13,1,0,8,9,0,0,0,12,11,10,15,6,0,0,0,4,15,15,8,0,0,0
digit_02057,0,0,0,1,9,13,5,0,0,0,3,13,10,12,9,0,0,0,11,8,0,13,3,0,0,1,15,14,11,16,2,0,0,0,1,8,10,14,0,0,0,0,0,0,7,13,0,0,0,0,0,0,10,9,0,0,0,0,0,0,13,5,0,0,9
digit_02058,0,1,14,16,8,0,0,0,0,7,12,9,16,0,0,0,0,4,2,0,16,0,0,0,0,0,1,10,9,0,0,0,0,0,7,13,1,0,0,0,0,0,16,1,0,0,0,0,0,3,13,4,7,8,5,0,0,1,13,16,15,12,10,0,2
digit_02059,0,0,2,10,16,14,3,0,0,3,13,16,11,8,2,0,0,6,16,6,0,0,0,0,0,2,14,16,15,7,0,0,0,0,0,4,10,16,5,0,0,0,0,0,2,15,4,0,0,0,5,7,15,12,0,0,0,0,3,15,10,1,0,0,5
digit_02060,0,1,13,11,0,0,0,0,0,5,14,16,6,0,0,0,0,7,3,12,6,0,0,0,0,0,0,14,0,0,0,0,0,0,6,12,0,0,0,0,0,2,15,4,0,0,0,0,0,4,16,9,8,10,5,0,0,1,13,16,16,15,7,0,2
digit_02061,0,0,0,0,6,14,2,0,0,0,0,0,10,16,4,0,0,0,0,6,16,16,2,0,0,0,8,15,16,15,0,0,0,4,16,11,12,16,0,0,0,1,4,1,8,15,0,0,0,0,0,0,8,12,0,0,0,0,0,0,6,16,2,0,1
digit_02062,0,0,0,13,3,0,0,0,0,0,7,15,3,0,0,0,0,0,15,8,0,0,0,0,0,2,16,1,0,0,0,0,0,3,14,1,4,4,0,0,0,2,16,15,16,16,9,0,0,0,11,16,12,16,15,2,0,0,1,10,15,13,10,0,6
digit_02063,0,0,3,11,14,16,4,0,0,9,16,16,16,9,3,0,0,15,14,6,2,0,0,0,0,10,16,5,0,0,0,0,0,3,13,15,5,0,0,0,0,0,1,10,15,6,0,0,0,0,0,7,15,15,0,0,0,0,2,15,16,15,0,0,5
digit_02064,0,0,6,12,16,14,3,0,0,6,14,6,3,15,8,0,0,7,14,9,16,16,0,0,0,0,5,11,10,14,0,0,0,0,0,0,10,8,0,0,0,0,0,3,16,3,0,0,0,0,1,15,9,0,0,0,0,0,10,11,0,0,0,0,9
digit_02065,0,0,1,15,11,1,0,0,0,0,5,16,16,7,0,0,0,0,0,14,16,14,0,0,0,0,0,14,16,16,2,0,0,0,2,16,16,16,2,0,0,0,0,14,16,15,1,0,0,0,1,16,16,16,3,0,0,0,2,12,16,15,5,0,1
digit_02066,0,0,10,7,12,3,0,0,0,0,16,16,16,11,0,0,0,0,15,5,0,12,7,0,0,8,8,0,0,11,8,0,0,8,8,0,0,8,8,0,0,9,9,0,2,15,5,0,0,5,16,12,15,11,0,0,0,0,13,16,10,1,0,0,0
digit_02067,0,0,0,2,11,13,2,0,0,0,2,13,16,16,2,0,0,3,15,14,13,16,0,0,0,0,6,0,15,9,0,0,0,0,0,0,16,6,0,0,0,0,0,4,16,0,0,0,0,0,0,5,16,3,0,0,0,0,0,3,16,6,0,0,1
digit_02068,0,0,4,11,14,7,0,0,0,0,15,12,16,3,0,0,0,0,8,16,10,0,0,0,0,0,9,16,7,0,0,0,0,3,15,4,14,4,0,0,0,2,13,0,3,15,6,0,0,0,8,9,4,8,14,0,0,0,0,7,12,12,8,0,8
digit_02069,0,0,3,12,16,14,3,0,0,0,7,10,11,16,10,0,0,0,0,0,0,16,12,0,0,0,0,2,7,16,11,0,0,3,10,16,16,16,6,0,0,10,12,10,16,10,0,0,0,0,1,15,15,0,0,0,0,0,5,15,5,0,0,0,7
digit_02070,0,0,7,16,15,6,0,0,0,0,2,9,15,14,0,0,0,0,0,0,13,12,0,0,0,0,0,3,16,14,8,0,0,0,9,16,16,16,9,0,0,0,5,14,14,2,0,0,0,0,2,15,6,0,0,0,0,0,9,15,0,0,0,0,7
digit_02071,0,0,6,13,16,16,7,0,0,9,16,15,10,8,1,0,0,13,15,3,0,0,0,0,0,4,16,13,1,0,0,0,0,0,7,16,12,0,0,0,0,0,0,9,16,7,0,0,0,0,4,16,16,12,0,0,0,0,5,16,15,5,0,0,5
digit_02072,0,4,15,15,8,1,0,0,0,4,16,11,16,15,0,0,0,1,5,0,11,16,4,0,0,0,0,6,16,13,1,0,0,0,0,12,16,1,0,0,0,0,0,6,16,5,0,0,0,0,0,4,16,8,0,0,0,4,16,16,16,6,0,0,3
digit_02073,0,0,7,12,12,0,0,0,0,9,14,10,14,7,0,0,0,1,0,0,12,12,0,0,0,0,0,5,16,5,0,0,0,0,2,15,10,0,0,0,0,0,10,14,1,0,0,0,0,0,12,16,8,11,10,0,0,0,8,14,13,7,0,0,2
digit_02074,0,0,1,12,11,0,0,0,0,0,9,15,3,0,0,0,0,2,16,9,0,0,4,0,0,7,16,10,4,11,15,0,0,4,16,16,16,16,9,0,0,0,5,9,15,13,0,0,0,0,0,8,16,3,0,0,0,0,0,11,13,0,0,0,4
digit_02075,0,0,7,12,15,5,0,0,0,0,10,8,13,12,0,0,0,0,0,0,12,10,0,0,0,0,0,5,16,14,7,0,0,3,16,16,15,9,2,0,0,0,4,13,10,0,0,0,0,0,5,14,1,0,0,0,0,0,13,6,0,0,0,0,7
digit_02076,0,0,8,13,12,2,0,0,0,0,10,12,13,10,0,0,0,0,1,0,8,12,0,0,0,0,0,0,9,12,0,0,0,0,0,3,16,5,0,0,0,0,1,13,12,2,3,0,0,0,12,16,16,16,9,0,0,0,10,12,9,2,0,0,2
digit_02077,0,0,6,13,15,5,0,0,0,7,16,11,11,16,0,0,0,10,12,0,3,16,2,0,0,4,3,0,5,13,0,0,0,0,0,0,14,6,0,0,0,0,0,6,14,1,0,0,0,0,2,16,14,16,13,0,0,0,8,16,12,8,0,0,2
digit_02078,0,0,0,5,14,16,16,5,0,0,10,16,15,16,16,7,0,4,15,6,1,16,12,0,0,0,2,0,5,16,7,0,0,0,0,0,4,16,2,0,0,0,0,0,6,16,1,0,0,0,0,2,15,14,0,0,0,0,0,3,15,7,0,0,3
digit_02079,0,0,6,14,16,13,0,0,0,6,14,3,0,13,4,0,0,5,12,0,4,16,3,0,0,0,14,14,15,5,0,0,0,1,14,12,1,0,0,0,0,5,16,13,2,0,0,0,0,2,16,16,13,0,0,0,0,0,2,12,12,0,0,0,8
digit_02080,0,0,0,7,16,5,0,0,0,0,3,15,16,11,0,0,0,2,15,16,16,1,0,0,0,13,16,16,12,0,0,0,0,1,11,16,11,0,0,0,0,0,6,16,11,0,0,0,0,0,0,14,15,3,0,0,0,0,0,4,15,12,0,0,1
digit_02081,0,0,0,6,6,0,0,0,0,0,0,13,9,0,0,0,0,0,5,16,4,0,0,0,0,0,7,15,0,0,0,0,0,0,8,12,12,8,2,0,0,0,12,16,12,12,14,1,0,0,6,16,6,8,16,6,0,0,0,4,14,16,15,1,6
digit_02082,0,2,8,9,6,0,0,0,0,0,6,16,16,14,1,0,0,0,4,16,16,16,4,0,0,0,4,16,16,16,4,0,0,0,4,16,16,16,3,0,0,0,7,16,16,12,0,0,0,1,14,16,16,11,0,0,0,2,10,9,5,1,0,0,1
digit_02083,0,0,2,13,13,0,0,0,0,1,14,13,2,0,0,0,0,6,16,3,0,0,0,0,0,7,16,6,0,10,7,0,0,1,14,16,14,16,10,0,0,0,5,15,16,11,0,0,0,0,0,11,16,0,0,0,0,0,3,16,8,0,0,0,4
digit_02084,0,0,9,15,16,12,1,0,0,0,9,10,14,16,9,0,0,0,0,0,2,16,10,0,0,0,0,0,8,15,2,0,0,0,0,10,15,4,0,0,0,0,6,16,6,0,0,0,0,0,15,16,12,12,0,0,0,0,14,16,13,5,0,0,2
digit_02085,0,0,3,10,13,16,12,0,0,3,15,13,8,10,12,0,0,1,12,13,16,16,10,0,0,0,0,0,4,16,5,0,0,0,0,0,10,16,0,0,0,0,0,1,15,12,0,0,0,0,0,9,15,0,0,0,0,0,0,14,9,0,0,0,9
digit_02086,0,0,1,11,12,0,0,0,0,0,8,16,3,3,1,0,0,1,16,11,0,15,8,0,0,11,15,5,10,16,1,0,0,6,16,16,16,16,8,0,0,0,3,12,15,12,4,0,0,0,0,13,11,0,0,0,0,0,0,14,5,0,0,0,4
digit_02087,0,1,10,16,16,12,2,0,0,8,11,8,5,12,8,0,0,1,0,0,5,15,7,0,0,0,10,15,16,9,0,0,0,0,5,9,16,9,0,0,0,0,0,0,3,16,0,0,0,1,8,2,5,16,0,0,0,2,14,16,12,5,0,0,3
digit_02088,0,0,0,0,3,16,6,0,0,0,0,5,15,16,9,0,0,1,10,16,15,16,8,0,0,10,16,12,2,16,5,0,0,1,6,0,4,16,4,0,0,0,0,0,5,16,1,0,0,0,0,0,6,16,3,0,0,0,0,0,3,16,9,0,1
digit_02089,0,0,1,15,8,1,0,0,0,0,5,16,16,1,0,0,0,0,2,16,16,3,0,0,0,0,5,16,16,3,0,0,0,0,4,16,16,4,0,0,0,0,3,16,16,5,0,0,0,0,2,15,16,9,0,0,0,0,2,11,16,13,0,0,1
digit_02090,0,1,8,16,16,6,0,0,0,12,16,15,12,6,0,0,1,16,13,2,0,0,0,0,0,7,16,2,0,0,0,0,0,0,7,15,7,0,0,0,0,0,0,4,14,11,0,0,0,0,1,8,14,16,2,0,0,0,5,16,16,9,0,0,5
digit_02091,0,0,6,12,13,16,14,1,0,0,6,8,6,10,15,1,0,0,0,0,0,10,12,0,0,0,0,0,5,16,2,0,0,0,1,14,16,14,3,0,0,0,2,13,13,1,0,0,0,0,2,16,6,0,0,0,0,0,9,12,0,0,0,0,7
digit_02092,0,0,5,15,16,16,9,0,0,0,4,6,5,8,16,2,0,0,0,0,0,9,12,0,0,0,0,6,12,16,11,0,0,0,0,12,16,9,0,0,0,0,0,5,13,1,0,0,0,0,3,14,5,0,0,0,0,0,6,9,0,0,0,0,7
digit_02093,0,0,0,11,10,1,0,0,0,0,10,16,9,3,0,0,0,0,15,14,0,0,0,0,0,2,16,7,0,0,0,0,0,0,16,5,4,0,0,0,0,0,15,16,16,13,1,0,0,0,6,16,16,16,11,0,0,0,0,6,16,16,9,0,6
digit_02094,0,1,11,16,11,11,0,0,0,10,14,4,8,14,0,0,0,5,16,1,13,11,0,0,0,0,8,16,15,1,0,0,0,0,7,16,10,0,0,0,0,0,14,11,16,0,0,0,0,2,16,11,12,0,0,0,0,0,12,15,4,0,0,0,8
digit_02095,0,1,10,15,15,6,0,0,0,8,16,15,14,15,3,0,0,3,6,3,15,15,0,0,0,0,0,12,16,5,0,0,0,0,0,8,16,2,0,0,0,0,0,4,16,8,0,0,0,0,4,15,16,4,0,0,0,0,14,16,7,0,0,0,3
digit_02096,0,0,7,15,15,4,0,0,0,9,16,10,16,10,0,0,0,0,3,0,14,12,0,0,0,0,0,2,16,5,0,0,0,0,1,14,11,0,0,0,0,0,12,16,0,0,0,0,0,0,12,16,5,4,3,0,0,0,5,14,16,15,8,0,2
digit_02097,0,0,5,11,16,13,6,0,0,0,5,8,8,14,15,0,0,0,0,0,0,12,15,0,0,0,2,8,12,16,11,0,0,0,8,16,16,16,4,0,0,0,0,8,16,6,0,0,0,0,6,13,15,0,0,0,0,0,6,14,5,0,0,0,7
digit_02098,0,0,6,14,11,3,0,0,0,1,15,10,16,14,0,0,0,5,14,0,0,11,6,0,0,7,11,0,0,8,8,0,0,8,8,0,0,12,8,0,0,7,9,0,4,16,2,0,0,0,16,12,15,12,0,0,0,0,6,16,11,1,0,0,0
digit_02099,0,0,0,4,15,0,0,0,0,0,1,14,8,0,0,0,0,0,7,14,0,0,0,0,0,4,16,6,0,11,4,0,0,9,16,0,8,15,2,0,0,13,16,16,16,11,0,0,0,4,8,6,16,8,0,0,0,0,0,2,14,0,0,0,4
digit_02100,0,0,5,12,13,1,0,0,0,0,7,16,16,10,0,0,0,0,1,13,16,13,0,0,0,0,0,0,10,15,0,0,0,0,0,0,9,15,0,0,0,0,2,5,15,12,0,0,0,0,11,16,16,7,0,0,0,0,4,13,9,0,0,0,9
digit_02101,0,0,0,6,11,14,3,0,0,0,9,13,8,15,12,0,0,0,0,0,0,10,11,0,0,0,0,0,0,13,9,0,0,0,4,11,13,16,4,0,0,0,3,8,14,12,0,0,0,0,0,3,16,3,0,0,0,0,0,9,14,0,0,0,7
digit_02102,0,0,6,15,15,4,0,0,0,4,15,16,16,14,0,0,0,12,16,13,16,16,1,0,0,9,16,15,14,16,2,0,0,0,4,2,7,16,1,0,0,0,0,2,15,14,0,0,0,0,1,14,16,6,0,0,0,0,5,15,6,0,0,0,9
digit_02103,0,0,7,16,10,0,0,0,0,1,16,14,16,9,0,0,0,0,11,16,16,15,0,0,0,0,0,7,13,14,0,0,0,0,0,0,11,14,0,0,0,0,0,0,13,12,0,0,0,0,1,11,15,3,0,0,0,0,6,16,6,0,0,0,9
digit_02104,0,0,0,10,10,0,0,0,0,1,8,2,12,4,0,0,0,7,14,1,2,12,0,0,0,7,10,0,0,12,3,0,0,3,12,0,0,11,8,0,0,1,15,1,1,15,8,0,0,0,6,14,13,16,4,0,0,0,0,9,14,7,0,0,0
digit_02105,0,0,3,15,9,1,0,0,0,0,11,14,16,14,1,0,0,4,14,1,3,11,8,0,0,8,9,0,0,8,8,0,0,8,8,0,1,15,4,0,0,7,9,0,7,13,0,0,0,3,14,10,15,3,0,0,0,0,5,13,4,0,0,0,0
digit_02106,0,2,7,14,16,12,0,0,0,9,16,16,15,13,2,0,0,3,16,7,2,0,0,0,0,0,13,9,0,0,0,0,0,0,7,15,1,0,0,0,0,0,2,15,5,0,0,0,0,1,16,16,7,0,0,0,0,0,9,16,4,0,0,0,5
digit_02107,0,0,0,11,8,0,0,0,0,0,4,16,15,5,0,0,0,0,6,11,4,15,0,0,0,0,6,4,0,14,4,0,0,0,16,2,0,14,6,0,0,0,14,3,4,16,5,0,0,0,9,14,15,16,1,0,0,0,1,11,14,4,0,0,0
digit_02108,0,0,9,15,16,9,0,0,0,11,16,9,11,16,2,0,0,5,3,1,14,14,1,0,0,0,0,7,16,5,0,0,0,0,0,4,16,5,0,0,0,0,0,0,10,16,0,0,0,0,1,6,15,13,0,0,0,0,14,15,9,1,0,0,3
digit_02109,0,0,2,11,11,2,0,0,0,0,11,16,16,5,0,0,0,0,10,16,16,5,0,0,0,0,2,11,14,9,0,0,0,0,0,0,8,12,0,0,0,0,0,0,8,16,0,0,0,0,0,8,15,10,0,0,0,0,1,14,14,3,0,0,9
digit_02110,0,0,3,12,16,16,16,12,0,0,9,12,8,8,16,11,0,0,1,0,1,8,16,6,0,0,1,12,16,16,14,1,0,0,0,12,15,14,3,0,0,0,0,4,16,6,0,0,0,0,0,15,13,0,0,0,0,0,5,16,3,0,0,0,7
digit_02111,0,0,8,16,2,3,0,0,0,0,15,11,5,16,1,0,0,0,16,4,9,16,1,0,0,0,8,13,15,12,0,0,0,0,8,16,13,0,0,0,0,0,13,16,7,0,0,0,0,1,16,16,7,0,0,0,0,0,8,13,1,0,0,0,8
digit_02112,0,0,1,13,15,5,0,0,0,0,10,15,8,6,0,0,0,2,16,6,0,0,0,0,0,4,15,1,4,0,0,0,0,5,13,3,16,11,1,0,0,0,15,1,5,15,5,0,0,0,11,12,8,16,6,0,0,0,0,10,16,10,0,0,6
digit_02113,0,0,7,9,15,12,1,0,0,8,15,10,9,16,4,0,0,6,3,1,12,14,0,0,0,0,0,6,16,5,0,0,0,0,0,5,15,8,0,0,0,0,0,0,8,16,3,0,0,0,1,7,15,9,0,0,0,0,7,16,8,0,0,0,3
digit_02114,0,0,3,9,16,13,0,0,0,4,15,12,12,16,0,0,0,8,4,4,14,9,0,0,0,0,0,8,16,7,0,0,0,0,0,1,16,15,0,0,0,0,0,0,0,16,4,0,0,0,0,7,14,15,2,0,0,0,1,15,12,2,0,0,3
digit_02115,0,0,0,9,15,2,0,0,0,0,8,16,9,1,0,0,0,1,15,12,0,0,0,0,0,3,16,4,0,0,0,0,0,1,16,2,5,0,0,0,0,0,14,16,16,11,1,0,0,0,5,16,16,16,7,0,0,0,0,8,12,13,1,0,6
digit_02116,0,0,1,8,12,1,0,0,0,0,7,16,11,0,0,0,0,0,13,14,0,0,0,0,0,2,16,10,0,0,0,0,0,1,16,8,5,3,0,0,0,0,14,16,16,16,10,0,0,0,7,16,9,15,16,2,0,0,0,6,12,14,7,0,6
digit_02117,0,0,10,16,16,16,3,0,0,0,14,16,16,13,5,0,0,0,8,16,4,0,0,0,0,0,1,15,9,0,0,0,0,0,0,11,12,0,0,0,0,0,3,9,16,0,0,0,0,4,16,15,16,0,0,0,0,0,10,16,10,0,0,0,5
digit_02118,0,0,5,14,16,8,0,0,0,3,16,14,15,15,0,0,0,0,8,3,14,11,0,0,0,0,0,9,15,3,0,0,0,0,3,15,8,0,0,0,0,0,10,14,1,0,0,0,0,0,16,13,4,9,8,0,0,0,5,14,15,12,3,0,2
digit_02119,0,0,0,12,9,1,0,0,0,0,7,14,12,10,0,0,0,0,11,3,3,16,1,0,0,6,10,0,1,16,2,0,0,5,13,0,2,16,3,0,0,2,14,2,7,16,1,0,0,0,10,14,16,11,0,0,0,0,1,12,12,1,0,0,0
digit_02120,0,1,8,15,16,8,0,0,0,14,16,16,11,4,0,0,0,4,15,12,0,0,0,0,0,0,6,16,3,0,0,0,0,0,0,10,12,0,0,0,0,0,0,6,16,1,0,0,0,0,12,15,16,1,0,0,0,0,9,16,13,1,0,0,5
digit_02121,0,0,3,15,13,2,0,0,0,1,13,16,16,0,0,0,0,9,16,16,16,1,0,0,0,0,3,15,16,1,0,0,0,0,0,14,16,6,0,0,0,0,0,9,16,11,0,0,0,0,5,12,16,9,0,0,0,0,4,15,10,1,0,0,1
digit_02122,0,0,0,1,15,3,0,0,0,0,0,14,15,0,0,0,0,0,10,13,1,3,4,0,0,3,13,3,0,11,9,0,0,9,12,0,7,15,3,0,0,8,16,16,16,10,0,0,0,1,7,6,16,5,0,0,0,0,0,1,12,2,0,0,4
digit_02123,0,0,2,13,13,3,0,0,0,0,11,12,12,12,0,0,0,2,15,0,1,15,4,0,0,7,9,0,0,13,5,0,0,6,11,0,0,11,8,0,0,5,12,0,0,16,4,0,0,0,15,9,8,15,1,0,0,0,5,15,13,2,0,0,0
digit_02124,0,0,4,13,16,7,0,0,0,0,11,9,15,11,0,0,0,0,0,0,12,9,0,0,0,0,0,4,16,3,0,0,0,0,12,16,16,16,5,0,0,0,6,14,16,15,2,0,0,0,1,16,3,0,0,0,0,0,6,14,2,0,0,0,7
digit_02125,0,0,0,4,13,7,0,0,0,0,0,5,15,16,2,0,0,0,1,14,16,16,0,0,0,2,14,16,16,16,0,0,0,5,12,10,16,16,0,0,0,0,0,4,16,16,0,0,0,0,0,5,16,16,4,0,0,0,0,4,14,15,4,0,1
digit_02126,0,0,5,13,16,6,0,0,0,0,12,11,5,16,1,0,0,0,10,8,5,16,6,0,0,0,2,16,16,14,0,0,0,0,7,16,16,5,0,0,0,4,16,7,8,13,0,0,0,2,16,3,2,16,6,0,0,0,6,15,16,15,4,0,8
digit_02127,0,0,0,6,16,4,0,0,0,0,0,16,16,5,0,0,0,0,5,16,16,4,0,0,0,5,15,16,16,4,0,0,0,8,16,16,16,7,0,0,0,0,0,7,16,16,0,0,0,0,0,6,16,16,5,0,0,0,0,3,16,16,3,0,1
digit_02128,0,0,6,13,14,3,0,0,0,7,15,8,9,12,0,0,0,6,15,5,4,16,1,0,0,0,8,16,16,16,6,0,0,0,0,11,16,12,0,0,0,0,5,15,9,15,0,0,0,0,10,13,1,16,4,0,0,0,5,12,16,15,2,0,8
digit_02129,0,3,10,16,14,14,3,0,0,8,16,9,12,12,3,0,0,7,15,8,7,1,0,0,0,5,16,16,16,11,0,0,0,0,1,0,4,15,3,0,0,0,2,0,4,16,4,0,0,2,15,10,14,16,2,0,0,1,11,12,12,4,0,0,5
digit_02130,0,0,2,14,16,7,0,0,0,0,8,16,8,16,2,0,0,0,4,16,13,16,6,0,0,0,0,15,16,9,0,0,0,0,5,16,16,6,0,0,0,1,15,8,9,12,0,0,0,1,16,11,9,16,2,0,0,0,3,12,13,11,0,0,8
digit_02131,0,0,5,13,0,0,0,0,0,0,12,11,0,0,0,0,0,3,16,2,0,0,0,0,0,5,15,0,0,0,0,0,0,7,14,0,4,1,0,0,0,5,16,16,16,13,0,0,0,3,16,16,10,16,5,0,0,0,6,13,16,12,0,0,6
digit_02132,0,0,15,8,0,0,0,0,0,6,15,16,3,0,0,0,0,6,9,13,5,0,0,0,0,0,1,8,8,0,0,0,0,0,0,13,7,0,0,0,0,0,5,15,4,0,2,0,0,4,16,16,16,16,10,0,0,1,8,8,11,12,13,0,2
digit_02133,0,0,2,14,16,14,2,0,0,0,0,11,13,16,3,0,0,0,0,0,10,14,0,0,0,0,2,8,14,12,2,0,0,0,10,16,16,16,9,0,0,0,6,16,14,12,2,0,0,0,3,15,11,0,0,0,0,0,6,15,3,0,0,0,7
digit_02134,0,0,2,12,13,3,0,0,0,0,14,12,12,14,2,0,0,4,16,2,8,16,7,0,0,3,15,14,16,7,0,0,0,0,3,15,16,9,0,0,0,0,10,13,9,16,0,0,0,0,11,11,7,16,2,0,0,0,2,13,12,8,1,0,8
digit_02135,0,0,0,9,7,0,0,0,0,0,2,16,2,5,1,0,0,0,9,8,3,15,1,0,0,3,14,1,8,12,0,0,0,6,16,12,16,16,5,0,0,8,15,13,16,9,0,0,0,0,0,5,14,0,0,0,0,0,0,10,7,0,0,0,4
digit_02136,0,0,0,11,4,0,0,0,0,0,0,15,1,0,0,0,0,0,5,9,3,7,0,0,0,0,13,5,7,10,0,0,0,7,15,2,11,15,1,0,0,9,16,16,16,14,2,0,0,0,4,8,16,1,0,0,0,0,0,8,12,0,0,0,4
digit_02137,0,0,1,13,13,0,0,0,0,0,11,14,15,11,0,0,0,4,16,4,2,15,5,0,0,8,9,0,0,12,7,0,0,5,10,0,0,12,7,0,0,5,14,1,2,15,1,0,0,1,14,15,12,12,0,0,0,0,2,13,12,3,0,0,0
digit_02138,0,0,0,10,14,6,0,0,0,0,0,8,16,10,1,0,0,0,0,11,16,6,0,0,0,0,6,16,16,4,0,0,0,4,12,14,16,4,0,0,0,0,0,8,16,4,0,0,0,0,0,11,16,5,0,0,0,0,0,6,16,16,7,0,1
digit_02139,0,0,0,1,13,8,0,0,0,0,0,6,16,9,0,0,0,0,2,15,16,8,0,0,0,3,16,16,16,10,0,0,0,0,3,3,16,12,0,0,0,0,0,0,16,12,0,0,0,0,0,2,16,16,4,0,0,0,0,1,16,14,3,0,1
digit_02140,0,0,4,11,14,12,2,0,0,0,11,12,4,8,0,0,0,1,16,6,0,0,0,0,0,3,16,8,7,2,0,0,0,5,16,16,16,15,2,0,0,0,3,0,1,15,6,0,0,0,3,8,9,15,9,0,0,0,7,16,12,10,2,0,5
digit_02141,0,0,4,12,2,0,0,0,0,0,14,8,0,0,0,0,0,5,16,2,0,0,0,0,0,8,12,0,0,0,0,0,0,8,13,9,14,10,0,0,0,7,16,13,9,16,5,0,0,0,14,11,5,16,7,0,0,0,4,14,14,8,0,0,6
digit_02142,0,2,14,14,3,0,0,0,0,8,15,15,11,0,0,0,0,9,14,10,14,2,0,0,0,1,7,8,16,0,0,0,0,0,0,11,14,0,0,0,0,0,0,16,10,0,0,0,0,2,13,16,13,10,7,0,0,4,16,16,16,16,15,0,2
digit_02143,0,0,7,15,12,4,0,0,0,5,15,4,9,14,0,0,0,10,8,0,4,16,2,0,0,6,11,2,12,11,0,0,0,0,13,16,16,6,0,0,0,0,5,16,16,8,0,0,0,0,10,14,5,16,7,0,0,0,9,15,16,16,8,0,8
digit_02144,0,1,12,15,3,0,0,0,0,8,15,14,13,0,0,0,0,3,5,9,14,0,0,0,0,0,2,16,14,2,0,0,0,0,3,16,16,15,2,0,0,0,1,0,2,14,5,0,0,0,14,11,9,16,6,0,0,3,16,16,14,7,1,0,3
digit_02145,0,0,10,15,6,0,0,0,0,7,15,11,14,0,0,0,0,3,9,2,16,0,0,0,0,0,0,6,16,0,0,0,0,0,0,14,16,14,1,0,0,0,0,1,5,16,5,0,0,3,11,2,7,16,5,0,0,1,13,16,13,7,0,0,3
digit_02146,0,0,2,13,15,5,0,0,0,0,8,13,12,14,1,0,0,1,14,5,0,11,6,0,0,6,16,1,0,9,7,0,0,6,16,2,0,13,4,0,0,3,16,8,4,14,0,0,0,0,8,16,16,8,0,0,0,0,0,11,10,0,0,0,0
digit_02147,0,0,10,15,9,0,0,0,0,6,15,11,16,0,0,0,0,2,4,4,16,0,0,0,0,0,0,11,16,7,0,0,0,0,0,7,12,16,4,0,0,0,0,0,0,16,7,0,0,3,16,12,10,16,3,0,0,1,10,14,12,6,0,0,3
digit_02148,0,0,5,14,4,0,0,0,0,0,12,12,0,0,0,0,0,0,16,9,0,0,0,0,0,8,16,0,0,0,0,0,0,8,16,13,16,9,1,0,0,11,16,14,10,16,2,0,0,7,16,14,12,15,1,0,0,1,9,13,10,3,0,0,6
digit_02149,0,0,0,14,6,0,0,0,0,0,6,16,5,5,0,0,0,0,14,10,10,10,0,0,0,4,16,3,13,10,0,0,0,11,16,9,16,15,7,0,0,16,16,16,16,15,4,0,0,4,4,13,16,2,0,0,0,0,1,15,11,0,0,0,4
digit_02150,0,0,0,3,10,0,0,0,0,0,0,10,8,0,0,0,0,0,5,14,0,7,0,0,0,1,14,5,1,15,0,0,0,8,10,0,6,10,0,0,0,14,14,12,14,15,1,0,0,6,12,9,16,6,0,0,0,0,0,4,14,0,0,0,4
digit_02151,0,0,12,15,9,0,0,0,0,8,13,10,16,2,0,0,0,4,4,0,15,6,0,0,0,0,0,7,16,9,0,0,0,0,0,5,10,16,4,0,0,0,0,0,0,8,9,0,0,0,8,5,4,9,12,0,0,1,14,14,16,14,3,0,3
digit_02152,0,0,9,6,0,0,0,0,0,0,16,6,0,0,0,0,0,1,16,0,0,0,0,0,0,4,16,0,0,0,0,0,0,4,15,12,13,9,1,0,0,6,16,11,8,14,5,0,0,3,16,12,10,15,6,0,0,0,8,15,14,7,0,0,6
digit_02153,0,0,0,9,8,0,0,0,0,0,1,15,5,0,0,0,0,0,9,11,1,2,0,0,0,1,16,3,9,11,0,0,0,10,14,4,14,13,3,0,0,15,16,16,16,16,5,0,0,2,4,10,13,2,0,0,0,0,0,11,12,0,0,0,4
digit_02154,0,0,4,14,16,15,1,0,0,0,6,9,14,16,0,0,0,0,0,0,14,12,2,0,0,0,6,13,16,16,12,0,0,0,6,15,15,11,5,0,0,0,1,15,9,0,0,0,0,0,2,16,7,0,0,0,0,0,7,14,2,0,0,0,7
digit_02155,0,0,13,15,0,0,0,0,0,4,16,4,0,0,0,0,0,7,16,0,0,0,0,0,0,10,14,0,3,1,0,0,0,9,12,10,16,14,3,0,0,8,16,13,5,7,15,0,0,2,16,9,0,7,16,0,0,0,13,16,16,16,7,0,6
digit_02156,0,0,9,15,5,0,0,0,0,7,16,13,14,0,0,0,0,14,10,4,16,0,0,0,0,7,6,2,16,1,0,0,0,0,0,6,13,0,0,0,0,0,0,9,11,0,0,0,0,0,5,16,15,9,4,0,0,0,10,14,11,15,16,2,2
digit_02157,0,0,11,16,8,0,0,0,0,5,16,12,15,0,0,0,0,10,12,9,11,0,0,0,0,7,15,15,6,0,0,0,0,0,14,16,11,1,0,0,0,1,14,11,12,15,3,0,0,7,16,2,0,11,12,0,0,1,10,15,16,16,6,0,8
digit_02158,0,3,12,12,3,0,0,0,0,8,10,11,9,0,0,0,0,0,2,14,4,0,0,0,0,0,12,13,1,0,0,0,0,0,3,13,15,3,0,0,0,0,0,0,7,14,1,0,0,2,4,4,3,11,7,0,0,5,12,12,14,16,8,0,3
digit_02159,0,0,5,16,10,0,0,0,0,0,8,16,12,0,0,0,0,0,8,16,9,0,0,0,0,5,15,16,8,0,0,0,0,3,12,16,9,0,0,0,0,0,0,13,16,2,0,0,0,0,0,9,16,11,2,0,0,0,4,16,16,16,11,0,1
digit_02160,0,0,2,15,11,0,0,0,0,0,8,16,11,0,0,0,0,1,13,16,7,0,0,0,0,8,16,16,7,0,0,0,0,11,9,16,12,0,0,0,0,0,0,7,16,6,0,0,0,0,0,5,16,15,3,0,0,0,3,16,16,16,15,1,1
digit_02161,0,0,0,5,13,0,0,0,0,0,1,14,5,0,10,3,0,0,8,15,0,8,16,1,0,2,16,6,0,13,11,0,1,13,16,10,12,16,4,0,6,15,14,12,15,12,0,0,0,0,0,1,15,5,0,0,0,0,0,8,12,0,0,0,4
digit_02162,0,2,15,15,2,0,0,0,0,10,11,16,6,0,0,0,0,9,5,12,9,0,0,0,0,0,0,13,8,0,0,0,0,0,1,16,3,0,0,0,0,0,9,13,0,0,0,0,0,1,14,16,15,10,5,0,0,5,15,8,12,15,12,0,2
digit_02163,0,0,0,2,15,15,2,0,0,0,1,13,16,14,0,0,0,0,8,16,16,10,0,0,0,7,16,16,16,6,0,0,0,1,0,14,15,1,0,0,0,0,0,14,15,0,0,0,0,0,0,10,16,4,0,0,0,0,0,6,16,9,0,0,1
digit_02164,0,0,0,8,15,16,7,0,0,1,14,9,1,0,8,0,0,6,12,0,0,10,8,0,0,4,14,12,13,14,8,0,0,0,0,0,1,4,8,0,0,0,0,0,0,4,8,0,0,0,0,0,0,7,8,0,0,0,0,8,12,15,6,0,9
digit_02165,0,0,2,13,16,14,2,0,0,0,12,13,8,15,8,0,0,8,14,0,0,11,12,0,0,7,16,13,11,16,13,0,0,0,6,8,8,14,10,0,0,0,0,0,0,15,8,0,0,0,3,12,5,15,5,0,0,0,1,12,16,14,2,0,9
digit_02166,0,0,7,10,13,10,0,0,0,0,14,11,4,11,3,0,0,2,15,1,0,5,8,0,0,7,9,0,0,3,8,0,0,5,12,0,0,4,8,0,0,5,11,0,0,8,4,0,0,0,12,2,2,12,0,0,0,0,6,15,14,2,0,0,0
digit_02167,0,7,16,15,2,0,0,0,0,13,10,12,11,0,0,0,0,13,4,8,12,0,0,0,0,0,1,7,13,0,0,0,0,0,1,14,8,0,0,0,0,0,5,16,1,0,0,0,0,1,13,15,12,11,7,0,0,5,16,16,15,14,16,1,2
digit_02168,0,0,0,5,14,16,16,1,0,0,8,14,8,13,16,1,0,0,1,0,0,11,12,0,0,0,0,2,4,14,8,0,0,2,11,16,16,16,8,0,0,7,10,5,11,10,0,0,0,0,0,1,15,3,0,0,0,0,0,8,12,0,0,0,7
digit_02169,0,0,13,16,16,16,6,0,0,6,16,8,5,5,5,0,0,11,16,0,0,0,0,0,0,5,16,14,9,1,0,0,0,0,1,6,14,10,0,0,0,0,0,0,5,16,0,0,0,0,4,2,13,12,0,0,0,1,13,16,14,1,0,0,5
digit_02170,0,0,0,2,16,1,0,0,0,0,1,13,7,0,4,5,0,0,8,12,0,1,15,5,0,4,16,2,0,11,10,0,0,12,15,12,12,16,1,0,0,9,12,12,14,13,0,0,0,0,0,1,14,5,0,0,0,0,0,4,12,0,0,0,4
digit_02171,0,0,9,15,16,3,0,0,0,5,15,10,16,4,0,0,0,0,2,7,13,0,0,0,0,0,4,16,5,0,0,0,0,0,2,15,16,11,1,0,0,0,0,0,6,15,6,0,0,0,5,5,4,13,8,0,0,0,14,16,16,15,3,0,3
digit_02172,0,0,4,16,16,6,0,0,0,3,11,11,5,15,2,0,0,8,16,8,0,13,7,0,0,11,16,3,0,10,11,0,0,9,16,0,0,4,12,0,0,6,16,2,0,7,11,0,0,1,16,10,5,15,5,0,0,0,4,15,16,10,0,0,0
digit_02173,0,0,2,11,15,5,0,0,0,0,12,8,9,9,0,0,0,0,12,5,9,7,0,0,0,0,9,15,10,0,0,0,0,0,6,15,11,1,0,0,0,8,13,2,11,11,0,0,0,7,13,7,0,13,3,0,0,0,2,11,15,13,2,0,8
digit_02174,0,0,6,9,12,16,10,0,0,0,11,13,5,4,4,0,0,0,12,4,0,0,0,0,0,3,15,3,4,2,0,0,0,2,16,14,12,14,7,0,0,0,1,0,0,10,4,0,0,12,13,0,1,13,2,0,0,0,6,16,16,7,0,0,5
digit_02175,0,0,10,16,15,3,0,0,0,6,16,6,9,14,1,0,0,8,16,3,0,13,6,0,0,11,14,0,0,7,10,0,0,8,12,0,0,4,12,0,0,8,13,0,0,9,9,0,0,4,16,8,9,16,3,0,0,0,10,16,15,6,0,0,0
digit_02176,0,0,1,12,15,6,0,0,0,0,5,13,1,12,0,0,0,0,2,11,1,15,0,0,0,0,0,10,11,9,0,0,0,0,0,6,16,6,0,0,0,0,10,15,4,13,3,0,0,0,12,2,0,1,14,0,0,0,1,10,10,8,15,1,8
digit_02177,0,0,0,5,16,1,0,0,0,0,2,15,10,1,9,2,0,0,12,14,1,8,15,1,0,4,16,6,1,15,8,0,0,13,16,16,16,16,9,0,0,8,10,8,16,13,0,0,0,0,0,1,16,9,0,0,0,0,0,5,16,2,0,0,4
digit_02178,0,3,15,16,12,1,0,0,0,12,14,12,16,7,0,0,0,12,6,0,14,10,0,0,0,1,1,1,16,8,0,0,0,0,0,10,15,1,0,0,0,0,5,16,7,0,0,0,0,3,14,16,9,6,4,0,0,3,15,16,16,16,12,0,2
digit_02179,0,0,12,14,12,12,3,0,0,0,15,12,10,9,1,0,0,2,16,6,7,2,0,0,0,4,16,16,16,15,1,0,0,0,4,4,4,16,8,0,0,0,1,0,0,10,7,0,0,4,12,0,3,14,4,0,0,1,13,16,16,6,0,0,5
digit_02180,0,3,16,9,0,0,0,0,0,7,15,16,2,0,0,0,0,8,9,16,4,0,0,0,0,2,4,13,7,0,0,0,0,0,0,14,7,0,0,0,0,0,1,15,7,0,0,0,0,1,14,16,16,13,9,1,0,4,16,11,8,8,11,2,2
digit_02181,0,2,12,16,16,8,0,0,0,8,10,9,16,6,0,0,0,0,1,13,13,0,0,0,0,0,8,16,5,0,0,0,0,0,2,14,15,3,0,0,0,0,0,0,9,15,3,0,0,0,0,3,4,14,11,0,0,3,15,16,16,16,9,0,3
digit_02182,0,0,0,0,14,9,0,0,0,0,0,8,15,3,7,1,0,0,6,15,4,5,16,6,0,5,16,5,0,13,14,0,0,11,16,12,12,16,8,0,0,6,9,8,12,15,2,0,0,0,0,0,10,14,0,0,0,0,0,0,15,7,0,0,4
digit_02183,0,0,0,10,16,15,3,0,0,0,6,13,10,16,2,0,0,0,3,1,2,14,0,0,0,0,0,0,8,8,0,0,0,0,1,8,14,15,8,0,0,1,15,16,13,3,0,0,0,0,2,9,7,0,0,0,0,0,0,14,1,0,0,0,7
digit_02184,0,2,15,9,10,8,6,0,0,10,16,16,16,12,8,0,0,8,16,6,0,0,0,0,0,1,12,16,12,1,0,0,0,0,1,6,15,12,0,0,0,0,0,0,5,16,2,0,0,10,12,6,10,16,1,0,0,1,13,16,14,5,0,0,5
digit_02185,0,0,0,10,6,0,0,0,0,0,5,16,9,0,0,0,0,0,10,16,10,0,0,0,0,4,15,12,12,0,0,0,0,2,4,3,16,2,0,0,0,0,0,0,11,9,0,0,0,0,0,7,12,15,4,0,0,0,0,12,16,16,8,0,1
digit_02186,0,0,12,16,15,1,0,0,0,2,16,6,16,2,0,0,0,1,16,13,13,0,0,0,0,0,10,16,5,0,0,0,0,2,15,16,12,1,0,0,0,10,12,2,11,12,0,0,0,8,13,4,0,13,9,0,0,0,7,15,16,16,6,0,8
digit_02187,0,0,14,8,0,0,0,0,0,3,16,15,4,0,0,0,0,1,10,14,9,0,0,0,0,0,0,9,13,0,0,0,0,0,0,8,13,0,0,0,0,0,1,12,15,3,0,0,0,0,11,16,16,16,12,2,0,0,13,14,2,1,3,1,2
digit_02188,0,0,0,1,13,10,0,0,0,0,0,3,16,15,0,0,0,0,3,9,16,15,0,0,0,7,16,15,16,12,0,0,0,0,0,1,16,15,0,0,0,0,0,4,16,16,0,0,0,0,0,4,16,16,3,0,0,0,0,0,12,16,4,0,1
digit_02189,0,0,3,15,15,12,12,4,0,0,9,10,2,9,15,2,0,0,7,2,2,14,2,0,0,0,3,4,11,10,0,0,0,0,13,16,16,16,5,0,0,0,0,10,9,0,0,0,0,0,2,16,3,0,0,0,0,0,7,13,0,0,0,0,7
digit_02190,0,0,12,15,6,0,0,0,0,8,14,7,16,3,0,0,0,8,6,0,8,8,0,0,0,5,8,0,8,10,0,0,0,0,1,0,12,9,0,0,0,0,0,7,15,3,0,0,0,0,7,16,12,5,7,0,0,0,11,16,16,16,15,0,2
digit_02191,0,0,7,12,12,6,0,0,0,0,16,11,15,15,2,0,0,4,12,0,1,10,6,0,0,8,10,0,0,10,6,0,0,4,12,0,0,8,8,0,0,3,13,0,0,9,7,0,0,2,15,4,5,15,2,0,0,0,9,16,16,9,0,0,0
digit_02192,0,0,6,15,10,0,0,0,0,0,16,9,16,7,0,0,0,4,10,0,6,15,0,0,0,8,8,0,0,11,3,0,0,8,8,0,0,8,5,0,0,7,10,0,0,5,6,0,0,1,15,4,1,12,4,0,0,0,8,16,16,11,0,0,0
digit_02193,0,0,0,0,12,15,1,0,0,3,8,8,14,16,0,0,0,11,16,16,16,16,0,0,0,1,4,4,15,16,0,0,0,0,0,0,12,16,4,0,0,0,0,0,12,16,3,0,0,0,0,0,12,16,10,0,0,0,0,0,9,16,11,0,1
digit_02194,0,0,13,13,4,0,0,0,0,4,14,7,14,0,0,0,0,7,8,0,10,4,0,0,0,1,4,0,13,3,0,0,0,0,0,1,15,0,0,0,0,0,0,11,9,0,0,0,0,0,11,16,12,12,4,0,0,0,14,14,12,12,6,0,2
digit_02195,0,0,0,4,14,0,0,0,0,0,0,12,12,0,0,0,0,0,1,16,9,0,0,0,0,0,10,16,7,13,0,0,0,3,16,9,9,16,0,0,0,14,16,13,15,16,5,0,0,5,13,14,16,15,3,0,0,0,0,3,16,10,0,0,4
digit_02196,0,0,7,14,10,2,0,0,0,1,16,12,15,8,0,0,0,7,13,0,5,13,2,0,0,8,12,0,0,10,6,0,0,8,12,0,0,8,8,0,0,6,13,0,0,10,8,0,0,0,14,10,6,14,6,0,0,0,5,16,16,9,0,0,0
digit_02197,0,0,1,13,14,11,0,0,0,0,10,12,12,16,4,0,0,0,15,0,2,9,6,0,0,5,13,0,0,6,9,0,0,5,12,0,0,5,7,0,0,1,13,2,0,9,4,0,0,0,12,11,7,11,0,0,0,0,2,15,12,3,0,0,0
digit_02198,0,1,8,16,16,11,0,0,0,6,15,10,14,16,4,0,0,6,13,2,7,15,2,0,0,0,11,16,16,7,0,0,0,0,11,15,15,8,0,0,0,1,16,3,6,16,4,0,0,0,14,9,4,13,8,0,0,0,5,15,16,15,4,0,8
digit_02199,0,0,7,16,15,1,0,0,0,1,16,5,12,16,6,0,0,2,15,1,4,16,6,0,0,1,13,16,16,16,5,0,0,0,0,1,0,11,8,0,0,0,0,0,0,11,7,0,0,7,14,9,10,16,3,0,0,1,9,14,15,9,0,0,9
digit_02200,0,0,0,6,16,0,0,0,0,0,0,14,11,0,0,0,0,0,4,16,3,0,0,0,0,0,12,11,3,0,0,0,0,4,16,5,16,7,0,0,1,15,16,13,16,14,4,0,0,9,15,15,16,15,1,0,0,0,0,6,15,0,0,0,4
digit_02201,0,0,0,10,16,0,0,0,0,0,6,14,2,0,0,0,0,0,12,7,0,0,0,0,0,4,16,8,7,1,0,0,0,3,16,15,13,13,3,0,0,0,16,2,0,8,11,0,0,0,9,9,1,4,14,0,0,0,1,10,16,16,8,0,6
digit_02202,0,0,6,15,9,0,0,0,0,1,15,14,16,7,0,0,0,4,13,0,7,16,1,0,0,6,12,0,0,13,8,0,0,7,12,0,0,12,8,0,0,6,13,0,0,12,8,0,0,2,15,10,8,15,4,0,0,0,5,12,13,6,0,0,0
digit_02203,0,0,0,4,16,2,0,0,0,0,0,9,13,0,0,0,0,0,2,16,5,0,0,0,0,0,9,13,4,0,0,0,0,3,16,6,15,5,0,0,0,10,15,9,16,10,1,0,1,16,16,16,16,16,5,0,0,3,4,9,16,4,0,0,4
digit_02204,0,0,4,10,12,12,11,1,0,0,8,10,11,16,10,0,0,0,0,2,7,15,1,0,0,0,5,16,16,15,5,0,0,0,3,11,13,8,4,0,0,0,1,14,3,0,0,0,0,0,6,14,0,0,0,0,0,0,9,7,0,0,0,0,7
digit_02205,0,0,6,13,13,6,0,0,0,1,14,5,7,13,0,0,0,0,0,0,2,15,0,0,0,0,0,10,14,9,0,0,0,0,0,8,9,16,3,0,0,1,5,0,0,16,4,0,0,1,16,4,5,15,3,0,0,0,6,16,14,5,0,0,3
digit_02206,0,0,3,13,10,8,9,2,0,0,10,11,8,11,15,0,0,0,13,3,1,12,6,0,0,0,5,3,7,14,0,0,0,0,9,16,16,16,5,0,0,0,0,7,11,1,0,0,0,0,0,14,6,0,0,0,0,0,4,15,2,0,0,0,7
digit_02207,0,0,0,1,12,8,0,0,0,0,0,4,16,4,0,0,0,0,0,9,16,1,0,0,0,0,5,16,8,1,0,0,0,0,10,16,11,15,0,0,0,5,16,11,15,15,3,0,0,12,16,16,16,16,5,0,0,0,0,0,15,14,0,0,4
digit_02208,0,0,0,7,12,0,0,0,0,0,0,11,11,0,0,0,0,0,2,16,3,0,0,0,0,0,9,12,9,3,0,0,0,1,15,7,16,7,0,0,0,9,16,14,16,16,8,0,0,8,12,14,16,12,5,0,0,0,0,7,15,0,0,0,4
digit_02209,0,0,5,14,16,16,14,0,0,0,14,14,12,15,13,0,0,0,9,2,5,16,5,0,0,0,1,9,15,16,7,0,0,0,3,16,16,16,9,0,0,0,0,10,14,4,0,0,0,0,0,15,7,0,0,0,0,0,5,15,2,0,0,0,7
digit_02210,0,0,3,13,13,14,6,0,0,2,15,8,16,15,11,0,0,3,14,3,5,15,4,0,0,1,13,16,16,3,0,0,0,0,13,13,14,9,0,0,0,4,12,0,6,11,0,0,0,3,14,5,7,15,0,0,0,0,7,15,15,9,0,0,8
digit_02211,0,0,9,13,3,0,0,0,0,1,15,14,12,0,0,0,0,0,16,0,16,2,0,0,0,0,3,2,16,2,0,0,0,0,0,2,16,3,0,0,0,0,2,11,15,2,0,0,0,0,13,16,14,8,7,0,0,0,8,13,12,12,13,0,2
digit_02212,0,0,1,7,16,12,0,0,0,0,3,15,16,12,0,0,0,5,13,16,16,9,0,0,0,5,14,16,16,8,0,0,0,0,4,16,16,7,0,0,0,0,0,11,16,12,0,0,0,0,0,8,16,16,5,0,0,0,0,6,14,13,5,0,1
digit_02213,0,0,0,0,7,15,2,0,0,0,0,0,8,16,5,0,0,0,0,1,13,14,0,0,0,8,16,16,16,12,0,0,0,0,3,0,16,12,0,0,0,0,0,0,12,15,0,0,0,0,0,0,9,16,2,0,0,0,0,0,6,16,8,0,1
digit_02214,0,4,13,16,16,12,0,0,0,5,14,4,4,3,0,0,0,2,16,8,6,1,0,0,0,2,16,13,14,11,0,0,0,0,5,0,0,15,5,0,0,0,0,0,0,11,9,0,0,0,1,0,0,11,12,0,0,2,15,16,16,14,3,0,5
digit_02215,0,0,9,12,9,0,0,0,0,3,15,10,16,1,0,0,0,0,1,1,16,4,0,0,0,0,3,13,16,2,0,0,0,0,7,12,13,14,1,0,0,3,1,0,4,16,5,0,0,12,12,4,11,15,2,0,0,4,13,15,11,3,0,0,3
digit_02216,0,0,8,14,11,0,0,0,0,0,14,4,11,8,0,0,0,0,0,0,9,8,0,0,0,0,2,10,16,3,0,0,0,0,5,9,9,15,2,0,0,0,0,0,0,10,7,0,0,7,12,1,1,14,7,0,0,0,8,16,16,10,1,0,3
digit_02217,0,0,4,15,15,8,1,0,0,2,12,3,10,14,11,0,0,3,14,5,3,11,11,0,0,0,7,15,16,14,2,0,0,0,5,16,11,15,2,0,0,0,13,1,2,16,1,0,0,0,10,11,8,15,0,0,0,0,3,13,14,3,0,0,8
digit_02218,0,1,10,15,14,2,0,0,0,7,10,3,11,10,0,0,0,1,1,0,8,14,0,0,0,0,3,9,15,9,0,0,0,0,4,8,9,15,2,0,0,0,0,0,0,14,6,0,0,0,6,1,0,13,8,0,0,0,9,16,16,12,3,0,3
digit_02219,0,0,1,9,12,8,0,0,0,1,12,9,13,13,0,0,0,6,11,0,2,15,0,0,0,1,14,14,14,8,0,0,0,0,0,11,16,13,1,0,0,0,4,13,2,14,6,0,0,0,8,9,2,14,7,0,0,0,4,16,16,8,1,0,8
digit_02220,0,0,10,14,12,0,0,0,0,2,16,8,3,0,0,0,0,5,16,12,11,1,0,0,0,2,12,9,10,13,1,0,0,0,0,0,0,12,6,0,0,0,0,0,0,4,12,0,0,2,14,4,4,13,9,0,0,0,10,14,15,11,1,0,5
digit_02221,0,0,9,15,12,6,0,0,0,3,16,15,13,8,0,0,0,2,16,4,12,5,0,0,0,0,13,16,10,0,0,0,0,0,8,14,11,1,0,0,0,1,12,0,14,6,0,0,0,0,13,5,2,16,2,0,0,0,7,14,16,16,2,0,8
digit_02222,0,0,0,12,16,10,0,0,0,0,10,15,15,13,0,0,0,0,9,6,16,7,0,0,0,0,0,8,15,3,0,0,0,0,5,16,6,0,0,0,0,8,15,16,3,0,0,0,5,16,16,16,16,6,0,0,1,4,4,9,16,11,0,0,2
digit_02223,0,0,8,14,14,2,0,0,0,5,15,5,9,15,6,0,0,6,15,6,4,16,6,0,0,0,5,13,16,16,4,0,0,0,0,0,0,14,4,0,0,0,0,0,0,11,4,0,0,0,8,6,1,10,8,0,0,0,10,16,16,16,4,0,9
digit_02224,0,0,5,15,7,0,0,0,0,1,16,16,10,7,0,0,0,8,13,0,3,16,3,0,0,9,10,0,0,9,7,0,0,8,12,0,0,8,8,0,0,4,14,0,0,5,12,0,0,2,15,5,6,14,6,0,0,0,6,13,15,10,2,0,0
digit_02225,0,1,10,16,10,1,0,0,0,8,14,5,10,13,2,0,0,1,4,0,11,15,2,0,0,0,0,0,16,7,0,0,0,0,0,0,14,11,0,0,0,0,0,0,0,14,11,0,0,0,10,5,4,10,13,0,0,0,10,14,16,14,9,0,3
digit_02226,0,2,6,11,8,0,0,0,0,9,16,14,5,0,0,0,0,9,16,12,8,2,0,0,0,8,15,8,11,13,1,0,0,0,0,0,0,8,10,0,0,0,0,0,0,5,14,0,0,0,6,6,4,8,14,0,0,0,5,15,16,15,7,0,5
digit_02227,0,0,3,12,15,6,0,0,0,1,14,16,14,16,5,0,0,6,16,9,0,13,8,0,0,8,16,0,0,9,8,0,0,7,16,0,0,9,8,0,0,5,16,0,3,15,2,0,0,2,14,15,15,9,0,0,0,0,4,14,9,1,0,0,0
digit_02228,0,0,0,7,15,0,0,0,0,0,0,9,15,0,0,0,0,0,2,15,7,0,0,0,0,0,9,16,11,5,0,0,0,9,16,16,16,15,7,0,0,5,12,14,16,16,8,0,0,0,0,8,16,0,0,0,0,0,0,8,15,1,0,0,4
digit_02229,0,0,9,12,2,0,0,0,0,3,16,16,16,16,3,0,0,4,15,13,14,16,6,0,0,2,15,11,16,11,1,0,0,1,14,16,11,0,0,0,0,5,14,6,16,5,0,0,0,7,15,8,13,16,0,0,0,1,7,11,16,13,0,0,8
digit_02230,0,0,9,14,9,0,0,0,0,6,15,5,16,6,0,0,0,5,14,1,6,13,0,0,0,0,10,14,13,16,0,0,0,0,0,5,5,12,2,0,0,0,0,0,0,9,5,0,0,0,16,9,7,10,8,0,0,0,6,10,14,16,5,0,9
digit_02231,0,2,15,16,9,0,0,0,0,7,15,12,16,2,0,0,0,9,9,2,16,2,0,0,0,1,0,7,16,0,0,0,0,0,0,14,10,0,0,0,0,1,12,15,2,0,0,0,0,8,16,14,12,12,3,0,0,3,14,16,16,16,7,0,2
digit_02232,0,0,12,10,0,0,0,0,0,3,13,16,4,0,0,0,0,6,16,16,7,0,0,0,0,0,8,15,9,0,0,0,0,0,0,10,14,0,0,0,0,0,0,6,16,6,0,0,0,0,9,13,16,13,8,3,0,0,9,16,16,16,16,9,1
digit_02233,0,0,0,10,16,3,0,0,0,0,2,16,7,0,0,0,0,0,9,15,0,0,0,0,0,0,15,12,4,2,0,0,0,1,16,10,0,11,2,0,0,0,16,6,0,5,13,0,0,0,7,14,5,8,16,1,0,0,0,3,12,12,9,0,6
digit_02234,0,0,2,8,13,13,2,0,0,6,14,14,11,15,3,0,0,10,14,4,10,6,0,0,0,1,14,12,13,0,0,0,0,0,9,15,11,0,0,0,0,0,13,2,11,8,0,0,0,0,8,10,4,14,3,0,0,0,1,8,14,14,1,0,8
digit_02235,0,0,6,15,15,4,0,0,0,0,11,10,4,2,0,0,0,0,13,11,2,0,0,0,0,0,12,14,12,5,0,0,0,0,0,0,3,15,3,0,0,0,0,0,0,4,11,0,0,0,15,8,3,2,15,0,0,0,5,12,16,16,12,0,5
digit_02236,0,0,0,11,11,0,0,0,0,0,0,14,11,0,0,0,0,1,12,15,2,0,0,0,0,8,16,8,11,6,2,0,0,5,15,16,16,16,11,0,0,0,1,9,16,7,1,0,0,0,0,8,16,3,0,0,0,0,0,9,16,1,0,0,4
digit_02237,0,0,5,15,14,12,9,0,0,0,2,4,4,9,15,0,0,0,0,0,1,13,6,0,0,0,3,11,12,16,1,0,0,0,5,13,16,16,4,0,0,0,0,10,12,2,0,0,0,0,4,15,4,0,0,0,0,0,8,9,0,0,0,0,7
digit_02238,0,0,12,7,0,0,0,0,0,0,9,15,0,0,0,0,0,0,11,16,5,0,0,0,0,0,10,16,7,0,0,0,0,0,0,11,14,0,0,0,0,0,0,6,16,2,0,0,0,0,14,16,16,13,12,3,0,0,8,15,15,14,16,11,1
digit_02239,0,1,13,10,0,0,0,0,0,7,16,16,7,0,0,0,0,3,13,8,16,0,0,0,0,0,1,5,16,2,0,0,0,0,0,5,16,3,0,0,0,0,4,13,15,1,0,0,0,4,16,16,16,16,8,0,0,2,15,16,14,16,16,5,2
digit_02240,0,0,8,12,13,3,0,0,0,0,11,15,7,1,0,0,0,0,15,16,14,3,0,0,0,0,4,5,6,13,2,0,0,0,0,0,0,9,7,0,0,0,6,0,0,2,12,0,0,3,15,8,4,10,11,0,0,0,8,12,13,12,3,0,5
digit_02241,0,0,8,15,7,0,0,0,0,2,16,6,9,3,0,0,0,4,14,1,12,10,0,0,0,0,8,16,16,15,0,0,0,0,0,0,0,14,0,0,0,0,0,0,0,8,7,0,0,1,8,4,1,4,13,0,0,0,5,13,16,16,13,0,9
digit_02242,0,0,8,12,12,0,0,0,0,0,8,11,2,0,0,0,0,0,15,13,11,3,0,0,0,1,13,8,10,15,1,0,0,0,0,0,0,9,7,0,0,1,1,0,0,8,8,0,0,6,13,4,4,11,8,0,0,1,7,14,16,13,2,0,5
digit_02243,0,0,7,15,3,0,0,0,0,0,1,16,9,0,0,0,0,0,7,15,15,0,0,0,0,0,10,16,13,0,0,0,0,0,0,6,16,2,0,0,0,0,0,4,16,6,0,0,0,0,9,13,16,13,8,3,0,0,6,15,16,16,16,12,1
digit_02244,0,0,1,12,14,3,0,0,0,0,10,15,7,0,0,0,0,0,13,8,0,0,0,0,0,0,15,16,11,5,0,0,0,0,14,13,9,14,7,0,0,0,14,6,0,3,14,0,0,0,10,11,4,7,16,1,0,0,1,11,15,14,7,1,6
digit_02245,0,0,5,15,13,8,3,0,0,0,14,14,10,16,11,0,0,0,11,13,5,12,12,0,0,0,6,16,16,8,1,0,0,1,13,13,14,0,0,0,0,6,10,1,15,7,0,0,0,5,15,7,11,13,0,0,0,0,6,12,16,10,0,0,8
digit_02246,0,0,5,15,13,7,0,0,0,4,15,8,7,16,4,0,0,6,12,1,10,14,1,0,0,0,0,12,12,2,0,0,0,0,0,14,11,3,0,0,0,0,0,1,10,14,0,0,0,0,0,0,4,14,8,0,0,0,4,16,16,14,4,0,3
digit_02247,0,0,9,13,7,0,0,0,0,7,14,4,14,4,0,0,0,2,2,3,15,2,0,0,0,0,0,16,11,0,0,0,0,0,0,8,15,11,0,0,0,0,0,0,0,12,7,0,0,0,10,4,2,10,8,0,0,0,7,13,16,16,4,0,3
digit_02248,0,0,7,14,12,4,0,0,0,0,10,12,12,12,2,0,0,0,9,5,3,14,3,0,0,0,4,13,15,9,0,0,0,0,8,16,8,0,0,0,0,0,15,4,14,1,0,0,0,2,13,5,9,7,0,0,0,0,4,12,16,10,0,0,8
digit_02249,0,0,0,0,15,7,0,0,0,0,0,2,16,8,0,0,0,0,0,10,16,3,0,0,0,7,16,16,4,12,12,0,0,1,13,16,16,16,9,0,0,0,1,7,14,16,0,0,0,0,0,0,13,15,0,0,0,0,0,0,16,11,0,0,4
digit_02250,0,0,11,16,10,1,0,0,0,0,16,8,11,13,1,0,0,0,13,7,7,16,1,0,0,0,4,13,14,16,1,0,0,0,0,0,0,15,4,0,0,0,0,0,0,8,11,0,0,1,7,4,5,14,12,0,0,0,8,15,14,11,3,0,9
digit_02251,0,0,6,14,15,1,0,0,0,0,11,12,4,0,0,0,0,0,15,10,4,1,0,0,0,0,13,13,14,12,1,0,0,0,0,0,0,10,10,0,0,0,0,0,0,4,14,0,0,0,0,2,1,9,14,0,0,0,6,16,16,16,6,0,5
digit_02252,0,0,0,8,10,0,0,0,0,0,6,16,12,0,0,0,0,0,12,12,1,0,0,0,0,0,15,5,0,0,0,0,0,1,16,3,13,14,2,0,0,0,14,16,15,14,13,0,0,0,9,16,12,10,15,1,0,0,0,6,12,15,8,0,6
digit_02253,0,0,6,16,2,0,0,0,0,3,16,13,11,0,0,0,0,12,14,2,14,0,0,0,0,2,2,0,16,0,0,0,0,0,0,2,16,1,0,0,0,0,0,10,14,4,3,0,0,0,5,16,16,16,16,0,0,0,6,15,10,8,11,2,2
digit_02254,0,0,5,13,12,1,0,0,0,2,15,14,15,9,0,0,0,7,16,4,13,16,1,0,0,6,16,14,16,16,6,0,0,0,12,14,9,16,7,0,0,0,0,0,1,16,7,0,0,0,3,4,8,15,5,0,0,0,8,15,15,9,0,0,9
digit_02255,0,1,14,15,2,0,0,0,0,7,16,16,7,0,0,0,0,14,9,12,11,0,0,0,0,7,4,13,10,0,0,0,0,0,4,16,4,0,0,0,0,0,10,15,2,0,0,0,0,3,16,14,12,12,10,0,0,0,12,16,16,16,16,3,2
digit_02256,0,0,2,12,16,4,0,0,0,1,13,15,11,12,0,0,0,8,16,8,4,16,0,0,0,2,5,0,6,13,0,0,0,0,0,0,11,8,0,0,0,0,0,7,16,8,1,0,0,0,1,16,16,16,12,0,0,0,2,8,5,6,13,0,2
digit_02257,0,0,7,15,14,2,0,0,0,0,9,16,16,11,0,0,0,0,3,16,16,11,0,0,0,0,5,16,16,13,0,0,0,0,6,16,16,14,0,0,0,0,6,16,16,12,0,0,0,0,7,16,16,15,6,0,0,0,4,16,16,15,7,0,1
digit_02258,0,0,4,13,4,0,0,0,0,2,13,16,15,1,0,0,0,9,16,5,10,9,0,0,0,11,16,1,1,14,1,0,0,6,16,3,0,6,9,0,0,2,16,2,0,5,11,0,0,0,12,12,8,15,9,0,0,0,2,12,13,9,1,0,0
digit_02259,0,0,6,13,15,6,0,0,0,1,15,16,16,14,0,0,0,4,16,8,4,14,4,0,0,4,16,2,0,9,7,0,0,4,15,0,0,13,5,0,0,2,16,0,5,15,5,0,0,1,15,13,16,11,0,0,0,0,6,15,12,3,0,0,0
digit_02260,0,0,5,15,16,7,0,0,0,0,15,15,12,15,0,0,0,0,8,1,5,16,2,0,0,0,0,0,8,16,0,0,0,0,0,2,15,16,8,0,0,0,0,0,3,12,13,0,0,0,14,12,13,16,8,0,0,0,5,12,13,10,1,0,3
digit_02261,0,0,3,10,12,16,5,0,0,0,8,8,8,15,11,0,0,0,0,0,2,16,7,0,0,0,1,6,14,16,6,0,0,0,4,14,16,12,4,0,0,0,0,9,13,2,0,0,0,0,2,16,6,0,0,0,0,0,5,16,2,0,0,0,7
digit_02262,0,0,0,8,4,0,0,0,0,0,0,12,4,1,0,0,0,0,4,13,2,16,1,0,0,0,14,7,7,14,4,0,0,5,16,16,16,16,6,0,0,3,10,7,15,6,0,0,0,0,0,5,10,0,0,0,0,0,0,7,10,0,0,0,4
digit_02263,0,0,6,16,6,0,0,0,0,2,16,14,15,0,0,0,0,9,13,0,14,3,0,0,0,4,6,1,16,5,0,0,0,0,0,8,16,3,0,0,0,0,3,16,14,0,2,0,0,0,13,16,16,16,15,0,0,0,7,14,12,12,12,1,2
digit_02264,0,0,0,7,13,5,0,0,0,0,2,16,15,3,0,0,0,0,10,15,4,0,0,0,0,1,16,8,0,0,0,0,0,5,16,14,16,14,2,0,0,3,16,14,12,14,10,0,0,0,11,13,5,12,14,0,0,0,1,8,14,15,5,0,6
digit_02265,0,0,5,14,16,9,0,0,0,6,16,9,13,12,0,0,0,3,7,1,14,12,0,0,0,0,1,15,16,15,2,0,0,0,1,11,9,14,11,0,0,0,1,3,0,13,9,0,0,0,10,13,9,16,6,0,0,0,3,16,16,10,0,0,3
digit_02266,0,0,2,12,9,1,0,0,0,0,7,16,16,7,0,0,0,0,12,16,16,2,0,0,0,1,16,16,16,1,0,0,0,0,14,16,15,1,0,0,0,0,8,16,16,3,0,0,0,0,8,16,16,7,0,0,0,0,3,12,16,16,5,0,1
digit_02267,0,0,0,10,13,0,0,0,0,0,5,16,8,3,0,0,0,0,11,13,7,16,0,0,0,7,16,10,14,15,8,0,0,11,16,16,16,16,9,0,0,1,4,10,16,3,0,0,0,0,0,12,15,0,0,0,0,0,0,13,8,0,0,0,4
digit_02268,0,0,9,12,15,10,0,0,0,6,16,14,12,10,0,0,0,5,12,1,6,0,0,0,0,7,15,15,16,4,0,0,0,6,13,11,13,9,0,0,0,0,0,0,12,9,0,0,0,0,6,8,16,10,0,0,0,0,13,15,11,2,0,0,5
digit_02269,0,0,0,5,12,0,0,0,0,0,5,16,14,2,0,0,0,0,15,15,1,0,0,0,0,2,16,9,0,0,0,0,0,0,16,10,13,15,4,0,0,0,13,16,16,16,15,1,0,0,5,16,16,13,16,4,0,0,0,5,14,16,12,0,6
digit_02270,0,0,2,11,15,2,0,0,0,1,15,14,11,10,0,0,0,7,16,2,1,16,0,0,0,6,16,12,14,16,1,0,0,0,10,16,16,16,4,0,0,0,4,16,12,9,10,0,0,0,7,16,5,15,8,0,0,0,2,12,12,13,2,0,8
digit_02271,0,0,2,13,9,0,0,0,0,0,8,16,16,0,0,0,0,14,16,16,8,0,0,0,0,6,12,16,6,0,0,0,0,0,8,16,6,0,0,0,0,0,6,16,7,0,0,0,0,0,4,16,11,0,0,0,0,0,1,14,14,0,0,0,1
digit_02272,0,1,10,14,5,0,0,0,0,9,16,14,16,0,0,0,0,3,5,9,16,0,0,0,0,0,5,16,16,14,0,0,0,0,8,14,13,16,6,0,0,0,0,0,0,16,11,0,0,0,11,5,11,16,7,0,0,1,12,16,14,5,0,0,3
digit_02273,0,0,0,13,13,1,0,0,0,0,11,14,15,8,0,0,0,6,16,3,10,7,0,0,0,8,16,4,12,8,0,0,0,1,3,4,15,1,0,0,0,0,2,13,12,0,0,0,0,0,11,16,16,12,7,0,0,0,3,9,8,11,13,0,2
digit_02274,0,0,2,10,7,0,0,0,0,3,16,11,8,6,0,0,0,4,13,0,0,8,0,0,0,4,16,9,11,11,0,0,0,0,10,16,16,15,2,0,0,0,4,16,4,3,8,0,0,0,8,9,0,2,9,0,0,0,3,11,8,8,4,0,8
digit_02275,0,0,9,16,16,13,12,1,0,0,6,6,8,14,15,0,0,0,0,0,5,16,4,0,0,0,2,8,15,16,3,0,0,0,2,13,15,8,3,0,0,0,0,15,7,0,0,0,0,0,6,16,1,0,0,0,0,0,11,8,0,0,0,0,7
digit_02276,0,0,8,14,15,8,0,0,0,5,15,11,8,10,0,0,0,7,12,0,0,0,0,0,0,9,16,16,4,0,0,0,0,3,8,9,13,0,0,0,0,0,0,1,13,0,0,0,0,0,6,9,14,0,0,0,0,0,7,13,8,0,0,0,5
digit_02277,0,0,0,7,3,0,0,0,0,0,0,15,5,0,0,0,0,0,6,14,2,8,0,0,0,0,12,8,5,14,0,0,0,6,16,12,14,15,4,0,0,2,10,15,16,14,5,0,0,0,0,12,11,0,0,0,0,0,0,11,9,0,0,0,4
digit_02278,0,0,5,15,10,2,0,0,0,0,9,16,16,3,0,0,0,0,13,16,16,3,0,0,0,0,13,16,16,1,0,0,0,0,12,16,16,2,0,0,0,0,10,16,16,2,0,0,0,0,5,16,16,11,0,0,0,0,4,15,16,15,3,0,1
digit_02279,0,0,0,3,14,0,0,0,0,0,1,14,12,8,2,0,0,0,9,15,6,16,4,0,0,3,16,14,12,16,5,0,0,3,13,16,16,16,8,0,0,0,0,0,16,11,1,0,0,0,0,2,16,4,0,0,0,0,0,3,12,4,0,0,4
digit_02280,0,0,7,11,15,10,0,0,0,4,16,15,13,12,4,0,0,0,7,1,5,16,4,0,0,0,0,6,15,14,0,0,0,0,0,15,16,16,4,0,0,1,2,3,5,16,8,0,0,3,14,5,7,16,6,0,0,0,8,15,16,12,1,0,3
digit_02281,0,0,0,2,16,2,0,0,0,0,0,9,13,0,2,0,0,0,4,16,5,11,11,0,0,0,12,13,3,14,10,0,0,5,16,14,13,16,5,0,0,15,16,16,16,16,8,0,0,3,4,2,12,13,1,0,0,0,0,1,16,7,0,0,4
digit_02282,0,0,4,11,12,15,13,0,0,0,10,11,11,14,14,0,0,0,1,4,5,16,8,0,0,0,13,16,16,16,6,0,0,0,0,7,16,7,1,0,0,0,0,9,12,0,0,0,0,0,2,15,7,0,0,0,0,0,3,14,2,0,0,0,7
digit_02283,0,0,5,11,12,0,0,0,0,0,16,16,16,13,7,0,0,0,12,16,16,15,4,0,0,0,4,15,14,8,0,0,0,0,12,4,1,4,0,0,0,1,14,0,3,7,0,0,0,1,16,12,16,4,0,0,0,0,3,9,5,0,0,0,8
digit_02284,0,1,11,16,16,12,0,0,0,7,15,10,6,3,0,0,0,10,10,3,0,0,0,0,0,11,16,16,7,0,0,0,0,10,11,6,15,1,0,0,0,0,0,0,12,6,0,0,0,0,0,3,15,3,0,0,0,0,14,16,10,0,0,0,5
digit_02285,0,0,3,16,16,9,0,0,0,0,13,14,9,16,3,0,0,0,15,6,5,16,3,0,0,0,8,16,16,16,3,0,0,0,0,6,7,16,2,0,0,0,1,0,3,16,3,0,0,1,14,3,6,15,1,0,0,0,3,15,16,13,0,0,9
digit_02286,0,0,10,16,5,0,0,0,0,6,16,13,11,0,0,0,0,7,9,4,12,0,0,0,0,0,0,5,15,0,0,0,0,0,0,8,11,0,0,0,0,0,3,15,8,0,0,0,0,4,16,16,10,8,7,1,0,0,7,11,16,16,15,2,2
digit_02287,0,0,2,13,15,4,0,0,0,0,9,10,5,11,0,0,0,0,10,7,13,10,0,0,0,0,7,12,16,3,0,0,0,0,6,16,7,0,0,0,0,0,14,13,2,0,0,0,0,0,11,2,10,0,0,0,0,0,0,13,15,0,0,0,8
digit_02288,0,0,3,12,15,3,0,0,0,0,15,16,6,11,0,0,0,7,16,5,0,12,1,0,0,5,14,0,0,9,7,0,0,8,10,0,0,13,8,0,0,4,12,0,2,15,6,0,0,1,14,8,13,12,0,0,0,0,3,15,10,3,0,0,0
digit_02289,0,0,5,15,16,6,0,0,0,0,13,12,11,11,0,0,0,0,13,11,16,5,0,0,0,0,7,16,14,1,0,0,0,0,10,16,4,0,0,0,0,1,15,12,13,0,0,0,0,0,15,5,15,5,0,0,0,0,5,16,16,6,0,0,8
digit_02290,0,0,1,15,10,0,0,0,0,0,11,16,4,0,0,0,0,3,16,8,0,10,9,0,0,10,16,3,5,16,10,0,0,10,16,12,15,13,1,0,0,1,10,13,16,9,0,0,0,0,0,9,16,2,0,0,0,0,0,16,9,0,0,0,4
digit_02291,0,0,3,16,0,0,0,0,0,0,10,10,3,5,0,0,0,0,16,5,12,10,0,0,0,4,15,2,15,4,0,0,0,10,13,9,15,10,11,0,0,3,14,16,14,8,2,0,0,0,0,15,6,0,0,0,0,0,3,15,0,0,0,0,4
digit_02292,0,0,2,12,11,1,0,0,0,1,16,13,9,8,0,0,0,4,14,1,0,11,1,0,0,6,9,0,0,7,5,0,0,4,9,0,0,6,7,0,0,2,12,0,0,10,6,0,0,0,10,9,13,16,2,0,0,0,2,12,14,3,0,0,0
digit_02293,0,1,10,8,12,15,1,0,0,0,16,16,16,9,1,0,0,0,13,13,3,0,0,0,0,1,16,16,13,2,0,0,0,0,3,1,13,10,0,0,0,0,0,0,8,16,0,0,0,0,8,1,8,16,1,0,0,2,13,16,16,11,0,0,5
digit_02294,0,0,5,15,16,12,0,0,0,1,16,9,5,16,2,0,0,2,16,2,11,13,0,0,0,0,13,15,15,2,0,0,0,0,12,16,6,0,0,0,0,2,16,8,13,0,0,0,0,2,16,0,12,6,0,0,0,0,6,15,14,8,0,0,8
digit_02295,0,0,5,14,16,13,2,0,0,0,15,10,5,15,4,0,0,0,0,1,7,15,1,0,0,0,0,11,16,6,0,0,0,0,0,2,10,14,1,0,0,0,2,0,0,9,8,0,0,1,14,6,4,11,9,0,0,0,5,12,14,10,1,0,3
digit_02296,0,0,4,15,13,1,0,0,0,1,15,11,9,7,0,0,0,3,16,3,5,16,3,0,0,0,8,16,16,16,3,0,0,0,0,2,4,14,6,0,0,0,0,0,0,9,11,0,0,0,0,0,0,7,15,0,0,0,5,12,12,16,8,0,9
digit_02297,0,0,6,15,1,0,0,0,0,2,16,7,0,0,0,0,0,8,15,0,0,7,3,0,0,11,13,4,8,16,5,0,0,5,16,16,16,10,0,0,0,0,1,14,15,0,0,0,0,0,4,16,6,0,0,0,0,0,10,13,0,0,0,0,4
digit_02298,0,0,0,4,16,2,0,0,0,0,0,14,11,8,5,0,0,0,10,13,1,12,8,0,0,6,16,1,0,14,6,0,0,10,14,8,13,16,11,0,0,3,11,12,13,14,2,0,0,0,0,1,14,6,0,0,0,0,0,8,13,1,0,0,4
digit_02299,0,0,4,14,15,5,0,0,0,7,14,7,6,16,0,0,0,10,6,0,0,11,3,0,0,4,2,0,1,14,0,0,0,0,0,0,10,7,0,0,0,0,0,5,13,1,0,0,0,0,6,16,8,0,0,0,0,0,5,9,12,12,16,2,2
digit_02300,0,0,5,12,14,7,0,0,0,5,16,7,5,16,2,0,0,8,10,0,4,16,4,0,0,2,11,15,11,13,4,0,0,0,0,0,0,8,4,0,0,0,0,0,0,5,8,0,0,1,7,1,0,11,5,0,0,0,5,13,10,9,1,0,9
digit_02301,0,0,9,16,16,10,0,0,0,2,16,11,6,6,0,0,0,3,16,2,9,15,1,0,0,0,12,13,15,16,2,0,0,0,0,8,9,16,4,0,0,0,0,0,0,16,4,0,0,0,0,0,6,16,3,0,0,0,8,16,16,13,1,0,9
digit_02302,0,0,0,15,5,0,0,0,0,0,8,16,1,0,0,0,0,1,16,11,0,2,1,0,0,9,16,2,2,15,11,0,0,11,14,9,15,15,3,0,0,3,12,13,16,6,0,0,0,0,0,7,16,1,0,0,0,0,0,13,13,0,0,0,4
digit_02303,0,6,16,16,16,12,0,0,0,0,7,9,15,13,0,0,0,0,0,4,16,5,0,0,0,6,12,14,16,9,5,0,0,8,13,16,11,11,5,0,0,0,8,14,0,0,0,0,0,2,16,6,0,0,0,0,0,5,16,1,0,0,0,0,7
digit_02304,0,0,1,15,16,8,0,0,0,0,6,16,15,13,0,0,0,0,5,16,16,11,0,0,0,0,0,15,16,7,0,0,0,0,6,16,15,0,0,0,0,0,13,11,11,7,0,0,0,0,13,10,5,16,0,0,0,0,3,13,16,12,0,0,8
digit_02305,0,0,15,16,16,16,12,0,0,0,4,8,11,16,9,0,0,0,0,0,11,13,0,0,0,2,4,3,16,4,0,0,0,10,16,16,16,16,4,0,0,1,8,16,9,7,0,0,0,0,8,13,0,0,0,0,0,0,15,6,0,0,0,0,7
digit_02306,0,0,5,16,16,6,0,0,0,0,13,12,11,13,0,0,0,0,13,10,14,8,0,0,0,0,7,16,14,1,0,0,0,0,8,16,6,0,0,0,0,0,16,13,14,0,0,0,0,0,15,3,12,9,0,0,0,0,5,15,16,7,0,0,8
digit_02307,0,0,1,14,11,0,0,0,0,0,11,10,8,8,0,0,0,3,16,1,0,10,2,0,0,6,11,0,0,6,6,0,0,7,9,0,0,3,9,0,0,3,13,0,0,5,10,0,0,0,12,5,4,12,4,0,0,0,1,13,16,7,0,0,0
digit_02308,0,0,1,16,13,0,0,0,0,0,6,16,15,0,0,0,0,7,16,16,12,0,0,0,1,12,16,16,12,0,0,0,0,0,2,10,14,0,0,0,0,0,0,8,16,1,0,0,0,0,0,10,16,0,0,0,0,0,0,12,16,0,0,0,1
digit_02309,0,0,6,10,15,11,1,0,0,1,15,9,6,12,4,0,0,5,16,0,0,5,6,0,0,4,14,0,0,6,8,0,0,6,9,0,0,12,2,0,0,7,9,0,6,11,0,0,0,3,15,8,15,4,0,0,0,0,10,14,5,0,0,0,0
digit_02310,0,0,0,3,16,7,0,0,0,0,2,12,16,12,0,0,0,6,15,16,16,8,0,0,0,12,15,6,16,7,0,0,0,0,2,0,15,9,0,0,0,0,0,0,16,7,0,0,0,0,0,2,16,9,0,0,0,0,0,2,15,10,0,0,1
digit_02311,0,0,1,12,16,7,0,0,0,0,8,16,11,4,0,0,0,0,13,12,0,0,0,0,0,2,16,6,0,0,0,0,0,4,16,13,12,5,0,0,0,6,16,14,12,15,4,0,0,0,11,14,5,14,11,0,0,0,0,12,16,16,8,0,6
digit_02312,0,0,0,12,16,1,0,0,0,0,2,16,8,2,0,0,0,0,8,16,5,15,0,0,0,0,15,7,8,9,0,0,0,7,16,12,15,16,11,0,0,9,15,10,15,7,5,0,0,0,0,10,7,0,0,0,0,0,0,16,4,0,0,0,4
digit_02313,0,3,16,16,16,16,3,0,0,0,7,8,12,14,1,0,0,0,0,1,15,4,0,0,0,1,8,11,15,8,8,0,0,10,16,16,16,12,5,0,0,0,5,15,1,0,0,0,0,0,13,7,0,0,0,0,0,3,15,1,0,0,0,0,7
digit_02314,0,0,7,16,15,3,0,0,0,0,14,13,13,13,1,0,0,0,12,11,8,16,6,0,0,0,2,14,16,16,8,0,0,0,0,2,4,13,9,0,0,0,0,0,0,12,10,0,0,1,13,4,4,14,10,0,0,0,5,15,16,16,8,0,9
digit_02315,0,0,1,9,12,8,0,0,0,0,11,13,8,12,0,0,0,0,11,7,14,6,0,0,0,0,5,16,9,0,0,0,0,0,10,15,5,0,0,0,0,0,13,1,10,1,0,0,0,0,13,1,8,5,0,0,0,0,3,14,15,3,0,0,8
digit_02316,0,5,16,15,5,0,0,0,0,3,9,13,15,1,0,0,0,0,0,1,15,6,0,0,0,0,0,2,16,4,0,0,0,0,0,10,14,0,0,0,0,0,3,16,7,0,0,0,0,0,12,16,13,10,7,0,0,7,16,14,12,12,9,0,2
digit_02317,0,0,0,9,6,0,0,0,0,0,2,15,6,0,0,0,0,0,6,10,0,0,0,0,0,0,11,8,7,2,0,0,0,0,14,15,8,14,5,0,0,0,16,5,0,4,13,0,0,0,9,13,0,7,13,0,0,0,0,11,16,14,2,0,6
digit_02318,0,0,8,16,14,1,0,0,0,0,6,16,16,8,0,0,0,0,4,16,16,8,0,0,0,0,2,16,16,14,0,0,0,0,1,16,16,11,0,0,0,0,5,16,16,10,0,0,0,0,9,16,16,9,0,0,0,0,13,16,16,9,0,0,1
digit_02319,0,6,16,15,4,0,0,0,0,8,15,14,14,1,0,0,0,0,2,2,16,6,0,0,0,0,0,1,16,7,0,0,0,0,0,6,15,1,0,0,0,0,1,15,8,0,0,0,0,1,12,16,9,12,8,0,0,10,16,16,15,12,7,0,2
digit_02320,0,2,14,16,14,2,0,0,0,9,16,5,12,11,0,0,0,2,11,0,8,16,0,0,0,0,0,0,7,16,0,0,0,0,0,1,13,10,0,0,0,0,0,5,16,5,0,0,0,0,7,16,13,8,8,1,0,2,16,16,16,13,11,1,2
digit_02321,0,0,10,16,16,16,16,6,0,0,4,9,8,11,15,2,0,0,0,0,1,14,6,0,0,0,0,4,8,15,6,0,0,0,8,16,16,11,5,0,0,0,3,14,11,0,0,0,0,0,4,16,1,0,0,0,0,0,12,6,0,0,0,0,7
digit_02322,0,1,9,15,14,3,0,0,0,7,12,2,10,12,0,0,0,8,11,0,10,16,1,0,0,3,16,8,9,16,3,0,0,0,4,11,11,16,5,0,0,0,0,0,0,9,8,0,0,0,6,4,0,9,8,0,0,0,8,15,16,12,2,0,9
digit_02323,0,0,7,13,9,1,0,0,0,1,13,5,9,8,0,0,0,7,10,0,5,12,0,0,0,5,15,8,10,16,4,0,0,0,7,9,7,5,8,0,0,0,0,0,0,1,11,0,0,0,3,0,0,5,10,0,0,0,9,16,16,14,3,0,9
digit_02324,0,0,4,16,16,16,16,16,0,0,3,8,8,8,15,9,0,0,0,0,0,6,14,1,0,0,0,0,1,15,3,0,0,0,3,15,16,13,0,0,0,0,2,11,15,12,2,0,0,0,2,14,6,0,0,0,0,0,8,12,0,0,0,0,7
digit_02325,0,0,4,12,16,7,0,0,0,0,15,5,4,14,0,0,0,0,15,0,3,15,4,0,0,5,16,4,5,16,4,0,0,0,10,12,11,11,8,0,0,0,0,0,0,11,5,0,0,0,2,8,0,15,1,0,0,0,2,13,15,5,0,0,9
digit_02326,0,0,9,16,16,5,0,0,0,2,16,7,9,15,1,0,0,6,15,0,0,13,7,0,0,3,16,0,0,8,12,0,0,8,16,4,0,8,12,0,0,11,13,1,0,10,11,0,0,5,16,6,5,15,7,0,0,0,10,16,16,9,0,0,0
digit_02327,0,0,6,16,16,16,16,12,0,0,4,9,8,8,16,7,0,0,0,0,0,11,13,0,0,0,0,2,6,16,3,0,0,0,9,16,16,16,8,0,0,0,3,9,15,2,0,0,0,0,0,15,8,0,0,0,0,0,8,16,0,0,0,0,7
digit_02328,0,0,0,0,10,8,0,0,0,0,0,4,15,2,0,0,0,0,1,13,9,5,3,0,0,0,8,14,2,14,6,0,0,5,15,4,1,16,3,0,0,14,15,14,16,16,4,0,0,8,12,9,12,13,0,0,0,0,0,0,12,8,0,0,4
digit_02329,0,0,4,15,16,16,16,15,0,0,2,8,8,5,13,9,0,0,0,0,0,5,15,2,0,0,0,0,3,14,8,0,0,0,2,15,16,16,8,0,0,0,3,9,16,4,0,0,0,0,0,11,13,0,0,0,0,0,5,15,3,0,0,0,7
digit_02330,0,0,4,12,10,1,0,0,0,0,14,9,9,13,0,0,0,7,16,0,6,16,4,0,0,4,15,10,4,16,8,0,0,0,5,12,12,14,8,0,0,0,0,0,0,5,11,0,0,0,2,3,0,7,11,0,0,0,5,14,16,16,4,0,9
digit_02331,0,0,9,12,14,14,4,0,0,0,15,7,4,4,2,0,0,0,14,0,0,0,0,0,0,3,15,14,14,6,0,0,0,4,7,2,2,15,0,0,0,0,0,0,0,12,2,0,0,0,9,2,2,14,0,0,0,0,11,16,16,5,0,0,5
digit_02332,0,0,6,14,9,0,0,0,0,2,16,8,13,8,0,0,0,6,12,0,2,12,2,0,0,4,9,0,0,7,7,0,0,6,12,0,0,4,8,0,0,6,15,0,0,3,9,0,0,0,15,6,4,8,11,0,0,0,6,14,16,12,1,0,0
digit_02333,0,0,14,9,0,0,0,0,0,0,8,16,0,0,0,0,0,0,8,12,0,2,1,0,0,0,12,8,0,13,9,0,0,1,16,4,0,16,8,0,0,5,16,0,0,15,6,0,0,8,16,16,16,16,12,0,0,1,8,8,8,13,7,0,4
digit_02334,0,0,11,12,8,4,0,0,0,0,11,16,16,8,0,0,0,0,10,16,16,8,0,0,0,0,12,16,16,6,0,0,0,0,12,16,16,4,0,0,0,0,13,16,16,6,0,0,0,0,16,16,16,8,0,0,0,0,12,12,12,7,0,0,1
digit_02335,0,0,7,16,13,4,0,0,0,1,11,0,6,15,3,0,0,6,9,0,0,13,4,0,0,2,14,5,8,16,5,0,0,0,4,12,10,6,8,0,0,0,0,0,0,4,8,0,0,0,2,4,0,8,7,0,0,0,10,16,16,10,1,0,9
digit_02336,0,1,13,16,16,11,0,0,0,6,16,7,8,6,0,0,0,4,16,3,4,3,0,0,0,5,16,16,16,16,3,0,0,8,13,5,0,11,12,0,0,0,0,0,0,10,11,0,0,2,11,4,6,16,4,0,0,1,15,16,16,8,0,0,5
digit_02337,0,0,1,14,15,9,1,0,0,1,9,14,1,7,8,0,0,7,16,6,0,11,6,0,0,0,8,14,13,10,0,0,0,0,1,14,15,7,0,0,0,0,11,7,1,16,1,0,0,0,11,6,0,13,3,0,0,0,3,13,14,11,0,0,8
digit_02338,0,0,7,16,16,16,12,0,0,0,4,9,8,16,6,0,0,0,0,0,6,12,0,0,0,0,0,4,13,9,0,0,0,0,8,16,16,16,9,0,0,0,5,16,8,4,1,0,0,0,3,13,1,0,0,0,0,0,10,8,0,0,0,0,7
digit_02339,0,0,8,14,13,3,0,0,0,6,13,3,6,11,0,0,0,1,2,0,4,13,0,0,0,0,0,11,16,11,0,0,0,0,0,3,4,11,7,0,0,0,0,0,0,5,9,0,0,2,13,1,0,7,10,0,0,0,9,16,13,12,1,0,3
digit_02340,0,0,3,11,15,5,0,0,0,1,11,9,10,15,1,0,0,4,14,7,6,16,3,0,0,1,14,8,11,16,2,0,0,0,1,4,3,9,8,0,0,0,0,0,0,8,8,0,0,0,0,2,1,13,2,0,0,0,2,14,13,11,0,0,9
digit_02341,0,0,8,16,15,4,0,0,0,2,15,16,13,15,0,0,0,9,15,4,0,15,5,0,0,8,13,0,0,6,12,0,0,10,12,0,0,4,12,0,0,7,15,0,0,4,14,0,0,3,16,8,3,12,11,0,0,0,8,16,16,15,1,0,0
digit_02342,0,0,5,16,16,16,16,7,0,0,3,8,8,8,14,10,0,0,0,0,0,4,15,2,0,0,0,0,2,14,7,0,0,0,3,13,16,16,9,0,0,0,4,13,15,3,0,0,0,0,0,12,10,0,0,0,0,0,8,15,2,0,0,0,7
digit_02343,0,1,9,15,12,2,0,0,0,8,10,0,7,14,0,0,0,8,4,0,0,16,4,0,0,2,12,9,9,16,7,0,0,0,1,5,5,9,8,0,0,0,0,0,0,4,11,0,0,0,6,1,0,10,8,0,0,0,9,13,14,11,2,0,9
digit_02344,0,0,1,9,15,15,2,0,0,1,15,9,5,16,2,0,0,8,10,1,12,8,0,0,0,7,15,12,11,1,0,0,0,0,7,16,13,3,0,0,0,0,6,8,8,15,3,0,0,0,2,15,2,12,8,0,0,0,0,10,16,13,4,0,8
digit_02345,0,0,5,15,14,1,0,0,0,0,15,5,8,9,0,0,0,4,14,0,0,11,2,0,0,8,16,0,0,6,7,0,0,8,12,2,0,4,8,0,0,4,10,0,0,4,9,0,0,0,14,2,1,10,5,0,0,0,6,14,13,8,0,0,0
digit_02346,0,3,16,15,2,0,0,0,0,4,14,10,11,0,0,0,0,2,8,4,16,0,0,0,0,0,0,0,16,2,0,0,0,0,0,4,15,0,0,0,0,0,0,9,13,0,0,0,0,0,7,16,14,12,11,0,0,3,16,16,12,9,7,0,2
digit_02347,0,1,7,12,13,7,0,0,0,4,14,4,5,16,2,0,0,8,9,0,8,13,1,0,0,3,11,14,15,3,0,0,0,0,11,13,16,2,0,0,0,0,16,1,6,11,0,0,0,0,14,1,5,14,0,0,0,0,7,15,15,7,0,0,8
digit_02348,0,0,0,10,7,1,0,0,0,0,7,16,16,9,0,0,0,2,15,16,16,13,0,0,0,1,9,16,16,12,0,0,0,0,0,16,16,12,0,0,0,0,1,16,16,12,0,0,0,0,3,16,16,16,0,0,0,0,0,9,12,11,0,0,1
digit_02349,0,0,4,12,8,3,0,0,0,0,7,16,16,3,0,0,0,0,6,16,16,6,0,0,0,0,7,16,16,7,0,0,0,0,7,16,16,9,0,0,0,0,5,16,16,12,0,0,0,0,6,16,16,10,0,0,0,0,5,12,12,4,0,0,1
digit_02350,0,0,5,13,10,2,0,0,0,3,16,7,10,11,0,0,0,10,16,8,15,16,0,0,0,4,12,12,10,16,4,0,0,0,0,0,0,16,5,0,0,0,0,0,0,12,8,0,0,0,8,5,7,15,6,0,0,0,6,15,15,9,0,0,9
digit_02351,0,0,5,8,0,0,0,0,0,0,12,6,12,7,0,0,0,2,10,6,9,15,1,0,0,7,8,0,0,12,8,0,0,8,8,0,0,12,6,0,0,5,13,0,0,13,4,0,0,0,14,10,10,13,0,0,0,0,4,12,11,1,0,0,0
digit_02352,0,0,10,16,14,5,0,0,0,0,7,16,16,5,0,0,0,0,3,16,16,9,0,0,0,0,3,16,16,13,0,0,0,0,2,16,16,16,0,0,0,0,2,16,16,16,2,0,0,0,6,16,16,14,2,0,0,0,4,15,16,6,0,0,1
digit_02353,0,0,0,11,12,6,0,0,0,0,4,16,16,16,0,0,0,0,9,16,16,16,0,0,0,0,13,16,16,16,4,0,0,0,5,16,16,16,4,0,0,0,1,16,16,16,2,0,0,0,2,16,16,16,5,0,0,0,0,5,11,9,2,0,1
digit_02354,0,2,9,12,13,4,0,0,0,14,16,13,16,11,0,0,0,5,4,7,16,4,0,0,0,0,0,10,16,2,0,0,0,0,0,6,16,6,0,0,0,0,0,0,14,16,1,0,0,0,7,11,16,13,1,0,0,0,8,12,7,2,0,0,3
digit_02355,0,0,3,14,0,0,0,0,0,0,3,16,1,0,0,0,0,0,8,13,0,0,0,0,0,0,7,13,0,0,0,0,0,0,11,11,8,4,0,0,0,0,14,16,16,16,8,0,0,0,12,16,7,10,15,0,0,0,2,14,16,15,8,0,6
digit_02356,0,0,3,12,15,11,0,0,0,0,14,15,15,16,1,0,0,0,3,2,14,16,12,1,0,0,0,13,16,14,9,0,0,0,0,2,14,8,0,0,0,0,0,2,16,5,0,0,0,0,0,13,13,0,0,0,0,0,3,16,3,0,0,0,7
digit_02357,0,1,15,6,0,0,0,0,0,7,16,16,0,0,0,0,0,11,14,16,0,0,0,0,0,2,8,15,0,0,0,0,0,0,14,10,0,0,0,0,0,5,16,3,0,0,0,0,0,10,16,16,16,12,5,0,0,3,15,16,12,14,14,0,2
digit_02358,0,0,10,1,0,0,0,0,0,0,16,0,0,0,0,0,0,3,13,0,0,0,0,0,0,5,12,1,4,2,0,0,0,8,14,15,16,15,4,0,0,8,15,5,5,14,8,0,0,8,14,4,10,16,4,0,0,1,12,15,10,2,0,0,6
digit_02359,0,0,4,14,10,6,0,0,0,0,12,16,16,16,4,0,0,7,16,4,15,16,4,0,0,7,16,16,16,16,4,0,0,0,5,8,14,16,5,0,0,0,0,0,12,16,2,0,0,0,6,16,16,9,0,0,0,0,5,16,11,0,0,0,9
digit_02360,0,1,8,12,3,0,0,0,0,1,16,16,14,2,0,0,0,2,16,16,16,16,1,0,0,0,12,16,16,4,0,0,0,0,12,16,16,7,0,0,0,2,16,16,16,14,0,0,0,4,16,16,15,4,0,0,0,1,12,10,5,0,0,0,8
digit_02361,0,0,2,11,15,13,0,0,0,5,15,15,13,15,0,0,0,9,13,3,16,7,0,0,0,3,3,4,16,4,0,0,0,0,0,2,16,11,0,0,0,0,0,0,7,16,6,0,0,0,0,9,8,15,12,0,0,0,0,13,16,13,3,0,3
digit_02362,0,0,8,14,12,2,0,0,0,10,14,12,14,0,0,0,0,6,2,11,7,0,0,0,0,0,0,12,5,0,0,0,0,0,0,8,15,2,0,0,0,0,0,0,9,14,3,0,0,0,6,2,7,14,8,0,0,0,14,15,11,4,0,0,3
digit_02363,0,2,10,15,16,15,0,0,0,4,16,9,4,6,0,0,0,8,15,0,0,0,0,0,0,6,14,5,0,0,0,0,0,1,12,16,13,5,0,0,0,0,0,2,9,16,9,0,0,0,9,8,10,16,9,0,0,0,7,16,12,8,1,0,5
digit_02364,0,0,8,4,0,0,0,0,0,0,15,3,0,0,0,0,0,2,13,0,0,0,0,0,0,4,14,11,9,1,0,0,0,4,9,13,16,14,1,0,0,2,12,0,0,9,11,0,0,0,16,8,5,13,11,0,0,0,4,15,16,12,1,0,6
digit_02365,0,1,13,16,8,1,0,0,0,8,14,10,16,8,0,0,0,11,14,15,16,9,0,0,0,0,8,7,6,16,4,0,0,0,0,0,0,16,4,0,0,0,1,0,0,14,8,0,0,3,16,2,10,15,1,0,0,2,13,16,12,1,0,0,9
digit_02366,0,0,6,12,14,14,2,0,0,12,16,11,4,5,2,0,0,4,14,5,0,0,0,0,0,0,9,13,1,0,0,0,0,0,2,13,15,6,0,0,0,0,0,2,11,15,6,0,0,0,8,6,6,15,8,0,0,0,6,16,16,9,0,0,5
digit_02367,0,0,3,14,16,11,0,0,0,2,15,13,14,13,0,0,0,0,4,0,8,14,5,0,0,0,5,13,16,16,14,0,0,0,12,15,16,9,2,0,0,0,1,9,13,0,0,0,0,0,0,16,6,0,0,0,0,0,4,13,0,0,0,0,7
digit_02368,0,0,2,11,8,1,0,0,0,0,9,16,16,9,0,0,0,0,11,16,16,8,0,0,0,0,15,16,16,10,0,0,0,0,13,16,16,8,0,0,0,0,7,16,16,9,0,0,0,0,5,16,16,13,0,0,0,0,1,11,12,10,0,0,1
digit_02369,0,0,5,15,15,6,0,0,0,0,13,11,16,16,4,0,0,3,14,0,8,11,7,0,0,8,7,0,0,7,8,0,0,7,7,0,0,5,8,0,0,9,9,0,1,11,4,0,0,7,13,8,14,12,0,0,0,0,6,15,10,1,0,0,0
digit_02370,0,0,11,13,4,0,0,0,0,7,16,16,15,0,0,0,0,7,11,5,15,0,0,0,0,0,2,10,11,0,0,0,0,0,2,15,2,0,0,0,0,0,11,8,0,2,3,0,0,1,16,13,14,16,12,0,0,1,12,13,10,5,0,0,2
digit_02371,0,0,8,2,0,0,0,0,0,0,12,6,0,0,0,0,0,2,16,4,0,0,0,0,0,0,16,8,0,0,0,0,0,4,16,14,11,6,0,0,0,2,16,16,16,16,9,0,0,0,15,16,6,16,12,0,0,0,7,15,16,14,3,0,6
digit_02372,0,0,0,2,15,8,0,0,0,0,0,10,16,3,0,0,0,0,6,15,4,0,0,0,0,3,15,10,4,10,8,0,0,12,16,16,16,16,10,0,0,13,12,12,15,16,6,0,0,0,0,0,14,15,1,0,0,0,0,2,16,9,0,0,4
digit_02373,0,0,5,9,12,15,9,0,0,0,13,16,16,16,9,0,0,0,3,3,5,16,3,0,0,0,0,3,12,16,10,0,0,0,2,16,16,13,5,0,0,0,3,15,13,0,0,0,0,0,3,16,5,0,0,0,0,0,7,11,0,0,0,0,7
digit_02374,0,0,3,14,13,2,0,0,0,1,15,16,16,3,0,0,0,2,14,15,5,0,0,0,0,0,5,15,6,0,0,0,0,0,0,5,16,7,0,0,0,0,0,0,4,15,7,0,0,0,3,8,12,16,13,0,0,0,3,12,15,14,4,0,5
digit_02375,0,0,6,10,0,0,0,0,0,0,10,11,0,0,0,0,0,1,15,4,0,0,0,0,0,4,16,5,4,0,0,0,0,6,16,16,16,14,3,0,0,7,16,4,6,14,8,0,0,2,15,8,9,14,3,0,0,0,5,14,13,3,0,0,6
digit_02376,0,2,8,15,15,3,0,0,0,11,16,12,15,12,0,0,0,4,7,0,10,14,0,0,0,0,0,0,8,16,0,0,0,0,0,0,7,16,2,0,0,0,0,0,1,15,8,0,0,0,1,6,11,16,7,0,0,0,8,16,10,5,0,0,3
digit_02377,0,0,4,13,6,0,0,0,0,4,16,13,4,3,0,0,0,12,10,1,12,16,3,0,0,7,14,9,16,5,0,0,0,0,12,16,13,1,0,0,0,0,5,15,15,15,3,0,0,0,7,14,12,16,10,0,0,0,3,16,11,8,2,0,8
digit_02378,0,0,4,10,16,12,1,0,0,3,15,14,8,16,5,0,0,4,7,0,5,15,2,0,0,0,0,0,13,8,0,0,0,0,0,3,16,10,0,0,0,0,0,0,10,16,4,0,0,0,4,9,11,15,2,0,0,0,5,13,11,1,0,0,3
digit_02379,0,0,3,14,8,4,0,0,0,0,15,14,14,16,0,0,0,4,16,13,16,16,0,0,0,3,11,11,10,16,3,0,0,0,0,0,3,15,5,0,0,0,1,5,1,13,6,0,0,0,6,15,16,11,0,0,0,0,2,14,9,1,0,0,9
digit_02380,0,0,12,7,0,0,0,0,0,3,16,16,3,0,0,0,0,7,11,8,6,0,0,0,0,3,14,7,8,0,0,0,0,0,0,14,3,0,0,0,0,0,4,15,0,0,0,0,0,2,15,16,16,13,9,0,0,0,12,16,16,16,7,0,2
digit_02381,0,0,3,12,16,15,4,0,0,0,14,16,14,16,6,0,0,1,11,3,13,13,1,0,0,0,1,14,12,1,0,0,0,0,3,16,14,3,0,0,0,0,1,6,16,14,1,0,0,0,14,13,14,15,0,0,0,0,4,16,15,5,0,0,3
digit_02382,0,0,0,7,12,0,12,5,0,0,8,14,1,7,14,0,0,1,16,5,0,14,6,0,0,5,16,12,13,16,10,0,0,3,15,15,16,13,5,0,0,0,0,4,15,1,0,0,0,0,0,9,10,0,0,0,0,0,0,11,4,0,0,0,4
digit_02383,0,0,1,12,12,13,8,0,0,0,12,10,4,7,13,0,0,0,15,10,4,9,14,0,0,0,5,12,12,16,9,0,0,0,0,0,2,15,0,0,0,0,0,0,11,7,0,0,0,0,0,4,14,0,0,0,0,0,0,15,2,0,0,0,9
digit_02384,0,0,2,7,12,8,0,0,0,0,11,16,16,6,0,0,0,0,6,12,0,0,0,0,0,0,13,8,4,0,0,0,0,0,14,16,16,14,1,0,0,0,3,8,9,16,2,0,0,0,0,9,10,14,0,0,0,0,0,13,13,4,0,0,5
digit_02385,0,0,1,11,16,6,0,0,0,0,12,14,11,16,3,0,0,0,11,5,2,16,5,0,0,0,0,0,7,14,2,0,0,0,0,7,16,7,0,0,0,0,0,3,16,10,0,0,0,0,0,12,16,15,0,0,0,0,1,12,16,7,0,0,3
digit_02386,0,0,0,2,13,8,4,0,0,0,0,11,13,8,16,2,0,0,7,16,3,14,10,0,0,6,16,8,7,16,6,0,0,11,16,16,16,16,7,0,0,2,8,9,16,9,0,0,0,0,0,2,16,6,0,0,0,0,0,1,16,2,0,0,4
digit_02387,0,0,8,12,16,16,5,0,0,0,9,16,16,16,1,0,0,0,0,1,13,10,0,0,0,0,3,7,16,13,8,0,0,2,16,16,16,12,7,0,0,0,6,16,4,0,0,0,0,0,11,16,0,0,0,0,0,0,11,13,0,0,0,0,7
digit_02388,0,0,1,12,16,16,4,0,0,0,10,16,13,8,1,0,0,0,10,13,0,0,0,0,0,0,13,12,4,0,0,0,0,0,14,16,16,6,0,0,0,0,6,9,15,14,0,0,0,0,0,0,9,14,0,0,0,0,4,12,15,6,0,0,5
digit_02389,0,0,0,2,12,11,0,0,0,0,0,13,16,10,0,0,0,0,9,16,16,9,0,0,0,4,16,14,16,6,0,0,0,1,6,7,16,6,0,0,0,0,0,5,16,6,0,0,0,0,0,3,16,4,0,0,0,0,0,0,12,4,0,0,1
digit_02390,0,0,3,15,1,0,0,0,0,0,13,13,0,0,0,0,0,2,16,1,0,0,0,0,0,7,10,0,1,3,0,0,0,8,9,4,15,15,2,0,0,3,16,6,0,9,8,0,0,0,16,14,9,15,7,0,0,0,3,13,16,9,0,0,6
digit_02391,0,0,9,0,0,0,0,0,0,2,16,6,8,5,0,0,0,4,16,16,16,15,3,0,0,6,16,10,12,15,8,0,0,4,11,0,0,7,8,0,0,4,16,9,10,15,8,0,0,2,15,16,16,16,3,0,0,0,8,16,15,7,0,0,0
digit_02392,0,0,0,4,12,0,0,10,0,0,3,15,5,0,11,13,0,0,11,12,0,4,16,4,0,2,16,12,3,14,10,0,0,4,16,16,16,15,1,0,0,0,10,10,16,8,0,0,0,0,0,3,15,2,0,0,0,0,0,7,11,0,0,0,4
digit_02393,0,0,5,12,16,13,4,0,0,0,12,13,8,8,6,0,0,2,15,3,0,0,0,0,0,4,16,12,12,6,0,0,0,4,16,15,13,14,0,0,0,0,0,0,4,15,0,0,0,0,3,4,13,8,0,0,0,0,6,12,13,1,0,0,5
digit_02394,0,0,0,0,13,5,0,0,0,0,0,8,15,2,2,0,0,0,9,15,5,13,7,0,0,5,16,6,2,16,4,0,0,11,16,15,11,16,3,0,0,3,12,13,15,15,8,0,0,0,0,0,12,9,0,0,0,0,0,0,10,9,0,0,4
digit_02395,0,0,2,13,13,2,0,0,0,1,15,13,15,4,0,0,0,5,13,1,14,2,0,0,0,0,2,12,14,0,0,0,0,0,0,8,14,14,1,0,0,0,0,0,0,13,7,0,0,0,3,8,8,15,2,0,0,0,2,14,11,4,0,0,3
digit_02396,0,0,0,5,9,13,14,6,0,0,4,16,8,4,10,9,0,0,6,16,16,16,15,4,0,0,1,11,12,16,6,0,0,0,0,0,2,16,2,0,0,0,0,0,10,6,0,0,0,0,0,2,15,0,0,0,0,0,0,5,14,0,0,0,9
digit_02397,0,0,1,6,12,14,4,0,0,0,4,13,8,3,0,0,0,0,13,4,0,0,0,0,0,3,15,5,2,0,0,0,0,8,16,16,16,12,0,0,0,2,4,3,7,15,3,0,0,0,0,2,7,14,1,0,0,0,0,8,12,4,0,0,5
digit_02398,0,0,0,15,2,0,0,0,0,0,9,13,0,0,0,0,0,0,16,6,0,0,0,0,0,4,14,2,0,0,0,0,0,4,16,6,6,7,1,0,0,4,16,15,8,14,6,0,0,0,9,15,8,15,7,0,0,0,2,14,15,8,0,0,6
digit_02399,0,0,0,1,14,12,0,0,0,4,6,15,14,12,0,0,0,5,16,16,13,13,1,0,0,0,11,16,16,16,4,0,0,0,0,3,2,9,8,0,0,0,0,0,0,9,8,0,0,0,0,0,11,16,4,0,0,0,0,0,11,5,1,0,9
digit_02400,0,1,8,14,13,3,0,0,0,10,13,5,10,12,0,0,0,3,0,2,14,9,0,0,0,0,0,15,8,0,0,0,0,0,0,13,13,1,0,0,0,0,0,0,7,14,4,0,0,1,6,1,0,11,10,0,0,0,10,12,16,16,7,0,3
digit_02401,0,0,0,0,3,14,1,0,0,0,0,1,14,15,0,0,0,0,0,9,16,10,0,0,0,0,9,16,16,8,0,0,0,4,16,7,16,8,0,0,0,1,4,0,15,10,0,0,0,0,0,0,11,12,0,0,0,0,0,0,3,15,3,0,1
digit_02402,0,0,2,8,15,11,0,0,0,2,15,14,12,16,4,0,0,2,7,0,10,15,0,0,0,0,0,3,15,3,0,0,0,0,0,13,9,0,0,0,0,0,0,4,14,5,0,0,0,2,10,8,7,16,6,0,0,0,4,9,13,15,7,0,3
digit_02403,0,0,0,8,8,8,13,8,0,0,6,15,13,14,15,1,0,0,13,6,0,12,5,0,0,0,14,5,5,10,0,0,0,0,1,10,16,14,2,0,0,0,0,12,12,6,1,0,0,0,0,14,4,0,0,0,0,0,0,12,1,0,0,0,7
digit_02404,0,0,13,16,13,1,0,0,0,3,16,13,16,8,0,0,0,0,9,11,16,7,0,0,0,0,0,14,14,0,0,0,0,0,0,11,15,12,1,0,0,0,0,0,1,14,10,0,0,1,11,6,4,8,16,3,0,0,13,16,16,16,16,2,3
digit_02405,0,0,6,16,9,0,0,0,0,2,15,16,14,0,0,0,0,2,10,16,6,0,0,0,0,2,16,16,9,2,0,0,0,0,3,10,16,14,1,0,0,0,0,0,10,16,5,0,0,0,4,8,8,16,7,0,0,0,8,16,16,13,0,0,3
digit_02406,0,1,0,6,16,8,0,0,0,11,7,13,3,13,2,0,0,11,14,4,0,8,4,0,0,9,7,0,0,5,7,0,0,6,9,0,0,5,8,0,0,0,13,4,0,11,9,0,0,0,6,14,11,16,7,0,0,0,0,5,16,10,0,0,0
digit_02407,0,0,0,0,4,16,5,0,0,0,0,2,15,16,4,0,0,0,1,13,16,16,0,0,0,1,14,12,14,12,0,0,0,6,14,1,10,13,0,0,0,4,2,0,9,13,0,0,0,0,0,0,8,12,0,0,0,0,0,0,4,14,0,0,1
digit_02408,0,1,13,16,10,0,0,0,0,2,15,13,16,2,0,0,0,0,5,1,14,5,0,0,0,0,0,0,14,7,0,0,0,0,0,4,16,3,0,0,0,0,0,13,13,1,0,0,0,1,14,16,13,12,11,1,0,1,15,16,14,10,8,1,2
digit_02409,0,0,7,11,16,13,4,0,0,4,16,16,16,16,11,0,0,4,16,16,16,16,8,0,0,0,4,11,14,13,1,0,0,0,0,0,8,12,0,0,0,0,0,0,9,11,0,0,0,0,4,10,16,5,0,0,0,0,9,12,7,0,0,0,9
digit_02410,0,0,5,12,12,0,0,0,0,3,16,12,15,4,0,0,0,4,14,0,14,6,0,0,0,1,12,11,12,0,0,0,0,0,7,16,8,1,0,0,0,0,1,5,12,13,1,0,0,0,8,4,0,16,4,0,0,0,8,15,15,11,1,0,3
digit_02411,0,4,9,11,13,16,7,0,0,9,16,13,14,16,1,0,0,0,0,0,13,10,0,0,0,5,12,13,16,15,8,0,0,5,12,16,13,6,2,0,0,0,5,16,3,0,0,0,0,0,12,13,0,0,0,0,0,3,16,4,0,0,0,0,7
digit_02412,0,3,15,16,7,0,0,0,0,8,15,14,12,0,0,0,0,1,3,3,14,0,0,0,0,0,0,5,15,0,0,0,0,0,0,11,10,0,0,0,0,0,5,16,6,0,1,0,0,5,16,16,13,16,15,0,0,4,16,16,14,12,9,0,2
digit_02413,0,0,1,8,16,8,0,0,0,2,14,13,12,16,2,0,0,10,9,0,7,15,1,0,0,3,14,9,15,2,0,0,0,0,10,16,12,2,0,0,0,0,12,6,5,15,3,0,0,0,9,8,0,13,7,0,0,0,0,8,16,12,1,0,8
digit_02414,0,0,9,13,4,0,0,0,0,4,15,9,14,1,0,0,0,2,7,0,10,6,0,0,0,0,0,0,9,5,0,0,0,0,0,3,16,2,0,0,0,0,0,14,13,0,0,0,0,0,11,16,9,8,14,0,0,0,10,16,12,12,7,1,2
digit_02415,0,0,0,15,14,6,0,0,0,0,3,16,16,6,0,0,0,2,13,16,12,0,0,0,0,8,16,16,7,0,0,0,0,1,10,16,5,0,0,0,0,0,7,16,6,0,0,0,0,0,5,16,9,0,0,0,0,0,0,13,15,0,0,0,1
digit_02416,0,0,0,7,12,2,0,0,0,0,5,14,9,3,0,0,0,0,16,8,0,0,0,0,0,3,13,0,0,0,0,0,0,4,9,12,14,7,0,0,0,1,11,12,8,7,11,1,0,0,4,10,2,0,11,5,0,0,0,6,13,14,14,1,6
digit_02417,0,0,0,6,13,0,0,0,0,0,1,15,5,1,2,0,0,0,12,8,0,13,7,0,0,6,14,0,1,15,4,0,0,13,13,8,11,16,9,0,0,8,16,16,16,8,0,0,0,0,0,7,13,0,0,0,0,0,0,8,8,0,0,0,4
digit_02418,0,0,8,14,12,9,1,0,0,0,15,5,8,8,1,0,0,0,14,1,0,0,0,0,0,0,15,4,0,0,0,0,0,5,16,16,16,9,0,0,0,1,4,0,1,15,5,0,0,0,1,4,4,14,3,0,0,0,5,16,15,3,0,0,5
digit_02419,0,0,4,15,15,14,1,0,0,1,15,16,10,15,6,0,0,5,16,11,0,6,11,0,0,8,12,0,0,4,12,0,0,10,12,0,0,5,12,0,0,6,16,1,0,9,9,0,0,0,14,14,8,15,6,0,0,0,4,15,16,11,1,0,0
digit_02420,0,0,1,14,16,12,1,0,0,0,14,7,3,12,4,0,0,2,14,0,1,16,1,0,0,0,12,10,16,6,0,0,0,0,11,14,15,4,0,0,0,4,14,0,5,14,2,0,0,1,15,6,1,11,7,0,0,0,3,8,14,15,1,0,8
digit_02421,0,0,1,12,16,5,0,0,0,0,9,16,9,2,0,0,0,3,16,6,0,0,0,0,0,6,16,8,1,0,0,0,0,10,16,11,13,3,0,0,0,4,16,1,9,13,1,0,0,0,9,11,9,16,1,0,0,0,1,12,16,12,0,0,6
digit_02422,0,0,0,5,14,0,0,0,0,0,0,13,7,2,8,0,0,0,5,13,1,11,10,0,0,2,14,4,1,16,4,0,0,12,14,8,13,16,10,0,0,15,16,16,16,12,2,0,0,3,3,5,15,0,0,0,0,0,0,6,13,0,0,0,4
digit_02423,0,0,3,13,8,1,0,0,0,0,11,16,14,9,0,0,0,4,16,5,4,14,0,0,0,4,15,0,0,12,8,0,0,5,12,0,0,12,8,0,0,2,15,0,0,12,6,0,0,0,14,10,8,15,2,0,0,0,4,13,16,6,0,0,0
digit_02424,0,0,0,4,15,3,0,0,0,0,0,12,8,0,10,1,0,0,8,11,0,6,14,0,0,5,15,13,14,16,15,0,0,7,15,12,10,16,3,0,0,0,0,0,9,9,0,0,0,0,0,0,15,1,0,0,0,0,0,6,12,0,0,0,4
digit_02425,0,0,10,16,16,16,16,5,0,0,5,9,8,15,12,1,0,0,0,0,7,13,1,0,0,0,6,8,16,16,13,0,0,0,14,16,12,8,1,0,0,0,2,16,3,0,0,0,0,0,7,13,0,0,0,0,0,0,13,6,0,0,0,0,7
digit_02426,0,0,4,11,16,12,5,0,0,0,6,7,3,11,9,0,0,0,0,0,0,12,4,0,0,0,0,3,10,10,0,0,0,0,4,16,15,2,0,0,0,0,1,7,12,15,1,0,0,0,8,7,5,15,0,0,0,0,7,12,15,6,0,0,3
digit_02427,0,0,0,8,16,5,0,0,0,0,5,15,10,2,0,0,0,2,15,6,0,0,0,0,0,5,12,0,0,0,0,0,0,4,15,14,16,14,5,0,0,0,16,15,1,5,12,0,0,0,7,15,1,7,14,0,0,0,0,8,16,15,4,0,6
digit_02428,0,1,11,12,12,12,4,0,0,0,15,8,8,11,7,0,0,0,12,0,0,0,0,0,0,0,13,1,0,0,0,0,0,3,16,15,11,5,0,0,0,0,4,4,10,15,2,0,0,0,12,5,5,14,3,0,0,0,11,13,12,8,0,0,5
digit_02429,0,0,7,16,16,16,11,0,0,0,12,12,8,8,5,0,0,3,16,2,0,0,0,0,0,9,16,16,10,1,0,0,0,3,7,8,14,13,0,0,0,0,0,0,4,16,3,0,0,0,9,7,11,15,0,0,0,0,7,16,15,3,0,0,5
digit_02430,0,0,0,3,11,16,5,0,0,0,0,11,16,16,5,0,0,3,13,16,16,14,0,0,0,3,11,12,16,12,0,0,0,0,0,9,16,9,0,0,0,0,0,12,16,10,0,0,0,0,0,9,16,11,0,0,0,0,0,5,13,8,0,0,1
digit_02431,0,0,0,5,15,2,0,0,0,0,1,15,8,0,0,0,0,0,8,12,0,0,0,0,0,0,12,8,0,0,0,0,0,0,16,10,8,7,0,0,0,1,14,12,8,9,10,0,0,0,5,13,1,8,14,0,0,0,0,6,14,15,5,0,6
digit_02432,0,0,10,16,16,13,0,0,0,0,13,6,11,16,3,0,0,0,0,6,16,8,0,0,0,0,11,16,12,0,0,0,0,0,6,16,16,13,0,0,0,0,0,0,7,16,7,0,0,3,15,5,10,16,3,0,0,0,14,16,15,5,0,0,3
digit_02433,0,0,0,4,12,11,1,0,0,0,12,15,10,13,4,0,0,8,10,0,3,15,1,0,0,3,14,5,15,6,0,0,0,0,13,16,11,0,0,0,0,3,15,6,11,12,3,0,0,1,14,10,2,10,10,0,0,0,1,6,11,16,6,0,8
digit_02434,0,0,4,10,14,3,0,0,0,6,14,8,11,15,0,0,0,8,8,0,7,14,0,0,0,3,14,12,14,2,0,0,0,1,15,15,8,0,0,0,0,3,13,0,10,10,0,0,0,0,11,3,1,15,3,0,0,0,3,12,13,14,0,0,8
digit_02435,0,0,1,9,14,5,0,0,0,0,8,15,9,14,1,0,0,0,3,14,0,16,4,0,0,0,0,8,14,16,4,0,0,0,0,0,3,13,5,0,0,0,3,0,0,8,7,0,0,3,15,6,2,14,6,0,0,0,1,10,14,14,1,0,9
digit_02436,0,0,0,10,16,3,0,0,0,0,5,15,5,0,0,0,0,0,12,9,0,0,0,0,0,0,15,3,0,0,0,0,0,2,15,10,8,2,0,0,0,1,13,13,10,14,0,0,0,0,5,12,2,14,6,0,0,0,0,7,16,16,2,0,6
digit_02437,0,0,0,10,12,4,0,0,0,0,7,12,6,13,0,0,0,0,7,9,2,13,0,0,0,0,1,15,15,6,0,0,0,0,7,15,11,9,0,0,0,0,16,1,0,10,9,0,0,0,13,5,0,0,15,0,0,0,1,9,14,14,12,0,8
digit_02438,0,3,16,15,3,0,0,0,0,2,10,12,10,0,0,0,0,0,0,7,12,0,0,0,0,0,0,8,12,0,0,0,0,0,1,15,6,0,0,0,0,0,5,15,1,0,0,0,0,2,15,12,7,4,0,0,0,2,15,16,16,16,16,3,2
digit_02439,0,0,12,12,16,16,9,0,0,0,8,6,4,13,8,0,0,0,0,4,8,16,6,0,0,3,16,16,16,11,4,0,0,0,3,9,9,0,0,0,0,0,3,14,0,0,0,0,0,0,11,7,0,0,0,0,0,0,14,3,0,0,0,0,7
digit_02440,0,0,0,1,15,3,0,0,0,0,1,11,11,1,0,0,0,0,10,13,0,10,0,0,0,6,16,6,6,15,3,0,0,8,16,16,16,16,9,0,0,0,2,4,15,4,0,0,0,0,0,1,16,1,0,0,0,0,0,2,15,0,0,0,4
digit_02441,0,0,0,8,14,3,4,0,0,0,1,15,8,9,10,0,0,0,11,12,1,15,4,0,0,4,16,4,5,16,4,0,0,11,16,16,16,16,10,0,0,4,12,13,16,8,1,0,0,0,0,6,14,0,0,0,0,0,0,11,8,0,0,0,4
digit_02442,0,0,0,11,13,1,0,0,0,0,12,14,9,2,0,0,0,4,15,3,0,0,0,0,0,7,12,12,12,6,1,0,0,7,16,13,8,12,7,0,0,4,16,6,0,7,11,0,0,0,12,10,5,16,6,0,0,0,2,10,15,10,0,0,6
digit_02443,0,0,7,13,3,0,0,0,0,2,16,16,10,0,0,0,0,6,14,8,14,0,0,0,0,7,9,4,16,1,0,0,0,0,0,7,12,0,0,0,0,0,4,15,10,6,1,0,0,0,8,16,16,16,6,0,0,0,5,11,12,15,3,0,2
digit_02444,0,0,9,16,9,1,0,0,0,2,16,13,16,11,0,0,0,9,13,0,10,16,4,0,0,4,15,12,13,16,6,0,0,0,5,12,13,16,7,0,0,0,0,0,0,15,8,0,0,0,9,6,11,16,2,0,0,0,9,13,11,3,0,0,9
digit_02445,0,3,14,14,2,0,0,0,0,10,15,14,11,0,0,0,0,11,7,5,16,0,0,0,0,1,2,0,16,3,0,0,0,0,0,7,12,0,0,0,0,0,1,12,15,7,0,0,0,1,15,16,16,16,11,0,0,1,10,10,5,6,7,0,2
digit_02446,0,1,12,16,11,4,0,0,0,4,16,10,11,12,0,0,0,0,16,6,0,0,0,0,0,2,16,16,7,0,0,0,0,0,3,9,15,6,0,0,0,0,0,0,8,13,0,0,0,0,2,4,9,15,0,0,0,0,11,16,15,6,0,0,5
digit_02447,0,0,4,11,0,0,0,0,0,0,11,13,0,0,0,0,0,2,15,8,0,0,0,0,0,3,16,4,0,0,0,0,0,7,16,16,16,9,0,0,0,4,16,12,9,16,7,0,0,2,15,9,6,16,9,0,0,0,4,15,16,13,2,0,6
digit_02448,0,0,0,14,6,0,0,0,0,0,4,16,6,0,0,0,0,0,10,14,1,0,0,0,0,0,14,15,3,0,0,0,0,2,16,16,16,13,1,0,0,3,16,13,6,15,11,0,0,0,10,16,5,15,13,0,0,0,1,10,16,15,7,0,6
digit_02449,0,0,2,14,6,0,0,0,0,0,11,16,7,0,0,0,0,0,16,16,0,0,0,0,0,3,16,12,0,0,0,0,0,5,16,16,16,11,1,0,0,4,16,16,14,16,6,0,0,0,12,16,11,16,10,0,0,0,1,11,15,11,2,0,6
digit_02450,0,0,7,14,13,13,8,0,0,0,9,12,14,16,13,0,0,0,0,0,9,16,3,0,0,0,2,10,16,15,7,0,0,1,14,16,16,13,7,0,0,0,3,16,13,0,0,0,0,0,5,16,7,0,0,0,0,0,9,13,2,0,0,0,7
digit_02451,0,0,6,14,6,0,0,0,0,1,16,13,16,6,0,0,0,4,16,6,14,16,2,0,0,0,11,16,16,16,6,0,0,0,0,3,6,15,9,0,0,0,0,0,0,10,13,0,0,0,15,9,6,13,11,0,0,0,4,14,15,10,3,0,9
digit_02452,0,5,12,14,16,14,4,0,0,7,16,11,7,4,2,0,0,7,16,0,0,0,0,0,0,8,16,16,13,1,0,0,0,5,12,12,16,8,0,0,0,0,0,0,9,15,0,0,0,2,8,8,15,11,0,0,0,3,14,11,6,0,0,0,5
digit_02453,0,0,0,7,16,3,0,0,0,0,0,15,12,0,0,0,0,0,9,16,2,7,13,0,0,4,15,7,1,15,8,0,0,9,16,16,16,16,7,0,0,3,8,8,15,13,1,0,0,0,0,3,16,4,0,0,0,0,0,10,9,0,0,0,4
digit_02454,0,0,0,7,8,0,0,0,0,0,3,16,4,0,0,0,0,0,14,10,0,6,3,0,0,4,16,9,4,16,8,0,0,3,16,16,16,16,6,0,0,0,4,6,16,12,0,0,0,0,0,3,16,6,0,0,0,0,0,7,13,0,0,0,4
digit_02455,0,0,6,16,16,14,4,0,0,0,4,7,8,16,7,0,0,0,0,0,4,16,5,0,0,0,9,16,16,16,3,0,0,0,14,15,16,10,4,0,0,0,1,14,10,0,0,0,0,0,5,16,6,0,0,0,0,0,7,15,2,0,0,0,7
digit_02456,0,0,6,12,12,9,0,0,0,0,11,16,16,13,0,0,0,0,9,16,16,12,0,0,0,0,14,16,16,12,0,0,0,0,12,16,16,12,0,0,0,2,16,16,16,9,0,0,0,1,15,16,15,2,0,0,0,0,7,11,3,0,0,0,1
digit_02457,0,0,6,14,15,0,0,0,0,1,16,9,16,3,0,0,0,0,1,3,16,2,0,0,0,0,4,16,15,4,0,0,0,0,4,8,14,16,3,0,0,0,0,0,0,16,4,0,0,0,3,7,10,15,2,0,0,0,7,15,9,1,0,0,3
digit_02458,0,0,9,16,16,16,5,0,0,0,6,8,11,16,10,0,0,0,0,0,9,16,5,0,0,0,1,8,15,15,3,0,0,0,9,16,16,16,7,0,0,0,2,15,14,0,0,0,0,0,9,16,7,0,0,0,0,0,9,16,5,0,0,0,7
digit_02459,0,3,11,16,15,6,0,0,0,5,10,8,14,11,0,0,0,0,0,1,15,6,0,0,0,0,0,11,16,5,0,0,0,0,0,1,13,15,2,0,0,0,0,0,0,13,6,0,0,1,7,5,4,14,7,0,0,2,12,12,15,11,1,0,3
digit_02460,0,0,1,11,15,4,0,0,0,1,13,13,14,16,0,0,0,8,15,1,10,16,4,0,0,1,15,14,16,14,2,0,0,0,6,16,15,2,0,0,0,0,8,15,14,9,0,0,0,0,11,16,10,16,3,0,0,0,2,12,13,12,1,0,8
digit_02461,0,0,11,16,16,14,4,0,0,3,16,10,11,9,5,0,0,5,15,3,0,0,0,0,0,4,16,16,15,3,0,0,0,3,13,12,15,14,0,0,0,0,0,0,6,16,0,0,0,0,4,12,16,10,0,0,0,0,9,11,6,0,0,0,5
digit_02462,0,0,9,14,16,16,5,0,0,0,6,16,7,11,10,0,0,0,0,15,7,9,9,0,0,0,0,12,15,15,3,0,0,0,7,16,16,6,0,0,0,3,14,2,16,2,0,0,0,5,15,5,16,4,0,0,0,1,11,16,12,0,0,0,8
digit_02463,0,0,6,11,16,14,2,0,0,1,16,15,7,4,1,0,0,4,16,13,2,0,0,0,0,6,16,16,16,8,0,0,0,1,6,5,11,16,3,0,0,0,0,0,0,16,5,0,0,0,1,5,11,16,2,0,0,0,7,15,10,5,0,0,5
digit_02464,0,0,5,14,7,1,0,0,0,2,15,14,16,10,0,0,0,2,16,6,12,16,0,0,0,1,11,5,10,16,0,0,0,0,0,0,16,9,0,0,0,0,3,5,16,5,0,0,0,0,13,16,15,7,5,0,0,0,5,8,10,13,13,0,2
digit_02465,0,0,0,11,4,0,0,0,0,0,6,16,9,0,0,0,0,0,12,15,1,0,0,0,0,0,16,10,3,0,0,0,0,2,16,16,16,10,1,0,0,0,15,14,4,11,11,0,0,0,9,15,2,6,16,0,0,0,0,9,16,16,12,2,6
digit_02466,0,0,0,8,15,0,0,0,0,0,3,16,10,0,6,0,0,1,13,14,2,10,15,0,0,7,16,16,13,15,13,0,0,3,10,14,16,16,10,0,0,0,0,0,13,15,0,0,0,0,0,3,16,8,0,0,0,0,0,9,15,1,0,0,4
digit_02467,0,0,5,12,13,11,3,0,0,2,16,12,8,6,3,0,0,4,16,9,3,0,0,0,0,7,16,16,16,7,0,0,0,3,8,4,11,14,0,0,0,0,0,0,4,16,2,0,0,0,2,6,12,16,2,0,0,0,8,12,8,3,0,0,5
digit_02468,0,0,9,16,7,0,0,0,0,0,13,15,14,7,0,0,0,0,15,10,7,15,0,0,0,0,5,4,5,13,0,0,0,0,0,0,8,12,0,0,0,0,1,4,13,10,0,0,0,0,12,16,16,13,8,1,0,0,4,12,9,9,12,5,2
digit_02469,0,0,10,15,14,4,0,0,0,1,15,13,13,15,2,0,0,0,0,4,14,14,0,0,0,0,6,16,16,6,0,0,0,0,3,10,16,12,0,0,0,0,0,0,9,16,8,0,0,1,15,8,13,16,4,0,0,0,10,14,11,6,1,0,3
digit_02470,0,0,4,12,15,16,16,2,0,0,3,6,4,13,15,1,0,0,0,0,2,15,6,0,0,0,0,1,12,13,0,0,0,4,16,16,16,12,4,0,0,1,3,12,14,0,0,0,0,0,3,16,6,0,0,0,0,0,5,15,2,0,0,0,7
digit_02471,0,0,0,5,14,1,0,0,0,0,1,14,7,0,3,0,0,0,9,14,1,6,15,0,0,3,16,12,4,12,8,0,0,0,7,10,14,16,4,0,0,0,0,0,10,13,0,0,0,0,0,1,16,3,0,0,0,0,0,6,12,0,0,0,4
digit_02472,0,1,15,15,2,0,0,0,0,9,15,12,10,0,0,0,0,8,10,8,12,0,0,0,0,1,1,5,15,0,0,0,0,0,0,6,14,0,0,0,0,0,0,10,14,1,0,0,0,0,11,16,16,16,10,0,0,0,14,13,8,10,7,0,2
digit_02473,0,0,3,14,12,15,11,0,0,0,2,8,8,15,14,0,0,0,0,0,0,15,5,0,0,0,2,4,9,16,1,0,0,4,15,16,16,16,6,0,0,2,4,11,13,1,0,0,0,0,1,16,7,0,0,0,0,0,4,14,2,0,0,0,7
digit_02474,0,1,11,16,14,7,0,0,0,6,16,10,8,4,0,0,0,0,16,1,0,0,0,0,0,1,16,9,5,0,0,0,0,0,12,12,15,2,0,0,0,0,0,0,9,8,0,0,0,0,9,8,14,9,0,0,0,0,9,15,9,1,0,0,5
digit_02475,0,1,10,14,2,0,0,0,0,4,16,14,6,0,0,0,0,5,9,8,8,0,0,0,0,0,1,13,7,0,0,0,0,0,3,16,1,0,0,0,0,0,6,14,0,2,2,0,0,0,16,16,16,16,12,0,0,0,15,13,10,9,8,0,2
digit_02476,0,0,11,13,8,0,0,0,0,5,16,11,16,16,6,0,0,7,16,1,9,15,3,0,0,1,13,14,13,14,0,0,0,0,4,16,16,5,0,0,0,0,14,10,13,10,0,0,0,4,16,6,10,12,0,0,0,1,11,16,15,5,0,0,8
digit_02477,0,0,0,13,9,0,0,0,0,0,8,16,13,0,0,0,0,4,16,16,15,1,0,0,0,0,3,10,16,4,0,0,0,0,0,14,16,3,0,0,0,0,0,15,16,3,0,0,0,0,5,16,16,10,0,0,0,0,0,10,12,11,1,0,1
digit_02478,0,0,0,6,9,0,0,0,0,0,0,12,12,8,0,0,0,0,0,16,7,12,0,0,0,0,6,11,7,10,0,0,0,1,14,4,13,13,5,0,0,5,16,16,16,13,5,0,0,0,4,6,16,9,0,0,0,0,0,8,16,7,0,0,4
digit_02479,0,0,9,14,7,1,0,0,0,6,16,10,15,5,0,0,0,7,15,0,12,8,0,0,0,0,0,3,16,4,0,0,0,0,0,7,14,0,0,0,0,0,2,16,5,0,1,0,0,0,8,15,13,16,15,2,0,0,8,14,11,6,10,2,2
digit_02480,0,0,3,12,11,1,0,0,0,0,12,15,11,10,0,0,0,0,12,7,2,14,0,0,0,0,0,0,3,16,0,0,0,0,0,0,13,11,0,0,0,0,0,10,15,1,0,0,0,0,5,16,12,9,8,1,0,0,3,11,15,12,16,4,2
digit_02481,0,0,2,11,12,4,0,0,0,0,11,15,14,11,0,0,0,0,3,9,12,11,0,0,0,0,0,10,16,14,2,0,0,0,0,2,5,13,7,0,0,0,6,0,0,9,11,0,0,0,14,13,8,14,9,0,0,0,5,15,14,11,1,0,3
digit_02482,0,0,0,6,10,0,0,0,0,0,0,12,5,0,0,0,0,0,2,14,2,5,0,0,0,0,12,7,4,14,0,0,0,3,16,4,10,14,5,0,0,7,16,16,16,12,5,0,0,0,0,2,16,1,0,0,0,0,0,5,14,1,0,0,4
digit_02483,0,0,0,11,7,0,0,0,0,0,0,16,8,2,0,0,0,0,6,16,9,15,0,0,0,0,11,10,11,15,0,0,0,4,16,12,16,16,9,0,0,11,16,16,16,13,6,0,0,1,4,11,16,0,0,0,0,0,0,11,13,0,0,0,4
digit_02484,0,0,2,14,13,5,0,0,0,0,8,16,16,10,0,0,0,6,16,16,16,7,0,0,0,9,16,16,16,3,0,0,0,0,7,16,16,2,0,0,0,0,8,16,16,6,0,0,0,0,10,16,16,11,0,0,0,0,3,13,14,7,0,0,1
digit_02485,0,0,3,15,12,3,0,0,0,0,9,16,16,5,0,0,0,3,14,16,16,5,0,0,0,7,16,16,16,3,0,0,0,0,3,16,16,3,0,0,0,0,0,16,16,4,0,0,0,0,7,15,16,6,0,0,0,0,6,16,14,3,0,0,1
digit_02486,0,0,5,15,8,2,0,0,0,0,15,16,14,12,0,0,0,5,13,2,0,14,3,0,0,5,11,0,0,8,8,0,0,8,8,0,0,12,5,0,0,3,14,0,0,15,4,0,0,0,13,12,10,14,0,0,0,0,4,14,15,4,0,0,0
digit_02487,0,0,0,9,16,4,0,0,0,0,6,16,16,4,0,0,0,0,11,15,1,0,0,0,0,0,14,13,0,0,0,0,0,0,16,16,16,9,0,0,0,1,16,12,8,14,5,0,0,0,11,15,9,15,9,0,0,0,0,10,13,15,3,0,6
digit_02488,0,0,9,13,7,0,0,0,0,2,16,12,15,12,2,0,0,8,11,0,4,16,4,0,0,8,13,1,8,16,7,0,0,1,15,16,13,15,8,0,0,0,0,2,0,9,12,0,0,0,6,9,9,15,9,0,0,0,6,16,14,8,1,0,9
digit_02489,0,2,11,14,12,9,0,0,0,8,13,6,9,14,4,0,0,5,16,5,1,14,6,0,0,0,8,16,16,13,1,0,0,0,3,16,16,10,0,0,0,1,14,9,7,13,0,0,0,1,16,5,7,16,1,0,0,0,14,16,16,9,0,0,8
digit_02490,0,0,6,12,14,2,0,0,0,1,16,14,13,11,0,0,0,0,5,3,9,13,0,0,0,0,3,9,16,8,0,0,0,0,4,12,12,15,7,0,0,0,0,0,0,9,14,0,0,0,4,8,6,12,14,1,0,0,6,16,16,15,4,0,3
digit_02491,0,0,4,12,10,1,0,0,0,1,15,9,14,4,0,0,0,0,7,3,13,4,0,0,0,0,0,16,16,6,0,0,0,0,0,2,5,14,4,0,0,0,3,0,0,8,12,0,0,0,15,8,5,15,9,0,0,0,3,13,16,10,0,0,3
digit_02492,0,0,10,15,11,2,0,0,0,2,16,7,14,10,0,0,0,3,16,1,9,16,1,0,0,0,11,14,15,16,5,0,0,0,1,4,5,10,7,0,0,0,0,0,0,11,9,0,0,0,9,8,9,15,6,0,0,0,7,15,12,6,0,0,9
digit_02493,0,0,5,15,4,0,0,0,0,0,15,14,15,0,0,0,0,2,15,3,14,2,0,0,0,0,3,0,14,4,0,0,0,0,0,2,15,0,0,0,0,0,0,10,10,0,0,0,0,0,6,16,8,10,14,0,0,0,7,12,12,12,12,1,2
digit_02494,0,0,0,11,4,0,0,0,0,0,0,14,5,1,0,0,0,0,4,13,8,8,0,0,0,0,10,5,10,6,0,0,0,3,16,5,14,12,3,0,0,8,16,16,15,14,6,0,0,0,4,8,8,0,0,0,0,0,0,8,9,0,0,0,4
digit_02495,0,0,5,11,15,5,0,0,0,0,14,13,9,6,0,0,0,1,15,9,1,0,0,0,0,4,16,16,14,2,0,0,0,0,6,3,6,10,0,0,0,0,0,0,1,14,0,0,0,0,5,10,10,14,0,0,0,0,5,15,16,9,0,0,5
digit_02496,0,0,0,6,8,0,0,0,0,0,0,15,3,0,0,0,0,0,2,14,2,11,0,0,0,0,9,8,5,10,0,0,0,0,14,2,8,7,2,0,0,4,16,9,14,16,8,0,0,2,8,12,16,5,2,0,0,0,0,6,13,2,0,0,4
digit_02497,0,0,2,8,14,2,0,0,0,0,9,16,10,1,0,0,0,1,16,9,1,0,0,0,0,2,16,16,14,3,0,0,0,0,15,10,7,14,0,0,0,0,14,1,0,13,4,0,0,0,7,10,5,15,4,0,0,0,0,9,16,12,0,0,6
digit_02498,0,0,0,2,9,0,0,0,0,0,0,5,10,0,0,0,0,0,0,12,4,8,0,0,0,0,4,12,6,13,0,0,0,0,10,8,8,10,0,0,0,7,16,13,16,15,2,0,0,6,10,11,16,8,0,0,0,0,0,4,13,0,0,0,4
digit_02499,0,0,11,10,7,4,0,0,0,2,15,8,16,16,2,0,0,9,11,0,8,16,1,0,0,5,16,9,15,16,6,0,0,0,5,10,4,12,8,0,0,0,0,0,0,10,9,0,0,0,6,7,10,15,5,0,0,1,12,15,12,3,0,0,9
digit_02500,0,0,8,14,8,0,0,0,0,6,15,12,15,4,0,0,0,6,8,0,11,8,0,0,0,0,0,14,16,8,0,0,0,0,1,11,10,15,6,0,0,0,0,0,0,8,12,0,0,0,7,8,6,13,14,0,0,0,12,14,16,13,1,0,3
digit_02501,0,0,2,12,14,1,0,0,0,0,13,16,12,12,0,0,0,1,16,5,0,15,4,0,0,3,16,3,0,11,7,0,0,6,12,0,0,12,5,0,0,4,16,3,2,15,7,0,0,0,15,12,14,13,1,0,0,0,4,15,13,2,0,0,0
digit_02502,0,0,0,5,15,0,0,0,0,0,1,15,11,0,0,0,0,0,3,16,16,7,0,0,0,0,10,15,13,12,0,0,0,1,15,14,15,16,9,0,0,8,16,16,16,14,6,0,0,2,10,10,16,7,0,0,0,0,0,6,15,2,0,0,4
digit_02503,0,0,3,14,12,1,0,0,0,0,14,15,13,12,0,0,0,0,16,2,0,14,2,0,0,1,14,0,0,10,6,0,0,2,15,0,0,13,5,0,0,3,16,1,1,15,6,0,0,0,13,10,13,15,1,0,0,0,2,12,14,6,0,0,0
digit_02504,0,8,16,16,16,16,9,0,0,5,12,12,14,16,9,0,0,0,0,2,15,13,0,0,0,0,0,9,16,5,0,0,0,0,2,16,13,0,0,0,0,0,11,16,4,0,0,0,0,7,16,15,0,0,0,0,0,6,16,11,0,0,0,0,7
digit_02505,0,0,0,11,15,4,0,0,0,3,7,16,16,8,0,0,0,12,16,16,16,5,0,0,0,3,8,13,16,5,0,0,0,0,0,8,16,10,0,0,0,0,0,8,16,14,1,0,0,0,0,10,16,16,2,0,0,0,0,6,14,12,5,0,1
digit_02506,0,0,9,12,14,7,0,0,0,0,12,14,9,8,0,0,0,0,12,8,1,0,0,0,0,0,15,16,14,1,0,0,0,0,6,8,10,10,0,0,0,0,0,0,8,11,0,0,0,0,7,13,16,8,0,0,0,0,8,15,8,0,0,0,5
digit_02507,0,0,5,16,14,3,0,0,0,0,2,14,16,10,0,0,0,0,0,12,16,8,0,0,0,0,0,14,16,6,0,0,0,0,1,16,16,3,0,0,0,0,3,15,16,0,0,0,0,0,0,15,16,9,0,0,0,0,0,13,16,11,0,0,1
digit_02508,0,2,13,10,0,0,0,0,0,8,15,14,7,0,0,0,0,8,5,4,12,0,0,0,0,2,3,2,15,0,0,0,0,0,0,4,9,0,0,0,0,0,0,11,9,0,0,0,0,0,9,16,14,12,10,0,0,0,16,13,12,14,11,0,2
digit_02509,0,0,13,14,2,0,0,0,0,5,16,15,10,0,0,0,0,4,8,0,16,0,0,0,0,0,2,3,12,0,0,0,0,0,0,5,11,0,0,0,0,0,2,13,6,0,0,0,0,0,13,16,14,15,14,0,0,0,8,8,8,12,15,0,2
digit_02510,0,0,0,0,13,8,0,0,0,0,0,2,16,6,0,0,0,0,0,7,16,7,3,0,0,0,1,13,12,15,7,0,0,3,12,14,5,16,3,0,2,15,16,16,16,16,1,0,5,12,13,16,16,15,0,0,0,0,0,0,15,6,0,0,4
digit_02511,0,0,0,1,12,1,0,0,0,0,0,4,15,0,0,0,0,0,0,6,11,8,2,0,0,0,1,13,4,16,1,0,0,4,12,10,9,14,0,0,0,15,16,16,16,12,0,0,1,8,7,7,15,9,0,0,0,0,0,0,16,5,0,0,4
digit_02512,0,0,4,16,15,7,0,0,0,0,6,16,10,13,2,0,0,0,2,15,12,15,6,0,0,0,3,14,15,13,2,0,0,2,15,15,15,9,0,0,0,6,16,2,7,13,0,0,0,3,16,11,8,16,4,0,0,0,4,12,16,13,1,0,8
digit_02513,0,0,10,16,10,3,0,0,0,1,16,9,13,12,0,0,0,1,13,2,7,16,3,0,0,0,12,16,16,16,8,0,0,0,1,4,2,8,8,0,0,0,0,0,0,7,9,0,0,1,14,9,8,14,6,0,0,0,8,13,13,7,0,0,9
digit_02514,0,2,12,13,1,0,0,0,0,10,15,14,11,0,0,0,0,12,9,5,12,0,0,0,0,4,5,4,16,0,0,0,0,0,0,9,9,0,0,0,0,0,1,13,8,0,1,0,0,1,16,16,14,14,11,0,0,2,13,12,12,12,6,0,2
digit_02515,0,0,1,14,4,0,0,0,0,0,7,14,2,0,0,0,0,0,10,14,0,0,0,0,0,0,13,9,0,0,0,0,0,0,14,10,8,1,0,0,0,0,14,16,16,14,4,0,0,0,12,16,9,14,15,0,0,0,1,11,15,13,11,2,6
digit_02516,0,0,15,16,12,4,0,0,0,0,11,16,11,16,4,0,0,0,4,16,11,16,6,0,0,0,3,16,16,14,1,0,0,0,12,14,16,5,0,0,0,3,16,1,14,12,0,0,0,6,15,4,11,13,0,0,0,1,10,16,11,2,0,0,8
digit_02517,0,0,0,3,14,5,0,0,0,0,0,6,16,13,1,0,0,0,0,8,16,13,1,0,0,0,0,9,16,11,0,0,0,5,14,16,16,12,0,0,0,0,2,9,16,16,4,0,0,0,0,5,16,16,8,0,0,0,0,3,13,14,5,0,1
digit_02518,0,0,4,15,0,0,0,0,0,0,13,5,0,0,0,0,0,0,16,0,0,0,0,0,0,4,13,0,0,0,0,0,0,7,15,8,9,3,0,0,0,6,16,12,13,16,4,0,0,0,15,8,2,14,7,0,0,0,4,15,13,6,0,0,6
digit_02519,0,0,3,12,16,8,0,0,0,0,12,12,15,12,0,0,0,0,0,0,7,12,0,0,0,0,0,0,13,7,0,0,0,0,4,15,16,9,1,0,0,0,5,15,16,16,3,0,0,0,0,14,14,5,0,0,0,0,4,15,3,0,0,0,7
digit_02520,0,0,0,14,5,0,0,0,0,0,9,13,1,0,0,0,0,0,15,6,0,0,0,0,0,3,16,3,0,0,0,0,0,7,12,8,16,8,0,0,0,4,16,15,9,15,4,0,0,0,12,12,4,10,12,0,0,0,1,12,15,16,6,0,6
digit_02521,0,0,14,15,16,7,0,0,0,4,15,8,12,14,0,0,0,0,2,4,15,9,0,0,0,0,0,8,16,8,0,0,0,0,0,1,11,16,3,0,0,0,0,0,0,10,10,0,0,1,11,11,8,14,11,0,0,1,10,12,14,13,4,0,3
digit_02522,0,0,6,11,2,0,0,0,0,1,16,12,14,3,0,0,0,0,13,3,11,15,0,0,0,0,6,16,15,16,5,0,0,0,0,4,8,10,10,0,0,0,0,0,0,1,15,0,0,0,1,1,2,7,15,5,0,0,4,12,16,16,13,2,9
digit_02523,0,0,7,11,12,11,3,0,0,0,15,16,7,10,11,0,0,0,10,12,5,13,9,0,0,0,3,16,16,10,1,0,0,0,8,13,13,3,0,0,0,0,15,0,11,5,0,0,0,1,13,0,10,9,0,0,0,0,10,16,12,1,0,0,8
digit_02524,0,0,0,0,13,7,0,0,0,0,0,0,14,7,0,0,0,0,0,3,15,2,0,0,0,0,1,13,7,11,2,0,0,5,14,16,10,16,2,0,0,15,16,16,16,15,1,0,0,0,0,0,10,12,0,0,0,0,0,0,15,7,0,0,4
digit_02525,0,1,9,13,11,4,0,0,0,2,16,12,12,15,0,0,0,0,14,13,13,11,0,0,0,0,12,16,13,0,0,0,0,0,14,16,11,0,0,0,0,6,13,7,16,4,0,0,0,7,14,1,13,15,1,0,0,1,13,15,12,9,0,0,8
digit_02526,0,0,5,16,15,6,0,0,0,0,9,15,13,10,0,0,0,0,11,15,11,4,0,0,0,0,2,12,13,16,2,0,0,0,0,0,0,7,10,0,0,0,0,0,0,4,13,0,0,0,13,11,8,14,11,0,0,0,4,11,15,15,4,0,5
digit_02527,0,1,13,12,4,0,0,0,0,1,16,12,16,6,0,0,0,0,16,7,14,10,0,0,0,0,9,14,16,13,0,0,0,0,0,7,9,15,1,0,0,0,0,0,0,10,8,0,0,0,4,5,4,10,15,0,0,0,6,13,16,14,6,0,9
digit_02528,0,0,11,15,13,1,0,0,0,5,15,9,15,12,0,0,0,8,12,0,12,16,0,0,0,5,16,9,15,16,0,0,0,0,4,10,13,16,2,0,0,0,0,0,1,16,6,0,0,0,1,5,8,16,7,0,0,0,12,12,10,7,1,0,9
digit_02529,0,0,9,15,15,3,0,0,0,0,11,9,16,10,0,0,0,0,0,0,14,10,0,0,0,0,2,5,16,6,0,0,0,1,15,16,16,13,5,0,0,1,10,16,16,15,5,0,0,0,5,16,11,2,0,0,0,0,9,16,5,0,0,0,7
digit_02530,0,0,6,13,14,6,0,0,0,0,16,13,6,16,3,0,0,0,13,10,5,16,2,0,0,0,4,16,16,12,1,0,0,0,12,16,13,0,0,0,0,2,16,7,14,9,0,0,0,3,16,5,9,14,0,0,0,0,8,15,16,8,0,0,8
digit_02531,0,0,3,10,14,15,3,0,0,0,15,16,14,11,1,0,0,3,16,11,8,2,0,0,0,3,16,16,16,13,0,0,0,0,0,0,0,15,7,0,0,0,1,0,0,10,7,0,0,0,14,13,9,16,4,0,0,0,4,13,15,7,0,0,5
digit_02532,0,0,11,16,6,0,0,0,0,9,15,14,16,0,0,0,0,10,12,3,16,2,0,0,0,5,6,0,15,2,0,0,0,0,0,7,11,0,0,0,0,0,4,16,8,4,1,0,0,0,11,16,16,16,9,0,0,0,8,12,10,13,7,0,2
digit_02533,0,1,10,13,15,11,1,0,0,4,16,12,8,7,0,0,0,5,16,4,5,1,0,0,0,3,16,16,15,15,2,0,0,0,0,1,5,14,5,0,0,0,0,0,0,15,5,0,0,7,11,6,6,16,4,0,0,2,10,14,14,8,0,0,5
digit_02534,0,0,9,16,10,0,0,0,0,0,16,13,16,5,0,0,0,3,16,4,7,14,0,0,0,4,15,3,0,12,7,0,0,7,12,0,0,10,8,0,0,5,13,0,4,15,3,0,0,2,16,13,16,9,0,0,0,0,8,13,9,1,0,0,0
digit_02535,0,0,7,16,12,1,0,0,0,0,16,11,13,11,0,0,0,3,16,2,4,14,0,0,0,7,13,0,0,13,1,0,0,4,15,0,0,12,6,0,0,2,16,4,0,10,7,0,0,1,15,10,8,14,2,0,0,0,5,16,15,5,0,0,0
digit_02536,0,0,12,16,13,11,3,0,0,4,16,6,12,16,5,0,0,0,15,11,14,16,6,0,0,0,6,8,8,13,8,0,0,0,0,0,0,8,8,0,0,0,0,0,0,9,8,0,0,6,13,5,6,16,3,0,0,0,9,13,12,6,0,0,9
digit_02537,0,0,3,16,6,0,0,0,0,0,10,14,4,0,0,0,0,0,15,10,0,0,0,0,0,2,16,4,0,0,0,0,0,5,16,15,14,6,0,0,0,3,16,16,12,16,4,0,0,0,15,14,6,13,12,0,0,0,3,10,13,10,4,0,6
digit_02538,0,0,2,11,16,15,5,0,0,0,13,14,11,16,6,0,0,0,2,0,1,15,1,0,0,0,0,2,10,11,0,0,0,0,5,16,16,16,6,0,0,0,4,12,15,9,2,0,0,0,1,14,9,0,0,0,0,0,3,15,4,0,0,0,7
digit_02539,0,1,11,14,12,3,0,0,0,7,16,13,16,15,0,0,0,8,16,5,14,16,2,0,0,6,16,10,15,16,6,0,0,0,5,8,12,16,6,0,0,0,0,0,2,16,11,0,0,0,5,8,7,16,9,0,0,0,8,16,15,10,1,0,9
digit_02540,0,0,5,13,9,7,0,0,0,0,14,16,16,16,6,0,0,2,14,7,6,10,10,0,0,5,11,0,0,8,8,0,0,4,12,0,0,8,8,0,0,4,15,1,0,9,7,0,0,0,14,9,6,16,2,0,0,0,5,15,16,7,0,0,0
digit_02541,0,0,1,12,0,0,0,0,0,0,4,14,0,0,0,0,0,0,11,9,0,0,0,0,0,0,13,10,2,0,0,0,0,4,16,16,16,13,1,0,0,1,16,10,4,13,11,0,0,0,8,13,2,11,11,0,0,0,0,11,16,14,3,0,6
digit_02542,0,0,2,13,1,0,0,0,0,0,7,16,6,0,0,0,0,0,12,16,3,0,0,0,0,0,9,16,5,0,0,0,0,0,15,16,16,15,5,0,0,0,13,16,10,14,15,0,0,0,10,14,9,16,14,0,0,0,2,11,15,15,4,0,6
digit_02543,0,0,7,14,12,5,0,0,0,0,10,16,16,12,0,0,0,0,10,16,16,8,0,0,0,0,10,16,16,6,0,0,0,0,9,16,16,3,0,0,0,0,12,16,16,2,0,0,0,0,12,16,16,11,0,0,0,0,14,16,13,8,0,0,1
digit_02544,0,0,2,9,15,12,0,0,0,1,13,13,10,16,1,0,0,0,10,2,8,16,0,0,0,0,0,4,16,14,1,0,0,0,0,0,4,15,4,0,0,0,0,0,0,15,5,0,0,0,0,12,15,16,1,0,0,0,0,9,13,7,0,0,3
digit_02545,0,0,0,1,12,12,0,0,0,0,0,2,16,16,2,0,0,0,0,4,16,16,0,0,0,6,16,16,16,13,0,0,0,1,12,14,16,12,0,0,0,0,0,0,16,15,0,0,0,0,0,0,15,16,2,0,0,0,0,0,8,13,5,0,1
digit_02546,0,0,9,11,0,0,0,0,0,7,16,16,8,0,0,0,0,8,11,7,11,0,0,0,0,2,4,8,11,0,0,0,0,0,1,14,3,0,0,0,0,0,9,12,0,0,0,0,0,0,14,16,15,14,7,0,0,0,8,12,12,15,10,0,2
digit_02547,0,0,6,15,2,0,0,0,0,0,14,11,0,0,0,0,0,0,16,8,0,0,0,0,0,4,16,4,0,0,0,0,0,6,16,11,8,3,0,0,0,7,16,16,14,15,3,0,0,0,16,13,8,16,7,0,0,0,7,16,16,10,1,0,6
digit_02548,0,0,15,16,16,14,0,0,0,0,3,4,13,13,0,0,0,0,0,0,14,10,0,0,0,0,5,13,16,5,0,0,0,0,10,16,16,16,8,0,0,0,2,16,7,7,1,0,0,0,8,16,0,0,0,0,0,0,14,11,0,0,0,0,7
digit_02549,0,0,0,1,15,11,0,0,0,0,0,6,16,6,0,0,0,0,0,13,14,1,0,0,0,0,8,15,5,9,4,0,0,7,16,8,6,16,7,0,0,13,16,16,16,16,5,0,0,0,0,7,15,15,0,0,0,0,0,1,16,10,0,0,4
digit_02550,0,0,6,11,0,0,0,0,0,0,8,16,1,0,0,0,0,0,11,16,1,0,0,0,0,0,14,13,2,0,0,0,0,0,13,16,16,13,3,0,0,0,15,14,8,14,12,0,0,0,14,11,7,15,10,0,0,0,4,13,16,10,2,0,6
digit_02551,0,0,6,15,11,8,3,0,0,2,16,16,16,16,11,0,0,0,15,11,7,16,8,0,0,0,8,16,15,4,0,0,0,0,5,16,7,0,0,0,0,0,15,15,13,0,0,0,0,1,16,11,16,2,0,0,0,0,12,16,12,0,0,0,8
digit_02552,0,0,13,12,10,12,8,0,0,2,16,16,16,14,5,0,0,3,16,5,2,0,0,0,0,7,16,10,7,0,0,0,0,5,12,12,16,15,1,0,0,0,0,0,7,16,4,0,0,0,4,6,7,15,3,0,0,0,10,16,16,8,0,0,5
digit_02553,0,0,8,16,14,4,0,0,0,5,16,11,12,13,1,0,0,8,16,0,8,16,0,0,0,6,16,7,8,16,5,0,0,0,8,12,12,16,8,0,0,0,0,0,0,12,9,0,0,0,5,10,1,15,5,0,0,0,10,16,14,12,2,0,9
digit_02554,0,0,0,7,16,0,0,0,0,0,0,16,11,0,0,0,0,0,6,16,6,0,0,0,0,0,14,13,0,11,7,0,0,11,16,2,8,16,1,0,5,16,16,16,16,14,0,0,0,4,9,14,16,7,0,0,0,0,0,9,15,1,0,0,4
digit_02555,0,0,2,14,9,2,0,0,0,0,10,16,16,13,0,0,0,0,12,6,3,14,4,0,0,1,13,2,0,6,8,0,0,7,14,0,0,7,7,0,0,2,16,2,0,12,4,0,0,0,11,12,12,15,0,0,0,0,2,14,14,2,0,0,0
digit_02556,0,1,16,16,15,3,0,0,0,0,7,6,16,10,0,0,0,0,0,1,16,8,0,0,0,0,6,15,15,2,0,0,0,0,7,16,16,11,3,0,0,0,5,16,14,16,7,0,0,0,10,12,1,4,1,0,0,0,16,6,0,0,0,0,7
digit_02557,0,0,0,2,12,1,0,0,0,0,0,10,13,0,0,0,0,0,0,15,4,0,0,0,0,0,8,12,0,7,1,0,0,5,16,2,7,16,4,0,0,15,16,13,16,11,0,0,1,6,8,9,16,7,0,0,0,0,0,3,15,1,0,0,4
digit_02558,0,0,14,16,15,10,0,0,0,0,8,12,14,16,0,0,0,0,0,0,12,12,0,0,0,0,7,12,16,9,0,0,0,0,16,16,16,16,7,0,0,0,2,16,12,10,3,0,0,0,8,16,1,0,0,0,0,1,16,11,0,0,0,0,7
digit_02559,0,0,0,4,8,0,0,0,0,0,0,11,8,0,0,0,0,0,0,13,6,0,0,0,0,0,2,15,2,3,0,0,0,0,11,10,4,16,2,0,0,11,14,0,9,16,2,0,0,9,15,12,15,16,0,0,0,0,2,6,15,6,0,0,4
digit_02560,0,0,11,16,16,9,0,0,0,0,10,8,12,11,0,0,0,0,0,0,12,6,0,0,0,0,8,13,16,6,0,0,0,0,7,14,14,13,6,0,0,0,0,13,3,0,0,0,0,0,6,15,0,0,0,0,0,0,11,10,0,0,0,0,7
digit_02561,0,0,5,12,11,4,0,0,0,3,16,16,16,16,1,0,0,9,13,1,14,16,1,0,0,4,16,4,13,16,3,0,0,0,12,16,16,16,4,0,0,0,0,0,1,13,7,0,0,0,3,8,6,14,8,0,0,0,5,16,16,14,3,0,9
digit_02562,0,0,4,12,14,12,3,0,0,0,15,14,10,16,3,0,0,2,16,8,8,5,0,0,0,7,16,16,16,15,2,0,0,3,7,2,2,14,5,0,0,0,0,0,2,15,3,0,0,0,3,11,14,13,0,0,0,0,8,15,11,4,0,0,5
digit_02563,0,1,13,16,16,15,4,0,0,0,7,8,10,16,4,0,0,0,0,0,9,16,0,0,0,0,8,12,16,16,7,0,0,0,12,15,16,14,10,0,0,0,0,14,8,0,0,0,0,0,8,14,2,0,0,0,0,2,16,9,0,0,0,0,7
digit_02564,0,1,9,15,12,5,0,0,0,10,16,14,16,16,1,0,0,2,14,12,15,14,0,0,0,0,7,16,15,5,0,0,0,0,7,16,12,0,0,0,0,0,14,16,13,0,0,0,0,0,16,15,16,4,0,0,0,0,12,16,13,2,0,0,8
digit_02565,0,0,5,16,16,7,0,0,0,1,9,16,16,8,0,0,0,0,4,16,16,12,0,0,0,0,8,16,16,8,0,0,0,0,5,16,16,12,0,0,0,0,7,16,16,13,0,0,0,0,8,16,16,16,4,0,0,0,7,13,15,10,2,0,1
digit_02566,0,1,12,16,16,16,6,0,0,0,7,8,6,16,13,0,0,0,0,0,3,16,7,0,0,0,3,7,11,14,1,0,0,0,10,16,16,15,3,0,0,0,1,15,15,15,3,0,0,0,7,16,6,0,0,0,0,0,15,13,0,0,0,0,7
digit_02567,0,0,9,11,4,1,0,0,0,1,16,16,16,1,0,0,0,0,16,16,16,0,0,0,0,1,15,16,16,4,0,0,0,0,14,16,16,4,0,0,0,1,16,16,16,7,0,0,0,0,16,16,16,8,0,0,0,0,6,12,12,7,2,0,1
digit_02568,0,0,7,16,16,16,8,0,0,0,9,7,4,14,11,0,0,0,0,2,5,16,3,0,0,0,1,15,16,16,5,0,0,0,0,13,16,15,9,0,0,0,0,10,10,3,1,0,0,0,3,16,3,0,0,0,0,0,9,12,0,0,0,0,7
digit_02569,0,0,14,3,0,0,0,0,0,6,16,2,0,0,0,0,0,8,16,0,0,0,0,0,0,8,16,4,3,0,0,0,0,8,16,16,16,14,1,0,0,8,16,5,5,16,8,0,0,4,16,2,7,16,2,0,0,0,12,16,15,7,0,0,6
digit_02570,0,0,14,11,1,0,0,0,0,11,14,15,8,0,0,0,0,6,6,1,16,0,0,0,0,0,0,2,15,0,0,0,0,0,0,5,15,0,0,0,0,0,0,8,11,0,0,0,0,0,8,16,13,8,7,0,0,0,11,16,15,13,15,1,2
digit_02571,0,0,6,12,13,5,0,0,0,0,14,9,8,16,2,0,0,0,5,1,6,15,3,0,0,0,0,3,16,8,0,0,0,0,2,14,8,0,0,0,0,0,11,13,0,0,0,0,0,1,16,5,0,0,0,0,0,0,9,15,13,10,8,0,2
digit_02572,0,0,0,13,14,0,0,0,0,0,5,16,7,0,0,0,0,0,8,13,0,0,0,0,0,0,12,11,0,0,0,0,0,1,16,16,14,2,0,0,0,0,10,11,10,14,0,0,0,0,7,13,9,15,0,0,0,0,1,11,15,8,0,0,6
digit_02573,0,4,12,13,16,16,4,0,0,12,16,16,11,8,5,0,0,16,13,5,0,0,0,0,0,8,14,0,0,0,0,0,0,1,15,6,0,0,0,0,0,0,7,15,0,0,0,0,0,0,8,16,0,0,0,0,0,3,16,12,0,0,0,0,5
digit_02574,0,0,0,9,12,0,0,0,0,0,4,16,6,0,0,0,0,3,15,10,0,10,7,0,0,10,14,0,6,16,4,0,0,10,15,12,14,13,0,0,0,0,5,9,16,7,0,0,0,0,0,5,16,2,0,0,0,0,0,9,12,0,0,0,4
digit_02575,0,0,0,16,14,1,0,0,0,0,7,16,15,2,0,0,0,9,16,16,11,0,0,0,1,15,15,16,10,0,0,0,0,2,3,16,9,0,0,0,0,0,0,16,9,0,0,0,0,0,2,16,6,0,0,0,0,0,0,16,8,0,0,0,1
digit_02576,0,1,11,16,16,4,0,0,0,8,12,4,14,8,0,0,0,5,2,0,12,8,0,0,0,0,1,7,16,11,1,0,0,0,10,16,16,16,11,0,0,0,0,14,8,0,1,0,0,0,6,15,1,0,0,0,0,1,15,4,0,0,0,0,7
digit_02577,0,0,7,13,16,11,4,0,0,1,16,5,2,13,12,0,0,4,14,0,4,15,4,0,0,2,15,13,16,8,0,0,0,0,1,8,15,1,0,0,0,0,1,13,5,0,0,0,0,0,9,10,0,0,0,0,0,0,12,6,0,0,0,0,9
digit_02578,0,0,0,4,16,9,0,0,0,0,0,11,16,9,0,0,0,0,6,16,16,3,0,0,0,7,15,16,16,2,0,0,0,9,16,13,15,0,0,0,0,0,0,10,13,0,0,0,0,0,0,10,15,0,0,0,0,0,0,6,16,6,0,0,1
digit_02579,0,3,12,16,16,16,4,0,0,8,11,6,4,12,15,0,0,1,0,0,6,15,10,0,0,0,0,7,16,7,0,0,0,0,0,10,14,1,0,0,0,0,0,1,15,9,0,0,0,0,6,2,13,12,0,0,0,2,16,16,14,3,0,0,3
digit_02580,0,0,2,15,12,0,0,0,0,0,10,15,3,0,0,0,0,8,16,4,0,13,7,0,0,10,16,1,2,16,10,0,0,9,16,12,14,14,1,0,0,0,6,12,16,7,0,0,0,0,0,14,13,0,0,0,0,0,2,16,8,0,0,0,4
digit_02581,0,0,4,14,11,3,0,0,0,1,14,15,16,14,0,0,0,3,16,2,3,11,4,0,0,6,11,0,0,6,6,0,0,7,13,0,0,8,7,0,0,2,15,0,0,14,3,0,0,0,12,6,11,13,0,0,0,0,4,12,13,2,0,0,0
digit_02582,0,0,5,14,1,0,0,0,0,0,10,14,0,0,0,0,0,1,16,6,1,9,3,0,0,8,16,0,11,15,1,0,0,10,16,8,16,6,0,0,0,0,6,14,16,4,0,0,0,0,0,13,16,2,0,0,0,0,2,16,9,1,0,0,4
digit_02583,0,0,0,12,12,1,0,0,0,0,6,16,8,0,0,0,0,0,11,11,0,0,0,0,0,0,13,6,0,0,0,0,0,0,15,16,16,15,5,0,0,0,14,14,4,5,15,1,0,0,8,14,2,6,16,3,0,0,0,8,13,15,9,0,6
digit_02584,0,2,13,16,16,13,1,0,0,14,15,8,10,16,4,0,0,5,2,0,6,16,4,0,0,0,8,16,16,16,9,0,0,0,5,14,16,9,2,0,0,0,2,16,11,0,0,0,0,0,8,16,3,0,0,0,0,2,16,9,0,0,0,0,7
digit_02585,0,0,5,9,16,13,4,0,0,1,15,8,5,14,12,0,0,0,4,0,4,14,8,0,0,0,0,2,14,10,0,0,0,0,0,12,14,0,0,0,0,0,7,14,3,0,0,0,0,0,15,10,0,0,0,0,0,0,4,12,12,6,0,0,2
digit_02586,0,0,11,14,4,0,0,0,0,6,15,14,16,5,0,0,0,11,10,12,16,12,0,0,0,2,12,10,3,14,6,0,0,0,0,0,0,12,8,0,0,0,0,0,0,11,10,0,0,0,0,1,7,14,4,0,0,0,12,16,12,4,0,0,9
digit_02587,0,0,4,14,15,6,0,0,0,1,15,9,8,15,0,0,0,5,12,0,12,15,3,0,0,3,16,16,12,16,6,0,0,0,1,3,0,13,8,0,0,0,0,0,2,16,5,0,0,0,0,4,14,11,0,0,0,0,10,16,9,0,0,0,9
digit_02588,0,2,15,16,15,7,0,0,0,8,16,14,12,14,3,0,0,6,16,5,0,0,0,0,0,2,15,11,0,0,0,0,0,0,5,16,6,0,0,0,0,0,0,12,15,0,0,0,0,0,6,14,14,0,0,0,0,2,13,16,4,0,0,0,5
digit_02589,0,0,0,9,13,0,0,0,0,0,5,16,13,4,0,0,0,0,12,12,0,0,0,0,0,0,14,5,0,0,0,0,0,0,16,11,15,11,0,0,0,0,13,16,13,15,8,0,0,0,7,16,5,13,10,0,0,0,0,9,13,13,3,0,6
digit_02590,0,0,0,0,15,5,0,0,0,0,0,5,16,9,0,0,0,0,1,15,16,5,0,0,0,6,13,16,16,7,0,0,0,7,16,10,16,6,0,0,0,0,0,2,16,6,0,0,0,0,0,2,16,6,0,0,0,0,0,1,15,12,0,0,1
digit_02591,0,0,0,7,12,1,0,0,0,0,3,16,12,0,0,0,0,0,8,13,0,0,0,0,0,0,14,9,1,0,0,0,0,0,14,16,16,16,5,0,0,0,12,16,11,6,16,1,0,0,6,15,2,7,15,2,0,0,0,8,13,12,6,0,6
digit_02592,0,0,10,15,10,5,0,0,0,0,14,16,16,16,3,0,0,0,13,14,1,1,0,0,0,0,5,14,2,0,0,0,0,0,0,13,8,0,0,0,0,0,0,7,14,1,0,0,0,0,9,13,16,2,0,0,0,0,12,16,15,1,0,0,5
digit_02593,0,0,1,10,9,0,0,0,0,0,7,16,14,0,0,0,0,4,14,16,15,0,0,0,0,12,14,16,16,0,0,0,0,0,0,15,16,2,0,0,0,0,0,14,16,2,0,0,0,0,0,12,15,0,0,0,0,0,0,6,16,2,0,0,1
digit_02594,0,3,13,16,16,12,0,0,0,13,16,15,8,10,3,0,0,12,16,2,0,0,0,0,0,3,15,9,0,0,0,0,0,0,7,16,2,0,0,0,0,0,1,16,8,0,0,0,0,0,10,16,5,0,0,0,0,3,16,13,0,0,0,0,5
digit_02595,0,0,0,9,12,0,0,0,0,0,1,14,12,0,0,0,0,0,11,13,0,6,8,0,0,4,16,4,2,15,7,0,0,10,14,4,11,14,1,0,0,3,14,16,16,6,0,0,0,0,0,10,14,0,0,0,0,0,0,10,10,0,0,0,4
digit_02596,0,0,2,10,16,13,2,0,0,0,13,10,4,13,9,0,0,1,16,1,0,12,12,0,0,0,13,16,14,16,9,0,0,0,0,0,1,11,8,0,0,0,0,0,0,15,4,0,0,0,0,0,4,16,3,0,0,0,3,13,15,6,0,0,9
digit_02597,0,0,8,16,6,1,0,0,0,0,13,16,16,15,0,0,0,3,16,2,0,13,3,0,0,6,14,0,0,11,6,0,0,3,13,0,0,13,5,0,0,0,16,0,6,15,1,0,0,0,13,10,15,9,0,0,0,0,4,12,11,0,0,0,0
digit_02598,0,1,10,12,14,9,0,0,0,11,11,5,5,16,4,0,0,4,3,0,2,16,2,0,0,0,0,0,12,9,0,0,0,0,1,13,10,0,0,0,0,0,9,13,0,0,0,0,0,2,16,4,0,0,0,0,0,1,13,15,12,2,0,0,2
digit_02599,0,0,6,14,6,1,0,0,0,0,14,16,14,9,0,0,0,3,16,3,1,15,1,0,0,4,13,0,0,11,5,0,0,2,14,0,0,11,8,0,0,2,16,2,2,16,4,0,0,0,12,9,12,12,0,0,0,0,4,13,11,1,0,0,0
digit_02600,0,4,16,16,15,5,0,0,0,7,15,13,13,14,5,0,0,2,15,8,0,0,1,0,0,0,6,15,4,0,0,0,0,0,0,15,7,0,0,0,0,0,0,11,12,0,0,0,0,0,2,15,9,0,0,0,0,1,16,15,3,0,0,0,5
digit_02601,0,0,0,14,12,0,0,0,0,0,1,16,16,2,0,0,0,0,0,16,15,0,0,0,0,0,1,16,15,0,0,0,0,0,0,15,16,0,0,0,0,0,1,16,15,0,0,0,0,0,1,16,14,0,0,0,0,0,0,11,16,3,0,0,1
digit_02602,0,3,13,15,16,6,0,0,0,15,16,13,9,16,5,0,0,11,16,2,0,4,3,0,0,2,15,9,0,0,0,0,0,0,7,16,1,0,0,0,0,0,3,15,5,0,0,0,0,0,6,16,5,0,0,0,0,4,16,10,0,0,0,0,5
digit_02603,0,0,5,16,1,0,0,0,0,0,11,11,0,0,6,5,0,0,14,7,0,2,15,6,0,3,16,10,1,12,12,0,0,0,14,16,16,16,4,0,0,0,1,11,16,7,0,0,0,0,0,13,10,0,0,0,0,0,7,15,1,0,0,0,4
digit_02604,0,0,11,13,12,7,0,0,0,2,15,4,5,16,4,0,0,0,16,5,13,11,0,0,0,0,7,16,10,1,0,0,0,0,8,16,4,0,0,0,0,0,15,5,11,0,0,0,0,3,13,4,12,0,0,0,0,1,11,16,8,0,0,0,8
digit_02605,0,0,0,8,16,13,1,0,0,0,4,16,11,13,9,0,0,6,15,10,0,11,11,0,0,8,16,13,14,16,9,0,0,1,9,8,11,16,4,0,0,0,0,0,12,12,0,0,0,0,0,6,16,2,0,0,0,0,0,11,10,0,0,0,9
digit_02606,0,0,2,8,12,13,2,0,0,2,16,15,6,8,8,0,0,7,11,5,2,13,7,0,0,6,15,13,15,15,1,0,0,0,3,2,9,6,0,0,0,0,0,1,14,1,0,0,0,0,0,7,10,0,0,0,0,0,0,13,3,0,0,0,9
digit_02607,0,2,15,16,13,2,0,0,0,3,15,10,14,9,0,0,0,0,0,0,14,10,0,0,0,0,0,10,16,2,0,0,0,0,2,16,10,0,0,0,0,0,12,13,1,0,0,0,0,2,16,12,8,10,13,2,0,2,13,16,16,16,16,3,2
digit_02608,0,0,6,15,13,1,0,0,0,1,16,10,5,12,0,0,0,8,16,5,0,9,1,0,0,7,15,0,0,7,5,0,0,5,14,0,0,5,9,0,0,2,14,0,1,12,6,0,0,0,10,11,15,16,3,0,0,0,2,11,11,4,0,0,0
digit_02609,0,0,1,16,9,0,0,0,0,0,3,16,16,2,0,0,0,0,5,16,15,1,0,0,0,0,4,16,11,0,0,0,0,0,3,16,15,0,0,0,0,0,1,16,12,0,0,0,0,0,2,16,14,0,0,0,0,0,0,14,9,0,0,0,1
digit_02610,0,0,3,14,10,0,0,0,0,0,10,13,11,9,0,0,0,0,15,9,0,9,1,0,0,0,16,6,0,6,5,0,0,0,15,4,0,10,6,0,0,0,14,0,2,16,3,0,0,0,12,11,15,12,0,0,0,0,2,13,10,1,0,0,0
digit_02611,0,0,12,11,0,0,0,0,0,8,16,4,0,5,3,0,0,11,16,0,4,16,9,0,0,11,16,8,13,14,1,0,0,2,13,16,16,8,0,0,0,0,1,15,10,0,0,0,0,0,5,16,3,0,0,0,0,0,12,12,0,0,0,0,4
digit_02612,0,0,0,16,7,0,0,0,0,0,0,15,16,3,0,0,0,0,0,14,16,4,0,0,0,0,0,16,16,2,0,0,0,0,0,15,16,2,0,0,0,0,3,16,14,0,0,0,0,0,0,14,14,0,0,0,0,0,0,13,12,0,0,0,1
digit_02613,0,0,2,13,9,1,0,0,0,0,13,14,10,10,0,0,0,0,14,3,0,8,0,0,0,0,15,9,0,5,3,0,0,0,16,8,0,7,5,0,0,0,16,7,2,16,2,0,0,0,11,9,13,14,1,0,0,0,2,15,13,1,0,0,0
digit_02614,0,0,5,15,13,1,0,0,0,0,12,16,12,10,0,0,0,0,14,8,0,13,3,0,0,0,16,9,0,10,9,0,0,0,16,13,0,8,9,0,0,1,16,6,2,16,9,0,0,0,13,12,15,15,2,0,0,0,6,16,16,7,0,0,0
digit_02615,0,0,11,14,10,2,0,0,0,0,12,13,13,15,0,0,0,0,3,11,12,12,1,0,0,0,0,15,12,0,0,0,0,0,5,15,10,0,0,0,0,0,12,4,11,0,0,0,0,0,14,1,12,2,0,0,0,0,10,16,10,0,0,0,8
digit_02616,0,0,4,10,13,3,0,0,0,0,16,15,14,11,0,0,0,0,5,1,10,12,0,0,0,0,0,2,16,5,0,0,0,0,0,11,13,0,0,0,0,0,4,16,3,0,0,0,0,0,9,14,4,4,4,1,0,0,4,14,16,15,12,5,2
digit_02617,0,0,0,10,13,5,0,0,0,0,11,12,8,15,2,0,0,6,16,1,1,14,4,0,0,6,16,8,13,16,5,0,0,2,13,12,16,12,0,0,0,0,0,0,14,6,0,0,0,0,0,4,14,1,0,0,0,0,0,11,5,0,0,0,9
digit_02618,0,0,11,16,16,8,0,0,0,0,11,12,8,13,0,0,0,0,7,10,0,0,0,0,0,0,3,13,0,0,0,0,0,0,0,14,2,0,0,0,0,0,0,13,6,0,0,0,0,0,6,12,10,0,0,0,0,0,11,16,9,0,0,0,5
digit_02619,0,0,0,12,1,0,0,0,0,0,4,16,3,0,0,0,0,0,7,14,0,0,0,0,0,0,9,10,4,2,0,0,0,0,12,16,16,15,5,0,0,0,10,9,0,0,12,1,0,0,7,11,1,5,15,2,0,0,0,11,16,15,8,0,6
digit_02620,0,0,12,12,0,0,5,1,0,2,16,9,0,4,16,5,0,1,16,13,5,13,12,0,0,0,7,16,16,16,6,0,0,0,0,3,16,9,0,0,0,0,1,12,12,0,0,0,0,0,7,16,1,0,0,0,0,0,12,7,0,0,0,0,4
digit_02621,0,0,10,13,11,2,0,0,0,0,9,11,10,15,0,0,0,0,0,1,12,14,2,0,0,0,0,15,16,5,0,0,0,0,0,4,7,14,6,0,0,0,0,0,0,6,12,0,0,0,11,4,5,14,10,0,0,0,13,16,16,10,0,0,3
digit_02622,0,0,11,16,16,16,9,0,0,0,3,8,8,15,12,0,0,0,0,0,4,16,6,0,0,3,8,8,12,14,0,0,0,10,16,16,16,15,1,0,0,1,4,11,15,2,0,0,0,0,1,15,8,0,0,0,0,0,10,13,1,0,0,0,7
digit_02623,0,0,0,10,13,0,0,0,0,0,4,16,7,0,0,0,0,0,12,13,0,0,0,0,0,0,13,8,0,0,0,0,0,0,13,6,3,8,1,0,0,0,12,14,16,14,14,2,0,0,7,16,13,6,11,8,0,0,0,10,15,16,13,2,6
digit_02624,0,0,12,16,12,16,3,0,0,0,14,14,8,8,1,0,0,0,7,15,1,0,0,0,0,0,1,14,11,0,0,0,0,0,0,6,16,1,0,0,0,0,0,0,12,11,0,0,0,2,7,6,14,13,0,0,0,0,12,16,16,6,0,0,5
digit_02625,0,1,15,10,0,0,0,0,0,7,16,5,1,13,6,0,0,9,16,3,9,16,4,0,0,3,15,16,16,11,0,0,0,0,2,14,15,3,0,0,0,0,3,16,8,0,0,0,0,0,12,15,0,0,0,0,0,1,16,5,0,0,0,0,4
digit_02626,0,0,2,16,7,0,0,0,0,0,5,16,16,2,0,0,0,0,4,16,16,1,0,0,0,0,3,16,16,0,0,0,0,0,1,16,16,0,0,0,0,0,3,16,16,0,0,0,0,0,4,16,16,0,0,0,0,0,0,14,16,0,0,0,1
digit_02627,0,2,16,16,16,16,4,0,0,1,8,8,12,16,6,0,0,0,0,1,14,13,0,0,0,1,4,6,16,8,0,0,0,9,16,16,16,13,2,0,0,2,11,16,10,7,0,0,0,0,12,13,0,0,0,0,0,2,16,7,0,0,0,0,7
digit_02628,0,0,8,15,11,1,0,0,0,1,14,14,14,10,0,0,0,3,16,3,0,9,3,0,0,5,14,0,0,6,6,0,0,5,13,0,0,7,7,0,0,4,12,0,0,13,6,0,0,1,16,13,16,12,0,0,0,0,7,16,12,1,0,0,0
digit_02629,0,0,0,7,12,1,0,0,0,0,7,16,9,1,0,0,0,0,12,11,0,0,0,0,0,0,14,4,0,0,0,0,0,0,15,1,0,0,0,0,0,0,11,13,16,16,8,0,0,0,9,16,13,11,16,3,0,0,0,9,12,13,9,0,6
digit_02630,0,0,2,16,11,1,0,0,0,0,0,16,16,2,0,0,0,0,1,16,16,6,0,0,0,0,0,15,16,3,0,0,0,0,1,15,16,2,0,0,0,0,2,16,15,1,0,0,0,0,1,16,14,0,0,0,0,0,2,16,8,0,0,0,1
digit_02631,0,1,14,7,0,0,0,0,0,8,16,2,0,3,5,0,0,10,12,0,1,14,11,0,0,9,15,1,9,16,3,0,0,1,15,16,16,8,0,0,0,0,5,16,13,5,0,0,0,0,12,13,0,0,0,0,0,2,16,6,0,0,0,0,4
digit_02632,0,2,16,16,16,7,0,0,0,0,7,8,11,16,3,0,0,0,0,2,12,16,4,0,0,0,1,16,16,6,0,0,0,0,2,12,16,10,0,0,0,0,0,0,4,16,4,0,0,0,10,8,11,16,7,0,0,1,14,16,16,12,1,0,3
digit_02633,0,0,9,14,16,13,2,0,0,8,16,16,14,9,1,0,0,15,16,14,4,0,0,0,0,4,12,13,16,6,0,0,0,0,0,0,8,15,0,0,0,0,0,0,5,16,3,0,0,1,11,10,15,11,0,0,0,0,9,16,13,3,0,0,5
digit_02634,0,2,7,16,15,8,0,0,0,5,16,11,15,12,0,0,0,0,11,15,13,0,0,0,0,0,3,16,1,0,0,0,0,0,9,16,1,0,0,0,0,0,13,10,5,0,0,0,0,0,14,9,8,0,0,0,0,0,6,16,5,0,0,0,8
digit_02635,0,0,3,12,10,0,0,0,0,0,10,11,5,10,0,0,0,1,16,7,0,10,2,0,0,2,16,2,0,6,6,0,0,3,15,10,0,7,7,0,0,0,12,7,0,10,5,0,0,0,13,2,6,15,1,0,0,0,3,15,14,7,0,0,0
digit_02636,0,0,0,12,16,13,0,0,0,0,6,16,10,5,0,0,1,14,2,6,0,0,0,0,0,12,11,0,0,0,0,0,0,3,14,11,1,0,0,0,0,0,3,13,11,0,0,0,0,0,0,5,16,6,0,0,0,0,0,13,16,6,0,0,5
digit_02637,0,0,1,16,12,1,0,0,0,0,0,16,16,5,0,0,0,0,2,16,16,7,0,0,0,0,4,16,16,0,0,0,0,0,9,16,12,0,0,0,0,0,13,16,8,0,0,0,0,0,10,16,10,0,0,0,0,0,2,15,16,5,0,0,1
digit_02638,0,0,3,12,15,7,0,0,0,0,4,9,3,12,0,0,0,0,13,5,11,5,0,0,0,0,3,16,11,0,0,0,0,0,2,16,9,0,0,0,0,0,10,6,11,6,0,0,0,0,13,3,7,12,0,0,0,0,4,15,13,8,0,0,8
digit_02639,0,0,0,13,9,0,5,1,0,0,11,13,1,4,15,2,0,4,16,1,0,13,10,0,0,11,14,8,10,16,4,0,0,5,15,16,16,13,2,0,0,0,0,7,14,0,0,0,0,0,0,11,8,0,0,0,0,0,0,14,2,0,0,0,4
digit_02640,0,0,4,14,11,1,0,0,0,0,9,8,10,9,0,0,0,0,7,0,14,4,0,0,0,0,9,11,14,1,0,0,0,0,1,15,8,0,0,0,0,0,3,13,12,5,0,0,0,0,8,8,4,14,0,0,0,0,3,15,16,13,0,0,8
digit_02641,0,0,9,16,16,10,1,0,0,10,16,9,4,16,4,0,0,13,12,0,8,14,5,0,0,7,16,15,16,12,0,0,0,0,1,4,15,13,0,0,0,0,0,10,16,6,0,0,0,0,5,16,10,0,0,0,0,0,9,16,1,0,0,0,9
digit_02642,0,0,2,13,16,16,9,0,0,0,12,10,4,7,12,0,0,1,15,8,2,6,4,0,0,0,4,10,16,9,0,0,0,0,0,0,2,16,0,0,0,0,0,0,9,11,0,0,0,0,0,5,15,4,0,0,0,0,0,13,9,0,0,0,9
digit_02643,0,0,3,13,12,2,0,0,0,0,14,16,13,12,0,0,0,2,16,12,0,12,4,0,0,6,15,0,0,10,6,0,0,3,13,0,0,7,9,0,0,3,12,0,1,12,6,0,0,1,13,9,13,16,2,0,0,0,5,14,13,4,0,0,0
digit_02644,0,0,0,9,9,0,0,0,0,0,7,15,3,0,0,0,0,0,11,8,0,0,0,0,0,0,14,4,2,3,0,0,0,0,12,12,16,12,10,0,0,0,9,14,8,0,8,4,0,0,4,9,1,2,14,5,0,0,0,6,11,14,8,0,6
digit_02645,0,0,2,7,14,14,2,0,0,2,15,9,5,15,3,0,0,2,16,8,8,15,0,0,0,0,4,7,11,15,2,0,0,0,0,0,0,16,6,0,0,0,0,0,10,13,1,0,0,0,0,6,14,2,0,0,0,0,0,10,4,0,0,0,9
digit_02646,0,0,0,11,12,1,0,0,0,0,2,14,16,3,0,0,0,0,5,16,11,0,0,0,0,0,7,16,8,0,0,0,0,0,6,16,8,0,0,0,0,0,10,16,7,0,0,0,0,0,7,16,9,4,0,0,0,0,0,10,16,12,1,0,1
digit_02647,0,3,13,16,16,16,15,1,0,3,9,5,6,16,11,0,0,0,0,0,10,14,1,0,0,0,0,6,16,3,0,0,0,0,0,14,11,0,0,0,0,0,8,15,2,0,0,0,0,1,14,12,0,0,0,0,0,5,16,5,0,0,0,0,7
digit_02648,0,1,13,16,16,7,0,0,0,0,10,8,15,12,0,0,0,0,0,1,16,7,0,0,0,1,13,15,16,13,7,0,0,0,8,16,14,12,8,0,0,0,8,16,1,0,0,0,0,0,14,11,0,0,0,0,0,1,16,4,0,0,0,0,7
digit_02649,0,0,2,13,12,1,0,0,0,0,15,12,9,10,0,0,0,2,16,2,0,9,1,0,0,4,16,1,0,4,5,0,0,2,16,4,0,2,9,0,0,0,14,0,0,6,8,0,0,0,12,7,5,15,4,0,0,0,2,13,15,6,0,0,0
digit_02650,0,0,3,14,3,0,1,8,0,0,9,15,0,1,13,11,0,0,14,14,0,9,14,2,0,0,14,16,16,16,7,0,0,0,3,13,16,11,1,0,0,0,0,7,15,1,0,0,0,0,0,14,10,0,0,0,0,0,2,15,4,0,0,0,4
digit_02651,0,0,1,11,7,0,2,1,0,0,10,13,0,1,13,6,0,4,16,3,0,10,12,0,0,3,16,11,9,16,3,0,0,0,9,16,16,8,0,0,0,0,0,9,11,0,0,0,0,0,0,14,3,0,0,0,0,0,0,14,4,0,0,0,4
digit_02652,0,0,2,15,9,0,0,0,0,0,3,16,12,8,0,0,0,0,8,14,3,10,2,0,0,0,14,5,0,6,6,0,0,2,15,0,0,3,9,0,0,1,15,0,0,1,12,0,0,0,12,9,5,11,11,0,0,0,2,14,16,10,3,0,0
digit_02653,0,0,3,15,14,3,0,0,0,0,13,8,2,11,0,0,0,3,16,7,0,10,1,0,0,4,14,0,0,7,5,0,0,2,12,0,0,5,7,0,0,2,13,0,0,10,5,0,0,0,13,3,6,14,1,0,0,0,3,15,14,4,0,0,0
digit_02654,0,0,2,13,1,0,0,0,0,0,11,10,1,0,0,0,0,2,15,1,0,0,0,0,0,6,11,1,4,1,0,0,0,7,10,9,16,14,1,0,0,4,12,7,6,7,10,0,0,1,13,6,2,10,14,0,0,0,3,12,13,13,3,0,6
digit_02655,0,0,5,14,12,5,0,0,0,0,3,16,16,9,0,0,0,0,2,16,16,7,0,0,0,0,5,16,16,3,0,0,0,0,10,16,16,4,0,0,0,0,9,16,14,1,0,0,0,0,8,16,16,2,0,0,0,0,8,15,13,4,0,0,1
digit_02656,0,0,11,14,10,3,0,0,0,0,6,8,12,15,3,0,0,0,0,0,6,16,5,0,0,0,0,6,15,12,1,0,0,0,5,16,13,1,0,0,0,0,15,13,0,0,0,0,0,5,16,8,4,2,0,0,0,1,10,16,16,10,0,0,2
digit_02657,0,0,2,10,16,16,2,0,0,1,16,15,5,1,0,0,0,8,13,0,0,0,0,0,0,12,11,0,0,0,0,0,0,5,16,7,0,0,0,0,0,0,3,13,12,0,0,0,0,0,0,4,16,0,0,0,0,0,0,14,12,0,0,0,5
digit_02658,0,0,0,3,15,1,0,0,0,0,0,12,11,1,5,0,0,0,6,16,2,6,16,0,0,3,16,7,0,16,6,0,0,10,16,12,14,16,5,0,0,11,14,12,16,13,1,0,0,0,0,0,16,6,0,0,0,0,0,5,14,2,0,0,4
digit_02659,0,1,8,12,15,6,0,0,0,2,12,8,13,15,2,0,0,0,0,0,13,16,1,0,0,0,0,6,16,10,0,0,0,0,6,16,11,0,0,0,0,0,13,16,3,0,0,0,0,0,16,12,2,6,0,0,0,0,8,14,16,10,2,0,2
digit_02660,0,0,13,16,16,8,0,0,0,0,7,5,10,8,0,0,0,0,0,0,14,4,0,0,0,0,7,10,16,13,7,0,0,0,15,16,13,15,10,0,0,0,0,16,1,0,0,0,0,0,8,12,0,0,0,0,0,0,16,3,0,0,0,0,7
digit_02661,0,1,10,13,13,12,1,0,0,6,13,4,4,13,8,0,0,0,1,1,7,16,3,0,0,0,0,15,13,4,0,0,0,0,0,8,15,3,0,0,0,0,0,0,10,13,1,0,0,0,0,1,9,16,2,0,0,1,13,16,12,7,0,0,3
digit_02662,0,3,11,16,16,12,0,0,0,5,9,10,16,16,3,0,0,0,0,8,16,7,0,0,0,0,0,12,14,0,0,0,0,0,0,4,16,9,0,0,0,0,0,0,5,16,6,0,0,0,6,8,12,16,7,0,0,1,13,11,8,3,0,0,3
digit_02663,0,5,16,16,16,3,0,0,0,8,7,5,16,2,0,0,0,3,5,10,14,0,0,0,0,7,16,16,15,12,6,0,0,0,9,14,11,14,6,0,0,0,16,6,0,0,0,0,0,3,15,2,0,0,0,0,0,7,12,0,0,0,0,0,7
digit_02664,0,0,0,9,16,7,0,0,0,0,3,16,16,7,0,0,0,0,11,16,16,0,0,0,0,1,14,16,16,1,0,0,0,0,14,16,14,0,0,0,0,0,10,16,13,1,0,0,0,0,6,16,16,6,0,0,0,0,3,8,15,13,1,0,1
digit_02665,0,0,8,15,16,11,0,0,0,13,16,12,6,4,0,0,1,16,7,0,0,0,0,0,0,12,14,1,0,0,0,0,0,1,14,10,0,0,0,0,0,0,4,16,4,0,0,0,0,0,2,14,8,0,0,0,0,0,11,15,3,0,0,0,5
digit_02666,0,0,13,3,0,0,0,0,0,4,16,4,0,6,12,0,0,9,15,0,6,16,7,0,0,6,16,11,16,9,0,0,0,0,9,16,14,3,0,0,0,0,6,15,3,0,0,0,0,0,13,9,0,0,0,0,0,0,15,7,0,0,0,0,4
digit_02667,0,0,0,0,12,15,2,0,0,0,0,0,12,16,4,0,0,2,4,6,16,16,2,0,0,9,16,16,16,16,0,0,0,1,8,5,15,16,0,0,0,0,0,0,16,16,4,0,0,0,0,0,15,16,5,0,0,0,0,0,9,16,8,0,1
digit_02668,0,0,8,13,12,6,0,0,0,1,14,13,12,6,0,0,0,4,12,2,2,0,0,0,0,5,16,16,16,13,1,0,0,0,3,1,2,15,7,0,0,0,0,0,0,12,8,0,0,0,6,8,8,15,4,0,0,0,7,13,12,5,0,0,5
digit_02669,0,0,6,14,16,16,4,0,0,0,11,12,13,16,7,0,0,0,0,0,9,15,3,0,0,0,1,6,14,14,2,0,0,0,10,16,16,16,9,0,0,0,2,15,11,4,1,0,0,0,4,16,5,0,0,0,0,0,9,13,0,0,0,0,7
digit_02670,0,0,8,11,14,10,0,0,0,0,14,15,7,8,0,0,0,1,14,4,0,0,0,0,0,8,16,9,8,3,0,0,0,4,12,12,14,16,4,0,0,0,0,0,0,13,8,0,0,0,4,8,12,15,4,0,0,0,15,14,12,3,0,0,5
digit_02671,0,2,10,15,9,1,0,0,0,10,13,9,16,4,0,0,0,2,0,5,16,0,0,0,0,0,0,12,16,9,0,0,0,0,0,3,7,16,7,0,0,0,0,0,0,11,9,0,0,0,12,9,9,16,8,0,0,0,13,12,12,6,0,0,3
digit_02672,0,0,0,0,9,7,0,0,0,0,0,9,12,0,0,0,0,0,3,15,2,2,1,0,0,2,15,4,0,14,4,0,0,7,14,0,4,16,0,0,0,8,16,16,16,16,4,0,0,0,0,3,16,5,0,0,0,0,0,0,13,6,0,0,4
digit_02673,0,0,3,16,14,3,0,0,0,0,12,14,14,12,0,0,0,2,16,6,0,15,2,0,0,7,10,0,0,10,4,0,0,8,8,0,0,11,5,0,0,7,10,0,0,13,3,0,0,5,16,13,15,11,0,0,0,0,7,14,13,1,0,0,0
digit_02674,0,0,0,0,8,11,1,0,0,0,0,0,10,16,4,0,0,0,0,8,16,16,0,0,0,0,6,15,16,16,0,0,0,5,15,8,16,14,0,0,0,0,0,0,13,15,0,0,0,0,0,0,12,16,1,0,0,0,0,0,7,15,9,0,1
digit_02675,0,0,4,12,12,6,0,0,0,0,3,6,4,8,0,0,0,3,13,6,8,3,0,0,0,4,16,13,12,15,2,0,0,0,3,0,0,10,8,0,0,0,0,0,0,8,6,0,0,0,7,6,5,14,2,0,0,0,3,14,15,6,0,0,5
digit_02676,0,0,9,14,13,6,0,0,0,4,12,5,8,16,0,0,0,0,0,0,4,13,0,0,0,0,0,3,15,7,0,0,0,0,0,10,16,15,2,0,0,0,0,0,0,13,7,0,0,0,12,4,5,13,2,0,0,0,13,16,14,6,0,0,3
digit_02677,0,0,8,16,12,0,0,0,0,6,16,15,10,0,0,0,0,4,16,14,14,16,6,0,0,0,12,16,15,5,0,0,0,0,12,16,11,0,0,0,0,0,16,10,16,6,0,0,0,0,16,5,13,12,0,0,0,0,10,15,11,1,0,0,8
digit_02678,0,0,0,0,8,11,0,0,0,0,0,2,14,6,0,0,0,0,0,11,9,2,3,0,0,0,9,12,1,11,9,0,0,4,16,6,0,13,5,0,0,8,16,16,16,16,0,0,0,0,0,3,8,15,0,0,0,0,0,0,6,12,0,0,4
digit_02679,0,0,10,16,16,15,0,0,0,3,15,9,8,4,0,0,0,9,13,6,2,0,0,0,0,8,16,16,16,11,0,0,0,1,8,5,10,16,7,0,0,0,0,0,0,12,9,0,0,0,4,9,14,16,4,0,0,0,11,13,11,5,0,0,5
digit_02680,0,0,9,14,6,0,0,0,0,0,16,14,16,6,0,0,0,0,13,12,13,16,1,0,0,0,6,13,10,16,2,0,0,0,0,0,0,12,7,0,0,0,5,1,0,12,8,0,0,1,16,10,8,15,7,0,0,0,8,15,16,11,1,0,9
digit_02681,0,0,7,13,11,3,0,0,0,2,15,8,8,2,0,0,0,6,11,3,3,0,0,0,0,7,16,16,16,13,2,0,0,1,8,5,3,11,10,0,0,0,0,0,0,2,14,0,0,0,2,5,4,10,15,0,0,0,8,16,16,14,4,0,5
digit_02682,0,0,0,10,9,0,0,0,0,0,0,15,9,0,0,0,0,0,6,14,2,11,4,0,0,2,14,7,9,15,2,0,0,11,16,8,14,13,1,0,0,12,16,16,16,16,6,0,0,2,4,10,16,3,0,0,0,0,0,11,15,0,0,0,4
digit_02683,0,0,7,16,10,1,0,0,0,4,16,11,14,13,0,0,0,6,16,4,10,16,5,0,0,2,15,16,12,14,8,0,0,0,0,0,0,12,8,0,0,0,0,0,0,10,8,0,0,0,4,8,8,14,8,0,0,0,8,15,14,11,0,0,9
digit_02684,0,0,3,10,16,7,0,0,0,0,15,12,8,15,0,0,0,5,14,2,10,16,6,0,0,2,14,16,11,3,0,0,0,0,6,16,6,0,0,0,0,0,12,14,15,2,0,0,0,0,11,8,16,8,0,0,0,0,3,14,14,3,0,0,8
digit_02685,0,0,12,16,15,5,0,0,0,3,15,8,7,5,0,0,0,9,13,8,8,2,0,0,0,4,15,12,15,16,3,0,0,0,0,0,1,14,8,0,0,0,1,0,0,11,10,0,0,2,16,9,9,15,3,0,0,0,8,11,13,4,0,0,5
digit_02686,0,1,10,16,6,0,0,0,0,4,12,8,12,0,0,0,0,1,0,2,11,0,0,0,0,0,0,9,16,9,0,0,0,0,0,5,8,16,5,0,0,0,0,0,0,8,9,0,0,2,8,8,7,11,9,0,0,1,13,16,16,10,1,0,3
digit_02687,0,0,9,14,14,9,1,0,0,7,16,10,4,12,0,0,0,8,16,6,6,15,4,0,0,0,11,16,16,9,1,0,0,0,7,16,16,0,0,0,0,1,15,13,15,12,0,0,0,4,16,8,12,15,0,0,0,1,8,13,13,4,0,0,8
digit_02688,0,0,0,8,14,0,0,0,0,0,0,12,12,0,0,0,0,0,1,15,9,5,0,0,0,0,11,15,15,12,0,0,0,3,16,11,16,10,2,0,0,13,16,16,16,16,8,0,0,5,8,12,16,7,0,0,0,0,0,8,16,2,0,0,4
digit_02689,0,0,6,15,13,2,0,0,0,5,15,7,9,10,0,0,0,11,9,1,10,12,0,0,0,2,13,16,13,15,4,0,0,0,0,0,0,13,8,0,0,0,0,0,0,8,11,0,0,0,6,8,4,11,11,0,0,0,5,14,16,14,1,0,9
digit_02690,0,0,13,16,10,0,0,0,0,3,16,11,16,5,0,0,0,0,15,13,15,13,0,0,0,0,5,12,11,16,2,0,0,0,0,0,0,14,10,0,0,0,0,0,0,5,16,0,0,0,7,8,11,13,16,2,0,0,15,16,16,16,11,0,9
digit_02691,0,0,10,16,9,0,0,0,0,8,14,8,16,0,0,0,0,10,2,7,13,0,0,0,0,0,0,10,16,9,0,0,0,0,0,2,9,16,5,0,0,0,0,0,0,9,11,0,0,1,11,5,7,16,6,0,0,0,11,15,14,7,0,0,3
digit_02692,0,0,8,14,13,7,0,0,0,1,16,12,9,16,2,0,0,0,11,11,1,9,0,0,0,0,3,16,16,12,0,0,0,0,6,16,16,2,0,0,0,1,15,10,13,8,0,0,0,1,16,5,9,12,0,0,0,0,11,12,11,3,0,0,8
digit_02693,0,0,0,0,8,15,1,0,0,0,0,0,14,16,5,0,0,0,2,10,16,16,4,0,0,9,16,16,16,16,5,0,0,5,7,4,12,16,4,0,0,0,0,0,8,16,5,0,0,0,0,0,9,16,4,0,0,0,0,0,7,16,5,0,1
digit_02694,0,0,0,0,10,9,0,0,0,0,0,5,15,3,0,0,0,0,3,16,6,2,1,0,0,0,13,9,0,11,6,0,0,6,16,1,1,16,4,0,0,8,16,14,14,16,4,0,0,1,6,7,15,13,0,0,0,0,0,0,10,9,0,0,4
digit_02695,0,0,0,6,14,10,0,0,0,0,5,16,11,7,0,0,0,0,12,13,0,0,0,0,0,5,16,3,0,0,0,0,0,4,16,16,15,7,0,0,0,4,16,11,8,15,5,0,0,1,13,14,8,11,14,0,0,0,0,7,14,16,9,0,6
digit_02696,0,0,0,0,9,13,0,0,0,0,0,7,16,3,0,0,0,0,5,16,4,3,5,0,0,3,13,7,0,10,14,0,0,10,16,16,16,16,11,0,0,5,8,10,13,16,7,0,0,0,0,0,7,16,4,0,0,0,0,0,10,11,0,0,4
digit_02697,0,0,9,14,11,1,0,0,0,3,15,5,5,10,0,0,0,6,14,4,7,12,0,0,0,1,10,16,16,7,0,0,0,0,11,14,12,13,1,0,0,0,16,1,0,8,6,0,0,0,16,5,4,10,8,0,0,0,7,16,16,12,1,0,8
digit_02698,0,0,0,1,15,3,0,0,0,0,0,12,15,0,0,0,0,0,8,16,1,5,12,0,0,4,15,11,3,12,13,0,0,11,16,16,16,16,7,0,0,3,8,10,15,16,1,0,0,0,0,0,15,10,0,0,0,0,0,1,16,5,0,0,4
digit_02699,0,2,8,12,15,15,2,0,0,13,16,16,13,12,3,0,0,12,16,9,0,0,0,0,0,6,16,16,7,0,0,0,0,0,4,10,15,0,0,0,0,0,2,4,16,4,0,0,0,4,16,16,13,0,0,0,0,0,15,15,5,0,0,0,5
digit_02700,0,1,9,16,13,2,0,0,0,7,13,7,8,12,0,0,0,10,11,0,4,16,0,0,0,2,16,16,16,12,0,0,0,0,14,15,16,14,1,0,0,0,15,6,0,9,9,0,0,0,13,12,8,12,9,0,0,0,6,13,12,11,4,0,8
digit_02701,0,0,0,9,12,0,0,0,0,0,4,15,6,1,8,0,0,1,13,12,0,11,14,1,0,10,16,6,5,16,9,0,0,9,16,16,16,16,10,0,0,0,1,5,16,11,0,0,0,0,0,4,16,5,0,0,0,0,0,12,11,0,0,0,4
digit_02702,0,1,8,10,14,15,6,0,0,6,16,11,7,5,2,0,0,3,16,8,0,0,0,0,0,2,16,16,10,0,0,0,0,0,1,3,13,2,0,0,0,0,0,0,9,4,0,0,0,0,11,11,14,1,0,0,0,0,11,9,2,0,0,0,5
digit_02703,0,0,4,12,7,0,0,0,0,0,13,11,12,4,0,0,0,0,8,0,3,10,0,0,0,0,0,0,2,13,0,0,0,0,0,0,9,8,0,0,0,0,0,3,16,1,0,0,0,0,8,16,15,14,14,1,0,0,6,12,12,10,10,2,2
digit_02704,0,0,5,16,16,10,0,0,0,0,9,16,16,15,0,0,0,0,7,16,16,11,0,0,0,0,9,16,16,11,0,0,0,0,8,16,16,12,0,0,0,0,10,16,16,10,0,0,0,0,14,16,16,12,0,0,0,0,8,13,16,8,0,0,1
digit_02705,0,0,3,4,4,2,0,0,0,1,14,16,15,2,0,0,0,4,16,16,14,0,0,0,0,4,16,16,15,0,0,0,0,2,15,16,15,1,0,0,0,0,11,16,16,5,0,0,0,0,5,16,16,12,0,0,0,0,6,12,8,5,0,0,1
digit_02706,0,3,14,14,2,0,0,0,0,11,16,16,13,0,0,0,0,3,2,4,14,6,0,0,0,0,0,0,13,8,0,0,0,0,0,7,15,2,0,0,0,0,6,15,7,0,0,0,0,4,16,16,10,8,5,0,0,2,11,15,16,15,12,0,2
digit_02707,0,0,6,16,11,1,0,0,0,0,16,13,16,11,0,0,0,5,10,0,3,13,2,0,0,7,8,0,0,4,7,0,0,8,8,0,0,6,8,0,0,4,11,2,4,15,5,0,0,0,14,16,16,15,1,0,0,0,5,12,10,2,0,0,0
digit_02708,0,0,8,16,8,0,0,0,0,2,15,16,16,6,0,0,0,4,13,1,6,15,1,0,0,7,13,0,0,13,5,0,0,8,12,0,0,8,8,0,0,7,14,1,4,12,8,0,0,2,15,16,16,16,4,0,0,0,7,16,16,10,0,0,0
digit_02709,0,0,4,10,14,14,8,0,0,7,16,15,11,8,4,0,0,2,15,9,3,0,0,0,0,0,12,16,16,7,0,0,0,0,0,4,9,16,4,0,0,0,0,0,0,13,8,0,0,0,7,12,11,16,5,0,0,0,4,16,10,5,0,0,5
digit_02710,0,0,7,14,16,16,7,0,0,0,12,14,9,8,2,0,0,0,14,4,0,0,0,0,0,3,16,16,9,0,0,0,0,8,16,14,16,3,0,0,0,2,2,0,12,8,0,0,0,0,6,15,15,2,0,0,0,0,11,11,3,0,0,0,5
digit_02711,0,0,3,10,11,5,0,0,0,8,16,10,8,5,0,0,0,11,11,0,0,0,0,0,0,8,14,11,8,4,0,0,0,0,3,7,9,14,9,0,0,0,0,0,0,5,13,0,0,0,1,4,10,16,5,0,0,0,2,13,10,2,0,0,5
digit_02712,0,2,13,13,1,0,0,0,0,3,14,13,13,0,0,0,0,0,2,0,16,0,0,0,0,0,0,0,16,0,0,0,0,0,0,9,8,0,0,0,0,0,4,15,3,0,0,0,0,2,16,16,9,7,6,0,0,0,11,12,15,16,12,0,2
digit_02713,0,0,8,14,15,11,0,0,0,1,16,14,8,8,0,0,0,2,16,10,2,0,0,0,0,1,12,16,14,2,0,0,0,0,0,0,11,10,0,0,0,0,0,0,7,13,0,0,0,0,14,14,16,3,0,0,0,0,12,10,5,0,0,0,5
digit_02714,0,0,2,11,16,13,1,0,0,1,16,11,4,12,8,0,0,0,14,8,3,11,8,0,0,0,13,16,16,14,1,0,0,0,10,16,10,15,3,0,0,0,14,7,0,10,5,0,0,0,11,12,8,14,4,0,0,0,3,14,12,10,1,0,8
digit_02715,0,0,1,10,11,0,0,0,0,0,7,15,3,0,9,1,0,2,16,7,0,6,15,2,0,8,16,7,4,13,11,0,0,8,16,16,16,16,2,0,0,1,4,7,16,12,0,0,0,0,0,4,16,4,0,0,0,0,0,14,9,0,0,0,4
digit_02716,0,1,10,16,16,15,0,0,0,2,15,10,12,15,0,0,0,0,0,1,15,8,0,0,0,0,8,16,16,16,13,0,0,0,6,16,10,4,2,0,0,0,4,16,4,0,0,0,0,0,9,16,1,0,0,0,0,0,13,13,0,0,0,0,7
digit_02717,0,0,10,15,10,1,0,0,0,5,16,4,11,13,1,0,0,5,16,9,12,16,7,0,0,1,10,12,8,14,8,0,0,0,0,0,0,14,5,0,0,0,0,0,10,13,1,0,0,0,5,12,15,2,0,0,0,0,13,10,2,0,0,0,9
digit_02718,0,0,1,12,12,11,0,0,0,0,12,16,16,7,0,0,0,0,12,16,16,4,0,0,0,0,12,16,16,0,0,0,0,0,12,16,16,4,0,0,0,0,7,16,16,7,0,0,0,0,4,16,16,15,1,0,0,0,3,10,10,4,0,0,1
digit_02719,0,0,3,8,10,12,6,0,0,0,13,15,11,8,2,0,0,0,12,11,2,0,0,0,0,0,13,16,16,9,1,0,0,0,0,4,6,13,6,0,0,0,0,0,0,13,4,0,0,0,5,5,13,11,0,0,0,0,13,14,7,0,0,0,5
digit_02720,0,1,9,15,5,0,0,0,0,4,16,15,13,0,0,0,0,1,2,1,15,2,0,0,0,0,0,0,16,0,0,0,0,0,0,5,13,0,0,0,0,0,4,15,3,0,1,0,0,0,12,16,12,14,4,0,0,0,11,16,13,9,2,0,2
digit_02721,0,3,8,12,13,3,0,0,0,5,11,8,12,10,0,0,0,0,0,0,13,7,0,0,0,0,5,14,16,13,0,0,0,0,7,13,7,14,8,0,0,0,0,0,2,16,7,0,0,1,6,11,16,7,0,0,0,3,13,11,3,0,0,0,3
digit_02722,0,2,12,15,6,0,0,0,0,6,13,12,16,5,0,0,0,0,3,9,16,5,0,0,0,0,7,16,16,12,0,0,0,0,0,4,8,16,5,0,0,0,0,0,0,13,8,0,0,2,13,8,14,15,3,0,0,2,15,15,10,1,0,0,3
digit_02723,0,0,0,7,12,5,0,0,0,0,5,16,16,12,0,0,0,0,12,16,16,15,0,0,0,0,8,16,16,15,0,0,0,0,10,16,16,10,0,0,0,0,6,16,16,10,0,0,0,0,0,13,16,6,0,0,0,0,0,8,6,0,0,0,1
digit_02724,0,0,8,13,13,16,8,0,0,1,15,15,12,16,4,0,0,0,0,0,10,14,0,0,0,0,1,5,16,10,3,0,0,0,8,16,16,13,6,0,0,0,1,13,9,0,0,0,0,0,4,16,7,0,0,0,0,0,9,13,1,0,0,0,7
digit_02725,0,0,9,16,7,2,0,0,0,1,16,10,15,11,0,0,0,4,16,4,1,15,3,0,0,6,16,2,0,10,6,0,0,4,14,0,0,9,8,0,0,4,14,0,0,14,6,0,0,2,16,12,15,12,0,0,0,0,6,15,13,1,0,0,0
digit_02726,0,0,2,7,13,12,2,0,0,0,10,13,6,12,6,0,0,2,16,4,1,13,8,0,0,0,14,14,15,15,10,0,0,0,0,3,1,12,5,0,0,0,0,0,5,11,0,0,0,0,0,2,14,2,0,0,0,0,0,9,8,0,0,0,9
digit_02727,0,0,4,15,16,5,0,0,0,4,16,10,10,15,0,0,0,10,16,7,4,15,0,0,0,1,4,3,13,9,0,0,0,0,0,9,16,16,4,0,0,0,0,1,0,11,11,0,0,0,2,12,4,13,9,0,0,0,4,16,16,12,1,0,3
digit_02728,0,0,9,12,14,14,12,1,0,0,15,15,12,14,16,6,0,0,3,0,0,10,15,3,0,0,0,0,4,16,6,0,0,0,0,3,15,9,0,0,0,0,2,13,12,0,0,0,0,0,10,14,1,0,0,0,0,0,13,9,0,0,0,0,7
digit_02729,0,0,5,15,14,2,0,0,0,2,15,14,13,15,0,0,0,7,16,2,1,16,5,0,0,8,14,0,0,12,10,0,0,8,13,0,0,8,12,0,0,8,15,0,0,14,10,0,0,2,16,11,10,16,2,0,0,0,8,16,16,6,0,0,0
digit_02730,0,0,0,13,7,0,0,0,0,0,5,13,3,13,2,0,0,0,14,6,4,16,0,0,0,5,16,9,14,16,10,0,0,5,16,15,16,7,2,0,0,0,0,10,11,0,0,0,0,0,0,13,6,0,0,0,0,0,0,16,1,0,0,0,4
digit_02731,0,0,3,16,15,4,0,0,0,0,11,13,10,16,2,0,0,6,16,6,0,12,8,0,0,10,16,3,0,11,10,0,0,10,16,1,0,13,8,0,0,4,16,4,3,15,4,0,0,0,12,11,14,15,0,0,0,0,3,15,16,4,0,0,0
digit_02732,0,0,6,12,16,16,15,3,0,0,14,16,12,14,16,8,0,0,0,0,0,14,16,3,0,0,0,0,3,16,11,0,0,0,0,0,12,16,2,0,0,0,0,6,16,11,0,0,0,0,2,15,14,1,0,0,0,0,6,16,9,0,0,0,7
digit_02733,0,0,10,16,16,16,15,4,0,0,10,12,8,11,16,7,0,0,0,0,1,12,14,1,0,0,0,1,13,13,1,0,0,0,0,13,12,1,0,0,0,0,6,14,3,0,0,0,0,0,10,10,0,0,0,0,0,0,14,2,0,0,0,0,7
digit_02734,0,0,12,16,9,0,0,0,0,6,16,12,15,5,0,0,0,7,16,7,10,8,0,0,0,1,11,4,10,9,0,0,0,0,0,1,16,3,0,0,0,0,0,8,14,1,0,0,0,1,12,16,14,12,6,0,0,1,15,16,16,16,16,3,2
digit_02735,0,0,4,11,13,6,0,0,0,2,16,12,5,12,0,0,0,2,14,0,8,12,0,0,0,0,11,14,13,3,0,0,0,0,14,14,11,0,0,0,0,2,13,1,10,6,0,0,0,0,14,4,7,11,0,0,0,0,2,13,15,5,0,0,8
digit_02736,0,0,8,13,4,0,0,0,0,1,14,10,15,3,0,0,0,2,16,1,4,14,0,0,0,4,16,0,0,12,5,0,0,4,13,0,0,7,9,0,0,4,16,1,0,10,8,0,0,1,15,8,9,15,3,0,0,0,7,15,14,4,0,0,0
digit_02737,0,0,9,14,0,0,0,0,0,4,16,8,0,0,0,0,0,7,14,1,0,0,0,0,0,9,11,0,4,5,1,0,0,9,12,13,16,16,11,0,0,4,16,15,8,11,14,0,0,3,16,11,9,16,6,0,0,0,8,16,16,8,0,0,6
digit_02738,0,1,11,12,15,16,13,1,0,1,15,11,8,10,16,2,0,0,0,0,0,13,10,0,0,0,0,0,11,12,1,0,0,0,0,8,16,2,0,0,0,0,3,16,5,0,0,0,0,0,9,13,0,0,0,0,0,0,14,5,0,0,0,0,7
digit_02739,0,0,2,10,14,2,0,0,0,0,10,13,6,0,0,0,0,0,14,4,0,0,0,0,0,1,16,0,0,0,0,0,0,4,16,16,16,11,0,0,0,5,16,6,5,13,9,0,0,0,15,9,6,13,7,0,0,0,4,14,14,6,0,0,6
digit_02740,0,0,12,16,8,0,0,0,0,7,16,10,16,2,0,0,0,10,12,0,15,7,0,0,0,5,8,0,15,6,0,0,0,0,0,1,16,2,0,0,0,0,0,8,12,0,0,0,0,0,6,16,9,4,2,0,0,0,12,16,16,16,9,0,2
digit_02741,0,0,2,12,7,0,0,0,0,0,11,16,5,0,0,0,0,0,16,9,0,0,0,0,0,0,15,11,4,3,0,0,0,0,16,16,16,16,6,0,0,0,15,13,0,10,14,0,0,0,11,15,8,16,11,0,0,0,1,11,14,11,1,0,6
digit_02742,0,0,5,14,3,0,0,0,0,0,15,15,3,0,0,0,0,2,16,4,0,0,0,0,0,4,16,4,3,1,0,0,0,6,16,9,16,15,3,0,0,4,16,16,9,13,11,0,0,0,14,15,5,16,6,0,0,0,4,14,14,9,0,0,6
digit_02743,0,0,0,8,13,2,0,0,0,0,12,14,9,0,0,0,0,1,15,5,0,0,0,0,0,5,15,0,0,0,0,0,0,3,15,13,16,15,4,0,0,2,16,11,4,8,13,0,0,0,9,12,5,11,12,0,0,0,0,9,14,13,4,0,6
digit_02744,0,3,15,13,0,0,0,0,0,12,14,16,6,0,0,0,0,14,9,10,9,0,0,0,0,2,1,12,8,0,0,0,0,0,0,16,2,0,0,0,0,0,6,15,0,0,0,0,0,1,13,14,12,12,11,0,0,4,16,16,16,15,5,0,2
digit_02745,0,0,0,8,13,16,9,0,0,0,9,12,4,13,8,0,0,1,14,4,10,16,3,0,0,1,15,16,10,14,9,0,0,0,0,0,0,11,7,0,0,0,0,0,3,14,1,0,0,0,0,1,14,6,0,0,0,0,0,11,8,0,0,0,9
digit_02746,0,0,12,16,6,0,0,0,0,7,12,4,14,0,0,0,0,11,14,0,6,4,0,0,0,6,8,0,7,4,0,0,0,0,0,0,10,3,0,0,0,0,0,5,13,0,0,0,0,0,3,14,10,0,0,0,0,0,14,13,12,15,13,1,2
digit_02747,0,0,9,16,16,16,7,0,0,5,16,13,6,2,1,0,0,11,15,14,8,0,0,0,0,6,15,12,16,8,0,0,0,0,0,0,10,15,0,0,0,1,13,3,5,15,0,0,0,3,16,9,15,9,0,0,0,0,8,16,14,1,0,0,5
digit_02748,0,2,14,16,10,1,0,0,0,15,15,8,16,8,0,0,0,9,10,0,13,10,0,0,0,0,1,5,16,3,0,0,0,0,0,13,14,0,0,0,0,0,4,16,5,0,0,0,0,1,14,16,13,8,4,0,0,2,13,16,16,16,16,5,2
digit_02749,0,0,7,16,16,10,1,0,0,0,8,16,16,13,1,0,0,0,6,16,16,12,0,0,0,0,4,16,16,8,0,0,0,0,7,16,16,5,0,0,0,1,14,16,16,3,0,0,0,4,16,16,8,0,0,0,0,2,14,16,14,2,0,0,1
digit_02750,0,0,9,12,16,7,0,0,0,10,11,2,0,16,0,0,0,3,2,0,10,8,0,0,0,0,0,7,15,5,0,0,0,0,0,7,9,14,2,0,0,0,0,0,0,8,10,0,0,0,2,2,4,14,5,0,0,0,14,16,14,2,0,0,3
digit_02751,0,0,2,11,13,11,3,0,0,0,12,11,6,14,13,0,0,3,16,0,10,16,4,0,0,2,16,16,16,13,0,0,0,0,2,4,9,8,0,0,0,0,0,3,15,0,0,0,0,0,0,11,7,0,0,0,0,0,1,14,0,0,0,0,9
digit_02752,0,0,7,15,12,3,0,0,0,0,6,16,16,8,0,0,0,0,7,16,16,7,0,0,0,0,7,16,16,4,0,0,0,0,6,16,16,6,0,0,0,0,2,16,16,9,0,0,0,0,4,16,16,6,0,0,0,0,5,16,10,3,0,0,1
digit_02753,0,0,7,16,16,16,13,2,0,0,8,11,8,11,16,7,0,0,0,0,0,12,14,0,0,0,0,0,6,15,3,0,0,0,0,2,14,7,0,0,0,0,0,9,14,1,0,0,0,0,3,16,4,0,0,0,0,0,9,15,0,0,0,0,7
digit_02754,0,0,6,14,9,0,0,0,0,3,16,9,15,12,3,0,0,1,16,6,16,10,0,0,0,0,6,16,16,6,0,0,0,1,13,10,10,15,1,0,0,3,16,1,0,11,11,0,0,1,15,2,3,14,5,0,0,0,5,15,15,6,0,0,8
digit_02755,0,0,3,8,12,4,0,0,0,5,16,13,9,13,0,0,0,8,13,9,16,13,0,0,0,0,13,16,12,0,0,0,0,3,15,9,16,10,0,0,0,3,11,0,2,13,11,0,0,2,14,2,4,12,12,0,0,0,6,13,13,11,3,0,8
digit_02756,0,0,15,12,7,15,6,0,0,8,16,16,16,14,5,0,0,10,16,5,1,0,0,0,0,8,16,9,1,0,0,0,0,0,5,15,13,0,0,0,0,0,0,5,16,4,0,0,0,0,0,10,15,0,0,0,0,0,15,16,6,0,0,0,5
digit_02757,0,0,5,10,15,11,1,0,0,6,16,8,7,16,5,0,0,6,15,2,8,14,1,0,0,0,11,14,16,3,0,0,0,0,0,13,15,1,0,0,0,0,5,15,15,6,0,0,0,0,11,16,16,7,0,0,0,0,6,13,11,2,0,0,8
digit_02758,0,0,0,9,12,0,0,0,0,0,4,16,11,0,0,0,0,0,12,15,2,1,5,0,0,5,16,8,1,14,13,0,0,10,16,12,15,16,9,0,0,6,14,14,16,14,0,0,0,0,0,3,16,9,0,0,0,0,0,7,16,4,0,0,4
digit_02759,0,1,13,16,16,12,1,0,0,2,16,16,16,15,2,0,0,0,5,12,16,14,0,0,0,0,0,0,10,15,0,0,0,0,0,0,12,12,0,0,0,0,0,3,16,9,0,0,0,1,8,13,15,2,0,0,0,2,13,16,6,0,0,0,9
digit_02760,0,2,12,15,16,12,1,0,0,0,8,16,6,14,2,0,0,0,14,11,0,0,0,0,0,1,15,6,0,0,0,0,0,0,8,14,4,0,0,0,0,0,0,8,15,0,0,0,0,0,2,10,16,2,0,0,0,0,12,16,6,0,0,0,5
digit_02761,0,0,3,15,10,0,0,0,0,0,9,16,6,0,0,0,0,2,16,13,3,8,1,0,0,11,16,16,16,16,10,0,0,3,12,11,16,15,2,0,0,0,0,4,16,9,0,0,0,0,0,11,16,3,0,0,0,0,2,15,16,0,0,0,4
digit_02762,0,0,4,16,16,4,0,0,0,0,10,16,16,13,0,0,0,0,3,13,11,16,2,0,0,0,0,0,0,13,8,0,0,0,0,0,0,11,9,0,0,0,0,0,0,13,9,0,0,0,0,0,8,16,5,0,0,0,3,16,16,11,0,0,9
digit_02763,0,0,2,13,12,1,0,0,0,0,10,14,9,12,0,0,0,1,15,1,0,11,1,0,0,4,13,0,0,10,5,0,0,3,10,0,0,11,8,0,0,2,10,0,3,16,5,0,0,0,11,13,16,8,0,0,0,0,3,13,8,0,0,0,0
digit_02764,0,2,16,16,12,12,11,0,0,0,3,9,13,16,14,2,0,0,0,1,13,16,4,0,0,0,0,14,15,3,0,0,0,0,0,9,16,6,0,0,0,0,0,1,16,12,0,0,0,0,3,9,16,10,0,0,0,4,16,16,7,0,0,0,3
digit_02765,0,0,10,16,2,0,0,0,0,0,11,15,0,0,0,0,0,3,16,7,0,0,0,0,0,10,16,5,7,12,5,0,0,5,16,16,16,15,3,0,0,0,4,16,15,3,0,0,0,0,7,16,3,0,0,0,0,0,8,15,2,0,0,0,4
digit_02766,0,1,9,14,5,0,0,0,0,7,9,7,11,8,4,0,0,4,9,5,14,7,2,0,0,0,11,14,4,0,0,0,0,0,10,15,5,0,0,0,0,2,14,2,15,1,0,0,0,4,13,2,15,2,0,0,0,0,12,16,7,0,0,0,8
digit_02767,0,0,4,14,8,0,0,0,0,0,14,12,15,9,0,0,0,0,14,10,15,9,1,0,0,0,4,16,11,0,0,0,0,0,9,16,12,0,0,0,0,0,12,12,16,1,0,0,0,1,15,14,16,1,0,0,0,0,7,16,8,0,0,0,8
digit_02768,0,0,7,16,15,3,0,0,0,0,14,16,16,13,0,0,0,0,9,16,16,16,3,0,0,0,0,6,9,16,9,0,0,0,0,0,0,16,11,0,0,0,0,0,6,16,8,0,0,0,0,4,14,16,2,0,0,0,8,16,15,7,0,0,9
digit_02769,0,0,1,8,12,1,0,0,0,0,4,15,16,12,0,0,0,0,0,10,16,15,0,0,0,0,5,16,16,11,0,0,0,0,7,16,16,13,0,0,0,0,4,16,16,11,0,0,0,0,0,16,16,9,0,0,0,0,1,11,12,10,5,0,1
digit_02770,0,0,6,16,13,11,5,0,0,0,1,8,10,16,15,0,0,0,0,0,1,14,13,0,0,0,0,0,7,16,5,0,0,3,4,1,12,16,0,0,0,12,16,16,16,13,2,0,0,0,3,14,15,0,0,0,0,0,6,16,7,0,0,0,7
digit_02771,0,0,5,12,15,14,10,3,0,0,4,7,4,5,14,3,0,0,0,0,0,9,11,0,0,0,0,0,4,16,4,0,0,2,8,9,16,10,0,0,0,3,12,16,9,0,0,0,0,0,5,14,0,0,0,0,0,0,6,9,0,0,0,0,7
digit_02772,0,0,8,15,11,3,0,0,0,4,15,8,16,16,6,0,0,7,13,4,15,11,1,0,0,0,14,14,10,1,0,0,0,0,8,16,6,0,0,0,0,0,11,13,16,3,0,0,0,0,16,6,16,4,0,0,0,0,11,16,13,2,0,0,8
digit_02773,0,0,0,12,16,0,0,0,0,0,3,16,13,0,0,0,0,1,11,15,1,2,6,0,0,6,16,6,1,13,13,0,0,5,16,14,12,16,5,0,0,0,7,14,16,7,0,0,0,0,0,11,13,0,0,0,0,0,0,15,8,0,0,0,4
digit_02774,0,0,2,15,11,10,16,2,0,0,10,16,16,16,9,0,0,2,16,11,5,2,0,0,0,12,15,4,2,0,0,0,0,5,16,16,15,5,0,0,0,0,2,7,16,11,0,0,0,0,0,3,16,10,0,0,0,0,4,15,12,2,0,0,5
digit_02775,0,0,10,15,9,12,5,0,0,8,16,14,16,16,5,0,0,12,14,3,0,0,0,0,0,3,15,16,9,0,0,0,0,0,0,8,16,3,0,0,0,0,0,3,16,5,0,0,0,0,1,10,15,3,0,0,0,0,10,16,4,0,0,0,5
digit_02776,0,0,6,8,11,15,0,0,0,0,15,16,16,10,0,0,0,0,15,12,4,0,0,0,0,0,7,15,3,0,0,0,0,0,0,7,12,0,0,0,0,0,0,4,15,0,0,0,0,0,0,11,11,0,0,0,0,0,10,16,6,0,0,0,5
digit_02777,0,0,6,11,0,0,0,0,0,0,13,7,0,5,16,2,0,1,16,7,11,16,9,0,0,0,6,12,16,11,0,0,0,0,0,7,14,2,0,0,0,0,0,14,8,0,0,0,0,0,6,16,2,0,0,0,0,0,9,13,0,0,0,0,4
digit_02778,0,0,9,4,10,15,7,0,0,3,16,16,16,12,3,0,0,7,16,9,2,0,0,0,0,10,16,3,0,0,0,0,0,5,15,15,2,0,0,0,0,0,2,12,12,0,0,0,0,0,5,12,11,0,0,0,0,0,9,16,4,0,0,0,5
digit_02779,0,0,9,16,11,1,0,0,0,1,16,9,12,13,7,0,0,2,16,5,13,11,6,0,0,0,9,16,12,0,0,0,0,0,5,16,6,0,0,0,0,0,13,15,10,0,0,0,0,0,16,16,8,0,0,0,0,0,11,15,1,0,0,0,8
digit_02780,0,0,2,7,12,16,11,0,0,0,10,15,16,16,16,0,0,0,0,10,16,16,12,0,0,0,0,4,16,16,4,0,0,0,0,5,16,15,4,0,0,0,0,10,16,12,0,0,0,0,2,15,16,3,0,0,0,0,1,13,14,1,0,0,1
digit_02781,0,0,0,11,2,0,0,0,0,0,4,16,0,0,0,0,0,0,11,7,0,2,0,0,0,3,15,2,7,15,9,0,0,9,16,16,16,15,3,0,0,6,8,6,16,8,0,0,0,0,0,8,10,0,0,0,0,0,0,15,5,0,0,0,4
digit_02782,0,0,6,12,16,15,1,0,0,0,0,4,6,16,3,0,0,0,0,0,6,16,2,0,0,0,2,5,12,15,4,0,0,1,11,15,16,12,4,0,0,0,0,8,12,0,0,0,0,0,0,16,6,0,0,0,0,0,5,13,0,0,0,0,7
digit_02783,0,0,7,12,15,15,2,0,0,3,16,12,8,16,5,0,0,0,0,0,6,16,0,0,0,0,0,0,14,15,6,0,0,0,1,15,16,16,9,0,0,0,0,13,10,2,0,0,0,0,2,16,3,0,0,0,0,0,10,15,0,0,0,0,7
digit_02784,0,0,0,10,16,5,0,0,0,0,2,16,13,2,0,0,0,0,7,16,4,0,0,0,0,0,8,16,1,0,0,0,0,0,11,16,10,1,0,0,0,0,13,16,16,13,4,0,0,0,7,16,7,15,14,0,0,0,0,9,16,16,12,0,6
digit_02785,0,0,8,16,6,0,0,0,0,3,15,13,1,0,0,0,0,8,16,4,0,2,1,0,0,9,16,8,10,16,11,0,0,1,13,16,16,15,5,0,0,0,4,16,16,3,0,0,0,0,8,16,10,0,0,0,0,0,7,16,10,0,0,0,4
digit_02786,0,0,0,9,14,4,0,0,0,10,14,16,16,6,0,0,0,3,9,16,16,2,0,0,0,0,0,16,10,0,0,0,0,0,0,14,9,0,0,0,0,0,2,16,9,0,0,0,0,0,1,16,12,0,0,0,0,0,0,7,15,1,0,0,1
digit_02787,0,0,1,15,0,0,0,0,0,0,7,16,0,0,0,0,0,0,10,11,0,0,0,0,0,0,14,10,0,0,0,0,0,0,16,13,12,9,1,0,0,1,16,15,12,15,11,0,0,0,9,14,4,13,10,0,0,0,0,11,16,14,2,0,6
digit_02788,0,0,7,14,16,12,0,0,0,0,15,11,15,15,0,0,0,0,0,1,16,10,0,0,0,0,7,13,16,14,10,0,0,0,12,16,15,12,4,0,0,0,5,16,6,0,0,0,0,0,7,16,2,0,0,0,0,0,10,14,0,0,0,0,7
digit_02789,0,0,7,9,13,14,4,0,0,0,9,7,6,16,8,0,0,0,0,1,13,10,0,0,0,0,0,14,14,1,0,0,0,0,0,10,16,4,0,0,0,0,0,2,11,14,0,0,0,1,10,9,8,16,3,0,0,1,9,13,12,8,0,0,3
digit_02790,0,0,5,12,0,0,0,0,0,0,11,12,0,0,0,0,0,0,14,10,0,0,0,0,0,0,14,14,7,1,0,0,0,3,16,16,16,14,1,0,0,5,16,16,10,15,5,0,0,0,13,16,11,15,11,0,0,0,4,12,14,14,3,0,6
digit_02791,0,0,4,12,12,15,7,0,0,0,7,12,12,15,9,0,0,0,0,0,1,13,5,0,0,0,3,8,10,16,1,0,0,0,8,16,16,16,5,0,0,0,0,6,12,1,0,0,0,0,0,14,5,0,0,0,0,0,3,15,0,0,0,0,7
digit_02792,0,0,12,16,14,2,0,0,0,7,11,2,7,12,0,0,0,11,15,12,14,11,0,0,0,2,8,8,13,12,0,0,0,0,0,0,7,14,0,0,0,0,0,0,1,14,5,0,0,0,12,12,5,10,12,0,0,0,8,8,12,16,6,0,9
digit_02793,0,0,0,8,12,11,0,0,0,0,7,16,16,8,0,0,0,0,7,16,16,9,0,0,0,0,8,16,16,6,0,0,0,0,5,16,16,8,0,0,0,0,9,16,16,8,0,0,0,0,5,16,16,11,0,0,0,0,0,12,12,5,0,0,1
digit_02794,0,2,11,16,5,0,0,0,0,11,16,16,9,0,0,0,0,2,6,16,9,0,0,0,0,0,8,16,5,0,0,0,0,0,14,11,0,0,0,0,0,6,16,5,0,0,2,0,0,6,16,14,13,15,12,0,0,0,15,16,13,11,3,0,2
digit_02795,0,0,3,9,15,8,0,0,0,1,15,16,16,7,0,0,0,0,5,16,16,10,4,0,0,0,3,16,16,16,9,0,0,0,0,15,14,4,0,0,0,0,0,13,5,0,0,0,0,0,1,15,3,0,0,0,0,0,4,13,0,0,0,0,7
digit_02796,0,0,4,15,16,7,0,0,0,0,13,12,16,9,0,0,0,0,2,1,16,7,0,0,0,0,0,5,15,3,0,0,0,0,0,14,10,0,0,0,0,0,6,16,2,0,0,0,0,0,9,16,11,7,0,0,0,0,5,16,16,10,0,0,2
digit_02797,0,0,4,13,11,2,0,0,0,0,2,13,16,7,0,0,0,0,0,7,16,15,0,0,0,0,0,3,16,15,4,0,0,0,0,7,16,16,1,0,0,0,0,10,16,14,0,0,0,0,1,13,15,4,0,0,0,0,8,16,14,0,0,0,1
digit_02798,0,0,4,14,16,10,0,0,0,0,3,8,14,15,2,0,0,0,0,0,10,16,5,0,0,0,6,11,15,16,7,0,0,0,7,14,16,13,7,0,0,0,0,12,12,0,0,0,0,0,4,16,6,0,0,0,0,0,5,14,3,0,0,0,7
digit_02799,0,0,4,14,3,0,0,0,0,0,12,11,0,0,0,0,0,1,16,4,0,0,0,0,0,0,16,0,0,0,0,0,0,4,16,9,12,10,2,0,0,6,16,9,8,14,9,0,0,0,13,7,4,16,9,0,0,0,3,15,16,8,0,0,6
digit_02800,0,0,0,11,16,14,3,0,0,0,8,16,16,16,6,0,0,1,16,6,0,0,0,0,0,5,16,8,7,1,0,0,0,3,16,16,16,11,0,0,0,0,1,5,10,16,2,0,0,0,0,7,12,14,0,0,0,0,0,13,15,3,0,0,5
digit_02801,0,0,8,15,16,8,0,0,0,0,16,13,14,16,4,0,0,5,14,1,2,16,6,0,0,7,12,0,0,12,5,0,0,4,16,1,0,11,8,0,0,1,16,9,4,13,6,0,0,1,16,16,16,11,0,0,0,0,7,15,16,2,0,0,0
digit_02802,0,0,0,12,12,0,0,0,0,0,2,16,10,0,0,0,0,0,9,16,6,0,0,0,0,3,16,11,3,12,2,0,0,12,16,16,16,16,7,0,0,3,8,13,16,13,1,0,0,0,0,9,16,9,0,0,0,0,0,11,16,5,0,0,4
digit_02803,0,0,0,10,6,0,0,0,0,0,7,16,16,4,0,0,0,0,12,16,16,3,0,0,0,0,13,16,16,3,0,0,0,2,15,16,16,2,0,0,0,0,12,16,16,5,0,0,0,0,4,16,16,14,1,0,0,0,0,6,12,9,1,0,1
digit_02804,0,0,4,15,7,0,0,0,0,3,16,11,2,0,0,0,0,11,11,0,8,11,1,0,0,7,14,11,15,2,0,0,0,1,13,16,4,0,0,0,0,0,8,16,8,0,0,0,0,0,8,16,16,2,0,0,0,0,2,12,15,5,0,0,8
digit_02805,0,0,8,13,9,0,0,0,0,5,16,13,12,2,0,0,0,8,13,2,7,10,2,0,0,4,15,15,16,9,0,0,0,1,14,16,0,0,0,0,0,0,16,14,5,0,0,0,0,2,13,10,12,0,0,0,0,0,9,16,8,0,0,0,8
digit_02806,0,0,3,11,16,16,13,0,0,0,15,16,13,11,5,0,0,3,16,8,1,0,0,0,0,5,16,11,4,0,0,0,0,1,8,15,16,3,0,0,0,0,0,5,16,5,0,0,0,0,1,10,16,2,0,0,0,0,5,11,7,0,0,0,5
digit_02807,0,0,3,15,12,12,6,0,0,0,13,13,13,16,12,0,0,5,11,0,0,0,1,0,0,5,16,15,7,0,0,0,0,0,9,14,16,0,0,0,0,0,0,1,15,2,0,0,0,0,1,12,11,0,0,0,0,0,3,14,1,0,0,0,5
digit_02808,0,0,5,12,9,1,0,0,0,4,16,9,11,6,1,0,0,1,15,4,1,12,4,0,0,0,6,6,13,14,0,0,0,0,3,16,16,4,0,0,0,0,7,16,16,1,0,0,0,0,10,16,16,7,0,0,0,0,8,12,12,4,0,0,8
digit_02809,0,0,0,2,13,11,0,0,0,0,4,11,16,16,6,0,0,2,15,16,16,14,0,0,0,0,3,10,16,12,0,0,0,0,0,12,16,10,0,0,0,0,0,6,16,8,0,0,0,0,0,4,16,13,0,0,0,0,0,3,14,15,0,0,1
digit_02810,0,0,4,13,11,0,0,0,0,0,1,13,16,7,0,0,0,0,0,0,14,9,0,0,0,0,1,6,16,14,5,0,0,1,13,16,16,10,3,0,0,2,8,13,10,0,0,0,0,0,1,16,2,0,0,0,0,0,4,13,1,0,0,0,7
digit_02811,0,0,7,16,16,16,2,0,0,0,14,14,9,16,2,0,0,2,16,6,0,9,7,0,0,4,16,1,0,8,8,0,0,6,16,0,0,12,8,0,0,5,16,4,2,16,5,0,0,0,15,16,16,13,0,0,0,0,8,13,10,2,0,0,0
digit_02812,0,0,13,16,7,0,0,0,0,2,16,16,15,0,0,0,0,0,4,14,16,0,0,0,0,0,0,12,13,0,0,0,0,0,0,15,12,0,0,0,0,0,11,16,1,1,1,0,0,0,16,16,16,16,6,0,0,0,13,16,16,12,0,0,2
digit_02813,0,0,4,15,16,16,10,0,0,0,13,15,12,14,14,0,0,0,14,7,0,0,0,0,0,0,16,16,12,8,0,0,0,0,2,7,10,16,4,0,0,0,0,0,2,16,3,0,0,0,1,9,12,13,0,0,0,0,2,16,11,3,0,0,5
digit_02814,0,0,3,14,16,16,6,0,0,0,8,16,16,16,9,0,0,0,0,0,7,16,6,0,0,0,0,0,12,15,1,0,0,0,2,13,16,16,7,0,0,0,2,16,16,14,2,0,0,0,6,16,9,0,0,0,0,0,7,14,2,0,0,0,7
digit_02815,0,0,0,1,15,10,0,0,0,0,0,9,16,4,0,0,0,0,1,15,12,0,0,0,0,0,9,16,3,0,0,0,0,1,15,10,0,15,11,0,0,8,16,16,16,16,8,0,0,0,4,8,16,12,0,0,0,0,0,4,16,7,0,0,4
digit_02816,0,1,11,16,16,13,2,0,0,6,16,16,8,13,8,0,0,0,10,16,14,15,8,0,0,0,0,7,12,14,5,0,0,0,0,0,0,8,4,0,0,0,0,0,0,11,4,0,0,0,8,8,9,15,4,0,0,2,13,16,16,9,1,0,9
digit_02817,0,0,0,8,12,15,6,0,0,0,8,16,6,5,14,0,0,0,14,15,12,16,13,0,0,0,3,6,7,15,8,0,0,0,0,0,1,15,2,0,0,0,0,0,10,9,0,0,0,0,0,4,13,1,0,0,0,0,0,11,2,0,0,0,9
digit_02818,0,0,8,13,16,14,0,0,0,3,16,10,16,13,0,0,0,0,2,11,16,6,0,0,0,0,2,16,15,8,0,0,0,0,1,13,16,16,7,0,0,0,0,1,8,16,7,0,0,0,5,16,16,11,0,0,0,0,9,14,5,0,0,0,3
digit_02819,0,0,1,7,14,15,2,0,0,2,12,14,8,14,7,0,0,3,14,13,5,14,5,0,0,0,5,15,16,15,2,0,0,0,0,10,16,10,0,0,0,0,2,14,14,12,0,0,0,0,4,16,14,12,0,0,0,0,0,12,13,6,0,0,8
digit_02820,0,0,8,12,14,3,0,0,0,10,16,14,15,13,0,0,0,7,5,0,9,15,0,0,0,0,0,0,12,11,0,0,0,0,0,0,9,16,2,0,0,0,0,0,0,14,9,0,0,0,11,12,14,16,5,0,0,0,8,14,9,4,0,0,3
digit_02821,0,0,2,14,5,0,0,0,0,0,10,13,4,0,0,0,0,0,12,9,0,0,0,0,0,0,12,8,0,0,0,0,0,0,12,14,16,15,3,0,0,0,13,14,6,9,10,0,0,0,13,12,7,14,8,0,0,0,2,15,15,10,1,0,6
digit_02822,0,0,4,16,5,0,0,0,0,0,9,16,2,0,0,0,0,0,11,13,0,0,0,0,0,0,11,12,0,0,0,0,0,0,15,15,13,12,5,0,0,0,13,16,15,11,15,2,0,0,12,16,9,14,15,2,0,0,5,15,16,13,2,0,6
digit_02823,0,2,11,14,4,0,0,0,0,0,16,13,16,4,0,0,0,0,0,3,16,3,0,0,0,0,0,11,12,0,0,0,0,0,4,16,5,0,0,0,0,1,15,12,0,0,0,0,0,5,16,10,8,11,2,0,0,2,14,16,13,9,5,0,2
digit_02824,0,0,7,15,13,3,0,0,0,0,16,8,9,13,0,0,0,3,13,0,1,13,3,0,0,7,14,4,0,5,8,0,0,8,16,8,0,10,8,0,0,7,16,9,0,15,3,0,0,2,16,16,11,14,1,0,0,0,5,15,15,3,0,0,0
digit_02825,0,0,4,15,10,2,0,0,0,0,3,16,15,4,0,0,0,0,6,16,16,2,0,0,0,0,7,16,11,0,0,0,0,0,9,16,7,0,0,0,0,0,12,16,4,0,0,0,0,0,9,16,4,0,0,0,0,0,4,15,8,0,0,0,1
digit_02826,0,0,1,12,15,2,0,0,0,0,11,13,8,10,0,0,0,4,16,13,1,10,0,0,0,8,15,3,0,6,3,0,0,8,12,0,0,8,5,0,0,2,16,8,0,8,8,0,0,0,10,11,7,15,4,0,0,0,0,13,15,6,0,0,0
digit_02827,0,0,7,15,14,3,0,0,0,4,16,13,14,13,0,0,0,8,16,5,0,12,4,0,0,8,16,8,0,8,8,0,0,8,16,5,0,9,8,0,0,5,16,10,7,16,3,0,0,0,13,16,16,7,0,0,0,0,6,15,11,1,0,0,0
digit_02828,0,0,0,13,14,0,0,0,0,0,8,15,3,5,3,0,0,2,16,8,1,16,10,0,0,11,16,8,10,16,6,0,0,5,16,16,16,16,6,0,0,0,0,9,15,0,0,0,0,0,0,12,10,0,0,0,0,0,0,16,2,0,0,0,4
digit_02829,0,1,4,8,14,16,6,0,0,11,16,16,16,13,3,0,0,9,16,5,2,0,0,0,0,3,16,11,3,0,0,0,0,0,6,16,16,5,0,0,0,0,0,2,16,8,0,0,0,0,0,12,16,3,0,0,0,0,0,12,11,0,0,0,5
digit_02830,0,3,9,12,12,16,10,0,0,7,16,16,16,14,6,0,0,7,16,11,2,0,0,0,0,10,16,10,2,0,0,0,0,1,11,16,16,4,0,0,0,0,1,12,16,5,0,0,0,0,13,16,6,0,0,0,0,2,15,9,0,0,0,0,5
digit_02831,0,0,5,10,12,16,16,2,0,0,10,16,16,10,6,0,0,0,5,16,5,0,0,0,0,0,0,12,16,2,0,0,0,0,0,0,12,12,0,0,0,0,0,0,13,9,0,0,0,0,1,12,13,2,0,0,0,0,7,13,2,0,0,0,5
digit_02832,0,0,0,12,13,0,0,0,0,0,4,16,16,9,0,0,0,0,2,16,6,14,0,0,0,4,3,13,7,9,5,0,0,8,12,3,16,12,8,0,0,0,14,5,1,12,8,0,0,0,10,14,13,16,2,0,0,0,0,13,16,6,0,0,0
digit_02833,0,0,0,5,14,13,3,0,0,0,11,16,16,16,9,0,0,2,16,16,16,16,11,0,0,0,6,8,8,13,8,0,0,0,0,0,1,14,3,0,0,0,0,0,9,9,0,0,0,0,0,1,13,2,0,0,0,0,0,5,6,0,0,0,9
digit_02834,0,0,6,16,16,16,9,0,0,0,5,8,4,14,13,0,0,0,0,0,0,15,9,0,0,0,0,4,11,16,2,0,0,0,0,14,16,16,10,0,0,0,0,16,12,8,2,0,0,0,8,16,3,0,0,0,0,0,9,14,1,0,0,0,7
digit_02835,0,0,6,16,15,3,0,0,0,4,16,13,16,6,0,0,0,3,6,0,16,5,0,0,0,0,0,6,16,1,0,0,0,0,0,14,11,0,0,0,0,0,8,14,1,0,0,0,0,0,12,14,8,6,2,0,0,0,8,16,16,16,3,0,2
digit_02836,0,0,12,13,3,0,0,0,0,4,16,14,10,0,0,0,0,2,4,6,10,0,0,0,0,0,0,9,11,0,0,0,0,0,2,15,1,0,0,0,0,0,10,11,0,0,0,0,0,4,16,10,6,4,3,0,0,1,10,15,16,16,9,0,2
digit_02837,0,1,9,16,16,7,0,0,0,7,15,12,15,12,0,0,0,0,2,0,9,14,0,0,0,0,0,0,15,8,0,0,0,0,5,13,16,14,6,0,0,5,16,16,14,8,2,0,0,0,11,16,6,0,0,0,0,0,11,13,2,0,0,0,7
digit_02838,0,0,0,2,15,2,0,0,0,0,0,10,8,0,8,3,0,0,6,12,0,3,15,0,0,2,14,1,0,12,8,0,0,9,15,12,16,16,5,0,0,3,8,5,11,10,0,0,0,0,0,1,15,4,0,0,0,0,0,3,9,0,0,0,4
digit_02839,0,0,1,13,3,0,0,0,0,0,4,15,1,0,0,0,0,0,9,10,0,0,0,0,0,0,10,11,0,0,0,0,0,0,11,12,6,5,0,0,0,0,14,16,16,16,8,0,0,0,16,16,11,12,13,0,0,0,3,8,14,10,6,0,6
digit_02840,0,0,4,11,12,16,10,0,0,3,16,16,14,7,0,0,0,0,16,8,0,0,0,0,0,0,12,10,0,0,0,0,0,0,2,14,10,1,0,0,0,0,0,1,14,11,0,0,0,0,0,1,13,14,2,0,0,0,7,14,10,2,0,0,5
digit_02841,0,0,3,10,14,14,3,0,0,0,15,6,9,16,4,0,0,0,1,5,14,6,0,0,0,0,7,16,9,1,0,0,0,0,2,9,13,15,1,0,0,0,0,0,4,16,2,0,0,0,0,7,15,6,0,0,0,0,0,14,7,0,0,0,3
digit_02842,0,0,0,5,8,12,10,0,0,0,11,14,4,15,8,0,0,4,16,14,11,16,7,0,0,7,16,16,16,14,7,0,0,1,8,6,0,7,8,0,0,0,0,0,0,5,8,0,0,0,0,0,3,13,6,0,0,0,0,4,16,8,0,0,9
digit_02843,0,1,13,5,0,0,0,0,0,4,14,0,0,0,0,0,0,4,8,0,1,6,1,0,0,5,8,1,11,16,5,0,0,4,10,7,16,16,7,0,0,4,14,10,16,16,3,0,0,1,16,16,16,10,0,0,0,0,10,14,9,2,0,0,6
digit_02844,0,0,2,13,15,1,0,0,0,2,13,15,5,9,0,0,0,7,15,2,0,8,0,0,0,8,15,0,0,5,4,0,0,7,16,0,0,9,6,0,0,0,14,7,0,13,7,0,0,0,10,15,14,14,0,0,0,0,0,14,14,5,0,0,0
digit_02845,0,0,10,15,16,6,0,0,0,7,16,14,16,11,0,0,0,6,5,11,16,3,0,0,0,0,0,12,16,6,0,0,0,0,0,1,13,16,5,0,0,0,0,0,2,16,9,0,0,0,3,8,13,16,7,0,0,0,12,16,15,4,0,0,3
digit_02846,0,0,6,14,14,3,0,0,0,9,16,3,8,13,0,0,0,8,15,13,16,16,2,0,0,1,12,12,9,14,5,0,0,0,0,0,0,10,6,0,0,0,0,0,0,10,5,0,0,0,0,1,6,13,2,0,0,0,7,12,7,2,0,0,9
digit_02847,0,1,12,14,2,0,0,0,0,8,16,16,7,0,0,0,0,2,8,10,8,0,0,0,0,0,0,13,8,0,0,0,0,0,3,16,2,0,0,0,0,0,14,8,0,0,0,0,0,0,16,10,9,10,6,0,0,2,15,13,12,8,1,0,2
digit_02848,0,0,5,15,10,2,0,0,0,0,5,16,16,11,0,0,0,0,1,16,16,16,1,0,0,0,3,14,16,11,0,0,0,0,6,16,16,10,0,0,0,0,6,16,16,2,0,0,0,0,5,16,16,9,0,0,0,0,4,16,14,10,0,0,1
digit_02849,0,0,15,15,2,0,0,0,0,4,16,11,13,1,0,0,0,3,15,5,15,6,0,0,0,0,3,1,8,12,0,0,0,0,0,0,6,15,0,0,0,0,0,0,9,12,0,0,0,0,5,9,16,10,1,0,0,0,13,16,16,16,16,6,2
digit_02850,0,0,0,9,13,0,0,0,0,0,5,16,6,0,0,0,0,1,13,11,1,0,2,0,0,8,16,1,0,10,13,0,0,11,16,4,10,16,5,0,0,12,16,16,16,10,0,0,0,0,4,5,16,3,0,0,0,0,0,10,16,0,0,0,4
digit_02851,0,0,5,15,8,0,0,0,0,0,13,8,12,5,0,0,0,1,16,1,6,15,2,0,0,1,16,1,2,16,6,0,0,3,14,0,0,11,9,0,0,3,16,1,0,7,10,0,0,0,15,4,2,15,6,0,0,0,5,14,15,10,1,0,0
digit_02852,0,0,12,7,0,0,0,0,0,3,16,4,0,0,0,0,0,7,15,0,0,0,0,0,0,8,12,3,8,2,0,0,0,12,14,16,16,16,4,0,0,9,16,13,3,9,13,0,0,3,16,9,5,13,12,0,0,0,10,16,16,13,1,0,6
digit_02853,0,0,4,10,16,16,11,1,0,0,12,13,11,8,7,0,0,3,16,16,16,4,0,0,0,5,16,9,15,6,0,0,0,0,0,0,6,11,0,0,0,0,0,0,11,8,0,0,0,0,1,8,13,2,0,0,0,0,4,13,4,0,0,0,5
digit_02854,0,0,0,9,13,0,0,0,0,0,8,15,1,0,0,0,0,2,14,10,0,2,15,3,0,6,16,4,1,13,13,0,0,2,16,15,13,14,3,0,0,0,5,11,16,8,0,0,0,0,0,10,14,1,0,0,0,0,0,13,12,0,0,0,4
digit_02855,0,0,8,16,16,12,0,0,0,4,16,16,16,15,2,0,0,2,11,16,16,11,0,0,0,0,0,15,16,7,0,0,0,0,0,0,11,16,2,0,0,0,7,0,0,15,5,0,0,2,16,7,7,15,7,0,0,0,8,14,12,5,0,0,3
digit_02856,0,0,10,7,0,0,0,0,0,0,15,9,0,0,0,0,0,2,16,2,0,0,0,0,0,7,16,1,5,3,0,0,0,8,16,13,16,15,2,0,0,8,16,16,12,16,8,0,0,3,16,15,12,16,4,0,0,0,9,16,15,8,0,0,6
digit_02857,0,2,13,16,16,11,0,0,0,7,13,4,11,14,0,0,0,0,1,9,16,7,0,0,0,0,7,16,14,1,0,0,0,0,0,9,15,13,1,0,0,0,0,0,3,16,5,0,0,0,6,0,5,15,7,0,0,0,15,16,16,10,1,0,3
digit_02858,0,0,5,16,5,0,0,0,0,0,11,15,2,0,0,0,0,1,16,10,0,0,0,0,0,6,16,3,0,0,0,0,0,8,16,15,16,14,2,0,0,8,16,12,8,13,11,0,0,8,16,12,2,13,9,0,0,0,5,13,16,15,1,0,6
digit_02859,0,1,11,16,16,15,1,0,0,3,15,7,10,16,3,0,0,0,0,4,16,8,0,0,0,0,0,5,15,10,0,0,0,0,0,0,3,16,8,0,0,0,0,0,0,11,13,0,0,4,11,1,1,11,14,0,0,1,13,16,16,15,6,0,3
digit_02860,0,0,7,16,14,2,0,0,0,0,13,13,9,13,0,0,0,0,11,10,0,14,5,0,0,0,5,14,0,12,9,0,0,0,0,0,0,12,8,0,0,0,0,0,4,16,5,0,0,0,2,8,14,15,0,0,0,0,8,16,16,16,16,4,2
digit_02861,0,0,8,15,16,13,0,0,0,3,16,4,1,16,4,0,0,0,15,5,1,16,8,0,0,0,14,11,16,8,0,0,0,0,6,16,8,0,0,0,0,0,10,16,8,0,0,0,0,0,16,14,16,2,0,0,0,0,8,16,15,2,0,0,8
digit_02862,0,1,12,16,15,2,0,0,0,6,16,8,14,10,0,0,0,1,8,3,15,7,0,0,0,0,1,16,16,5,0,0,0,0,0,3,13,16,4,0,0,0,6,0,2,14,8,0,0,1,16,7,7,15,7,0,0,0,12,16,16,10,1,0,3
digit_02863,0,2,16,15,4,0,0,0,0,4,16,14,9,3,5,0,0,4,15,7,16,16,8,0,0,1,15,16,15,6,0,0,0,0,10,16,4,0,0,0,0,1,14,16,2,0,0,0,0,7,10,16,0,0,0,0,0,2,14,11,0,0,0,0,8
digit_02864,0,1,14,16,9,0,0,0,0,1,11,15,15,2,0,0,0,0,1,13,16,2,0,0,0,0,10,16,16,15,9,0,0,0,9,16,13,10,3,0,0,0,5,16,1,0,0,0,0,0,15,13,0,0,0,0,0,1,16,4,0,0,0,0,7
digit_02865,0,0,12,16,14,4,0,0,0,2,16,16,16,6,0,0,0,0,12,16,16,4,0,0,0,0,15,16,16,5,0,0,0,0,16,16,16,4,0,0,0,4,16,16,15,3,0,0,0,1,14,16,16,5,0,0,0,0,10,16,16,10,0,0,1
digit_02866,0,0,2,14,16,16,14,0,0,0,2,6,4,9,16,6,0,0,0,0,0,4,16,4,0,0,0,0,0,8,15,1,0,0,2,15,13,15,8,0,0,0,3,8,14,14,2,0,0,0,0,5,16,1,0,0,0,0,2,16,6,0,0,0,7
digit_02867,0,3,14,16,7,1,0,0,0,12,16,9,16,11,0,0,0,12,16,11,16,12,0,0,0,1,10,12,15,16,0,0,0,0,0,0,4,16,4,0,0,0,0,0,0,13,11,0,0,1,6,4,8,16,11,0,0,2,9,16,16,10,1,0,9
digit_02868,0,0,12,16,15,1,0,0,0,5,16,7,11,13,0,0,0,4,16,1,7,16,8,0,0,2,13,16,16,16,8,0,0,0,1,6,2,8,13,0,0,0,0,0,0,4,16,0,0,1,5,2,4,8,16,1,0,1,11,16,16,16,8,0,9
digit_02869,0,0,0,12,16,15,3,0,0,0,4,10,12,11,2,0,0,6,14,0,0,0,0,0,0,8,16,15,5,0,0,0,0,1,8,13,16,2,0,0,0,0,0,0,10,9,0,0,0,0,5,11,13,11,0,0,0,0,1,14,12,2,0,0,5
digit_02870,0,3,14,15,16,15,8,0,0,4,16,12,8,7,2,0,0,6,16,15,8,0,0,0,0,8,16,13,16,4,0,0,0,1,1,0,10,10,0,0,0,0,0,0,8,12,0,0,0,5,8,6,15,10,0,0,0,3,16,16,13,1,0,0,5
digit_02871,0,0,5,15,15,11,0,0,0,0,16,5,0,11,5,0,0,0,15,3,0,12,10,0,0,0,5,13,0,12,6,0,0,0,0,10,16,9,0,0,0,0,0,10,16,4,0,0,0,0,6,12,8,9,0,0,0,0,6,16,12,4,0,0,8
digit_02872,0,0,0,0,14,15,2,0,0,0,0,6,16,16,4,0,0,0,3,13,16,16,0,0,0,1,13,16,16,16,3,0,0,9,16,6,14,16,0,0,0,2,4,0,14,15,0,0,0,0,0,0,16,12,0,0,0,0,0,0,14,13,0,0,1
digit_02873,0,0,0,10,12,0,0,0,0,0,6,16,3,0,0,0,0,0,14,10,0,0,3,1,0,6,16,2,0,6,16,2,0,14,16,5,9,15,6,0,0,10,16,14,16,12,0,0,0,0,0,4,16,2,0,0,0,0,0,10,11,0,0,0,4
digit_02874,0,0,5,12,16,16,9,0,0,3,16,9,3,0,0,0,0,7,16,11,5,0,0,0,0,2,11,9,16,1,0,0,0,0,0,0,9,9,0,0,0,0,0,0,9,9,0,0,0,0,9,6,16,6,0,0,0,0,5,12,6,0,0,0,5
digit_02875,0,0,0,9,9,0,0,0,0,0,4,16,2,0,0,0,0,0,12,9,0,1,12,4,0,8,15,1,0,11,12,1,0,10,14,6,13,16,5,0,0,8,16,11,16,10,0,0,0,0,0,5,15,2,0,0,0,0,0,12,7,0,0,0,4
digit_02876,0,0,5,12,14,3,0,0,0,3,14,2,4,11,0,0,0,4,12,0,5,16,4,0,0,1,14,6,14,4,0,0,0,0,7,16,4,0,0,0,0,0,7,16,4,0,0,0,0,0,10,13,11,0,0,0,0,0,7,16,11,0,0,0,8
digit_02877,0,0,5,14,15,5,0,0,0,2,16,9,9,15,2,0,0,2,10,0,6,16,3,0,0,0,2,14,16,7,0,0,0,0,0,11,16,14,1,0,0,0,6,3,6,16,1,0,0,0,13,11,10,15,0,0,0,0,9,16,16,7,0,0,3
digit_02878,0,0,0,1,11,10,0,0,0,0,0,5,16,16,2,0,0,0,0,6,16,16,2,0,0,0,0,12,16,16,0,0,0,0,7,16,16,8,0,0,0,6,16,16,16,9,0,0,0,2,12,12,16,11,0,0,0,0,0,0,12,11,0,0,1
digit_02879,0,0,6,16,3,0,0,0,0,0,13,13,0,0,0,0,0,1,16,8,0,0,0,0,0,6,16,1,0,0,0,0,0,8,14,6,9,6,0,0,0,7,16,15,12,14,12,0,0,2,16,9,0,1,16,3,0,0,5,15,16,16,14,1,6
digit_02880,0,3,16,16,16,16,3,0,0,6,16,10,6,2,0,0,0,10,14,2,0,0,0,0,0,11,16,16,5,0,0,0,0,1,2,10,13,0,0,0,0,0,0,1,16,3,0,0,0,1,6,6,16,2,0,0,0,2,13,16,11,0,0,0,5
digit_02881,0,0,0,0,11,12,0,0,0,0,0,0,11,16,2,0,0,0,0,0,15,13,0,0,0,0,6,16,16,12,0,0,0,7,16,16,16,8,0,0,0,1,4,7,16,11,0,0,0,0,0,2,15,13,0,0,0,0,0,0,8,16,4,0,1
digit_02882,0,0,0,1,10,16,6,0,0,0,3,14,8,6,16,6,0,0,11,4,0,6,16,2,0,4,12,2,5,16,11,0,0,6,16,15,8,15,4,0,0,0,0,0,4,9,0,0,0,0,0,0,10,4,0,0,0,0,0,1,13,1,0,0,9
digit_02883,0,0,1,15,16,15,5,0,0,0,8,13,4,3,1,0,0,2,14,9,7,1,0,0,0,5,16,16,15,10,0,0,0,0,0,0,1,14,3,0,0,0,0,0,1,14,2,0,0,0,1,4,13,10,0,0,0,0,1,14,9,1,0,0,5
digit_02884,0,0,4,10,12,12,13,4,0,0,6,8,4,6,15,2,0,0,0,0,0,12,6,0,0,0,0,0,7,12,0,0,0,5,16,16,16,13,1,0,0,2,4,13,10,0,0,0,0,0,3,16,2,0,0,0,0,0,7,14,0,0,0,0,7
digit_02885,0,0,6,15,14,4,0,0,0,0,16,6,4,15,0,0,0,5,16,6,13,11,0,0,0,1,16,16,16,13,1,0,0,6,15,7,0,11,8,0,0,4,12,0,0,9,11,0,0,0,16,4,9,15,2,0,0,0,8,14,9,2,0,0,8
digit_02886,0,0,0,0,6,11,0,0,0,0,0,3,15,12,0,0,0,0,5,14,10,12,0,0,0,2,15,6,5,9,0,0,0,6,15,12,15,16,8,0,0,1,8,8,12,12,2,0,0,0,0,0,8,8,0,0,0,0,0,0,5,11,0,0,4
digit_02887,0,2,8,16,11,1,0,0,0,10,15,5,11,5,0,0,0,11,10,13,16,6,0,0,0,9,16,16,12,13,2,0,0,1,15,8,0,6,9,0,0,0,12,5,0,5,11,0,0,0,9,9,7,16,8,0,0,0,4,14,15,6,0,0,8
digit_02888,0,2,9,15,12,1,0,0,0,6,16,10,14,6,0,0,0,1,1,6,16,4,0,0,0,3,13,16,16,8,0,0,0,3,12,7,7,16,4,0,0,0,0,0,0,13,9,0,0,3,15,6,12,16,4,0,0,0,10,16,14,7,1,0,3
digit_02889,0,0,4,16,16,15,4,0,0,0,10,10,5,3,0,0,0,6,14,1,4,2,0,0,0,8,15,14,15,15,2,0,0,5,12,5,0,9,8,0,0,0,0,0,0,8,8,0,0,0,5,9,7,14,2,0,0,0,3,16,11,4,0,0,5
digit_02890,0,4,15,16,16,16,5,0,0,7,16,13,6,4,1,0,0,10,16,6,2,0,0,0,0,9,16,16,16,4,0,0,0,0,0,1,14,10,0,0,0,0,0,0,12,12,0,0,0,3,9,11,16,7,0,0,0,3,15,16,6,0,0,0,5
digit_02891,0,0,3,15,11,4,0,0,0,0,11,7,6,13,0,0,0,0,12,2,0,15,1,0,0,0,11,1,4,16,5,0,0,0,3,15,13,12,6,0,0,0,0,0,0,8,8,0,0,0,6,2,3,13,5,0,0,0,4,13,16,11,0,0,9
digit_02892,0,0,4,14,15,2,0,0,0,4,16,7,8,9,0,0,0,6,14,0,0,12,2,0,0,3,16,0,0,7,7,0,0,0,14,0,0,4,8,0,0,0,11,4,0,5,9,0,0,0,6,15,8,14,7,0,0,0,1,13,15,10,0,0,0
digit_02893,0,0,2,12,13,4,0,0,0,5,16,6,1,14,0,0,0,13,11,5,12,15,0,0,0,9,16,16,16,12,0,0,0,1,12,14,3,7,7,0,0,0,8,7,0,0,13,0,0,0,8,9,1,12,13,0,0,0,0,14,14,12,3,0,8
digit_02894,0,0,8,16,10,1,0,0,0,7,16,11,15,8,0,0,0,15,13,0,11,12,0,0,0,10,7,0,11,10,0,0,0,0,0,1,15,8,0,0,0,0,0,9,15,1,0,0,0,0,7,16,10,6,8,3,0,0,9,16,16,16,16,7,2
digit_02895,0,0,5,15,4,0,0,0,0,2,16,11,1,0,0,0,0,6,14,0,0,0,0,0,0,6,12,4,4,1,0,0,0,7,16,16,16,15,3,0,0,0,16,9,0,9,13,0,0,0,10,12,8,12,9,0,0,0,2,12,14,8,1,0,6
digit_02896,0,0,7,15,16,12,0,0,0,0,9,6,3,15,2,0,0,0,0,4,13,9,0,0,0,0,9,16,16,6,0,0,0,0,5,5,6,15,4,0,0,0,8,0,0,4,12,0,0,1,13,1,3,12,8,0,0,0,8,16,15,10,0,0,3
digit_02897,0,0,6,16,12,3,0,0,0,3,15,7,6,14,1,0,0,7,13,0,1,14,1,0,0,4,13,8,13,13,0,0,0,2,15,15,7,13,5,0,0,0,12,5,0,9,8,0,0,0,12,5,6,14,2,0,0,0,5,16,12,3,0,0,8
digit_02898,0,2,15,16,7,0,0,0,0,7,16,13,16,3,0,0,0,3,16,1,16,7,0,0,0,0,2,5,16,3,0,0,0,0,0,11,13,0,0,0,0,0,3,15,7,0,0,0,0,0,13,16,12,10,7,0,0,2,15,16,16,16,16,5,2
digit_02899,0,0,4,10,0,0,0,0,0,0,2,15,2,0,0,0,0,0,2,16,4,0,0,0,0,0,7,16,9,0,0,0,0,0,14,14,14,0,0,0,0,0,3,3,16,3,0,0,0,0,1,7,14,11,4,0,0,0,4,14,16,13,14,8,1
digit_02900,0,0,9,14,2,0,0,0,0,0,5,16,7,0,0,0,0,0,6,16,10,0,0,0,0,2,15,16,10,0,0,0,0,6,16,15,14,0,0,0,0,0,0,10,16,2,0,0,0,0,9,15,16,14,12,3,0,0,6,15,16,16,12,3,1
digit_02901,0,0,4,14,4,0,0,0,0,0,13,12,2,0,0,0,0,0,16,2,0,0,0,0,0,1,16,16,16,9,0,0,0,2,16,5,0,8,9,0,0,0,14,4,0,1,14,0,0,0,10,9,4,12,13,0,0,0,4,15,15,9,2,0,6
digit_02902,0,0,7,16,6,0,0,0,0,0,16,13,1,0,0,0,0,2,16,3,0,0,0,0,0,3,16,4,4,2,0,0,0,5,16,16,16,15,4,0,0,4,16,6,4,7,16,1,0,0,16,8,4,12,15,2,0,0,6,16,16,14,6,0,6
digit_02903,0,1,8,14,16,12,0,0,0,1,12,9,11,16,0,0,0,0,0,9,15,5,0,0,0,2,14,16,7,0,0,0,0,1,11,13,16,9,0,0,0,0,0,0,2,16,4,0,0,0,11,8,14,13,0,0,0,0,11,14,11,1,0,0,3
digit_02904,0,0,0,6,15,2,11,2,0,0,2,16,10,5,16,3,0,1,15,10,0,9,13,0,0,9,16,9,9,16,12,0,0,7,16,16,15,15,7,0,0,0,3,2,14,8,0,0,0,0,0,6,14,1,0,0,0,0,0,11,9,0,0,0,4
digit_02905,0,2,13,16,14,3,0,0,0,2,8,11,16,8,0,0,0,0,3,16,12,1,0,0,0,0,1,11,14,2,0,0,0,0,0,0,7,13,0,0,0,0,0,0,0,11,7,0,0,7,11,4,4,13,7,0,0,2,11,16,12,10,0,0,3
digit_02906,0,0,0,1,14,1,14,0,0,0,0,12,11,6,13,0,0,0,8,13,2,10,9,0,0,6,14,2,1,14,11,0,0,11,15,12,16,16,9,0,0,7,14,12,14,12,0,0,0,0,0,0,12,8,0,0,0,0,0,0,14,3,0,0,4
digit_02907,0,0,2,12,16,16,11,0,0,0,12,15,9,6,8,0,0,3,16,5,3,2,0,0,0,10,16,15,16,13,0,0,0,8,16,13,10,16,0,0,0,0,3,0,11,13,0,0,0,0,0,9,16,5,0,0,0,0,1,16,11,0,0,0,5
digit_02908,0,0,4,10,14,5,0,0,0,0,13,10,0,14,4,0,0,6,15,0,9,15,2,0,0,6,16,16,16,13,0,0,0,0,12,15,7,12,4,0,0,0,10,9,0,10,7,0,0,0,11,9,7,15,3,0,0,0,5,15,12,3,0,0,8
digit_02909,0,1,13,16,12,1,0,0,0,6,16,11,14,7,0,0,0,5,16,0,10,10,0,0,0,0,2,0,13,10,0,0,0,0,0,2,16,7,0,0,0,0,0,11,15,1,0,0,0,0,11,16,16,12,12,2,0,0,15,16,12,12,12,3,2
digit_02910,0,1,9,14,14,3,0,0,0,2,12,10,12,11,0,0,0,0,0,3,14,11,0,0,0,0,11,16,16,7,0,0,0,0,10,7,11,16,5,0,0,0,0,0,0,5,12,0,0,0,8,5,6,12,12,0,0,0,12,16,15,10,3,0,3
digit_02911,0,0,3,9,8,0,0,0,0,0,15,9,1,0,0,0,0,4,16,8,2,0,0,0,0,5,16,12,12,11,1,0,0,4,12,0,0,5,10,0,0,1,14,3,0,1,14,1,0,0,10,6,5,14,13,0,0,0,4,13,14,8,0,0,6
digit_02912,0,1,6,8,13,8,0,0,0,5,16,10,5,15,0,0,0,8,15,6,13,13,0,0,0,5,16,16,14,15,1,0,0,0,14,9,0,6,6,0,0,0,16,1,0,6,8,0,0,0,16,5,9,15,2,0,0,0,11,16,10,2,0,0,8
digit_02913,0,0,3,16,3,0,0,0,0,0,8,14,2,0,0,0,0,0,14,7,0,0,0,0,0,1,16,4,3,0,0,0,0,4,16,16,16,15,2,0,0,3,16,9,1,10,13,0,0,0,15,10,4,9,13,0,0,0,3,12,14,14,7,0,6
digit_02914,0,0,2,9,15,16,7,0,0,0,15,9,8,15,9,0,0,2,15,3,4,16,2,0,0,4,15,15,16,2,0,0,0,0,1,16,16,9,0,0,0,0,10,10,10,16,3,0,0,0,10,12,10,16,4,0,0,0,2,13,12,8,1,0,8
digit_02915,0,0,10,13,2,0,0,0,0,6,16,14,9,0,0,0,0,3,12,2,13,0,0,0,0,0,0,4,14,0,0,0,0,0,0,8,14,0,0,0,0,0,1,15,6,0,0,0,0,0,10,16,9,8,10,2,0,0,6,12,13,12,11,2,2
digit_02916,0,0,3,10,14,7,0,0,0,4,16,12,14,12,0,0,0,0,7,0,11,9,0,0,0,0,0,11,16,3,0,0,0,0,0,12,16,16,5,0,0,0,0,0,0,14,8,0,0,0,1,8,11,15,3,0,0,0,5,13,10,2,0,0,3
digit_02917,0,0,3,12,15,2,0,0,0,5,16,12,9,13,0,0,0,7,15,2,0,12,4,0,0,6,12,0,0,7,6,0,0,6,13,0,0,7,7,0,0,0,16,0,0,10,7,0,0,0,10,10,8,16,1,0,0,0,2,10,16,6,0,0,0
digit_02918,0,0,5,13,16,7,0,0,0,2,16,7,8,11,0,0,0,8,15,5,10,8,0,0,0,2,6,15,16,7,0,0,0,0,1,13,10,16,4,0,0,0,4,13,1,9,12,0,0,0,7,10,5,15,7,0,0,0,2,13,15,8,1,0,8
digit_02919,0,0,6,14,12,6,0,0,0,3,16,11,10,15,5,0,0,6,16,4,3,16,4,0,0,0,9,16,16,12,0,0,0,0,2,15,7,15,6,0,0,0,8,6,0,14,8,0,0,0,13,10,13,13,1,0,0,0,5,12,9,1,0,0,8
digit_02920,0,0,1,11,14,3,0,0,0,0,6,16,12,2,0,0,0,0,13,11,0,0,0,0,0,1,14,9,3,0,0,0,0,6,16,16,15,7,0,0,0,4,16,11,7,15,6,0,0,0,12,14,6,11,10,0,0,0,3,11,16,15,6,0,6
digit_02921,0,0,0,5,16,12,0,0,0,0,1,15,16,16,0,0,0,2,10,16,16,11,0,0,0,7,16,16,16,7,0,0,0,6,12,16,16,8,0,0,0,0,0,12,16,12,0,0,0,0,0,11,16,13,0,0,0,0,0,2,15,12,0,0,1
digit_02922,0,0,0,7,13,5,0,0,0,0,6,15,11,5,0,0,0,0,15,8,0,0,0,0,0,4,16,3,7,7,1,0,0,3,16,16,15,15,6,0,0,1,15,8,0,8,11,0,0,0,11,13,7,14,10,0,0,0,0,9,16,12,3,0,6
digit_02923,0,0,0,0,13,12,0,0,0,0,0,4,16,6,0,0,0,0,1,13,10,1,8,0,0,0,7,15,2,9,15,0,0,6,16,4,4,14,9,0,2,15,16,16,16,16,6,0,2,8,8,4,13,13,0,0,0,0,0,0,15,8,0,0,4
digit_02924,0,0,2,13,7,0,0,0,0,0,12,14,4,0,0,0,0,0,15,3,0,0,0,0,0,6,14,2,6,0,0,0,0,7,16,16,16,13,1,0,0,4,16,8,1,12,10,0,0,1,12,9,4,9,15,0,0,0,2,11,16,15,4,0,6
digit_02925,0,2,11,10,12,13,7,0,0,7,16,13,11,12,5,0,0,4,16,4,4,1,0,0,0,4,16,16,16,16,5,0,0,0,2,2,1,13,8,0,0,0,0,0,0,14,6,0,0,0,9,5,13,14,0,0,0,0,15,12,9,2,0,0,5
digit_02926,0,1,10,16,16,16,4,0,0,1,14,9,8,16,4,0,0,0,0,0,6,15,0,0,0,2,11,12,15,15,9,0,0,0,13,16,16,13,6,0,0,0,0,16,8,0,0,0,0,0,9,15,1,0,0,0,0,0,13,9,0,0,0,0,7
digit_02927,0,0,6,8,12,15,4,0,0,1,15,13,12,12,4,0,0,0,16,5,0,0,0,0,0,3,16,16,16,14,1,0,0,2,11,5,5,15,8,0,0,0,0,0,0,16,4,0,0,0,5,8,13,11,0,0,0,0,8,15,10,1,0,0,5
digit_02928,0,0,8,14,11,3,0,0,0,4,16,9,13,10,0,0,0,2,5,0,8,11,0,0,0,0,0,0,12,8,0,0,0,0,0,5,15,0,0,0,0,0,8,16,6,0,0,0,0,4,16,15,8,4,1,0,0,0,9,12,14,16,5,0,2
digit_02929,0,0,2,13,15,7,0,0,0,3,15,9,10,15,3,0,0,8,12,0,1,15,6,0,0,6,15,9,12,16,7,0,0,1,8,8,10,16,0,0,0,0,0,0,12,12,0,0,0,0,0,8,16,5,0,0,0,0,0,14,13,0,0,0,9
digit_02930,0,0,2,12,16,13,2,0,0,1,14,12,6,15,7,0,0,7,16,2,7,15,6,0,0,2,16,16,16,16,3,0,0,0,3,6,10,13,0,0,0,0,0,1,14,5,0,0,0,0,0,8,14,1,0,0,0,0,0,15,9,0,0,0,9
digit_02931,0,2,10,13,10,1,0,0,0,11,12,10,15,9,0,0,0,0,0,0,12,9,0,0,0,0,3,11,16,6,0,0,0,0,12,16,16,16,4,0,0,0,0,0,0,13,9,0,0,0,1,7,9,16,5,0,0,0,13,15,11,3,0,0,3
digit_02932,0,1,10,12,14,16,5,0,0,0,14,10,8,8,1,0,0,0,16,4,3,1,0,0,0,2,16,16,16,15,3,0,0,0,2,0,0,11,8,0,0,0,0,0,3,14,3,0,0,0,3,11,15,9,0,0,0,1,12,7,3,0,0,0,5
digit_02933,0,0,4,12,10,1,0,0,0,0,13,12,11,10,0,0,0,2,16,3,0,12,3,0,0,4,13,0,0,10,6,0,0,6,11,0,0,10,7,0,0,4,12,0,1,14,4,0,0,0,11,9,12,13,0,0,0,0,4,12,11,3,0,0,0
digit_02934,0,2,13,12,13,16,4,0,0,4,15,9,8,8,0,0,0,4,12,0,0,0,0,0,0,6,15,12,5,0,0,0,0,2,11,10,16,2,0,0,0,0,0,0,12,6,0,0,0,0,2,9,15,3,0,0,0,1,13,10,2,0,0,0,5
digit_02935,0,0,0,13,7,0,0,0,0,0,8,15,5,0,0,0,0,1,16,7,0,0,0,0,0,2,16,4,7,6,0,0,0,4,16,16,16,16,8,0,0,3,16,9,0,9,11,0,0,0,11,12,5,12,12,0,0,0,1,10,13,13,5,0,6
digit_02936,0,0,8,12,16,16,2,0,0,1,16,14,13,16,1,0,0,0,3,0,8,14,0,0,0,0,5,16,16,16,4,0,0,0,7,16,15,14,8,0,0,0,1,14,9,0,0,0,0,0,5,16,2,0,0,0,0,0,11,11,0,0,0,0,7
digit_02937,0,0,4,11,14,6,0,0,0,4,14,7,6,15,0,0,0,4,5,0,5,11,0,0,0,0,0,7,15,11,0,0,0,0,0,11,10,15,4,0,0,0,0,0,0,10,8,0,0,0,1,4,7,15,1,0,0,0,3,16,11,2,0,0,3
digit_02938,0,0,3,13,13,2,0,0,0,4,16,15,14,10,0,0,0,3,16,2,0,16,4,0,0,6,13,0,0,13,6,0,0,4,13,0,0,11,9,0,0,0,16,0,0,11,7,0,0,0,9,12,9,15,2,0,0,0,2,11,15,7,0,0,0
digit_02939,0,2,9,13,16,12,2,0,0,5,16,10,7,16,5,0,0,0,0,0,11,15,1,0,0,0,0,9,16,11,1,0,0,0,0,1,10,15,8,0,0,0,0,0,3,15,8,0,0,0,2,9,16,11,1,0,0,1,12,11,3,0,0,0,3
digit_02940,0,0,5,8,13,13,10,1,0,0,7,8,5,12,14,1,0,0,0,0,0,14,8,0,0,0,11,16,16,16,9,0,0,0,2,6,16,11,5,0,0,0,0,10,8,0,0,0,0,0,3,16,1,0,0,0,0,0,8,10,0,0,0,0,7
digit_02941,0,0,8,13,11,2,0,0,0,7,15,9,13,11,0,0,0,12,15,0,0,15,4,0,0,4,16,0,0,13,6,0,0,5,13,0,0,11,7,0,0,4,16,0,0,14,7,0,0,1,15,8,10,16,4,0,0,0,6,15,16,10,0,0,0
digit_02942,0,0,0,4,16,9,2,0,0,0,1,14,16,16,7,0,0,5,14,16,16,16,6,0,0,5,12,13,16,16,5,0,0,0,0,4,16,16,1,0,0,0,0,7,16,16,1,0,0,0,0,8,16,16,3,0,0,0,0,5,14,16,6,0,1
digit_02943,0,0,2,13,13,0,0,0,0,0,10,14,3,0,0,0,0,1,15,6,0,0,0,0,0,4,16,3,4,2,0,0,0,5,16,16,13,16,3,0,0,2,16,6,0,6,12,0,0,0,11,8,0,8,12,0,0,0,1,13,16,14,3,0,6
digit_02944,0,0,0,0,10,14,2,0,0,0,0,2,16,16,3,0,0,0,1,15,16,16,2,0,0,3,16,16,16,16,1,0,0,2,8,5,16,16,0,0,0,0,0,0,15,16,1,0,0,0,0,0,12,16,6,0,0,0,0,0,10,15,6,0,1
digit_02945,0,1,11,16,15,1,0,0,0,5,16,16,16,5,0,0,0,0,3,8,16,2,0,0,0,0,0,15,11,0,0,0,0,0,7,16,6,0,0,0,0,0,14,12,0,0,0,0,0,1,16,15,9,8,2,0,0,1,12,16,16,16,3,0,2
digit_02946,0,0,3,10,8,1,0,0,0,0,11,16,16,9,0,0,0,3,16,16,16,3,0,0,0,4,16,16,16,3,0,0,0,4,16,16,12,0,0,0,0,1,16,16,15,0,0,0,0,0,9,16,16,0,0,0,0,0,2,10,12,1,0,0,1
digit_02947,0,1,8,12,12,6,0,0,0,9,16,11,8,10,1,0,0,6,14,0,0,0,0,0,0,1,12,15,8,0,0,0,0,0,0,7,15,5,0,0,0,0,0,0,4,14,0,0,0,0,0,0,11,11,0,0,0,0,12,16,12,4,0,0,5
digit_02948,0,0,4,14,16,14,1,0,0,1,16,13,14,16,5,0,0,1,5,0,3,16,3,0,0,0,0,0,7,15,0,0,0,2,13,16,16,14,4,0,0,3,10,14,14,8,1,0,0,0,2,14,8,0,0,0,0,0,6,14,1,0,0,0,7
digit_02949,0,0,10,15,3,0,0,0,0,0,16,7,8,0,0,0,0,0,11,5,4,10,3,0,0,0,3,13,15,10,1,0,0,0,2,15,14,1,0,0,0,0,13,9,10,6,0,0,0,1,14,4,8,8,0,0,0,0,8,14,13,4,0,0,8
digit_02950,0,0,2,12,12,2,0,0,0,0,8,16,16,5,0,0,0,0,10,16,16,8,0,0,0,0,12,16,16,4,0,0,0,0,11,16,16,6,0,0,0,0,7,16,16,8,0,0,0,0,3,16,16,13,0,0,0,0,2,8,12,7,0,0,1
digit_02951,0,0,7,13,6,0,0,0,0,3,16,8,13,0,0,0,0,2,14,8,0,0,0,0,0,0,6,16,16,14,6,0,0,1,14,14,13,0,1,0,0,4,16,2,13,6,0,0,0,1,15,4,4,13,0,0,0,0,5,14,16,10,0,0,8
digit_02952,0,0,0,0,6,9,0,0,0,0,0,7,15,4,0,0,0,0,3,14,7,0,0,0,0,0,9,9,0,13,3,0,0,2,16,2,2,16,0,0,0,8,16,14,16,16,6,0,0,2,4,4,12,8,0,0,0,0,0,0,9,11,0,0,4
digit_02953,0,0,0,1,15,5,0,0,0,0,0,11,12,0,0,0,0,0,8,15,1,0,0,0,0,3,15,6,2,13,3,0,0,11,12,0,5,16,4,0,0,15,14,14,16,15,5,0,0,3,8,9,16,6,0,0,0,0,0,1,16,5,0,0,4
digit_02954,0,0,7,14,5,0,0,0,0,3,16,15,12,0,0,0,0,0,12,0,12,0,0,0,0,0,1,0,12,2,0,0,0,0,0,1,16,2,0,0,0,0,1,10,15,3,0,0,0,0,13,16,16,15,7,0,0,0,9,6,3,4,13,1,2
digit_02955,0,0,15,16,16,15,3,0,0,0,7,8,10,16,6,0,0,0,0,0,4,16,4,0,0,0,0,0,11,12,1,0,0,3,13,16,16,14,8,0,0,3,13,16,13,9,3,0,0,0,6,15,2,0,0,0,0,0,15,12,0,0,0,0,7
digit_02956,0,1,9,13,15,3,0,0,0,8,14,8,12,16,0,0,0,1,1,0,10,14,0,0,0,0,0,6,15,7,0,0,0,0,10,16,16,10,2,0,0,0,5,8,8,14,8,0,0,1,6,4,7,15,6,0,0,1,11,15,12,4,0,0,3
digit_02957,0,0,8,16,6,0,0,0,0,2,14,8,12,2,0,0,0,7,14,9,15,9,0,0,0,1,12,13,7,14,0,0,0,0,0,0,0,11,4,0,0,0,0,0,0,8,8,0,0,0,2,4,5,13,7,0,0,0,6,15,15,10,0,0,9
digit_02958,0,0,9,11,12,12,1,0,0,0,11,12,13,16,4,0,0,0,0,0,12,10,0,0,0,0,2,11,14,2,0,0,0,0,9,16,5,0,0,0,0,0,6,15,16,14,2,0,0,0,3,6,14,16,1,0,0,0,11,16,13,5,0,0,3
digit_02959,0,0,9,16,16,16,13,1,0,0,14,8,8,11,16,5,0,0,0,0,0,7,16,2,0,0,3,4,5,15,10,0,0,0,16,16,16,16,8,0,0,0,3,11,15,8,1,0,0,0,3,16,8,0,0,0,0,0,12,14,0,0,0,0,7
digit_02960,0,0,8,16,16,7,0,0,0,2,15,3,10,16,0,0,0,2,15,12,14,11,0,0,0,0,8,9,8,12,0,0,0,0,0,0,1,15,0,0,0,0,0,0,0,14,2,0,0,0,1,1,5,16,4,0,0,0,9,13,16,11,0,0,9
digit_02961,0,0,9,15,16,10,0,0,0,3,16,13,14,16,1,0,0,0,0,0,12,16,0,0,0,0,4,6,14,14,2,0,0,1,16,16,16,16,11,0,0,0,4,15,12,4,1,0,0,0,6,16,3,0,0,0,0,0,10,11,0,0,0,0,7
digit_02962,0,0,4,12,1,0,0,0,0,0,11,16,16,7,0,0,0,0,15,15,10,16,4,0,0,3,16,2,0,10,6,0,0,3,16,1,0,7,9,0,0,2,16,2,2,12,12,0,0,0,13,11,14,16,7,0,0,0,3,12,13,5,0,0,0
digit_02963,0,0,0,6,11,0,0,0,0,0,1,16,14,1,0,0,0,0,5,16,2,0,0,0,0,0,8,14,0,0,0,0,0,0,8,12,2,0,0,0,0,0,11,16,16,16,11,2,0,0,2,16,4,3,12,10,0,0,0,4,14,16,13,8,6
digit_02964,0,2,14,16,13,7,0,0,0,3,12,8,13,16,0,0,0,0,0,5,14,11,0,0,0,2,12,16,10,1,0,0,0,3,16,15,9,1,0,0,0,0,3,11,15,15,1,0,0,3,6,4,5,16,8,0,0,3,13,16,14,12,2,0,3
digit_02965,0,0,2,12,3,0,0,0,0,0,11,14,0,0,0,0,0,0,15,6,0,0,0,0,0,0,15,2,4,0,0,0,0,2,16,16,16,12,2,0,0,2,15,7,1,8,9,0,0,0,12,9,1,9,12,0,0,0,1,15,16,13,4,0,6
digit_02966,0,0,7,15,15,5,0,0,0,4,16,16,16,13,1,0,0,2,16,16,16,6,0,0,0,0,16,16,16,6,0,0,0,0,16,16,16,0,0,0,0,1,16,16,16,1,0,0,0,4,16,16,15,3,0,0,0,1,8,15,12,2,0,0,1
digit_02967,0,0,3,12,14,2,0,0,0,0,13,9,11,12,0,0,0,1,16,12,13,16,0,0,0,0,7,8,9,13,0,0,0,0,0,0,0,13,3,0,0,0,0,0,0,10,4,0,0,0,1,3,4,12,3,0,0,0,4,16,15,8,0,0,9
digit_02968,0,0,8,15,11,0,0,0,0,3,15,13,16,3,0,0,0,8,16,6,15,13,0,0,0,4,15,16,16,15,0,0,0,0,2,4,5,16,5,0,0,0,0,0,1,16,5,0,0,0,0,0,4,16,5,0,0,0,10,16,16,10,0,0,9
digit_02969,0,0,5,16,6,0,0,0,0,0,14,16,3,0,0,0,0,0,16,13,0,0,0,0,0,0,3,4,0,0,0,0,0,1,8,10,12,11,3,0,0,4,16,14,12,14,14,2,0,0,14,13,8,13,16,4,0,0,5,15,16,16,13,1,6
digit_02970,0,0,1,11,16,9,0,0,0,0,13,11,6,10,0,0,0,4,14,0,9,11,0,0,0,7,15,15,16,15,1,0,0,0,7,6,0,14,8,0,0,0,0,0,0,15,5,0,0,0,0,3,10,15,2,0,0,0,2,12,10,1,0,0,9
digit_02971,0,0,4,11,1,0,0,0,0,0,8,13,0,0,0,0,0,0,12,10,0,0,0,0,0,0,14,4,0,0,0,0,0,1,16,13,13,8,0,0,0,0,14,13,8,10,10,0,0,0,11,11,0,2,16,0,0,0,2,11,16,16,12,1,6
digit_02972,0,0,2,11,14,5,0,0,0,1,14,13,13,8,0,0,0,5,16,0,1,1,0,0,0,3,16,6,12,16,5,0,0,0,9,16,16,8,2,0,0,2,14,12,12,13,1,0,0,2,15,7,2,14,7,0,0,0,3,13,14,12,1,0,8
digit_02973,0,0,5,12,12,3,0,0,0,4,16,7,8,10,0,0,0,8,13,1,3,14,4,0,0,2,14,16,16,12,4,0,0,0,3,16,16,8,0,0,0,0,11,12,5,15,2,0,0,0,16,5,1,16,4,0,0,0,7,15,16,10,0,0,8
digit_02974,0,0,5,14,13,4,0,0,0,0,12,16,16,10,0,0,0,0,11,16,16,7,0,0,0,0,8,16,16,5,0,0,0,0,8,16,16,6,0,0,0,0,11,16,15,4,0,0,0,0,11,16,16,5,0,0,0,0,5,12,16,11,3,0,1
digit_02975,0,0,4,15,5,0,0,0,0,0,12,16,14,1,0,0,0,1,15,12,13,14,0,0,0,4,13,0,0,9,4,0,0,3,10,0,0,3,9,0,0,4,12,0,0,2,12,0,0,0,13,10,10,16,14,0,0,0,4,13,16,14,3,0,0
digit_02976,0,0,3,10,14,15,2,0,0,1,15,11,8,16,4,0,0,0,5,0,8,12,0,0,0,0,0,0,15,2,0,0,0,0,0,0,16,7,0,0,0,0,0,0,9,16,5,0,0,0,1,4,6,16,2,0,0,0,2,16,15,7,0,0,3
digit_02977,0,0,0,9,15,5,0,0,0,0,8,16,16,6,0,0,0,2,16,16,16,4,0,0,0,1,14,16,16,3,0,0,0,0,0,12,16,4,0,0,0,0,0,16,16,1,0,0,0,0,0,13,16,7,0,0,0,0,0,7,12,12,0,0,1
digit_02978,0,1,10,5,0,0,0,0,0,2,16,16,12,1,0,0,0,0,10,5,11,6,0,0,0,0,0,1,12,7,0,0,0,0,6,16,16,6,0,0,0,0,3,8,10,15,8,0,0,0,3,4,7,14,15,0,0,0,6,15,15,11,4,0,3
digit_02979,0,0,5,12,10,4,0,0,0,0,15,13,14,12,0,0,0,0,2,0,12,7,0,0,0,0,2,13,15,2,0,0,0,0,2,13,16,13,0,0,0,0,0,0,3,16,3,0,0,0,12,5,8,15,1,0,0,0,7,13,10,4,0,0,3
digit_02980,0,0,3,13,9,2,0,0,0,0,14,16,16,11,0,0,0,5,16,7,4,16,3,0,0,4,14,1,0,12,8,0,0,5,12,0,0,8,8,0,0,1,16,4,0,9,11,0,0,0,11,16,12,16,7,0,0,0,3,11,15,10,0,0,0
digit_02981,0,0,8,15,8,0,0,0,0,2,16,12,16,1,0,0,0,3,9,0,14,2,0,0,0,0,1,3,13,0,0,0,0,0,0,10,7,0,0,0,0,0,5,14,1,0,0,0,0,0,13,16,12,11,1,0,0,0,6,9,12,13,3,0,2
digit_02982,0,0,3,10,7,15,13,0,0,0,12,9,16,16,13,0,0,1,16,12,14,8,4,0,0,1,14,16,16,16,10,0,0,0,0,1,0,11,6,0,0,0,0,0,4,15,2,0,0,0,2,13,15,3,0,0,0,0,4,13,3,0,0,0,5
digit_02983,0,0,0,8,14,15,9,0,0,0,8,15,9,8,9,0,0,0,16,1,0,0,0,0,0,7,9,0,0,0,0,0,0,5,16,16,16,15,1,0,0,0,4,3,5,16,3,0,0,0,0,7,9,12,0,0,0,0,0,13,12,1,0,0,5
digit_02984,0,0,3,13,16,13,1,0,0,0,12,13,8,16,3,0,0,2,15,16,16,8,0,0,0,6,8,11,15,10,0,0,0,0,4,14,4,16,0,0,0,0,8,9,1,13,7,0,0,0,7,9,0,14,6,0,0,0,3,14,14,14,1,0,8
digit_02985,0,0,0,4,15,1,0,0,0,0,2,16,14,4,0,0,0,0,11,15,2,0,0,0,0,1,16,9,0,0,0,0,0,2,16,16,16,9,1,0,0,2,15,16,13,16,11,0,0,0,8,16,10,12,16,0,0,0,0,6,14,15,8,0,6
digit_02986,0,0,3,14,11,1,0,0,0,0,14,15,13,10,0,0,0,1,16,5,1,14,2,0,0,3,16,2,0,7,6,0,0,4,13,1,0,7,8,0,0,3,13,0,0,11,7,0,0,0,14,6,7,14,1,0,0,0,4,16,14,4,0,0,0
digit_02987,0,0,0,6,13,0,0,0,0,0,0,13,12,0,0,0,0,0,1,13,4,0,0,0,0,0,9,9,1,9,1,0,0,4,13,0,4,14,0,0,2,16,16,16,16,13,0,0,3,8,7,9,14,2,0,0,0,0,0,10,5,0,0,0,4
digit_02988,0,0,0,0,5,14,3,0,0,0,0,0,11,16,8,0,0,0,0,6,16,16,2,0,0,0,7,16,16,16,0,0,0,3,16,14,14,16,0,0,0,4,12,4,13,15,0,0,0,0,0,0,14,16,0,0,0,0,0,0,6,16,1,0,1
digit_02989,0,0,3,10,14,2,0,0,0,0,15,16,14,10,0,0,0,6,16,5,0,14,2,0,0,8,15,1,0,8,6,0,0,8,8,0,0,6,8,0,0,5,13,0,0,6,8,0,0,0,15,12,8,14,5,0,0,0,3,15,16,11,0,0,0
digit_02990,0,0,4,15,13,1,0,0,0,0,11,12,13,9,0,0,0,2,15,4,1,16,1,0,0,4,16,3,0,10,6,0,0,3,15,2,0,8,8,0,0,3,16,1,0,12,6,0,0,0,13,11,9,15,1,0,0,0,4,13,13,2,0,0,0
digit_02991,0,1,13,16,10,3,0,0,0,2,13,8,13,15,0,0,0,0,1,8,11,14,2,0,0,0,0,16,16,7,0,0,0,0,0,0,9,16,1,0,0,0,1,0,0,14,7,0,0,5,12,4,7,16,3,0,0,1,11,14,12,5,0,0,3
digit_02992,0,0,3,15,10,1,0,0,0,2,14,9,13,11,0,0,0,7,15,0,2,16,2,0,0,4,16,2,0,6,8,0,0,6,9,0,0,6,8,0,0,5,11,0,0,10,8,0,0,0,15,6,7,16,3,0,0,0,3,12,16,5,0,0,0
digit_02993,0,0,7,10,8,11,16,3,0,0,5,10,9,14,11,0,0,0,0,0,2,15,3,0,0,0,0,0,8,10,0,0,0,4,15,16,16,16,7,0,0,2,4,11,10,3,0,0,0,0,2,16,1,0,0,0,0,0,8,12,0,0,0,0,7
digit_02994,0,0,0,0,12,5,0,0,0,0,0,2,16,2,0,0,0,0,0,9,12,0,0,0,0,0,6,14,1,5,4,0,0,3,15,3,2,14,6,0,0,12,16,14,16,16,1,0,0,7,8,5,14,10,0,0,0,0,0,0,12,6,0,0,4
digit_02995,0,0,1,11,11,1,0,0,0,0,9,16,15,3,0,0,0,1,15,6,0,0,0,0,0,5,14,0,0,0,0,0,0,7,11,0,1,2,0,0,0,4,14,5,15,16,7,0,0,1,12,16,16,12,15,0,0,0,2,11,16,14,9,0,6
digit_02996,0,0,0,5,12,16,8,0,0,1,10,16,15,16,5,0,0,10,16,13,13,16,2,0,0,3,12,13,14,16,2,0,0,0,0,0,8,15,0,0,0,0,0,0,12,15,0,0,0,0,0,1,16,8,0,0,0,0,0,6,16,7,0,0,9
digit_02997,0,0,5,8,14,14,8,0,0,4,16,13,12,9,4,0,0,4,16,0,0,0,0,0,0,5,16,8,2,0,0,0,0,0,6,14,16,8,0,0,0,0,0,0,6,16,2,0,0,0,11,8,10,15,1,0,0,0,8,13,10,1,0,0,5
digit_02998,0,0,1,6,14,16,12,0,0,1,15,16,8,16,11,0,0,10,15,4,5,16,10,0,0,3,12,16,16,16,8,0,0,0,0,0,11,16,0,0,0,0,0,0,13,11,0,0,0,0,0,5,16,5,0,0,0,0,0,9,16,3,0,0,9
digit_02999,0,2,0,0,9,7,0,0,0,15,16,16,16,9,0,0,0,1,5,4,16,7,0,0,0,1,4,4,16,7,0,0,0,5,16,16,16,15,2,0,0,0,3,1,14,6,0,0,0,0,0,0,13,7,0,0,0,0,0,0,10,11,0,0,7
digit_03000,0,1,10,13,5,0,0,0,0,10,14,12,14,0,0,0,0,5,4,2,15,0,0,0,0,0,0,7,10,0,0,0,0,0,2,15,4,0,0,0,0,0,6,15,0,0,0,0,0,1,16,13,12,13,12,0,0,0,15,12,12,10,4,0,2
digit_03001,0,0,9,14,10,4,0,0,0,1,15,12,14,16,2,0,0,0,1,0,0,15,4,0,0,0,0,14,16,8,0,0,0,0,0,6,13,14,1,0,0,0,0,0,1,16,5,0,0,0,5,4,6,15,4,0,0,0,12,15,12,6,0,0,3
digit_03002,0,0,7,12,8,10,15,2,0,0,4,8,10,16,8,0,0,0,0,0,9,10,0,0,0,0,0,5,14,2,0,0,0,6,16,16,16,13,1,0,0,3,6,16,0,0,0,0,0,0,7,13,0,0,0,0,0,0,10,10,0,0,0,0,7
digit_03003,0,0,0,6,12,2,0,0,0,0,2,15,10,4,0,0,0,0,13,9,0,0,0,0,0,1,15,1,0,0,0,0,0,2,13,6,9,2,0,0,0,0,15,16,12,13,1,0,0,0,6,12,8,15,4,0,0,0,0,7,15,11,1,0,6
digit_03004,0,0,6,12,14,6,0,0,0,12,14,6,4,15,0,0,0,11,1,0,5,12,0,0,0,6,11,5,15,3,0,0,0,0,7,15,12,2,0,0,0,0,5,13,8,13,1,0,0,0,11,5,6,14,7,0,0,0,5,16,12,7,1,0,8
digit_03005,0,0,9,16,15,5,0,0,0,0,15,14,16,9,0,0,0,0,5,1,13,10,0,0,0,0,0,0,13,7,0,0,0,0,0,8,13,0,0,0,0,0,3,15,7,1,0,0,0,0,10,16,16,15,0,0,0,0,13,16,12,12,0,0,2
digit_03006,0,0,1,12,15,12,1,0,0,0,2,12,10,16,4,0,0,6,10,6,14,9,0,0,0,5,13,16,16,7,0,0,0,0,5,15,10,15,0,0,0,0,5,12,0,11,7,0,0,0,4,14,4,13,7,0,0,0,2,12,15,10,1,0,8
digit_03007,0,0,0,12,1,0,0,0,0,0,5,14,1,0,0,0,0,0,12,9,0,0,0,0,0,3,16,2,0,0,0,0,0,3,13,6,8,8,2,0,0,2,16,16,12,13,14,0,0,0,11,14,6,5,16,2,0,0,1,10,14,14,10,0,6
digit_03008,0,0,5,14,16,10,0,0,0,0,15,15,14,13,0,0,0,0,4,3,15,8,0,0,0,0,1,16,16,15,2,0,0,0,1,7,6,16,6,0,0,0,0,1,0,14,6,0,0,0,2,15,12,14,1,0,0,0,7,16,12,1,0,0,3
digit_03009,0,0,0,5,16,10,0,0,0,0,0,13,14,0,0,0,0,0,3,16,9,0,0,0,0,0,7,16,4,0,0,0,0,0,10,16,12,8,1,0,0,2,16,16,16,16,11,0,0,1,9,16,11,12,16,1,0,0,0,6,16,16,10,0,6
digit_03010,0,0,2,12,16,3,0,0,0,3,16,6,8,8,0,0,0,5,14,11,15,2,0,0,0,0,0,10,11,0,0,0,0,0,1,16,14,2,0,0,0,0,8,12,6,9,0,0,0,0,10,6,6,16,1,0,0,0,3,14,13,8,0,0,8
digit_03011,0,0,0,9,14,14,1,0,0,2,15,16,16,11,1,0,0,6,16,15,5,0,0,0,0,12,16,9,1,0,0,0,0,3,13,16,13,2,0,0,0,0,0,3,13,15,0,0,0,0,0,11,10,16,7,0,0,0,0,10,16,15,1,0,5
digit_03012,0,1,6,14,12,0,0,0,0,10,15,12,16,2,0,0,0,7,4,4,16,0,0,0,0,0,0,9,10,0,0,0,0,0,3,16,1,0,0,0,0,0,9,10,0,0,0,0,0,0,14,12,8,11,14,0,0,0,5,16,15,9,8,1,2
digit_03013,0,0,9,15,16,12,1,0,0,0,3,4,4,15,6,0,0,0,0,0,0,16,4,0,0,0,0,0,8,13,0,0,0,3,12,16,16,15,4,0,0,3,5,12,9,0,0,0,0,0,3,15,1,0,0,0,0,0,11,6,0,0,0,0,7
digit_03014,0,0,5,11,0,0,0,0,0,1,14,5,0,0,0,0,0,4,12,0,0,0,0,0,0,4,12,3,4,0,0,0,0,8,16,16,16,14,1,0,0,5,16,4,3,9,8,0,0,0,14,7,5,11,12,0,0,0,5,15,16,11,4,0,6
digit_03015,0,0,3,13,11,1,0,0,0,10,15,10,11,10,0,0,0,6,16,1,1,13,2,0,0,4,8,0,0,8,8,0,0,4,8,0,0,8,8,0,0,3,12,0,0,14,8,0,0,0,13,10,12,16,3,0,0,0,4,15,10,3,0,0,0
digit_03016,0,0,5,11,15,16,5,0,0,6,16,10,5,16,8,0,0,0,2,1,12,16,1,0,0,0,1,14,15,2,0,0,0,0,2,9,16,10,0,0,0,0,2,0,7,16,3,0,0,0,13,10,5,16,7,0,0,0,7,13,14,15,2,0,3
digit_03017,0,0,6,15,16,12,1,0,0,3,16,9,8,15,7,0,0,3,3,0,0,15,6,0,0,0,0,0,6,15,2,0,0,0,0,1,15,6,0,0,0,0,1,12,10,0,0,0,0,0,8,16,13,13,6,0,0,0,6,14,12,4,0,0,2
digit_03018,0,0,1,8,14,13,2,0,0,2,13,12,8,15,2,0,0,6,15,2,11,6,0,0,0,0,5,14,15,1,0,0,0,0,0,12,13,0,0,0,0,0,0,15,15,5,0,0,0,0,0,16,9,15,0,0,0,0,0,9,16,10,0,0,8
digit_03019,0,0,6,12,16,16,9,0,0,0,12,5,1,14,10,0,0,0,0,2,12,12,0,0,0,0,4,15,14,1,0,0,0,0,4,13,16,8,0,0,0,0,0,0,2,16,1,0,0,0,4,8,12,13,0,0,0,0,7,14,7,1,0,0,3
digit_03020,0,0,4,12,15,9,1,0,0,7,14,8,13,15,2,0,0,5,7,12,11,1,0,0,0,0,4,16,5,0,0,0,0,0,10,15,10,0,0,0,0,0,9,6,12,4,0,0,0,0,7,9,10,9,0,0,0,0,2,12,16,7,0,0,8
digit_03021,0,0,2,10,15,5,0,0,0,3,9,12,7,16,0,0,0,12,9,5,6,14,1,0,0,4,12,6,16,4,0,0,0,0,8,16,10,0,0,0,0,0,8,14,16,7,0,0,0,0,12,6,5,16,11,0,0,0,3,14,16,13,7,0,8
digit_03022,0,0,4,15,15,16,16,15,0,0,5,12,12,11,16,11,0,0,0,0,0,7,16,3,0,0,2,11,16,16,14,0,0,0,14,12,16,13,0,0,0,0,6,4,15,1,0,0,0,0,1,12,10,0,0,0,0,0,8,14,1,0,0,0,7
digit_03023,0,0,1,10,13,16,14,0,0,0,9,15,12,15,16,1,0,0,1,2,0,10,14,0,0,0,0,2,4,16,12,0,0,0,5,16,16,16,5,0,0,0,7,12,16,8,0,0,0,0,0,6,16,3,0,0,0,0,0,13,11,1,0,0,7
digit_03024,0,0,2,9,12,13,3,0,0,1,14,10,4,14,5,0,0,6,12,4,8,16,2,0,0,1,11,12,12,16,3,0,0,0,0,0,8,11,0,0,0,0,0,1,14,4,0,0,0,0,0,5,14,0,0,0,0,0,0,7,10,0,0,0,9
digit_03025,0,0,15,16,16,11,3,0,0,0,11,7,7,13,13,0,0,0,0,0,5,15,6,0,0,0,2,11,16,7,0,0,0,0,3,16,16,13,1,0,0,0,0,0,8,16,2,0,0,0,14,12,15,11,0,0,0,0,11,9,6,0,0,0,3
digit_03026,0,0,0,1,7,15,5,0,0,0,5,13,16,16,8,0,0,4,15,11,5,16,7,0,0,1,4,0,3,16,4,0,0,0,0,0,4,16,0,0,0,0,0,0,8,16,0,0,0,0,0,0,12,16,0,0,0,0,0,0,12,12,0,0,1
digit_03027,0,0,6,16,15,3,0,0,0,2,16,11,13,13,0,0,0,7,14,1,1,14,4,0,0,8,12,0,0,8,12,0,0,9,11,0,0,8,12,0,0,8,13,1,0,14,11,0,0,1,16,13,14,16,6,0,0,0,6,16,15,7,0,0,0
digit_03028,0,2,12,14,16,12,1,0,0,1,16,16,14,11,1,0,0,0,12,13,0,0,0,0,0,0,7,15,3,0,0,0,0,0,0,15,9,0,0,0,0,0,0,9,15,0,0,0,0,0,3,8,16,3,0,0,0,1,15,16,16,3,0,0,5
digit_03029,0,0,1,12,10,2,0,0,0,0,0,9,16,9,0,0,0,0,0,14,16,12,0,0,0,0,1,16,16,12,0,0,0,0,4,16,16,10,0,0,0,0,6,16,16,10,0,0,0,0,1,16,16,12,0,0,0,0,3,11,13,12,3,0,1
digit_03030,0,0,0,1,12,4,0,0,0,0,0,9,14,0,0,0,0,0,2,16,5,0,0,0,0,0,5,16,9,2,0,0,0,2,16,16,13,16,8,0,0,0,9,15,0,2,15,0,0,0,0,15,8,8,16,3,0,0,0,3,11,13,10,0,6
digit_03031,0,0,0,9,10,0,0,0,0,0,6,16,5,0,0,0,0,1,15,9,0,0,0,0,0,4,16,4,0,0,0,0,0,7,16,14,15,6,0,0,0,2,15,5,2,12,6,0,0,0,9,14,3,6,16,0,0,0,0,8,14,14,12,0,6
digit_03032,0,1,13,16,10,0,0,0,0,2,14,15,16,2,0,0,0,0,0,8,16,4,0,0,0,0,0,13,16,1,0,0,0,0,1,16,11,0,0,0,0,0,11,16,3,5,1,0,0,1,15,16,14,16,4,0,0,1,13,16,15,5,0,0,2
digit_03033,0,0,2,16,10,0,0,0,0,0,7,16,14,1,0,0,0,0,9,16,13,0,0,0,0,0,12,16,8,0,0,0,0,0,14,16,9,0,0,0,0,0,14,16,6,0,0,0,0,0,7,16,10,0,0,0,0,0,1,11,16,4,0,0,1
digit_03034,0,0,1,13,10,0,0,0,0,0,9,16,4,0,0,0,0,1,16,8,0,4,0,0,0,4,16,16,16,16,6,0,0,0,8,8,12,16,5,0,0,0,0,1,16,13,0,0,0,0,0,13,16,3,0,0,0,0,2,15,5,0,0,0,4
digit_03035,0,0,5,13,2,0,0,0,0,1,15,16,15,3,0,0,0,4,14,1,5,14,2,0,0,4,9,0,0,6,8,0,0,5,8,0,0,4,8,0,0,3,10,0,0,9,9,0,0,0,15,10,10,16,6,0,0,0,7,15,14,5,0,0,0
digit_03036,0,0,8,16,13,0,0,0,0,1,13,9,16,4,0,0,0,0,0,0,14,7,5,0,0,0,3,8,15,16,12,0,0,11,16,16,14,7,1,0,0,7,2,15,4,0,0,0,0,0,5,15,2,0,0,0,0,0,12,11,0,0,0,0,7
digit_03037,0,0,2,16,14,1,0,0,0,0,6,16,16,5,0,0,0,2,16,16,16,3,0,0,0,0,3,9,16,4,0,0,0,0,0,2,16,10,0,0,0,0,0,0,15,16,0,0,0,0,2,9,16,16,3,0,0,0,2,14,16,10,1,0,1
digit_03038,0,1,12,13,16,15,1,0,0,3,16,16,10,5,0,0,0,0,12,12,0,0,0,0,0,0,8,14,1,0,0,0,0,0,3,15,5,0,0,0,0,0,0,13,8,0,0,0,0,0,11,16,9,0,0,0,0,1,13,16,3,0,0,0,5
digit_03039,0,0,0,9,13,3,0,0,0,0,9,14,14,4,0,0,0,1,14,13,0,0,0,0,0,4,16,6,0,0,0,0,0,4,16,6,4,2,0,0,0,2,16,16,16,15,2,0,0,0,7,16,13,16,10,0,0,0,0,7,13,10,5,0,6
digit_03040,0,0,7,12,14,10,1,0,0,6,16,11,10,16,4,0,0,3,5,0,8,13,1,0,0,0,0,5,15,5,0,0,0,0,2,15,11,0,0,0,0,0,13,14,1,0,0,0,0,1,15,11,6,8,3,0,0,0,7,14,12,12,6,0,2
digit_03041,0,0,2,7,14,12,1,0,0,2,14,15,10,16,7,0,0,4,9,0,5,16,3,0,0,0,0,2,16,13,0,0,0,0,0,2,15,11,0,0,0,0,0,0,6,16,4,0,0,0,0,5,16,13,0,0,0,0,0,9,11,2,0,0,3
digit_03042,0,0,0,8,15,4,0,0,0,0,4,16,11,4,0,0,0,0,15,13,0,0,0,0,0,5,16,7,0,0,0,0,0,7,16,13,12,12,1,0,0,3,16,15,12,15,12,0,0,0,11,15,9,15,13,0,0,0,0,8,15,13,6,0,6
digit_03043,0,1,13,16,13,5,2,0,0,2,16,9,13,14,0,0,0,0,11,13,15,5,0,0,0,0,3,16,13,0,0,0,0,0,3,16,8,0,0,0,0,0,10,16,12,0,0,0,0,1,15,16,12,0,0,0,0,1,16,10,1,0,0,0,8
digit_03044,0,1,8,14,16,8,0,0,0,3,12,9,11,14,0,0,0,0,0,0,7,14,0,0,0,0,0,0,14,11,0,0,0,0,0,9,13,2,0,0,0,0,7,16,3,0,0,0,0,0,15,16,8,8,3,0,0,0,9,13,12,8,3,0,2
digit_03045,0,1,11,16,13,3,0,0,0,11,16,11,16,12,0,0,0,4,5,0,13,15,0,0,0,0,0,0,16,10,0,0,0,0,0,8,15,1,0,0,0,0,5,16,5,0,0,0,0,0,14,16,10,8,5,0,0,0,13,16,13,12,5,0,2
digit_03046,0,0,0,0,6,13,1,0,0,0,0,3,16,7,0,0,0,0,0,15,13,1,0,0,0,0,12,15,1,0,0,0,0,5,16,7,7,14,5,0,0,6,16,16,16,15,3,0,0,0,0,1,14,12,0,0,0,0,0,0,9,11,0,0,4
digit_03047,0,0,7,16,16,10,0,0,0,4,16,13,16,15,0,0,0,0,8,2,16,12,0,0,0,0,0,8,16,6,0,0,0,0,4,16,9,0,0,0,0,1,13,15,2,0,0,0,0,1,16,15,12,12,5,0,0,0,9,16,14,7,1,0,2
digit_03048,0,0,8,16,16,12,0,0,0,5,16,15,10,3,0,0,0,3,16,7,0,0,0,0,0,0,7,16,2,0,0,0,0,0,0,15,8,0,0,0,0,0,0,11,13,0,0,0,0,2,12,15,10,0,0,0,0,0,11,15,3,0,0,0,5
digit_03049,0,0,0,13,7,0,0,0,0,0,9,16,15,0,0,0,0,8,16,16,14,0,0,0,0,7,8,11,16,4,0,0,0,0,0,2,16,10,0,0,0,0,0,0,10,16,4,0,0,0,1,7,11,16,12,0,0,0,0,11,16,14,8,0,1
digit_03050,0,0,1,9,15,7,1,0,0,4,13,15,13,16,4,0,0,11,13,1,11,14,0,0,0,0,0,0,16,12,0,0,0,0,0,0,14,12,0,0,0,0,0,0,9,14,1,0,0,0,0,3,13,15,0,0,0,0,0,12,13,3,0,0,3
digit_03051,0,0,0,2,15,6,0,0,0,0,0,13,15,1,0,0,0,0,9,16,4,2,1,0,0,4,16,9,2,14,11,0,0,10,15,5,13,16,4,0,0,15,16,16,16,14,0,0,0,9,12,8,16,8,0,0,0,0,0,2,15,3,0,0,4
digit_03052,0,0,1,15,10,0,0,0,0,0,9,10,10,7,0,0,0,2,15,1,2,14,0,0,0,2,16,1,0,11,4,0,0,2,15,0,0,9,7,0,0,0,13,4,1,15,7,0,0,0,8,12,11,16,3,0,0,0,1,12,16,7,0,0,0
digit_03053,0,0,0,5,15,16,6,0,0,1,15,15,10,15,14,0,0,0,1,0,0,8,12,0,0,0,0,2,5,15,9,0,0,0,0,8,16,16,6,0,0,0,0,0,8,13,0,0,0,0,0,0,12,8,0,0,0,0,0,2,13,2,0,0,7
digit_03054,0,0,1,8,12,12,2,0,0,0,13,12,12,15,9,0,0,0,0,0,0,14,10,0,0,0,0,2,8,16,8,0,0,0,2,16,16,15,5,0,0,0,0,1,16,8,0,0,0,0,0,8,16,4,0,0,0,0,0,9,12,0,0,0,7
digit_03055,0,0,3,9,13,2,0,0,0,6,16,16,16,8,0,0,0,9,5,3,16,6,0,0,0,0,0,7,15,1,0,0,0,0,0,13,10,0,0,0,0,0,6,16,3,0,0,0,0,0,8,16,14,12,7,0,0,0,3,13,16,14,8,0,2
digit_03056,0,0,2,16,9,0,0,0,0,0,8,16,15,0,0,0,0,6,16,16,15,1,0,0,0,0,0,5,16,8,0,0,0,0,0,0,14,14,0,0,0,0,0,0,2,16,6,0,0,0,1,4,7,16,13,0,0,0,0,11,16,16,15,1,1
digit_03057,0,0,2,13,16,3,0,0,0,4,15,14,15,12,0,0,0,4,7,1,14,7,0,0,0,0,0,6,16,3,0,0,0,0,4,16,5,0,0,0,0,1,13,10,0,0,0,0,0,0,14,12,5,8,3,0,0,0,3,12,16,10,2,0,2
digit_03058,0,0,5,13,8,3,0,0,0,0,14,16,16,12,0,0,0,3,15,1,3,12,5,0,0,4,10,0,0,7,8,0,0,4,8,0,0,9,8,0,0,4,11,1,1,15,6,0,0,0,15,12,11,13,0,0,0,0,3,13,13,3,0,0,0
digit_03059,0,0,0,11,13,1,0,0,0,1,2,15,13,8,0,0,0,5,13,0,3,13,0,0,0,9,11,0,0,15,1,0,0,6,11,0,0,14,5,0,0,2,15,2,3,16,4,0,0,0,8,14,14,16,2,0,0,0,0,7,14,6,0,0,0
digit_03060,0,0,9,15,16,12,1,0,0,11,16,16,13,8,1,0,0,3,15,11,1,0,0,0,0,0,8,14,0,0,0,0,0,0,3,16,4,0,0,0,0,0,1,16,7,0,0,0,0,3,15,16,4,0,0,0,0,0,13,15,0,0,0,0,5
digit_03061,0,2,14,14,1,0,0,0,0,4,16,11,4,6,0,0,0,4,16,4,12,16,2,0,0,0,13,16,16,6,0,0,0,0,13,16,10,0,0,0,0,0,15,16,4,0,0,0,0,4,16,16,7,0,0,0,0,2,13,15,1,0,0,0,8
digit_03062,0,0,0,2,13,2,0,0,0,0,0,9,15,1,0,0,0,0,1,15,7,0,0,0,0,0,11,12,0,6,6,0,0,7,15,7,5,16,4,0,0,10,16,16,16,13,0,0,0,0,4,3,14,7,0,0,0,0,0,3,12,0,0,0,4
digit_03063,0,0,0,1,12,6,0,0,0,0,0,6,16,2,0,0,0,0,1,16,5,0,0,0,0,0,11,12,0,2,0,0,0,6,15,2,2,16,3,0,0,11,14,9,15,15,0,0,0,3,11,14,16,8,0,0,0,0,0,1,13,2,0,0,4
digit_03064,0,1,8,12,11,4,0,0,0,12,16,11,15,14,0,0,0,3,3,3,16,11,0,0,0,0,1,13,16,1,0,0,0,0,0,5,16,7,0,0,0,0,0,0,12,14,0,0,0,0,0,7,16,9,0,0,0,0,10,13,7,0,0,0,3
digit_03065,0,0,6,12,8,0,0,0,0,7,16,8,15,1,0,0,0,9,4,0,13,4,0,0,0,0,0,1,16,1,0,0,0,0,0,6,10,0,0,0,0,0,0,12,8,0,0,0,0,0,6,15,6,4,6,0,0,0,7,16,15,12,12,0,2
digit_03066,0,0,1,8,12,16,15,0,0,1,14,16,15,15,13,0,0,0,4,1,0,14,11,0,0,0,1,7,14,16,14,0,0,0,8,16,16,14,2,0,0,0,1,8,16,6,0,0,0,0,0,8,16,0,0,0,0,0,0,15,7,0,0,0,7
digit_03067,0,0,6,16,13,2,0,0,0,1,11,16,15,3,0,0,0,11,16,16,16,2,0,0,0,6,11,11,16,12,1,0,0,0,0,1,14,16,7,0,0,0,0,0,6,16,13,0,0,0,0,0,7,16,16,3,0,0,2,12,16,15,8,1,1
digit_03068,0,0,4,15,12,3,0,0,0,3,16,16,16,13,0,0,0,5,16,16,16,13,0,0,0,0,2,2,7,16,1,0,0,0,0,0,7,16,3,0,0,0,0,1,15,13,0,0,0,0,2,13,16,8,0,0,0,0,6,15,5,0,0,0,9
digit_03069,0,1,11,12,12,13,2,0,0,7,16,9,8,8,2,0,0,7,14,8,8,1,0,0,0,3,15,11,11,13,0,0,0,0,0,0,4,16,0,0,0,0,0,0,9,13,0,0,0,0,2,11,14,4,0,0,0,0,12,9,1,0,0,0,5
digit_03070,0,0,6,13,16,14,0,0,0,0,14,12,14,13,0,0,0,0,0,0,13,7,0,0,0,0,0,3,16,10,4,0,0,0,13,16,16,16,8,0,0,0,10,15,14,12,4,0,0,0,3,16,5,0,0,0,0,0,6,14,0,0,0,0,7
digit_03071,0,0,0,9,12,5,0,0,0,0,0,16,9,15,2,0,0,0,0,16,6,16,4,0,0,0,0,4,16,16,8,0,0,0,0,0,2,15,4,0,0,0,0,0,0,10,7,0,0,0,16,11,3,13,4,0,0,0,3,6,13,15,2,0,9
digit_03072,0,0,0,3,13,2,0,0,0,0,0,9,16,2,0,0,0,0,2,15,16,4,0,0,0,2,13,16,16,2,0,0,0,4,12,8,16,7,0,0,0,0,0,4,16,9,0,0,0,0,0,5,16,16,0,0,0,0,0,2,15,9,0,0,1
digit_03073,0,0,5,14,11,2,0,0,0,3,16,10,15,13,0,0,0,8,13,0,14,16,1,0,0,3,16,13,16,15,3,0,0,0,3,16,16,3,0,0,0,0,1,16,16,14,0,0,0,0,6,16,13,16,4,0,0,0,5,15,12,12,1,0,8
digit_03074,0,0,0,6,16,6,0,0,0,0,0,12,16,13,0,0,0,0,9,16,16,16,0,0,0,8,16,16,16,13,0,0,0,0,4,3,16,14,0,0,0,0,0,3,16,13,0,0,0,0,0,4,16,16,2,0,0,0,0,4,16,11,2,0,1
digit_03075,0,0,2,13,15,6,0,0,0,0,8,14,10,16,3,0,0,0,15,6,0,10,8,0,0,6,15,1,0,11,7,0,0,8,13,0,0,10,8,0,0,7,14,1,0,16,2,0,0,1,15,14,11,14,0,0,0,0,3,15,12,1,0,0,0
digit_03076,0,0,2,15,15,7,0,0,0,0,10,12,6,16,5,0,0,2,16,3,0,8,10,0,0,7,16,0,0,8,8,0,0,3,16,4,0,12,5,0,0,0,16,7,1,15,3,0,0,0,12,13,13,10,0,0,0,0,2,12,13,1,0,0,0
digit_03077,0,1,10,15,9,0,0,0,0,5,16,8,16,7,0,0,0,5,14,0,12,9,0,0,0,1,12,13,16,16,2,0,0,0,1,9,12,14,7,0,0,0,0,0,0,4,13,0,0,0,14,12,8,11,16,0,0,0,7,16,16,16,9,0,9
digit_03078,0,0,5,11,0,0,0,0,0,0,13,6,0,0,0,0,0,2,16,4,0,0,0,0,0,8,13,0,0,0,0,0,0,8,16,15,12,6,0,0,0,8,16,14,12,16,2,0,0,2,16,12,5,16,4,0,0,0,5,14,15,10,0,0,6
digit_03079,0,0,4,13,1,0,0,0,0,0,10,12,0,0,0,0,0,0,13,9,0,0,0,0,0,0,15,6,0,0,0,0,0,2,16,9,4,2,0,0,0,3,16,15,12,15,6,0,0,1,14,15,4,13,14,0,0,0,3,13,16,14,5,0,6
digit_03080,0,4,16,9,0,0,0,0,0,9,16,16,3,0,0,0,0,12,8,16,4,0,0,0,0,5,2,16,5,0,0,0,0,0,0,16,4,0,0,0,0,0,3,16,4,0,0,0,0,5,15,16,13,12,8,0,0,4,16,16,16,16,12,0,2
digit_03081,0,1,7,6,12,14,7,0,0,4,16,13,7,4,1,0,0,5,14,4,2,0,0,0,0,5,16,16,15,3,0,0,0,1,7,3,14,8,0,0,0,0,0,0,12,6,0,0,0,1,3,5,15,2,0,0,0,1,13,13,5,0,0,0,5
digit_03082,0,0,10,16,10,2,0,0,0,5,15,5,16,15,0,0,0,6,14,2,10,16,2,0,0,0,12,16,16,16,4,0,0,0,0,3,8,14,7,0,0,0,0,0,0,11,9,0,0,2,14,9,8,13,12,0,0,1,9,14,14,12,3,0,9
digit_03083,0,0,3,14,1,0,0,0,0,0,10,14,1,7,0,0,0,0,15,9,7,16,0,0,0,5,16,4,13,13,0,0,0,12,16,16,16,16,9,0,0,3,8,15,16,12,2,0,0,0,1,16,11,0,0,0,0,0,3,16,5,0,0,0,4
digit_03084,0,0,1,15,6,0,0,0,0,0,8,15,2,0,0,0,0,0,15,9,0,0,0,0,0,2,16,10,0,0,0,0,0,8,16,11,10,4,0,0,0,5,16,16,11,16,6,0,0,2,15,16,11,16,11,0,0,0,3,11,15,13,1,0,6
digit_03085,0,0,0,8,13,0,0,0,0,0,5,16,5,6,2,0,0,0,14,10,2,16,6,0,0,6,16,3,9,15,0,0,0,11,16,16,16,16,6,0,0,4,12,14,16,12,2,0,0,0,0,8,16,4,0,0,0,0,0,11,11,1,0,0,4
digit_03086,0,0,2,12,12,2,0,0,0,3,14,13,11,11,0,0,0,5,16,2,2,14,4,0,0,7,14,2,0,12,7,0,0,4,12,0,0,12,5,0,0,2,14,1,2,15,2,0,0,0,11,10,13,8,0,0,0,0,3,13,12,2,0,0,0
digit_03087,0,0,3,13,16,15,1,0,0,0,6,12,13,16,4,0,0,0,0,0,9,16,1,0,0,0,2,5,14,14,3,0,0,0,14,16,16,16,10,0,0,0,5,10,16,7,1,0,0,0,1,16,11,0,0,0,0,0,5,16,5,0,0,0,7
digit_03088,0,0,4,15,10,5,0,0,0,0,15,10,13,16,2,0,0,4,15,1,9,16,4,0,0,0,14,14,16,16,4,0,0,0,1,4,2,15,5,0,0,0,1,0,0,13,6,0,0,7,16,8,9,15,5,0,0,0,6,12,13,11,1,0,9
digit_03089,0,0,7,15,13,1,0,0,0,0,15,9,13,10,0,0,0,0,16,5,12,12,0,0,0,0,4,15,16,12,0,0,0,0,0,2,7,15,1,0,0,0,0,0,0,15,4,0,0,4,12,7,5,14,4,0,0,0,7,13,13,9,1,0,9
digit_03090,0,0,1,14,7,0,0,0,0,1,13,16,14,11,0,0,0,4,16,12,0,14,3,0,0,6,14,14,0,8,8,0,0,4,16,14,0,8,8,0,0,1,15,3,0,10,8,0,0,0,7,15,10,16,1,0,0,0,1,9,16,8,0,0,0
digit_03091,0,0,7,12,13,12,10,0,0,1,16,10,4,8,4,0,0,1,16,9,8,2,0,0,0,7,15,12,14,9,0,0,0,0,0,0,6,12,0,0,0,0,0,0,7,14,0,0,0,0,6,8,12,12,0,0,0,0,12,13,9,0,0,0,5
digit_03092,0,1,11,12,0,0,0,0,0,7,14,15,6,0,0,0,0,7,3,12,10,0,0,0,0,0,0,15,14,5,0,0,0,0,0,8,10,16,2,0,0,0,0,0,0,12,8,0,0,0,9,8,8,15,10,0,0,0,13,16,14,8,1,0,3
digit_03093,0,1,10,15,8,0,0,0,0,4,16,10,13,14,1,0,0,8,16,0,10,16,4,0,0,1,16,12,15,16,4,0,0,0,2,11,10,16,6,0,0,0,0,0,0,16,6,0,0,0,12,11,11,16,4,0,0,0,7,12,12,7,0,0,9
digit_03094,0,0,0,8,10,0,0,0,0,0,4,15,2,0,0,0,0,0,11,9,0,12,3,0,0,2,15,0,3,15,0,0,0,6,16,6,10,14,0,0,0,2,16,16,16,14,0,0,0,0,0,6,15,1,0,0,0,0,0,10,9,0,0,0,4
digit_03095,0,0,7,15,4,0,0,0,0,0,14,16,12,0,0,0,0,0,12,6,16,0,0,0,0,0,0,10,16,2,0,0,0,0,0,8,14,15,3,0,0,0,0,0,0,9,11,0,0,0,5,9,9,15,11,0,0,0,9,14,12,9,1,0,3
digit_03096,0,0,4,14,0,0,0,0,0,0,15,7,0,0,0,0,0,3,13,0,0,0,0,0,0,6,12,4,3,0,0,0,0,8,16,16,16,13,1,0,0,4,16,8,2,16,6,0,0,2,16,13,10,16,4,0,0,0,5,15,13,3,0,0,6
digit_03097,0,1,11,14,6,0,0,0,0,7,12,5,15,0,0,0,0,6,6,1,16,0,0,0,0,0,0,5,16,0,0,0,0,0,0,13,16,12,0,0,0,0,0,0,3,14,6,0,0,0,5,7,6,14,8,0,0,0,14,16,16,11,1,0,3
digit_03098,0,5,16,5,0,0,0,0,0,9,16,14,0,0,0,0,0,12,14,14,0,0,0,0,0,7,13,12,0,0,0,0,0,0,11,8,0,3,1,0,0,0,16,8,7,14,11,0,0,8,16,16,16,16,11,0,0,6,16,16,11,6,1,0,2
digit_03099,0,0,9,12,11,0,0,0,0,7,13,4,14,2,0,0,0,2,6,0,14,4,0,0,0,0,0,8,14,0,0,0,0,0,0,10,14,13,1,0,0,0,0,0,1,14,5,0,0,0,8,5,10,14,2,0,0,1,15,16,11,1,0,0,3
digit_03100,0,0,10,15,9,1,0,0,0,5,16,10,16,9,0,0,0,7,10,0,14,10,0,0,0,3,15,7,12,15,1,0,0,0,4,11,14,16,4,0,0,0,0,0,0,12,11,0,0,0,11,9,5,12,13,0,0,0,10,12,12,15,11,0,9
digit_03101,0,0,5,15,15,9,0,0,0,0,15,8,5,13,5,0,0,6,16,9,0,6,10,0,0,8,16,4,0,6,12,0,0,0,16,4,0,4,12,0,0,0,16,3,0,9,9,0,0,0,15,8,7,15,1,0,0,0,6,16,16,6,0,0,0
digit_03102,0,0,1,15,14,0,0,0,0,0,6,16,8,0,0,0,0,0,14,16,13,0,0,0,0,9,15,14,16,1,0,0,0,5,3,6,16,5,0,0,0,0,0,3,16,11,0,0,0,0,0,5,14,15,0,0,0,0,3,15,16,16,6,0,1
digit_03103,0,0,5,12,8,0,0,0,0,0,13,6,1,0,0,0,0,2,14,1,0,0,0,0,0,4,14,0,3,1,0,0,0,7,11,13,13,13,5,0,0,4,16,8,0,2,12,0,0,1,15,6,2,12,3,0,0,0,6,13,12,4,0,0,6
digit_03104,0,0,13,16,16,5,0,0,0,1,10,8,16,6,0,0,0,0,0,10,14,0,0,0,0,0,7,16,6,0,0,0,0,0,3,13,16,6,0,0,0,0,0,0,10,15,1,0,0,0,2,5,7,16,7,0,0,0,15,16,16,14,2,0,3
digit_03105,0,0,0,11,16,10,0,0,0,0,6,11,2,12,0,0,0,0,5,15,3,11,0,0,0,0,1,13,16,1,0,0,0,0,1,12,16,7,0,0,0,7,13,3,7,14,0,0,0,10,13,8,5,10,0,0,0,0,0,14,15,3,0,0,8
digit_03106,0,0,6,15,16,13,0,0,0,5,16,8,6,15,3,0,0,10,16,4,0,9,8,0,0,5,16,4,0,7,11,0,0,4,16,3,0,6,12,0,0,3,16,3,0,9,9,0,0,0,15,11,8,16,3,0,0,0,11,16,14,5,0,0,0
digit_03107,0,0,2,9,15,12,0,0,0,0,12,15,14,13,0,0,0,0,2,0,11,7,0,0,0,0,0,1,16,9,4,0,0,1,9,16,16,11,5,0,0,4,13,13,9,0,0,0,0,0,0,13,3,0,0,0,0,0,2,14,1,0,0,0,7
digit_03108,0,0,7,13,16,13,2,0,0,2,16,15,5,13,10,0,0,6,16,3,0,7,11,0,0,11,14,0,0,5,12,0,0,8,16,0,0,4,12,0,0,8,15,0,0,7,11,0,0,7,16,8,8,15,2,0,0,0,12,16,16,5,0,0,0
digit_03109,0,0,10,16,16,16,14,0,0,4,16,11,7,3,2,0,0,10,11,0,0,0,0,0,0,7,15,9,8,2,0,0,0,1,11,12,15,14,1,0,0,0,0,0,1,15,6,0,0,2,12,6,0,15,6,0,0,0,9,14,16,15,2,0,5
digit_03110,0,0,7,16,4,0,0,0,0,0,9,16,6,0,0,0,0,1,13,16,6,0,0,0,0,9,16,16,11,0,0,0,0,8,6,10,16,1,0,0,0,0,0,2,16,11,0,0,0,0,1,7,16,16,7,0,0,0,4,15,16,15,15,3,1
digit_03111,0,0,9,16,13,0,0,0,0,0,15,11,0,0,0,0,0,4,16,6,0,0,0,0,0,3,16,7,4,3,0,0,0,2,16,16,16,16,10,0,0,0,15,16,2,3,14,2,0,0,15,16,6,4,16,3,0,0,8,6,15,16,8,0,6
digit_03112,0,0,0,13,16,16,16,8,0,0,0,7,4,6,15,9,0,0,0,0,0,6,15,0,0,0,0,2,4,14,6,0,0,0,3,16,16,16,6,0,0,0,0,1,15,4,0,0,0,0,0,8,12,0,0,0,0,0,1,15,4,0,0,0,7
digit_03113,0,0,0,6,14,16,8,0,0,0,4,13,8,16,9,0,0,0,0,0,0,15,6,0,0,0,0,5,9,16,9,0,0,0,10,16,16,15,4,0,0,1,9,3,13,7,0,0,0,0,0,1,16,2,0,0,0,0,0,8,9,0,0,0,7
digit_03114,0,0,0,7,15,0,0,0,0,0,0,14,11,3,11,0,0,0,6,16,2,14,9,0,0,2,14,7,6,16,2,0,1,14,15,11,15,16,4,0,2,13,12,11,16,7,0,0,0,0,0,5,16,1,0,0,0,0,0,11,12,0,0,0,4
digit_03115,0,0,10,16,16,6,0,0,0,3,13,6,16,4,0,0,0,0,0,10,12,0,0,0,0,0,6,16,5,0,0,0,0,0,1,12,15,5,0,0,0,0,0,0,10,15,3,0,0,0,0,2,7,16,5,0,0,1,13,16,14,10,0,0,3
digit_03116,0,0,7,16,15,3,0,0,0,1,15,10,12,4,0,0,0,7,16,1,0,0,0,0,0,8,13,0,4,3,0,0,0,9,14,13,16,16,5,0,0,7,16,13,2,9,12,0,0,2,16,10,1,11,12,0,0,0,8,15,16,15,3,0,6
digit_03117,0,0,0,6,16,1,0,0,0,0,3,16,8,4,15,0,0,1,14,11,0,10,14,0,0,9,16,13,12,16,12,0,0,3,12,11,12,16,6,0,0,0,0,0,12,12,1,0,0,0,0,2,16,6,0,0,0,0,0,7,13,1,0,0,4
digit_03118,0,0,0,7,14,7,0,0,0,0,3,13,4,12,1,0,0,0,13,3,0,12,4,0,0,1,13,0,6,16,6,0,0,0,15,15,9,12,3,0,0,0,1,1,0,9,2,0,0,0,2,9,2,12,0,0,0,0,1,9,15,7,0,0,9
digit_03119,0,0,7,13,15,3,0,0,0,3,16,4,8,4,0,0,0,1,16,3,10,0,0,0,0,0,8,16,6,0,0,0,0,0,6,11,11,10,1,0,0,1,13,3,0,9,6,0,0,2,14,1,0,9,3,0,0,0,4,13,14,9,0,0,8
digit_03120,0,2,16,13,1,0,0,0,0,7,14,10,3,0,0,0,0,8,12,0,0,0,0,0,0,9,13,1,6,3,0,0,0,7,14,15,16,15,4,0,0,4,16,11,4,5,16,0,0,1,16,11,0,7,15,1,0,2,14,13,16,16,4,0,6
digit_03121,0,0,3,11,13,8,0,0,0,1,14,5,1,12,3,0,0,4,12,0,0,8,11,0,0,1,15,6,4,15,4,0,0,0,2,8,10,14,4,0,0,0,0,0,0,11,4,0,0,0,0,2,2,11,4,0,0,0,2,14,11,7,1,0,9
digit_03122,0,0,8,16,10,1,0,0,0,0,15,6,13,4,0,0,0,0,15,3,12,2,0,0,0,0,6,16,13,0,0,0,0,0,2,14,14,6,0,0,0,1,13,3,1,13,3,0,0,3,14,0,0,5,7,0,0,0,6,13,12,15,5,0,8
digit_03123,0,0,2,11,16,15,1,0,0,0,4,8,10,16,4,0,0,0,0,0,3,16,4,0,0,0,0,3,8,16,3,0,0,5,12,16,16,16,7,0,0,8,8,8,16,3,0,0,0,0,0,14,9,0,0,0,0,0,3,16,2,0,0,0,7
digit_03124,0,1,10,16,15,4,0,0,0,9,16,7,7,15,2,0,0,12,13,0,0,12,8,0,0,12,12,0,0,6,11,0,0,10,12,0,0,4,12,0,0,7,14,0,0,6,11,0,0,2,16,5,3,14,4,0,0,0,10,16,16,12,0,0,0
digit_03125,0,0,4,16,13,0,0,0,0,0,14,9,15,0,0,0,0,5,14,2,16,6,0,0,0,9,12,7,15,10,0,0,0,3,16,15,9,16,1,0,0,0,4,0,1,14,5,0,0,0,0,6,6,12,7,0,0,0,2,16,16,13,1,0,9
digit_03126,0,3,16,16,16,16,14,0,0,9,15,9,7,3,2,0,0,10,12,0,0,0,0,0,0,10,16,15,9,0,0,0,0,1,8,9,16,7,0,0,0,0,0,0,10,12,0,0,0,5,7,0,8,14,0,0,0,4,16,16,16,8,0,0,5
digit_03127,0,1,12,16,14,5,0,0,0,3,13,9,16,12,0,0,0,0,1,11,16,6,0,0,0,0,8,16,9,0,0,0,0,0,3,15,13,0,0,0,0,0,0,2,15,9,0,0,0,0,3,8,12,16,3,0,0,0,14,16,16,16,7,0,3
digit_03128,0,0,11,15,10,0,0,0,0,2,13,0,9,3,0,0,0,3,12,0,10,0,0,0,0,0,11,12,12,0,0,0,0,0,0,11,14,6,0,0,0,1,9,5,0,10,5,0,0,4,10,0,0,8,4,0,0,1,14,11,14,10,0,0,8
digit_03129,0,0,9,16,16,6,0,0,0,3,16,6,8,16,4,0,0,10,12,0,6,16,6,0,0,10,14,5,13,16,4,0,0,1,11,12,7,14,8,0,0,0,0,0,0,10,10,0,0,0,0,0,0,13,8,0,0,0,11,16,16,16,5,0,9
digit_03130,0,0,1,10,13,1,0,0,0,0,14,12,8,2,0,0,0,5,14,1,0,0,0,0,0,6,11,0,0,0,0,0,0,8,14,14,12,11,0,0,0,1,16,10,0,2,10,0,0,0,13,11,1,0,13,0,0,0,1,8,15,16,9,0,6
digit_03131,0,2,15,16,5,0,0,0,0,6,16,10,10,0,0,0,0,3,15,6,12,0,0,0,0,0,1,7,13,0,0,0,0,0,0,13,7,0,0,0,0,0,3,15,3,0,0,0,0,0,14,15,10,8,4,0,0,3,16,16,16,16,16,3,2
digit_03132,0,0,13,13,0,0,0,0,0,6,16,7,0,0,0,0,0,10,13,0,0,0,0,0,0,8,16,13,16,10,0,0,0,8,16,14,9,15,6,0,0,5,16,6,0,2,15,0,0,7,16,12,0,3,15,0,0,1,6,13,16,16,8,0,6
digit_03133,0,0,10,13,12,5,0,0,0,3,16,7,10,16,6,0,0,3,16,3,0,14,8,0,0,1,11,15,14,16,8,0,0,0,0,3,6,14,8,0,0,0,0,0,1,13,7,0,0,0,5,4,7,16,2,0,0,0,13,16,16,10,0,0,9
digit_03134,0,0,0,0,7,13,2,0,0,0,0,0,8,16,4,0,0,3,8,9,15,15,1,0,0,4,12,11,14,12,0,0,0,0,0,0,12,12,0,0,0,0,0,0,11,13,0,0,0,0,0,0,8,16,5,0,0,0,0,0,6,16,5,0,1
digit_03135,0,0,10,14,8,0,0,0,0,7,15,5,15,9,0,0,0,8,11,0,5,15,2,0,0,4,16,6,5,16,4,0,0,0,8,12,11,14,7,0,0,0,0,0,0,11,9,0,0,0,4,2,0,11,11,0,0,0,11,16,16,15,4,0,9
digit_03136,0,0,14,5,0,0,0,0,0,0,13,8,0,0,0,0,0,0,16,7,0,0,0,0,0,0,15,8,0,0,0,0,0,2,16,5,15,3,0,0,0,2,16,9,14,11,1,0,0,6,16,16,16,16,15,0,0,1,8,5,7,16,8,0,4
digit_03137,0,1,10,13,10,1,0,0,0,6,14,4,10,15,2,0,0,8,12,0,2,16,3,0,0,2,14,8,10,16,4,0,0,0,2,4,4,13,6,0,0,0,0,0,0,12,8,0,0,6,12,2,6,16,4,0,0,1,10,16,13,5,0,0,9
digit_03138,0,0,6,15,11,1,0,0,0,0,15,7,13,15,2,0,0,5,14,0,2,16,4,0,0,3,15,8,10,16,4,0,0,0,6,12,10,14,8,0,0,2,3,0,0,12,7,0,0,9,15,8,8,16,3,0,0,0,7,15,15,4,0,0,9
digit_03139,0,0,7,15,14,9,0,0,0,4,15,5,12,16,4,0,0,7,13,1,9,14,3,0,0,1,14,16,16,2,0,0,0,0,12,12,14,12,0,0,0,2,16,1,2,15,4,0,0,1,15,7,0,14,8,0,0,0,6,16,16,13,2,0,8
digit_03140,0,1,10,15,6,0,0,0,0,7,13,6,13,2,0,0,0,7,8,0,13,4,0,0,0,0,1,0,13,4,0,0,0,0,0,3,14,0,0,0,0,0,0,11,10,0,0,0,0,0,7,16,5,4,2,0,0,0,15,16,14,16,15,0,2
digit_03141,0,0,6,16,16,15,14,0,0,0,2,4,10,16,5,0,0,0,0,1,12,10,0,0,0,1,6,11,16,13,6,0,0,7,14,16,14,9,4,0,0,0,1,16,8,0,0,0,0,0,4,16,8,0,0,0,0,0,5,15,2,0,0,0,7
digit_03142,0,0,4,13,1,0,0,0,0,0,13,11,0,0,0,0,0,2,16,3,0,0,0,0,0,4,16,11,5,1,0,0,0,4,16,15,15,13,4,0,0,2,16,2,0,7,14,0,0,0,14,10,8,9,16,2,0,0,4,13,16,12,10,0,6
digit_03143,0,0,10,14,12,1,0,0,0,4,11,4,10,9,0,0,0,1,3,0,7,11,0,0,0,0,0,4,14,6,0,0,0,0,0,11,13,15,1,0,0,0,0,0,0,14,7,0,0,3,6,2,4,15,6,0,0,1,11,15,14,8,0,0,3
digit_03144,0,0,4,14,15,6,0,0,0,0,13,5,9,11,0,0,0,0,0,0,5,11,0,0,0,0,1,9,16,4,0,0,0,0,3,9,9,15,1,0,0,0,0,0,0,15,4,0,0,8,14,8,5,16,4,0,0,0,6,14,15,8,0,0,3
digit_03145,0,0,2,14,11,8,12,1,0,0,8,10,9,14,14,0,0,0,10,1,0,12,4,0,0,0,1,2,7,13,1,0,0,0,1,15,16,16,5,0,0,0,0,3,13,2,0,0,0,0,0,9,7,0,0,0,0,0,0,15,4,0,0,0,7
digit_03146,0,1,13,12,1,0,0,0,0,5,13,12,9,0,0,0,0,1,11,4,16,0,0,0,0,0,3,1,16,3,0,0,0,0,0,2,16,0,0,0,0,0,0,5,15,1,0,0,0,0,7,16,11,4,5,0,0,0,15,16,16,16,16,0,2
digit_03147,0,0,0,7,9,0,0,0,0,0,4,15,6,0,0,0,0,0,11,11,0,0,0,0,0,1,16,14,12,4,0,0,0,3,16,16,13,14,3,0,0,0,16,6,1,8,11,0,0,0,11,11,1,1,16,0,0,0,2,9,14,16,16,1,6
digit_03148,0,0,6,15,12,1,0,0,0,0,16,9,15,14,2,0,0,6,14,0,2,16,6,0,0,5,15,5,6,16,4,0,0,0,6,12,12,15,8,0,0,0,0,0,0,13,7,0,0,2,14,4,7,16,2,0,0,0,7,15,15,5,0,0,9
digit_03149,0,0,0,4,16,2,0,0,0,0,0,8,16,0,0,0,0,0,0,14,11,0,0,0,0,0,7,15,1,0,0,0,0,0,15,11,9,3,0,0,0,9,16,11,16,9,0,0,0,13,16,16,16,16,6,0,0,1,0,8,16,5,0,0,4
digit_03150,0,0,5,16,14,8,0,0,0,5,15,6,11,16,1,0,0,8,14,0,5,16,1,0,0,1,12,14,16,8,0,0,0,0,6,14,15,10,0,0,0,0,12,4,1,13,6,0,0,0,12,7,1,13,8,0,0,0,4,15,16,10,1,0,8
digit_03151,0,0,8,14,14,9,0,0,0,1,16,9,14,15,9,0,0,2,16,6,9,15,6,0,0,0,8,16,16,4,0,0,0,0,10,12,13,12,0,0,0,1,15,2,1,16,6,0,0,2,14,4,6,16,4,0,0,0,10,16,16,10,1,0,8
digit_03152,0,3,14,15,5,0,0,0,0,8,11,7,15,2,0,0,0,9,4,0,16,4,0,0,0,1,3,0,14,8,0,0,0,0,0,4,15,0,0,0,0,0,0,12,10,0,0,0,0,1,14,16,10,10,6,0,0,2,14,15,13,16,12,0,2
digit_03153,0,0,13,12,12,12,5,0,0,3,16,7,4,4,2,0,0,5,16,8,5,0,0,0,0,5,14,11,16,6,0,0,0,0,0,0,6,14,0,0,0,0,0,0,0,16,0,0,0,2,4,1,9,16,0,0,0,1,13,16,13,2,0,0,5
digit_03154,0,0,6,15,15,11,5,0,0,0,14,8,12,15,13,0,0,2,16,3,0,11,12,0,0,0,13,16,15,13,1,0,0,0,6,16,16,7,0,0,0,0,13,5,11,12,0,0,0,0,13,11,9,16,2,0,0,0,6,14,15,7,0,0,8
digit_03155,0,0,0,5,15,0,0,0,0,0,0,12,12,0,0,0,0,0,0,16,8,0,0,0,0,0,9,14,4,1,0,0,0,0,16,7,16,8,0,0,0,11,16,15,16,16,3,0,0,13,16,16,16,16,7,0,0,0,0,5,16,2,0,0,4
digit_03156,0,0,6,13,6,0,0,0,0,0,14,11,16,10,0,0,0,2,14,0,9,15,0,0,0,5,9,0,0,12,3,0,0,8,8,0,0,8,5,0,0,7,11,0,0,8,8,0,0,1,15,7,5,14,4,0,0,0,6,16,16,9,0,0,0
digit_03157,0,0,0,11,10,5,8,5,0,0,5,14,13,16,13,3,0,0,12,5,1,15,3,0,0,0,7,1,9,9,0,0,0,0,9,16,16,16,6,0,0,0,0,6,12,4,1,0,0,0,0,13,5,0,0,0,0,0,2,13,1,0,0,0,7
digit_03158,0,0,0,9,10,0,0,0,0,0,2,15,9,0,0,0,0,0,6,16,6,0,0,0,0,0,13,13,5,1,0,0,0,3,16,7,16,8,0,0,1,13,16,10,16,12,0,0,0,13,16,16,16,16,3,0,0,2,4,10,16,2,0,0,4
digit_03159,0,0,8,13,10,0,0,0,0,1,16,7,14,10,1,0,0,5,12,0,2,16,4,0,0,3,16,10,9,16,4,0,0,0,3,8,8,14,6,0,0,0,0,0,0,12,8,0,0,3,12,3,3,14,6,0,0,1,9,15,16,9,0,0,9
digit_03160,0,0,0,4,13,4,0,0,0,0,0,9,16,11,0,0,0,5,16,16,16,8,0,0,0,0,4,11,16,9,0,0,0,0,0,4,16,12,0,0,0,0,0,4,16,14,0,0,0,0,0,12,16,16,5,0,0,0,0,3,16,16,4,0,1
digit_03161,0,0,5,14,9,3,0,0,0,0,14,11,16,15,2,0,0,5,11,0,11,15,4,0,0,7,8,0,0,9,7,0,0,4,9,0,0,8,8,0,0,4,13,0,0,9,5,0,0,2,16,5,7,15,0,0,0,0,7,15,15,6,0,0,0
digit_03162,0,0,11,13,2,0,0,0,0,5,13,9,14,0,0,0,0,4,8,0,12,8,0,0,0,1,5,0,11,8,0,0,0,0,0,0,12,7,0,0,0,0,0,6,15,1,0,0,0,0,5,16,11,2,0,0,0,0,11,16,16,16,16,1,2
digit_03163,0,1,10,13,4,0,0,0,0,9,13,8,14,2,0,0,0,5,10,0,14,4,0,0,0,1,2,0,12,7,0,0,0,0,0,0,13,4,0,0,0,0,0,1,15,3,0,0,0,0,6,15,11,4,2,0,0,0,12,16,16,16,15,0,2
digit_03164,0,1,11,13,16,1,0,0,0,3,16,5,4,4,1,0,0,5,15,3,4,0,0,0,0,4,15,12,13,15,2,0,0,0,0,0,0,10,8,0,0,0,0,0,0,10,8,0,0,2,8,7,5,15,5,0,0,0,8,12,16,12,0,0,5
digit_03165,0,1,14,13,4,0,0,0,0,6,15,11,15,0,0,0,0,8,14,9,16,4,0,0,0,2,8,11,15,6,0,0,0,0,0,0,7,13,1,0,0,0,0,0,0,11,10,0,0,0,10,4,0,3,15,0,0,0,10,14,16,16,15,0,9
digit_03166,0,0,0,1,13,9,0,0,0,0,0,7,16,5,0,0,0,0,1,14,12,0,0,0,0,4,14,13,2,13,6,0,0,6,16,16,16,16,9,0,0,0,6,8,13,16,0,0,0,0,0,0,15,11,0,0,0,0,0,2,16,9,0,0,4
digit_03167,0,0,3,14,8,8,8,0,0,0,2,11,12,15,10,0,0,0,0,0,0,13,4,0,0,1,16,16,16,15,3,0,0,2,8,8,16,16,6,0,0,0,0,8,13,3,1,0,0,0,1,16,7,0,0,0,0,0,5,11,1,0,0,0,7
digit_03168,0,0,5,16,5,0,0,0,0,0,2,16,13,0,0,0,0,0,11,16,16,2,0,0,0,0,3,12,16,9,0,0,0,0,0,0,14,14,0,0,0,0,0,0,9,16,3,0,0,0,9,12,14,16,8,5,0,0,4,12,13,16,16,15,1
digit_03169,0,0,4,6,14,6,0,0,0,8,16,15,13,10,0,0,0,3,12,3,2,13,0,0,0,0,11,11,13,11,0,0,0,0,6,16,16,3,0,0,0,0,16,9,6,13,2,0,0,0,9,8,0,3,14,0,0,0,0,6,15,16,16,4,8
digit_03170,0,0,8,16,16,11,2,0,0,0,5,8,9,16,9,0,0,0,0,0,2,16,5,0,0,0,4,8,12,12,0,0,0,0,11,16,16,16,4,0,0,0,2,14,11,14,5,0,0,0,6,16,2,0,0,0,0,0,10,14,0,0,0,0,7
digit_03171,0,0,0,4,16,10,0,0,0,0,0,7,16,6,0,0,0,0,0,15,11,1,0,0,0,0,9,15,2,1,0,0,0,11,16,9,5,15,7,0,0,8,16,16,16,16,1,0,0,0,2,8,16,11,0,0,0,0,0,6,16,6,0,0,4
digit_03172,0,0,7,16,8,0,0,0,0,0,13,16,16,7,0,0,0,4,16,7,11,15,0,0,0,6,12,0,0,14,6,0,0,8,12,0,0,14,8,0,0,7,13,0,6,15,7,0,0,4,16,16,16,16,1,0,0,0,7,14,7,0,0,0,0
digit_03173,0,0,16,10,0,0,0,0,0,3,16,16,6,0,0,0,0,0,16,12,12,0,0,0,0,0,13,11,14,0,0,0,0,0,1,6,16,0,0,0,0,0,0,10,12,0,0,0,0,0,13,16,16,14,8,0,0,1,13,16,16,15,16,5,2
digit_03174,0,0,10,14,14,11,1,0,0,4,16,12,5,14,11,0,0,5,14,2,4,13,8,0,0,1,11,11,14,6,0,0,0,0,9,16,5,0,0,0,0,4,13,11,9,0,0,0,0,5,11,2,16,2,0,0,0,0,13,16,16,6,0,0,8
digit_03175,0,0,7,13,14,1,0,0,0,0,16,10,5,0,0,0,0,1,16,13,8,3,0,0,0,0,12,10,11,15,3,0,0,0,0,0,0,9,8,0,0,0,0,0,0,3,11,0,0,1,7,4,4,11,11,0,0,1,11,14,15,12,2,0,5
digit_03176,0,0,0,8,14,3,0,0,0,0,1,16,15,7,0,0,0,0,7,15,5,0,0,0,0,3,14,14,5,0,0,0,0,3,16,10,12,10,0,0,0,0,11,5,0,14,2,0,0,0,3,11,6,14,1,0,0,0,0,7,15,6,0,0,6
digit_03177,0,0,0,4,13,3,0,0,0,0,6,16,13,2,0,0,0,2,16,9,0,0,0,0,0,3,16,10,2,0,0,0,0,2,16,16,16,14,3,0,0,1,13,9,2,8,11,0,0,0,3,15,8,9,16,1,0,0,0,3,11,14,10,0,6
digit_03178,0,0,10,16,16,12,6,0,0,0,6,9,16,16,15,1,0,0,0,0,3,13,9,0,0,1,12,8,10,16,2,0,0,1,15,16,16,16,8,0,0,0,1,13,11,10,4,0,0,0,3,16,2,0,0,0,0,0,9,14,0,0,0,0,7
digit_03179,0,0,8,15,14,1,0,0,0,0,15,15,7,0,0,0,0,0,14,15,9,2,0,0,0,0,10,15,14,14,3,0,0,0,1,1,0,11,12,0,0,0,0,0,0,3,16,1,0,2,14,6,4,7,16,3,0,0,9,16,16,16,13,1,5
digit_03180,0,0,0,1,14,10,0,0,0,0,0,2,16,9,0,0,0,0,1,11,14,3,0,0,0,1,10,16,6,9,6,0,0,10,16,15,13,16,9,0,0,5,11,12,16,15,1,0,0,0,0,0,16,12,0,0,0,0,0,0,16,11,0,0,4
digit_03181,0,4,15,16,4,0,0,0,0,8,16,11,15,0,0,0,0,6,14,4,16,4,0,0,0,0,2,4,16,3,0,0,0,0,0,11,15,0,0,0,0,0,9,16,4,0,0,0,0,10,16,16,16,13,3,0,0,5,14,12,13,16,12,0,2
digit_03182,0,0,0,12,11,0,0,0,0,0,11,16,10,0,0,0,0,0,16,13,0,0,0,0,0,3,16,3,0,0,0,0,0,2,16,16,11,1,0,0,0,0,14,11,3,10,0,0,0,0,5,14,2,9,6,0,0,0,0,7,16,16,6,0,6
digit_03183,0,0,8,13,8,0,0,0,0,4,13,6,14,3,0,0,0,7,8,0,12,5,0,0,0,3,10,8,16,1,0,0,0,0,0,5,14,12,0,0,0,0,0,0,0,13,8,0,0,0,10,10,0,6,12,0,0,0,4,15,16,16,6,0,3
digit_03184,0,0,12,16,16,16,3,0,0,0,6,9,12,16,7,0,0,0,0,0,8,15,3,0,0,3,15,16,16,7,0,0,0,1,8,16,16,15,2,0,0,0,3,16,10,14,6,0,0,0,11,16,0,0,0,0,0,0,12,11,0,0,0,0,7
digit_03185,0,0,5,12,10,0,0,0,0,2,15,14,16,1,0,0,0,0,11,3,16,1,0,0,0,0,0,0,11,5,0,0,0,0,0,0,7,14,0,0,0,0,0,0,0,9,10,0,0,0,10,7,5,12,12,0,0,0,6,14,16,13,4,0,3
digit_03186,0,0,5,11,12,9,0,0,0,0,12,14,5,16,0,0,0,1,16,5,6,11,0,0,0,0,16,8,15,3,0,0,0,0,9,16,9,0,0,0,0,1,11,4,13,4,0,0,0,3,13,2,4,14,0,0,0,0,5,8,11,11,0,0,8
digit_03187,0,0,1,7,12,7,0,0,0,0,6,16,10,5,0,0,0,0,14,16,14,4,0,0,0,0,3,4,6,13,0,0,0,0,0,0,0,11,6,0,0,0,0,0,0,7,9,0,0,0,10,5,2,8,11,0,0,0,4,14,16,16,4,0,5
digit_03188,0,0,9,16,15,1,0,0,0,0,3,8,16,5,0,0,0,0,0,0,14,7,0,0,0,2,11,9,16,3,0,0,0,11,16,16,16,12,1,0,0,0,0,13,15,16,5,0,0,0,5,16,2,0,0,0,0,0,10,10,0,0,0,0,7
digit_03189,0,0,11,16,7,0,0,0,0,4,15,8,16,9,0,0,0,8,10,0,9,12,0,0,0,4,15,11,13,13,0,0,0,0,0,7,6,16,0,0,0,0,0,0,0,13,2,0,0,0,7,7,2,12,4,0,0,0,6,13,16,16,6,0,9
digit_03190,0,0,0,12,8,0,0,0,0,0,0,16,8,0,0,0,0,0,10,16,3,0,0,0,0,7,16,12,12,4,0,0,0,8,16,16,16,16,9,0,0,1,9,15,16,10,6,0,0,0,0,12,13,0,0,0,0,0,0,14,12,0,0,0,4
digit_03191,0,0,11,16,16,4,0,0,0,0,12,16,12,3,0,0,0,2,16,16,15,4,0,0,0,0,5,8,11,15,3,0,0,0,0,0,0,10,12,0,0,0,3,1,0,3,16,0,0,0,16,12,8,11,16,1,0,0,8,14,16,16,11,0,5
digit_03192,0,0,4,10,15,4,0,0,0,0,8,13,6,1,0,0,0,1,15,14,10,1,0,0,0,0,11,8,10,12,1,0,0,0,0,0,0,10,6,0,0,0,0,0,0,2,14,0,0,0,6,7,3,3,15,2,0,0,4,13,16,16,15,1,5
digit_03193,0,0,9,16,16,16,7,0,0,0,4,8,8,14,14,0,0,0,0,0,2,15,6,0,0,0,10,12,14,14,0,0,0,0,8,16,16,16,6,0,0,0,0,15,9,13,4,0,0,0,7,16,1,0,0,0,0,0,11,10,0,0,0,0,7
digit_03194,0,2,12,15,11,3,0,0,0,10,13,5,13,13,0,0,0,2,2,0,12,14,0,0,0,0,0,7,15,3,0,0,0,0,0,5,15,3,0,0,0,0,0,0,8,15,1,0,0,0,8,5,4,12,10,0,0,0,14,16,16,16,5,0,3
digit_03195,0,0,5,13,6,1,0,0,0,0,8,16,16,15,2,0,0,0,3,13,1,13,8,0,0,0,2,14,15,14,2,0,0,2,14,15,15,3,0,0,0,7,11,0,6,10,0,0,0,5,11,1,1,16,0,0,0,0,8,13,16,13,1,0,8
digit_03196,0,0,0,1,15,6,0,0,0,0,0,6,15,2,0,0,0,0,1,16,9,0,0,0,0,1,11,14,2,9,7,0,0,12,16,14,15,16,9,0,0,9,12,12,14,14,2,0,0,0,0,0,14,15,0,0,0,0,0,0,16,14,0,0,4
digit_03197,0,0,2,10,16,12,0,0,0,2,15,13,9,16,2,0,0,1,9,0,8,14,1,0,0,0,0,4,16,10,0,0,0,0,0,1,10,16,3,0,0,0,2,0,0,14,7,0,0,0,9,12,11,16,3,0,0,0,1,11,14,6,0,0,3
digit_03198,0,0,0,10,5,0,0,0,0,0,0,15,5,0,0,0,0,0,10,12,1,14,1,0,0,5,16,4,8,15,0,0,0,7,16,16,16,16,5,0,0,0,3,5,15,8,1,0,0,0,0,9,12,0,0,0,0,0,0,12,8,0,0,0,4
digit_03199,0,0,1,11,3,0,0,0,0,0,13,15,13,0,0,0,0,3,16,2,8,5,0,0,0,6,16,14,15,14,2,0,0,2,14,16,16,16,5,0,0,0,1,4,3,9,6,0,0,0,4,6,10,16,5,0,0,0,1,11,10,4,0,0,9
digit_03200,0,0,0,3,11,0,0,0,0,0,0,11,7,0,0,0,0,0,4,14,2,5,0,0,0,0,12,9,7,11,0,0,0,7,16,12,14,10,1,0,0,3,10,13,16,16,8,0,0,0,0,5,14,0,0,0,0,0,0,7,10,0,0,0,4
digit_03201,0,0,0,3,9,0,0,0,0,0,0,9,11,0,0,0,0,0,0,15,5,0,2,0,0,0,11,12,0,14,8,0,0,3,16,12,11,16,8,0,0,7,12,12,15,16,4,0,0,0,0,0,12,7,0,0,0,0,0,5,13,2,0,0,4
digit_03202,0,1,13,16,14,1,0,0,0,14,15,8,14,10,0,0,0,5,5,0,13,10,0,0,0,0,0,12,16,8,0,0,0,0,4,16,16,16,5,0,0,0,0,3,0,16,10,0,0,0,3,4,10,16,8,0,0,0,11,16,16,8,0,0,3
digit_03203,0,0,3,14,14,2,0,0,0,4,16,16,16,7,0,0,0,4,16,8,3,15,1,0,0,3,16,6,0,14,5,0,0,1,16,5,0,13,7,0,0,0,15,4,1,16,9,0,0,0,11,13,13,16,4,0,0,0,2,15,15,8,0,0,0
digit_03204,0,0,4,12,14,2,0,0,0,4,15,10,10,10,0,0,0,9,16,0,5,12,0,0,0,5,16,9,14,16,4,0,0,0,7,8,7,15,6,0,0,0,0,0,0,10,12,0,0,0,1,4,4,14,12,0,0,0,3,13,16,11,4,0,9
digit_03205,0,0,8,16,12,0,0,0,0,4,16,9,8,9,0,0,0,6,16,3,1,16,0,0,0,0,14,16,16,11,0,0,0,0,3,16,16,14,0,0,0,0,9,16,3,14,2,0,0,0,10,15,7,16,2,0,0,0,5,16,15,7,0,0,8
digit_03206,0,0,2,11,9,0,0,0,0,0,12,7,8,8,0,0,0,6,16,3,9,11,0,0,0,1,13,16,16,14,2,0,0,0,4,16,8,10,5,0,0,0,8,11,0,4,6,0,0,0,10,9,0,8,5,0,0,0,3,11,12,6,0,0,8
digit_03207,0,0,0,9,10,0,0,0,0,0,2,16,16,3,0,0,0,0,13,16,9,0,0,0,0,1,15,13,0,0,0,0,0,2,16,13,11,12,4,0,0,1,15,16,16,16,15,1,0,0,8,16,16,16,16,4,0,0,0,7,12,13,14,3,6
digit_03208,0,0,11,12,0,0,0,0,0,4,16,15,3,0,0,0,0,2,11,9,6,0,0,0,0,0,2,10,5,0,0,0,0,0,0,14,3,0,0,0,0,0,3,16,0,0,0,0,0,0,12,16,12,15,14,0,0,0,10,16,14,10,10,1,2
digit_03209,0,0,4,13,10,3,0,0,0,0,16,15,13,13,0,0,0,1,16,9,8,15,0,0,0,2,16,15,15,16,1,0,0,0,7,12,12,16,6,0,0,0,0,0,0,14,10,0,0,0,3,2,1,14,11,0,0,0,5,13,14,12,2,0,9
digit_03210,0,0,8,12,16,9,1,0,0,0,14,11,7,16,4,0,0,0,0,0,4,16,2,0,0,0,0,4,14,16,3,0,0,0,0,8,14,15,8,0,0,0,0,0,0,9,11,0,0,3,12,4,6,14,7,0,0,1,9,16,16,11,0,0,3
digit_03211,0,0,4,13,13,0,0,0,0,0,12,14,12,7,0,0,0,0,12,12,5,14,0,0,0,0,12,10,0,12,3,0,0,4,16,5,0,8,8,0,0,4,16,2,0,9,8,0,0,3,14,9,4,15,5,0,0,0,4,13,14,10,0,0,0
digit_03212,0,0,4,14,12,1,0,0,0,0,11,11,10,5,0,0,0,0,0,0,12,9,0,0,0,0,0,7,16,12,2,0,0,0,0,0,4,10,10,0,0,0,1,1,0,3,14,0,0,0,11,6,3,12,13,0,0,0,6,14,16,11,1,0,3
digit_03213,0,0,3,16,14,4,0,0,0,0,10,16,16,15,0,0,0,2,16,12,5,14,2,0,0,5,16,4,0,10,6,0,0,6,16,1,0,7,9,0,0,3,16,3,0,9,12,0,0,0,13,14,13,16,9,0,0,0,3,13,16,12,2,0,0
digit_03214,0,0,6,13,13,3,0,0,0,2,16,16,16,11,0,0,0,3,16,15,6,16,4,0,0,3,16,9,0,16,8,0,0,8,16,3,1,16,6,0,0,7,16,2,8,16,3,0,0,1,14,16,16,13,0,0,0,0,4,13,12,2,0,0,0
digit_03215,0,0,5,14,7,0,0,0,0,2,16,16,16,3,0,0,0,1,16,8,13,9,0,0,0,0,6,3,16,7,0,0,0,0,0,0,16,7,0,0,0,0,0,11,15,0,0,0,0,0,9,16,14,8,10,0,0,0,6,15,12,16,16,7,2
digit_03216,0,0,5,9,13,12,0,0,0,10,16,15,12,16,2,0,0,8,7,0,11,14,0,0,0,0,0,2,16,14,1,0,0,0,0,1,11,16,7,0,0,0,0,0,0,8,12,0,0,0,14,10,10,16,8,0,0,0,6,15,16,10,1,0,3
digit_03217,0,0,11,12,7,0,0,0,0,3,16,14,16,3,0,0,0,6,16,6,16,6,0,0,0,2,15,16,16,14,0,0,0,0,4,9,8,15,6,0,0,0,0,0,0,11,11,0,0,0,2,4,9,16,7,0,0,0,10,16,13,8,1,0,9
digit_03218,0,0,0,0,10,7,0,0,0,0,0,2,16,13,0,0,0,0,3,16,16,9,0,0,0,8,16,16,16,10,0,0,0,1,3,3,16,11,0,0,0,0,0,1,16,13,0,0,0,0,0,0,16,16,3,0,0,0,0,0,8,16,10,0,1
digit_03219,0,0,3,13,14,3,0,0,0,0,15,16,16,12,0,0,0,4,16,8,6,16,0,0,0,5,16,7,1,15,3,0,0,8,16,6,0,16,5,0,0,4,16,7,0,15,6,0,0,3,15,14,12,16,4,0,0,0,3,15,15,8,0,0,0
digit_03220,0,0,4,13,8,0,0,0,0,0,14,16,16,5,0,0,0,4,16,7,8,15,0,0,0,0,15,12,15,16,4,0,0,0,5,14,14,16,6,0,0,0,0,0,0,13,8,0,0,0,0,0,0,10,13,0,0,0,5,14,16,15,8,0,9
digit_03221,0,0,0,11,14,2,0,0,0,0,5,16,16,11,0,0,0,2,16,10,6,14,0,0,0,2,16,10,2,14,2,0,0,3,16,10,0,9,8,0,0,3,16,4,0,11,11,0,0,0,12,13,9,16,8,0,0,0,1,11,15,9,2,0,0
digit_03222,0,0,6,16,6,0,0,0,0,4,16,13,16,2,0,0,0,8,15,1,15,5,0,0,0,5,16,16,16,16,6,0,0,0,14,16,14,13,8,0,0,0,9,16,3,14,8,0,0,0,12,14,11,15,2,0,0,0,4,10,14,7,0,0,8
digit_03223,0,0,8,16,14,6,0,0,0,5,16,13,12,14,0,0,0,6,16,12,4,0,0,0,0,9,16,16,15,3,0,0,0,0,6,5,14,10,0,0,0,0,0,0,12,14,0,0,0,0,15,9,16,14,0,0,0,0,6,15,15,6,0,0,5
digit_03224,0,0,8,16,8,0,0,0,0,2,16,16,15,5,0,0,0,2,16,5,12,10,0,0,0,0,8,1,11,10,0,0,0,0,0,4,16,4,0,0,0,0,0,13,15,5,3,0,0,0,10,16,16,16,16,0,0,0,10,14,9,8,11,2,2
digit_03225,0,0,0,2,11,0,0,0,0,0,0,11,8,0,0,0,0,0,1,16,3,9,0,0,0,0,11,11,2,16,0,0,0,4,16,10,12,15,5,0,0,3,11,12,15,13,3,0,0,0,0,0,14,4,0,0,0,0,0,2,16,2,0,0,4
digit_03226,0,0,2,15,14,4,0,0,0,0,8,16,16,11,0,0,0,0,7,16,16,10,0,0,0,0,7,16,16,9,0,0,0,0,10,16,16,6,0,0,0,0,10,16,16,8,0,0,0,0,13,16,16,13,0,0,0,0,2,11,15,7,0,0,1
digit_03227,0,0,6,11,12,3,0,0,0,0,9,16,16,13,0,0,0,0,5,16,16,9,0,0,0,0,5,16,16,7,0,0,0,0,7,16,16,6,0,0,0,0,8,16,16,6,0,0,0,0,9,16,16,6,0,0,0,0,5,12,11,3,0,0,1
digit_03228,0,0,0,11,12,2,0,0,0,0,6,16,16,10,0,0,0,0,12,14,6,16,1,0,0,2,16,12,0,14,4,0,0,3,16,9,0,14,6,0,0,0,16,8,1,16,5,0,0,0,9,14,12,16,2,0,0,0,1,11,16,6,0,0,0
digit_03229,0,0,5,15,13,2,0,0,0,0,14,13,9,13,0,0,0,0,10,0,0,10,2,0,0,0,0,0,0,11,3,0,0,0,0,0,2,15,0,0,0,0,0,1,12,9,0,0,0,0,10,12,16,14,2,0,0,0,5,14,12,11,4,0,2
digit_03230,0,0,13,13,13,8,0,0,0,0,7,8,16,5,0,0,0,0,0,2,16,1,0,0,0,1,3,9,14,5,8,0,0,10,16,16,16,15,6,0,0,3,11,15,3,0,0,0,0,0,10,9,0,0,0,0,0,0,13,4,0,0,0,0,7
digit_03231,0,0,12,16,16,6,0,0,0,9,16,9,12,15,0,0,0,8,10,0,3,16,4,0,0,0,0,0,6,16,0,0,0,0,0,1,14,11,0,0,0,0,1,10,14,3,0,0,0,2,16,16,9,4,4,0,0,1,10,16,16,16,16,2,2
digit_03232,0,0,2,13,15,2,0,0,0,0,11,16,13,10,0,0,0,0,14,9,8,12,0,0,0,0,8,14,16,10,0,0,0,0,5,16,13,1,0,0,0,0,9,15,14,2,0,0,0,0,7,14,14,6,0,0,0,0,1,13,16,2,0,0,8
digit_03233,0,1,13,16,16,6,0,0,0,10,16,11,11,13,0,0,0,5,12,0,4,16,2,0,0,0,0,0,6,16,1,0,0,0,0,0,9,14,0,0,0,0,0,4,16,5,0,0,0,0,6,16,15,9,8,3,0,0,12,16,16,14,13,6,2
digit_03234,0,0,0,8,11,0,0,0,0,0,7,16,11,9,0,0,0,0,14,15,4,10,2,0,0,1,16,5,0,6,6,0,0,3,12,0,3,8,9,0,0,3,13,0,0,13,8,0,0,0,11,5,6,15,3,0,0,0,1,11,13,9,0,0,0
digit_03235,0,0,9,14,16,9,1,0,0,4,15,7,2,14,4,0,0,0,1,1,8,14,0,0,0,0,0,2,16,6,0,0,0,0,0,0,2,14,0,0,0,0,0,0,0,6,10,0,0,3,9,4,4,10,10,0,0,1,10,13,12,9,0,0,3
digit_03236,0,0,10,16,16,12,0,0,0,0,6,16,9,7,0,0,0,0,7,16,4,0,0,0,0,0,11,16,16,10,1,0,0,0,3,8,6,13,11,0,0,0,0,0,0,7,16,0,0,0,0,0,3,15,15,0,0,0,10,16,16,13,2,0,5
digit_03237,0,0,12,12,14,13,1,0,0,2,16,16,11,10,1,0,0,6,16,5,0,0,0,0,0,8,16,15,8,0,0,0,0,3,14,9,16,3,0,0,0,0,0,0,14,8,0,0,0,1,7,4,14,11,0,0,0,0,13,16,16,8,0,0,5
digit_03238,0,1,10,16,16,14,0,0,0,10,16,10,6,4,0,0,0,7,14,3,0,0,0,0,0,9,16,16,11,1,0,0,0,5,11,4,13,5,0,0,0,0,0,0,9,8,0,0,0,0,1,3,15,4,0,0,0,0,14,14,10,0,0,0,5
digit_03239,0,1,13,16,16,4,0,0,0,2,15,9,12,12,0,0,0,0,0,5,15,9,0,0,0,0,0,16,16,14,3,0,0,0,0,4,4,11,12,0,0,3,6,0,0,5,16,0,0,7,14,4,8,15,10,0,0,0,13,16,16,11,1,0,3
digit_03240,0,0,0,6,13,0,0,0,0,0,1,13,9,0,0,0,0,0,4,16,4,0,0,0,0,0,8,14,0,0,0,0,0,0,13,15,12,8,0,0,0,0,12,14,5,10,12,0,0,0,8,13,4,4,15,2,0,0,0,5,12,14,7,0,6
digit_03241,0,0,7,13,14,4,0,0,0,8,15,7,8,16,0,0,0,12,12,0,2,16,4,0,0,3,13,16,16,16,2,0,0,0,0,0,0,11,9,0,0,0,0,0,0,6,12,0,0,0,5,0,0,10,12,0,0,0,8,12,14,10,2,0,9
digit_03242,0,0,3,15,15,3,0,0,0,0,11,14,7,13,0,0,0,0,11,11,12,16,0,0,0,0,3,16,16,16,0,0,0,0,6,16,14,1,0,0,0,0,16,10,15,1,0,0,0,0,14,6,14,3,0,0,0,0,4,15,16,4,0,0,8
digit_03243,0,0,0,10,15,0,0,0,0,0,8,15,5,7,11,0,0,2,16,6,0,13,11,0,0,10,16,3,6,16,3,0,0,4,16,16,16,16,8,0,0,0,4,12,16,3,0,0,0,0,0,10,15,0,0,0,0,0,0,12,10,0,0,0,4
digit_03244,0,0,3,16,10,0,0,0,0,1,10,16,16,1,0,0,0,10,16,16,15,0,0,0,0,3,11,16,16,0,0,0,0,0,0,14,16,3,0,0,0,0,0,14,16,3,0,0,0,0,1,16,16,5,0,0,0,0,1,14,13,0,0,0,1
digit_03245,0,0,5,14,14,6,0,0,0,0,11,5,2,12,0,0,0,0,11,1,8,11,0,0,0,0,7,13,16,6,0,0,0,0,3,16,8,0,0,0,0,0,11,10,12,1,0,0,0,0,14,2,4,12,0,0,0,0,5,15,16,12,0,0,8
digit_03246,0,0,1,15,13,1,0,0,0,0,8,16,16,8,0,0,3,13,16,16,16,6,0,0,0,9,8,9,16,6,0,0,0,0,0,10,16,1,0,0,0,0,0,12,16,0,0,0,0,0,0,16,14,1,0,0,0,0,0,12,16,1,0,0,1
digit_03247,0,0,6,16,16,8,0,0,0,1,16,11,8,15,0,0,0,0,15,10,14,14,0,0,0,0,8,16,16,3,0,0,0,0,10,16,10,0,0,0,0,3,16,7,15,2,0,0,0,1,16,6,12,7,0,0,0,0,5,16,15,5,0,0,8
digit_03248,0,0,4,13,13,2,0,0,0,2,15,7,4,7,0,0,0,6,12,0,5,9,0,0,0,3,11,3,7,14,1,0,0,0,6,15,16,14,4,0,0,0,0,0,0,4,11,0,0,0,0,0,0,4,15,0,0,0,3,13,16,16,8,0,9
digit_03249,0,1,16,16,15,5,0,0,0,1,16,13,9,15,3,0,0,3,16,0,5,16,5,0,0,0,12,16,16,16,6,0,0,0,1,4,4,12,5,0,0,0,0,0,0,12,9,0,0,0,1,0,2,14,7,0,0,0,12,16,16,15,3,0,9
digit_03250,0,0,1,15,13,0,0,0,0,0,3,16,16,2,0,0,0,1,12,16,12,0,0,0,0,8,16,16,8,0,0,0,0,2,12,16,6,0,0,0,0,0,7,16,7,0,0,0,0,0,4,16,8,0,0,0,0,0,1,14,9,0,0,0,1
digit_03251,0,0,7,15,15,9,1,0,0,7,15,5,4,14,4,0,0,2,2,0,7,13,1,0,0,0,2,12,15,5,0,0,0,0,1,5,10,13,0,0,0,0,0,0,0,10,7,0,0,0,11,1,1,12,7,0,0,0,8,14,13,8,0,0,3
digit_03252,0,2,7,12,16,15,1,0,1,15,16,13,10,6,1,0,0,5,16,6,0,0,0,0,0,6,16,16,8,0,0,0,0,5,15,5,14,7,0,0,0,0,2,0,8,14,0,0,0,0,5,2,12,13,0,0,0,0,8,16,15,4,0,0,5
digit_03253,0,0,3,16,3,0,0,0,0,0,11,13,1,1,0,0,0,6,14,2,9,12,0,0,0,9,12,0,14,5,1,0,0,7,16,12,16,16,11,0,0,0,6,11,15,5,1,0,0,0,0,11,10,0,0,0,0,0,3,16,4,0,0,0,4
digit_03254,0,0,0,6,16,10,0,0,0,0,3,15,15,4,0,0,0,0,5,16,8,0,0,0,0,0,10,16,4,0,0,0,0,0,10,16,8,1,0,0,0,1,15,16,16,15,2,0,0,1,13,16,15,16,7,0,0,0,0,5,15,15,5,0,6
digit_03255,0,0,3,14,15,5,0,0,0,0,11,14,5,11,2,0,0,0,14,7,0,7,4,0,0,1,16,2,0,3,7,0,0,4,13,0,0,5,8,0,0,2,12,0,0,11,7,0,0,0,14,8,13,14,0,0,0,0,3,12,10,3,0,0,0
digit_03256,0,0,12,16,16,10,0,0,0,0,13,13,8,16,5,0,0,0,0,0,0,16,8,0,0,0,1,8,13,15,2,0,0,0,7,16,16,15,3,0,0,0,0,3,4,11,15,0,0,1,11,0,2,13,15,0,0,1,13,16,16,14,6,0,3
digit_03257,0,0,9,16,11,2,0,0,0,9,16,8,13,8,0,0,0,8,6,0,0,12,0,0,0,0,0,0,8,10,0,0,0,0,0,0,14,6,0,0,0,0,0,8,11,0,0,0,0,0,8,16,6,4,4,0,0,0,12,15,15,16,13,0,2
digit_03258,0,2,15,16,16,16,11,0,0,1,8,8,9,16,9,0,0,0,0,0,8,12,0,0,0,1,4,4,15,9,0,0,0,11,16,16,16,15,2,0,0,2,5,16,5,0,0,0,0,0,11,12,0,0,0,0,0,3,16,5,0,0,0,0,7
digit_03259,0,0,2,16,15,4,0,0,0,0,10,15,11,11,0,0,0,0,10,12,15,10,0,0,0,0,7,16,14,2,0,0,0,0,12,16,7,0,0,0,0,0,14,7,15,1,0,0,0,0,11,7,13,7,0,0,0,0,2,14,15,7,0,0,8
digit_03260,0,0,7,16,16,12,2,0,0,0,12,16,13,14,7,0,0,2,16,11,0,0,0,0,0,5,16,16,11,0,0,0,0,11,16,11,16,3,0,0,0,1,2,0,13,8,0,0,0,0,2,4,13,8,0,0,0,0,8,16,16,4,0,0,5
digit_03261,0,0,8,14,12,8,6,0,0,0,12,11,6,8,8,0,0,0,14,5,4,1,0,0,0,4,16,14,12,14,1,0,0,5,7,0,0,9,7,0,0,0,0,0,0,10,4,0,0,0,5,2,4,13,1,0,0,0,8,16,14,1,0,0,5
digit_03262,0,0,0,0,14,4,0,0,0,0,0,5,15,1,0,0,0,0,0,14,8,0,2,0,0,0,8,14,2,7,13,0,0,3,15,5,0,13,7,0,0,12,15,8,10,16,2,0,1,9,12,12,15,15,1,0,0,0,0,0,15,4,0,0,4
digit_03263,0,0,1,12,6,0,0,0,0,0,10,13,1,0,0,0,0,0,16,1,0,0,0,0,0,2,12,0,0,0,0,0,0,4,15,14,16,15,4,0,0,3,16,4,0,2,13,0,0,0,11,7,0,4,15,0,0,0,0,10,16,14,5,0,6
digit_03264,0,3,13,16,14,2,0,0,0,14,11,3,16,8,0,0,0,7,3,7,16,8,0,0,0,0,5,16,16,16,5,0,0,0,2,10,6,11,12,0,0,0,0,0,0,11,13,0,0,1,10,1,4,15,9,0,0,2,15,16,16,11,0,0,3
digit_03265,0,0,10,13,9,0,0,0,0,5,11,1,11,5,0,0,0,6,7,0,6,14,0,0,0,2,14,8,9,16,1,0,0,0,2,8,5,13,4,0,0,0,0,0,0,7,9,0,0,0,3,2,0,5,11,0,0,0,8,15,13,14,3,0,9
digit_03266,0,3,16,15,3,0,0,0,0,8,14,12,11,0,0,0,0,3,11,2,16,3,0,0,0,0,0,2,16,2,0,0,0,0,0,5,16,0,0,0,0,0,0,10,12,0,0,0,0,0,11,16,13,13,10,1,0,2,14,16,15,12,12,1,2
digit_03267,0,0,12,16,16,16,14,0,0,0,5,8,8,15,10,0,0,0,0,0,5,15,1,0,0,0,2,8,14,16,9,0,0,0,13,16,15,12,7,0,0,0,1,14,6,0,0,0,0,0,4,14,0,0,0,0,0,0,12,9,0,0,0,0,7
digit_03268,0,0,12,12,12,5,0,0,0,0,4,16,16,8,0,0,0,0,2,16,16,9,0,0,0,0,4,16,16,9,0,0,0,0,4,16,16,4,0,0,0,0,5,16,16,3,0,0,0,0,9,16,16,0,0,0,0,0,11,12,12,4,0,0,1
digit_03269,0,3,15,15,3,0,0,0,0,8,15,14,14,0,0,0,0,4,9,2,16,5,0,0,0,0,0,2,16,5,0,0,0,0,0,7,15,1,0,0,0,0,0,14,9,0,0,0,0,1,11,16,10,8,4,0,0,5,16,16,16,16,11,0,2
digit_03270,0,0,10,13,16,10,0,0,0,0,15,9,2,2,0,0,0,4,16,16,14,4,0,0,0,0,3,1,4,16,3,0,0,0,0,0,0,12,7,0,0,0,0,0,0,12,7,0,0,5,8,0,4,15,1,0,0,1,11,14,15,2,0,0,5
digit_03271,0,0,1,14,2,0,0,0,0,0,5,14,0,0,0,0,0,0,8,10,0,0,0,0,0,0,12,6,0,0,0,0,0,0,16,9,12,9,2,0,0,0,16,13,8,10,13,0,0,0,11,12,0,4,15,0,0,0,0,13,16,16,9,0,6
digit_03272,0,0,10,14,15,12,5,0,0,0,14,4,2,2,0,0,0,3,14,10,10,5,0,0,0,6,15,10,6,15,2,0,0,1,0,0,0,8,8,0,0,0,0,0,0,6,8,0,0,0,11,2,3,12,3,0,0,0,10,16,15,5,0,0,5
digit_03273,0,0,6,12,16,10,0,0,0,0,0,12,16,16,1,0,0,0,0,9,16,16,4,0,0,0,0,13,16,16,3,0,0,0,0,14,16,14,0,0,0,0,0,14,16,10,0,0,0,0,2,16,16,13,0,0,0,0,7,16,15,2,0,0,1
digit_03274,0,0,4,15,16,16,16,14,0,0,6,12,12,13,16,8,0,0,0,0,0,8,14,1,0,0,0,6,8,16,4,0,0,0,2,16,16,13,2,0,0,0,0,7,14,1,0,0,0,0,2,14,6,0,0,0,0,0,8,13,1,0,0,0,7
digit_03275,0,0,13,16,16,6,0,0,0,6,16,6,10,16,0,0,0,1,7,5,14,8,0,0,0,0,1,15,16,13,1,0,0,0,0,3,4,13,10,0,0,0,0,0,0,9,11,0,0,2,14,5,6,16,4,0,0,1,15,16,16,10,0,0,3
digit_03276,0,0,3,14,4,0,0,0,0,0,12,15,12,4,0,0,0,3,15,5,2,12,0,0,0,5,9,0,0,8,5,0,0,8,8,0,0,4,8,0,0,4,12,0,0,2,12,0,0,0,14,5,0,9,8,0,0,0,3,15,16,13,1,0,0
digit_03277,0,0,13,16,16,10,0,0,0,1,11,6,9,16,6,0,0,0,0,5,10,16,5,0,0,0,2,15,16,15,0,0,0,0,0,0,5,15,7,0,0,0,0,0,0,13,8,0,0,1,13,10,6,14,7,0,0,1,11,16,16,12,0,0,3
digit_03278,0,0,0,14,4,0,0,0,0,0,7,15,1,0,0,0,0,0,11,11,0,0,0,0,0,0,13,6,0,0,0,0,0,0,16,8,8,5,0,0,0,0,15,15,9,11,12,0,0,0,9,15,0,0,15,4,0,0,1,11,13,12,12,1,6
digit_03279,0,0,3,12,7,2,0,0,0,0,9,16,16,8,0,0,0,0,7,16,16,10,0,0,0,0,6,16,16,12,0,0,0,0,6,16,16,11,0,0,0,0,4,16,16,10,0,0,0,0,8,16,16,12,0,0,0,0,3,11,12,6,0,0,1
digit_03280,0,0,13,16,5,0,0,0,0,0,16,12,15,0,0,0,0,0,3,3,12,4,0,0,0,0,0,0,12,6,0,0,0,0,0,0,14,7,0,0,0,0,0,2,16,5,0,0,0,0,5,14,16,9,4,0,0,0,15,16,13,12,16,2,2
digit_03281,0,5,16,16,15,2,0,0,0,11,13,8,11,15,0,0,0,1,1,0,7,16,0,0,0,0,0,11,16,14,1,0,0,0,0,12,12,15,11,0,0,0,0,0,0,8,12,0,0,5,11,4,3,12,11,0,0,4,14,16,16,16,4,0,3
digit_03282,0,0,8,16,13,13,16,8,0,0,7,12,12,10,16,4,0,0,0,0,0,11,8,0,0,0,0,2,6,15,1,0,0,0,9,16,16,16,6,0,0,0,5,14,13,2,0,0,0,0,4,16,5,0,0,0,0,0,12,11,0,0,0,0,7
digit_03283,0,0,0,1,14,10,0,0,0,0,0,9,15,2,0,0,0,0,1,14,5,0,2,0,0,0,11,9,0,8,14,0,0,7,14,0,0,14,10,0,4,16,15,11,9,16,4,0,1,12,14,16,16,12,0,0,0,0,0,0,14,6,0,0,4
digit_03284,0,0,7,16,15,2,0,0,0,7,15,7,12,10,0,0,0,8,6,0,10,12,0,0,0,0,0,6,16,12,1,0,0,0,0,5,12,15,10,0,0,0,0,0,0,8,12,0,0,0,6,9,4,13,10,0,0,0,5,16,16,13,1,0,3
digit_03285,0,0,10,14,15,10,2,0,0,2,15,5,4,16,8,0,0,0,13,0,8,13,1,0,0,3,15,12,14,2,0,0,0,1,12,14,13,1,0,0,0,6,11,0,9,12,0,0,0,7,11,0,1,16,3,0,0,1,10,13,14,12,0,0,8
digit_03286,0,0,13,16,15,2,0,0,0,5,16,7,11,13,0,0,0,8,16,2,1,14,6,0,0,8,15,0,0,8,11,0,0,10,12,0,0,4,12,0,0,11,12,0,0,7,12,0,0,7,15,4,5,15,8,0,0,0,13,16,16,10,0,0,0
digit_03287,0,0,4,13,14,3,0,0,0,0,14,7,4,14,0,0,0,3,10,0,0,8,3,0,0,8,4,0,0,4,8,0,0,5,12,0,0,2,8,0,0,0,15,1,0,4,7,0,0,0,10,8,1,12,6,0,0,0,2,12,16,15,0,0,0
digit_03288,0,0,5,11,16,12,2,0,0,0,15,7,4,13,4,0,0,1,14,1,4,16,2,0,0,1,7,8,14,5,0,0,0,5,16,16,7,0,0,0,0,0,14,6,14,6,0,0,0,0,11,6,5,16,0,0,0,0,5,15,14,8,0,0,8
digit_03289,0,0,0,0,11,12,0,0,0,0,0,2,15,8,0,0,0,0,0,9,15,3,0,0,0,0,5,15,4,15,5,0,0,0,13,10,0,16,4,0,0,10,15,4,10,16,3,0,0,15,16,16,16,15,3,0,0,0,1,0,11,12,0,0,4
digit_03290,0,0,1,13,3,0,0,0,0,0,11,13,0,0,0,0,0,0,14,5,0,0,0,0,0,0,16,0,0,0,0,0,0,2,16,16,16,15,4,0,0,1,16,10,4,8,13,0,0,0,10,13,1,5,14,0,0,0,0,13,16,16,8,0,6
digit_03291,0,0,5,13,12,9,0,0,0,2,14,4,1,16,4,0,0,7,10,0,3,16,1,0,0,5,14,8,15,6,0,0,0,0,6,16,13,0,0,0,0,0,11,8,13,5,0,0,0,0,13,1,1,15,0,0,0,0,6,14,14,10,0,0,8
digit_03292,0,0,3,11,13,14,16,8,0,0,11,14,12,12,16,3,0,0,0,0,1,15,8,0,0,0,0,2,9,15,1,0,0,0,2,15,16,16,8,0,0,0,1,12,14,0,0,0,0,0,0,12,9,0,0,0,0,0,4,15,2,0,0,0,7
digit_03293,0,0,7,15,6,0,0,0,0,0,14,14,13,0,0,0,0,0,3,4,13,0,0,0,0,0,0,8,9,0,0,0,0,0,0,12,5,0,0,0,0,0,3,16,1,0,0,0,0,0,11,14,10,12,11,2,0,0,7,15,11,8,9,3,2
digit_03294,0,0,8,15,16,12,0,0,0,12,16,14,12,6,0,0,0,10,16,5,0,0,0,0,0,6,16,5,0,0,0,0,0,0,8,16,8,0,0,0,0,0,0,6,16,10,0,0,0,0,6,8,15,12,0,0,0,0,7,14,8,0,0,0,5
digit_03295,0,0,9,12,10,5,0,0,0,5,16,16,16,13,0,0,0,1,16,16,16,16,0,0,0,0,8,16,16,16,3,0,0,0,4,16,16,16,4,0,0,0,2,16,16,16,1,0,0,0,9,16,16,16,1,0,0,0,5,12,12,5,0,0,1
digit_03296,0,0,6,13,16,15,2,0,0,0,14,14,12,16,9,0,0,0,3,1,7,16,10,0,0,0,1,15,16,16,13,0,0,0,1,7,15,14,1,0,0,0,0,4,16,10,0,0,0,0,0,12,13,1,0,0,0,0,7,16,3,0,0,0,7
digit_03297,0,0,7,14,3,0,0,0,0,3,16,16,12,0,0,0,0,10,15,10,16,16,2,0,0,8,16,16,16,10,2,0,0,4,16,15,2,0,0,0,0,4,16,16,4,0,0,0,0,3,16,16,15,0,0,0,0,0,9,16,15,0,0,0,8
digit_03298,0,0,0,0,11,12,0,0,0,0,0,8,16,4,0,0,0,0,2,16,12,1,0,0,0,4,15,16,13,14,11,0,0,13,16,16,16,16,10,0,0,0,0,0,10,16,6,0,0,0,0,0,11,16,2,0,0,0,0,0,14,13,0,0,4
digit_03299,0,0,2,9,15,11,0,0,0,3,15,16,16,16,0,0,0,3,13,3,9,16,2,0,0,0,0,6,14,16,13,0,0,0,5,16,16,13,2,0,0,0,5,11,16,4,0,0,0,0,0,11,15,0,0,0,0,0,0,16,7,0,0,0,7
digit_03300,0,0,2,10,13,4,0,0,0,0,11,16,15,5,0,0,0,5,16,11,2,0,0,0,0,10,15,2,0,0,0,0,0,3,13,15,5,0,0,0,0,0,0,8,16,6,0,0,0,0,2,10,16,7,0,0,0,0,3,15,10,0,0,0,5
digit_03301,0,0,3,15,15,1,0,0,0,0,9,16,12,2,0,0,0,4,16,9,6,9,2,0,0,8,16,16,16,10,3,0,0,2,16,16,14,1,0,0,0,4,16,16,16,4,0,0,0,1,14,16,16,12,0,0,0,0,3,14,12,5,0,0,8
digit_03302,0,0,7,11,0,0,0,0,0,0,14,13,0,0,0,0,0,3,16,10,3,0,0,0,0,3,16,16,16,11,0,0,0,6,16,16,16,16,1,0,0,4,16,6,1,16,9,0,0,2,15,14,14,16,3,0,0,0,5,16,14,6,0,0,6
digit_03303,0,0,2,10,16,3,0,0,0,0,15,16,16,4,0,0,0,3,12,1,16,15,9,0,0,0,0,7,16,16,13,0,0,0,0,16,15,2,0,0,0,0,0,8,12,0,0,0,0,0,0,13,9,0,0,0,0,0,0,14,3,0,0,0,7
digit_03304,0,0,3,12,9,9,0,0,0,0,12,16,16,16,0,0,0,0,12,5,14,16,4,0,0,0,12,0,2,13,2,0,0,2,15,0,0,12,3,0,0,2,16,2,0,12,0,0,0,0,15,14,13,9,0,0,0,0,2,10,8,0,0,0,0
digit_03305,0,0,5,13,13,2,0,0,0,0,12,14,16,8,0,0,0,0,0,3,16,5,0,0,0,0,0,4,16,5,0,0,0,0,0,0,10,14,2,0,0,0,0,0,3,16,6,0,0,0,1,0,5,16,4,0,0,0,6,13,16,12,3,0,3
digit_03306,0,0,0,6,12,6,0,0,0,0,5,16,16,13,0,0,0,2,15,16,16,12,0,0,0,4,16,16,16,14,1,0,0,0,8,16,16,13,0,0,0,0,4,16,16,14,0,0,0,0,6,16,16,16,4,0,0,0,1,12,12,6,0,0,1
digit_03307,0,0,11,13,1,1,0,0,0,3,16,10,16,16,2,0,0,8,14,14,12,2,0,0,0,1,15,16,11,0,0,0,0,0,9,15,16,9,0,0,0,0,12,7,1,14,7,0,0,0,12,11,9,15,3,0,0,0,4,12,10,1,0,0,8
digit_03308,0,0,1,11,0,0,0,0,0,0,8,16,2,0,0,0,0,0,11,12,0,0,0,0,0,0,12,10,0,0,0,0,0,0,15,14,9,6,0,0,0,0,15,16,16,16,9,0,0,0,11,16,11,16,14,0,0,0,1,12,13,10,2,0,6
digit_03309,0,0,7,14,16,14,1,0,0,5,16,13,8,6,0,0,0,4,16,4,0,0,0,0,0,7,16,16,15,2,0,0,0,3,8,5,15,9,0,0,0,0,0,0,3,16,3,0,0,2,15,10,11,16,3,0,0,0,8,15,15,4,0,0,5
digit_03310,0,0,0,4,15,7,0,0,0,0,0,15,15,1,0,0,0,0,8,16,2,0,0,0,0,4,16,7,6,9,0,0,0,10,16,13,16,16,0,0,2,16,16,12,15,11,0,0,4,9,4,3,16,7,0,0,0,0,0,5,16,5,0,0,4
digit_03311,0,0,2,12,10,2,5,0,0,0,10,16,11,13,15,0,0,2,14,15,14,16,14,0,0,0,13,16,14,16,10,0,0,0,0,0,4,15,4,0,0,0,0,2,15,11,0,0,0,0,0,14,16,3,0,0,0,0,2,13,4,0,0,0,9
digit_03312,0,0,9,16,9,0,0,0,0,3,16,16,16,1,0,0,0,0,6,12,16,14,4,0,0,0,4,14,16,16,13,0,0,0,8,16,16,7,0,0,0,0,0,13,14,0,0,0,0,0,5,16,8,0,0,0,0,0,9,13,1,0,0,0,7
digit_03313,0,0,8,12,16,8,0,0,0,5,16,10,8,8,0,0,0,2,16,4,0,0,0,0,0,1,15,12,5,0,0,0,0,0,4,13,16,6,0,0,0,0,0,0,10,16,6,0,0,0,7,9,15,15,4,0,0,0,10,13,8,4,0,0,5
digit_03314,0,0,0,1,14,8,0,0,0,0,0,12,14,2,0,0,0,0,7,16,4,0,0,0,0,5,16,11,3,10,5,0,0,11,16,16,16,16,6,0,0,7,12,11,16,13,1,0,0,0,0,5,16,10,0,0,0,0,0,2,16,9,0,0,4
digit_03315,0,0,1,7,10,7,0,0,0,0,8,16,16,16,0,0,0,0,15,16,16,16,0,0,0,1,7,16,16,16,3,0,0,0,1,16,16,16,4,0,0,0,3,16,16,16,1,0,0,0,4,16,16,16,0,0,0,0,1,9,12,6,0,0,1
digit_03316,0,0,5,12,16,4,0,0,0,2,16,15,10,4,0,0,0,4,16,14,16,5,0,0,0,4,15,16,16,9,0,0,0,0,7,16,16,13,2,0,0,0,10,15,6,16,8,0,0,0,14,14,13,14,1,0,0,0,7,16,11,5,0,0,8
digit_03317,0,0,0,0,13,5,0,0,0,0,0,9,13,1,0,0,0,0,8,14,1,5,7,0,0,4,16,14,13,16,8,0,0,2,8,8,12,16,2,0,0,0,0,0,10,13,0,0,0,0,0,0,14,9,0,0,0,0,0,0,13,3,0,0,4
digit_03318,0,0,10,13,2,0,0,0,0,0,14,16,4,0,0,0,0,2,16,14,0,0,0,0,0,6,16,14,2,0,0,0,0,7,16,16,16,13,1,0,0,2,16,16,16,16,7,0,0,2,16,16,16,16,4,0,0,0,8,15,16,13,0,0,6
digit_03319,0,0,13,15,15,4,0,0,0,3,16,14,16,13,0,0,0,3,16,3,5,16,5,0,0,7,16,4,0,13,8,0,0,5,16,2,0,15,8,0,0,3,16,5,7,16,6,0,0,0,14,16,16,14,1,0,0,0,11,16,12,3,0,0,0
digit_03320,0,0,10,13,7,1,0,0,0,6,16,15,16,5,0,0,0,9,9,8,16,2,0,0,0,0,2,1,16,8,0,0,0,0,0,0,9,16,1,0,0,0,0,0,2,16,10,0,0,0,7,11,14,15,7,0,0,0,11,13,12,3,0,0,3
digit_03321,0,0,13,16,5,0,0,0,0,6,16,16,14,0,0,0,0,10,12,4,16,0,0,0,0,8,5,7,14,0,0,0,0,0,1,14,8,0,0,0,0,0,7,15,2,0,0,0,0,0,16,15,12,11,3,0,0,1,16,16,15,16,8,0,2
digit_03322,0,0,0,13,10,1,0,0,0,0,8,16,11,1,0,0,0,0,12,14,0,0,0,0,0,0,16,10,0,0,0,0,0,3,16,13,8,3,0,0,0,2,16,16,16,16,3,0,0,0,10,16,16,16,15,0,0,0,0,10,16,15,7,0,6
digit_03323,0,0,11,12,5,0,0,0,0,0,12,16,16,10,0,0,0,0,16,4,8,16,3,0,0,2,16,1,0,9,8,0,0,4,13,0,0,10,8,0,0,1,15,0,3,16,9,0,0,2,16,13,16,13,1,0,0,0,13,13,7,0,0,0,0
digit_03324,0,0,13,16,6,0,0,0,0,4,16,16,16,1,0,0,0,2,15,4,16,5,0,0,0,0,1,1,16,7,0,0,0,0,0,2,16,7,0,0,0,0,0,11,16,2,0,0,0,0,10,16,16,16,15,4,0,0,13,16,11,8,14,4,2
digit_03325,0,0,3,12,15,16,8,0,0,0,11,14,13,16,4,0,0,0,0,0,11,11,0,0,0,0,0,3,16,5,0,0,0,2,12,16,16,16,7,0,0,0,10,16,10,5,1,0,0,0,5,16,3,0,0,0,0,0,3,16,1,0,0,0,7
digit_03326,0,0,2,12,16,7,0,0,0,5,13,13,14,14,0,0,0,6,15,0,0,10,3,0,0,6,12,0,0,5,8,0,0,6,10,0,0,11,5,0,0,3,13,2,13,16,5,0,0,0,11,16,16,15,2,0,0,0,3,16,15,4,0,0,0
digit_03327,0,0,0,6,15,6,0,0,0,0,0,12,10,13,0,0,0,0,0,11,15,14,0,0,0,0,9,11,14,0,0,0,0,4,11,0,10,6,0,0,0,3,9,0,1,14,1,0,0,0,11,8,2,9,7,0,0,0,0,6,12,13,7,0,8
digit_03328,0,0,0,0,15,12,0,0,0,0,0,5,16,15,0,0,0,0,3,14,16,10,0,0,0,3,15,16,16,9,0,0,0,11,15,9,16,10,0,0,0,0,0,6,16,7,0,0,0,0,0,7,16,8,0,0,0,0,0,1,13,16,6,0,1
digit_03329,0,0,0,6,10,14,0,0,0,0,10,16,16,16,6,0,0,1,16,10,4,15,11,0,0,1,12,5,0,9,9,0,0,0,8,9,0,8,8,0,0,0,9,16,16,16,4,0,0,0,2,16,16,14,2,0,0,0,0,6,10,3,0,0,0
digit_03330,0,0,0,7,12,14,2,0,0,0,3,14,7,13,8,0,0,0,6,14,11,16,5,0,0,2,13,16,15,8,1,0,0,5,12,6,15,0,0,0,0,7,10,0,8,10,0,0,0,2,12,7,5,16,3,0,0,0,0,9,13,14,2,0,8
digit_03331,0,0,0,7,13,0,0,0,0,0,6,16,5,0,0,0,0,0,15,7,0,0,0,0,0,2,16,1,0,0,0,0,0,4,15,4,4,0,0,0,0,6,16,14,14,14,3,0,0,0,8,15,8,14,12,0,0,0,0,6,12,13,3,0,6
digit_03332,0,0,6,15,16,16,11,0,0,2,16,11,7,15,16,3,0,2,15,16,16,16,13,0,0,0,5,11,16,12,1,0,0,0,0,8,16,4,0,0,0,0,0,12,11,0,0,0,0,0,5,16,4,0,0,0,0,0,10,14,0,0,0,0,9
digit_03333,0,0,3,11,16,16,14,1,0,0,12,10,4,7,15,0,0,0,7,14,15,16,4,0,0,0,0,0,7,12,0,0,0,0,0,1,14,4,0,0,0,0,0,5,13,0,0,0,0,0,0,12,7,0,0,0,0,0,2,14,0,0,0,0,9
digit_03334,0,0,4,14,16,11,0,0,0,0,13,12,9,15,4,0,0,0,11,0,0,8,6,0,0,4,12,0,0,6,8,0,0,6,8,0,0,10,7,0,0,3,13,4,10,16,2,0,0,0,13,16,16,15,0,0,0,0,5,14,12,3,0,0,0
digit_03335,0,0,1,12,15,1,0,0,0,0,10,16,16,0,0,0,0,3,16,15,10,0,0,0,0,6,16,15,15,2,0,0,0,0,4,2,14,15,1,0,0,0,0,0,3,15,5,0,0,0,2,14,14,16,5,0,0,0,0,15,16,13,1,0,3
digit_03336,0,0,0,7,12,14,5,0,0,0,11,10,4,10,16,0,0,1,16,12,11,16,14,0,0,1,10,12,12,16,10,0,0,0,0,0,1,15,3,0,0,0,0,0,11,9,0,0,0,0,0,6,13,0,0,0,0,0,0,11,9,0,0,0,9
digit_03337,0,2,15,12,0,0,0,0,0,5,16,16,4,0,0,0,0,8,14,13,8,0,0,0,0,1,8,6,12,0,0,0,0,0,0,9,12,0,0,0,0,0,4,14,13,4,3,0,0,7,16,16,16,16,15,0,0,3,11,15,11,8,2,0,2
digit_03338,0,0,0,8,12,11,3,0,0,0,6,15,6,8,12,0,0,2,15,10,0,3,11,0,0,4,16,14,12,14,4,0,0,0,8,16,16,14,0,0,0,0,0,0,5,16,2,0,0,0,0,4,11,15,0,0,0,0,0,13,12,6,0,0,9
digit_03339,0,0,3,16,15,3,0,0,0,0,6,16,15,3,0,0,0,0,10,16,6,2,0,0,0,0,4,14,16,3,0,0,0,4,13,2,12,6,0,0,0,5,11,0,1,12,3,0,0,0,13,3,0,7,11,0,0,0,3,11,11,14,10,0,8
digit_03340,0,0,10,10,12,15,12,0,0,0,8,16,13,16,8,0,0,0,0,0,11,14,0,0,0,0,9,12,16,14,7,0,0,1,16,16,15,11,5,0,0,0,7,16,6,0,0,0,0,0,7,16,1,0,0,0,0,0,10,11,0,0,0,0,7
digit_03341,0,0,5,12,14,0,0,0,0,2,14,10,15,0,0,0,0,3,15,11,11,0,0,0,0,2,12,15,11,2,0,0,0,0,0,0,8,15,1,0,0,0,0,0,1,14,4,0,0,0,2,7,4,14,3,0,0,0,3,13,14,10,0,0,3
digit_03342,0,0,1,11,14,4,0,0,0,1,7,14,14,15,1,0,0,6,13,0,0,11,5,0,0,8,9,0,0,4,8,0,0,5,12,0,0,4,8,0,0,1,15,2,0,10,8,0,0,0,9,16,16,16,2,0,0,0,1,12,14,9,0,0,0
digit_03343,0,0,6,13,12,11,2,0,0,0,16,13,5,13,13,0,0,0,15,11,5,15,8,0,0,0,11,16,16,9,0,0,0,1,10,16,15,0,0,0,0,4,16,12,16,6,0,0,0,1,15,16,16,12,0,0,0,0,3,13,16,11,0,0,8
digit_03344,0,0,0,10,16,5,0,0,0,0,9,16,14,2,0,0,0,1,16,13,0,0,0,0,0,4,16,11,4,0,0,0,0,7,16,16,16,15,2,0,0,1,15,10,4,13,13,0,0,0,7,16,15,16,15,0,0,0,0,7,16,16,7,0,6
digit_03345,0,0,7,15,10,0,0,0,0,2,16,9,14,3,0,0,0,5,9,0,8,4,0,0,0,2,10,0,13,1,0,0,0,0,0,9,12,0,0,0,0,0,4,15,1,0,0,0,0,0,16,7,4,4,2,0,0,0,9,16,14,12,6,0,2
digit_03346,0,0,0,6,10,1,15,6,0,0,5,16,4,8,15,1,0,1,15,8,2,15,8,0,0,4,16,14,13,15,0,0,0,1,15,16,16,13,0,0,0,0,3,10,15,0,0,0,0,0,0,11,14,1,0,0,0,0,0,10,15,0,0,0,4
digit_03347,0,0,0,11,7,5,8,0,0,0,5,16,1,15,8,0,0,1,14,9,5,16,2,0,0,6,14,1,12,11,2,0,0,12,14,8,16,16,10,0,0,9,16,16,15,5,0,0,0,0,1,10,12,0,0,0,0,0,0,11,9,0,0,0,4
digit_03348,0,0,13,13,1,0,0,0,0,2,16,16,9,0,0,0,0,9,16,12,12,0,0,0,0,12,10,8,13,0,0,0,0,5,7,10,14,0,0,0,0,0,2,15,12,0,0,0,0,1,15,16,16,14,6,0,0,0,11,16,16,14,6,0,2
digit_03349,0,0,0,7,5,0,1,0,0,0,5,13,1,0,14,4,0,1,16,3,0,9,7,0,0,3,16,7,4,16,3,0,0,2,15,16,16,14,4,0,0,0,0,0,14,6,0,0,0,0,0,3,16,1,0,0,0,0,0,8,7,0,0,0,4
digit_03350,0,0,0,1,11,10,0,0,0,0,0,8,16,13,0,0,0,0,7,16,16,7,0,0,0,5,16,16,16,0,0,0,0,4,10,16,16,0,0,0,0,0,0,15,16,0,0,0,0,0,0,11,16,4,0,0,0,0,0,0,11,13,1,0,1
digit_03351,0,0,2,10,13,5,0,0,0,0,13,15,11,1,0,0,0,0,14,4,0,0,0,0,0,6,14,0,0,0,0,0,0,6,16,16,16,16,2,0,0,1,4,4,1,15,2,0,0,0,0,7,10,16,0,0,0,0,1,16,15,7,0,0,5
digit_03352,0,0,0,0,6,11,0,0,0,0,0,4,16,12,0,0,0,0,1,12,16,11,0,0,0,1,12,13,16,7,0,0,0,9,16,13,16,3,0,0,0,2,3,6,16,3,0,0,0,0,0,6,16,3,0,0,0,0,0,0,9,8,0,0,1
digit_03353,0,0,7,16,16,10,0,0,0,1,16,16,16,16,4,0,0,4,10,5,3,11,10,0,0,5,12,4,0,6,8,0,0,0,12,2,0,5,8,0,0,0,15,5,5,14,3,0,0,0,11,16,16,12,0,0,0,0,7,16,12,4,0,0,0
digit_03354,0,0,1,9,16,15,4,0,0,0,4,16,10,14,10,0,0,0,3,16,7,14,11,0,0,0,9,16,16,13,0,0,0,5,16,16,16,2,0,0,0,6,14,9,16,2,0,0,0,0,12,16,16,4,0,0,0,0,0,12,11,3,0,0,8
digit_03355,0,0,0,6,15,15,4,0,0,0,12,15,8,12,7,0,0,0,14,13,12,16,3,0,0,0,11,16,16,16,4,0,0,0,1,4,4,16,5,0,0,0,0,0,2,16,2,0,0,0,0,3,12,11,0,0,0,0,0,10,13,2,0,0,9
digit_03356,0,0,8,16,16,14,0,0,0,1,16,12,8,5,0,0,0,3,16,6,0,0,0,0,0,10,16,8,2,0,0,0,0,3,12,14,15,7,0,0,0,0,0,0,8,16,3,0,0,0,11,5,6,16,5,0,0,0,10,16,16,12,0,0,5
digit_03357,0,0,10,15,14,16,12,0,0,0,5,12,11,13,11,0,0,0,0,0,2,16,3,0,0,0,9,12,14,16,10,0,0,0,12,15,15,9,2,0,0,0,0,14,7,0,0,0,0,0,7,14,1,0,0,0,0,0,13,6,0,0,0,0,7
digit_03358,0,0,6,11,16,11,1,0,0,4,14,4,9,16,0,0,0,0,15,2,11,15,2,0,0,0,8,15,9,12,5,0,0,0,0,0,0,8,8,0,0,0,0,0,0,8,5,0,0,5,13,2,0,14,2,0,0,0,8,16,16,8,0,0,9
digit_03359,0,0,0,9,15,4,0,0,0,0,4,15,8,1,0,0,0,0,12,11,0,0,0,0,0,0,15,5,0,0,0,0,0,2,16,15,16,12,3,0,0,0,16,13,5,8,13,0,0,0,7,13,4,6,15,0,0,0,0,8,15,16,11,0,6
digit_03360,0,4,16,16,9,1,0,0,0,2,11,9,15,7,0,0,0,0,0,0,14,6,0,0,0,0,0,5,16,2,0,0,0,0,1,14,12,0,0,0,0,3,15,13,1,0,0,0,0,11,16,13,8,6,3,0,0,4,14,16,16,16,11,0,2
digit_03361,0,0,2,13,12,4,0,0,0,1,15,12,3,13,2,0,0,8,13,8,0,6,4,0,0,8,4,3,0,3,8,0,0,5,5,0,0,6,6,0,0,1,14,1,0,8,3,0,0,0,8,8,5,13,1,0,0,0,0,11,15,6,0,0,0
digit_03362,0,0,3,14,9,2,0,0,0,3,16,12,7,13,0,0,0,3,14,1,8,14,0,0,0,0,6,14,16,2,0,0,0,0,2,16,15,9,0,0,0,0,12,10,1,10,9,0,0,0,11,7,0,7,13,0,0,0,1,11,16,15,4,0,8
digit_03363,0,0,0,2,15,9,0,0,0,0,0,7,16,15,0,0,0,0,5,15,16,10,0,0,0,3,16,16,16,6,0,0,0,3,12,14,16,5,0,0,0,0,0,8,16,8,0,0,0,0,0,5,16,15,2,0,0,0,0,2,13,15,4,0,1
digit_03364,0,0,0,9,12,1,0,0,0,0,10,15,12,15,2,0,0,2,16,4,0,11,6,0,0,5,13,0,0,8,8,0,0,8,12,0,0,7,7,0,0,6,14,0,0,13,4,0,0,0,15,10,7,15,1,0,0,0,2,11,13,3,0,0,0
digit_03365,0,0,0,15,12,5,0,0,0,0,4,16,16,8,0,0,0,0,9,16,15,3,0,0,0,1,16,16,9,0,0,0,0,6,16,16,9,0,0,0,0,0,11,16,11,0,0,0,0,0,4,16,14,1,0,0,0,0,0,13,16,0,0,0,1
digit_03366,0,1,13,16,15,5,0,0,0,6,15,12,15,11,0,0,0,0,2,0,9,12,0,0,0,0,0,1,16,4,0,0,0,0,1,12,14,0,0,0,0,5,15,14,2,0,0,0,0,9,16,12,7,2,3,0,0,1,15,16,16,16,6,0,2
digit_03367,0,0,8,14,16,12,1,0,0,2,11,6,5,15,4,0,0,0,0,1,9,14,0,0,0,0,0,11,11,0,0,0,0,0,0,2,15,7,0,0,0,0,0,0,4,16,3,0,0,0,9,5,4,15,3,0,0,0,9,15,13,5,0,0,3
digit_03368,0,0,3,16,13,2,0,0,0,0,11,7,7,12,0,0,0,2,16,1,0,9,3,0,0,5,13,1,0,6,6,0,0,7,6,0,0,5,8,0,0,4,8,0,0,10,5,0,0,1,13,5,8,15,1,0,0,0,4,15,15,4,0,0,0
digit_03369,0,0,12,16,16,16,10,0,0,0,4,8,11,16,13,0,0,0,2,0,4,16,5,0,0,6,15,12,15,16,11,0,0,1,11,16,15,11,3,0,0,0,1,13,8,0,0,0,0,0,8,16,1,0,0,0,0,0,10,10,0,0,0,0,7
digit_03370,0,0,0,12,15,2,0,0,0,0,7,16,7,1,0,0,0,0,15,10,0,0,0,0,0,1,16,9,1,0,0,0,0,3,16,16,15,5,0,0,0,1,15,11,4,12,9,0,0,0,10,12,3,11,14,0,0,0,1,9,16,16,6,0,6
digit_03371,0,0,6,12,12,12,4,0,0,3,16,8,6,16,7,0,0,4,13,0,5,16,4,0,0,1,13,13,15,16,4,0,0,0,1,8,4,12,4,0,0,0,2,0,0,12,7,0,0,6,15,4,0,13,4,0,0,0,8,15,16,16,2,0,9
digit_03372,0,0,7,14,14,13,3,0,0,0,14,7,4,9,6,0,0,4,13,0,0,0,0,0,0,6,16,14,8,1,0,0,0,0,0,3,9,13,0,0,0,0,0,0,0,13,0,0,0,0,9,0,3,14,0,0,0,0,11,16,14,3,0,0,5
digit_03373,0,0,0,0,14,10,0,0,0,0,1,11,16,12,0,0,0,2,12,16,16,12,0,0,0,4,11,5,15,11,0,0,0,0,0,1,16,7,0,0,0,0,0,3,16,7,0,0,0,0,0,1,16,11,0,0,0,0,0,0,11,9,0,0,1
digit_03374,0,0,0,9,12,0,0,0,0,0,1,15,5,1,5,0,0,1,12,10,0,13,9,0,0,7,16,9,10,16,7,0,0,4,16,16,16,16,10,0,0,0,0,0,14,11,1,0,0,0,0,5,16,1,0,0,0,0,0,12,6,0,0,0,4
digit_03375,0,0,0,14,15,3,0,0,0,0,7,16,9,2,0,0,0,0,14,12,0,0,0,0,0,2,16,7,0,0,0,0,0,7,16,16,12,2,0,0,0,1,15,8,9,15,1,0,0,0,9,12,7,16,3,0,0,0,0,12,16,14,1,0,6
digit_03376,0,0,0,4,12,13,2,0,0,0,2,13,16,15,0,0,0,4,16,16,16,9,0,0,0,3,10,15,16,6,0,0,0,0,0,13,16,0,0,0,0,0,0,14,16,1,0,0,0,0,0,9,16,10,0,0,0,0,0,2,15,13,1,0,1
digit_03377,0,0,0,8,13,6,0,0,0,0,5,14,6,14,2,0,0,0,8,8,1,14,4,0,0,0,2,13,11,16,5,0,0,0,0,3,7,9,4,0,0,1,2,0,0,8,8,0,0,1,13,3,0,14,5,0,0,0,0,11,16,13,1,0,9
digit_03378,0,0,8,15,12,6,0,0,0,1,16,6,5,13,2,0,0,0,16,4,6,15,3,0,0,0,9,16,16,8,0,0,0,0,7,15,14,10,0,0,0,0,13,12,0,13,7,0,0,3,16,5,4,15,8,0,0,0,9,14,16,12,1,0,8
digit_03379,0,0,1,9,16,16,12,1,0,0,10,13,8,12,16,3,0,0,2,0,1,13,10,0,0,0,0,9,16,11,0,0,0,0,0,14,16,15,0,0,0,0,0,7,10,16,2,0,0,0,2,16,14,13,0,0,0,0,0,14,14,2,0,0,3
digit_03380,0,0,8,15,15,12,4,0,0,0,15,4,3,10,16,0,0,0,8,14,12,16,12,0,0,0,0,2,4,9,8,0,0,0,0,0,0,9,7,0,0,1,1,0,0,12,4,0,0,7,11,1,4,12,1,0,0,0,10,16,13,3,0,0,9
digit_03381,0,0,4,16,13,12,11,0,0,0,7,13,4,7,11,0,0,0,12,1,0,0,0,0,0,5,15,12,8,1,0,0,0,2,8,8,12,12,0,0,0,0,0,0,1,13,0,0,0,0,7,7,7,11,0,0,0,0,4,15,14,2,0,0,5
digit_03382,0,0,0,6,14,2,0,0,0,0,4,16,9,3,0,0,0,0,13,8,0,0,0,0,0,0,15,10,2,0,0,0,0,4,16,11,13,9,0,0,0,0,10,8,0,9,8,0,0,0,2,13,3,10,8,0,0,0,0,4,14,16,2,0,6
digit_03383,0,0,1,11,14,10,1,0,0,1,13,10,8,12,8,0,0,6,11,0,1,13,4,0,0,2,15,12,15,6,0,0,0,0,13,16,15,2,0,0,0,1,14,0,7,12,0,0,0,0,9,9,4,16,0,0,0,0,1,9,15,10,0,0,8
digit_03384,0,1,9,12,14,10,1,0,0,7,15,7,6,15,8,0,0,1,1,0,3,16,5,0,0,0,2,11,16,9,0,0,0,0,2,14,16,8,0,0,0,0,0,1,7,15,7,0,0,0,12,6,6,15,7,0,0,0,8,15,14,9,0,0,3
digit_03385,0,0,2,14,10,0,0,0,0,0,9,10,10,6,0,0,0,0,16,2,0,12,2,0,0,4,12,0,0,8,5,0,0,5,8,0,0,9,8,0,0,3,12,0,0,14,3,0,0,0,11,6,7,13,0,0,0,0,3,16,15,3,0,0,0
digit_03386,0,0,0,6,13,6,0,0,0,0,0,12,16,13,0,0,0,0,10,16,16,10,0,0,0,5,16,16,16,7,0,0,0,2,5,13,16,4,0,0,0,0,0,9,16,4,0,0,0,0,0,12,16,1,0,0,0,0,0,8,14,2,0,0,1
digit_03387,0,0,0,0,5,16,8,0,0,0,0,0,13,16,12,0,0,0,0,9,16,16,9,0,0,0,10,16,14,16,8,0,0,4,15,11,8,16,5,0,0,0,7,1,9,16,3,0,0,0,0,0,12,16,0,0,0,0,0,0,8,15,2,0,1
digit_03388,0,0,8,12,12,6,0,0,0,0,15,16,16,16,0,0,0,0,8,16,16,16,0,0,0,0,6,16,16,16,4,0,0,0,5,16,16,16,4,0,0,0,4,16,16,16,7,0,0,0,15,16,16,16,8,0,0,0,4,9,11,8,4,0,1
digit_03389,0,0,3,12,14,2,0,0,0,0,12,11,13,11,0,0,0,7,16,1,4,16,2,0,0,6,16,7,14,16,1,0,0,0,13,16,15,3,0,0,0,0,11,16,16,10,0,0,0,0,14,16,10,16,8,0,0,0,2,11,16,16,12,0,8
digit_03390,0,0,7,16,11,1,0,0,0,2,15,12,15,12,0,0,0,6,16,6,6,16,3,0,0,8,16,4,1,16,7,0,0,4,16,4,0,13,8,0,0,4,16,4,2,16,5,0,0,2,15,11,14,11,0,0,0,0,6,15,11,1,0,0,0
digit_03391,0,0,5,16,16,13,5,0,0,0,4,8,8,14,15,0,0,0,0,0,1,16,7,0,0,0,0,0,7,15,0,0,0,2,15,16,16,16,4,0,0,1,4,12,12,0,0,0,0,0,0,15,5,0,0,0,0,0,5,15,0,0,0,0,7
digit_03392,0,1,15,6,0,0,0,0,0,7,15,16,3,0,0,0,0,11,5,12,4,0,0,0,0,2,3,10,7,0,0,0,0,0,1,16,2,0,0,0,0,0,6,14,0,0,0,0,0,0,14,16,16,15,6,0,0,0,8,8,8,10,13,0,2
digit_03393,0,0,3,11,12,13,14,3,0,0,8,14,9,12,16,2,0,0,1,0,0,13,11,0,0,0,1,12,13,16,7,0,0,0,1,8,16,11,2,0,0,0,0,6,16,2,0,0,0,0,0,14,11,0,0,0,0,0,2,13,4,0,0,0,7
digit_03394,0,0,0,5,15,7,0,0,0,0,6,15,10,16,2,0,0,4,16,5,0,10,8,0,0,1,15,4,0,8,8,0,0,0,14,4,0,8,8,0,0,0,12,7,0,14,6,0,0,0,7,16,13,15,1,0,0,0,0,6,13,5,0,0,0
digit_03395,0,0,1,13,9,0,0,0,0,0,7,16,10,0,0,0,0,0,14,15,1,0,0,0,0,1,16,14,4,0,0,0,0,3,16,16,16,10,1,0,0,0,13,15,8,15,9,0,0,0,8,16,7,11,13,0,0,0,0,8,13,16,13,1,6
digit_03396,0,0,3,12,10,1,0,0,0,0,12,16,16,10,0,0,0,0,7,16,16,8,0,0,0,0,3,16,16,12,0,0,0,0,2,15,16,14,0,0,0,0,0,16,16,15,0,0,0,0,2,16,16,14,0,0,0,0,4,8,12,3,0,0,1
digit_03397,0,0,3,13,16,9,1,0,0,3,13,14,7,16,6,0,0,6,16,4,5,16,3,0,0,6,16,8,15,11,0,0,0,1,16,16,13,1,0,0,0,4,16,16,14,2,0,0,0,2,16,15,16,10,0,0,0,0,5,14,16,11,0,0,8
digit_03398,0,0,0,9,16,1,0,0,0,0,3,16,13,0,0,0,0,0,10,16,7,10,6,0,0,6,16,16,13,16,8,0,0,4,15,16,16,16,6,0,0,0,0,7,16,12,0,0,0,0,0,11,16,2,0,0,0,0,0,14,10,0,0,0,4
digit_03399,0,1,12,3,0,0,0,0,0,10,16,15,1,0,0,0,0,8,3,13,5,0,0,0,0,1,0,9,9,0,0,0,0,0,0,13,6,0,0,0,0,0,2,15,2,0,0,0,0,0,13,16,14,14,12,0,0,0,8,12,12,10,11,0,2
digit_03400,0,0,4,15,2,0,0,0,0,0,12,15,1,0,0,0,0,2,16,10,0,0,0,0,0,3,16,8,1,0,0,0,0,6,16,16,15,9,2,0,0,3,16,14,8,15,10,0,0,0,10,15,8,13,15,0,0,0,4,8,13,13,6,0,6
digit_03401,0,0,0,2,15,3,0,0,0,0,0,9,13,0,2,0,0,0,7,15,1,5,12,0,0,2,16,10,4,12,7,0,0,6,13,14,16,16,5,0,0,0,0,0,8,13,0,0,0,0,0,0,15,5,0,0,0,0,0,3,12,0,0,0,4
digit_03402,0,0,1,8,12,7,0,0,0,0,7,16,16,16,10,0,0,0,5,16,16,16,5,0,0,0,5,16,16,15,1,0,0,0,4,16,16,16,4,0,0,0,9,16,16,16,0,0,0,0,9,16,16,14,0,0,0,0,2,10,12,9,0,0,1
digit_03403,0,0,3,13,16,16,9,0,0,0,3,9,11,16,6,0,0,0,0,0,8,14,1,0,0,3,12,13,16,15,4,0,0,4,13,14,16,12,3,0,0,0,0,9,12,0,0,0,0,0,0,15,8,0,0,0,0,0,2,16,3,0,0,0,7
digit_03404,0,2,12,15,10,0,0,0,0,4,14,8,16,7,0,0,0,0,0,2,16,10,0,0,0,0,2,16,16,9,0,0,0,0,1,8,13,14,2,0,0,0,0,0,2,13,8,0,0,2,9,8,8,12,11,0,0,2,11,14,14,10,3,0,3
digit_03405,0,0,6,13,3,0,0,0,0,0,15,16,15,5,0,0,0,0,14,4,6,13,0,0,0,0,0,0,4,15,0,0,0,0,0,0,8,12,0,0,0,0,1,6,15,8,0,0,0,0,16,16,16,16,12,0,0,0,5,8,9,10,15,3,2
digit_03406,0,0,1,14,5,0,0,0,0,0,7,16,6,0,0,0,0,0,14,16,0,0,0,0,0,1,16,9,0,0,0,0,0,0,16,16,14,5,0,0,0,0,13,16,12,16,5,0,0,0,8,16,8,11,16,2,0,0,1,8,13,16,14,2,6
digit_03407,0,0,1,10,12,11,5,0,0,0,8,16,16,16,3,0,0,0,13,16,16,11,0,0,0,1,16,16,16,12,0,0,0,2,16,16,16,10,0,0,0,2,16,16,16,6,0,0,0,0,7,16,16,8,0,0,0,0,2,11,12,4,0,0,1
digit_03408,0,0,0,1,13,15,6,0,0,0,0,7,16,16,8,0,0,0,3,14,16,16,6,0,0,5,15,16,16,16,4,0,0,5,12,13,16,16,4,0,0,0,0,4,16,16,8,0,0,0,0,4,16,16,8,0,0,0,0,1,12,16,5,0,1
digit_03409,0,0,0,8,13,0,0,0,0,0,1,15,12,0,0,0,0,0,9,15,3,0,0,0,0,0,15,11,0,0,0,0,0,3,16,14,12,4,0,0,0,2,16,15,13,16,6,0,0,0,9,15,5,13,13,0,0,0,0,7,14,14,6,0,6
digit_03410,0,0,0,8,11,3,0,0,0,0,6,16,16,15,1,0,0,0,5,16,16,16,1,0,0,0,5,16,16,16,1,0,0,0,1,16,16,16,3,0,0,0,3,16,16,16,0,0,0,0,0,16,16,12,0,0,0,0,0,11,11,2,0,0,1
digit_03411,0,0,1,11,12,12,10,0,0,0,3,10,8,16,10,0,0,0,0,0,3,16,3,0,0,0,3,10,15,14,2,0,0,0,14,16,16,16,6,0,0,0,1,14,9,0,0,0,0,0,3,16,3,0,0,0,0,0,6,12,0,0,0,0,7
digit_03412,0,0,14,16,4,0,0,0,0,2,16,16,16,4,0,0,0,7,16,5,16,16,6,0,0,2,16,14,16,16,8,0,0,0,4,8,6,16,8,0,0,0,0,0,2,16,8,0,0,0,8,8,10,16,7,0,0,0,9,12,15,9,0,0,9
digit_03413,0,1,12,13,7,0,0,0,0,2,15,13,16,7,0,0,0,0,0,6,16,8,0,0,0,0,7,16,16,3,0,0,0,0,4,12,16,12,0,0,0,0,0,0,4,16,8,0,0,1,8,10,12,16,10,0,0,2,12,14,12,9,1,0,3
digit_03414,0,0,2,8,12,4,0,0,0,1,14,11,5,16,1,0,0,1,15,3,10,14,0,0,0,0,7,16,13,1,0,0,0,0,9,16,11,0,0,0,0,0,12,4,12,7,0,0,0,0,12,13,8,12,0,0,0,0,2,9,12,6,0,0,8
digit_03415,0,0,2,15,4,0,0,0,0,0,10,16,2,0,0,0,0,0,12,11,0,0,0,0,0,0,14,12,0,0,0,0,0,2,16,16,16,9,0,0,0,3,16,15,12,16,6,0,0,1,14,16,6,14,10,0,0,0,3,14,16,13,3,0,6
digit_03416,0,0,10,12,6,0,0,0,0,0,16,14,15,4,0,0,0,1,16,8,16,14,0,0,0,0,7,15,16,16,5,0,0,0,0,3,4,15,9,0,0,0,0,0,0,12,11,0,0,0,5,7,9,16,9,0,0,0,7,16,13,9,2,0,9
digit_03417,0,0,5,14,10,3,0,0,0,1,16,14,16,11,0,0,0,4,16,6,12,16,7,0,0,1,13,15,15,16,8,0,0,0,0,2,7,16,7,0,0,0,0,0,4,16,4,0,0,0,2,4,7,16,3,0,0,0,6,16,15,8,0,0,9
digit_03418,0,0,3,12,12,12,2,0,0,0,3,13,9,16,7,0,0,0,0,1,2,16,4,0,0,0,0,1,10,9,0,0,0,0,8,16,16,16,5,0,0,0,3,14,10,0,0,0,0,0,4,16,3,0,0,0,0,0,3,12,1,0,0,0,7
digit_03419,0,0,0,3,12,2,0,0,0,0,0,12,12,0,0,0,0,0,6,16,4,8,13,0,0,1,15,8,1,15,8,0,0,6,16,14,13,16,1,0,0,2,4,10,16,10,0,0,0,0,0,5,16,2,0,0,0,0,0,3,10,0,0,0,4
digit_03420,0,0,4,12,15,5,0,0,0,2,15,13,11,11,0,0,0,2,10,2,5,16,0,0,0,0,0,4,14,14,0,0,0,0,0,5,12,14,7,0,0,0,0,0,0,3,14,0,0,0,9,10,3,8,15,2,0,0,2,9,16,16,7,0,3
digit_03421,0,0,7,16,15,7,0,0,0,0,16,10,8,15,0,0,0,0,5,2,9,15,0,0,0,0,5,16,16,8,0,0,0,0,2,5,11,14,3,0,0,0,0,0,0,8,12,0,0,0,10,10,7,13,12,0,0,0,6,12,16,11,4,0,3
digit_03422,0,0,3,11,16,5,0,0,0,0,12,15,12,7,0,0,0,0,15,6,0,0,0,0,0,0,16,15,11,1,0,0,0,0,15,15,14,9,0,0,0,0,15,6,2,16,2,0,0,0,12,12,12,16,5,0,0,0,3,13,15,9,0,0,6
digit_03423,0,0,7,12,5,3,0,0,0,3,15,8,13,16,3,0,0,4,14,1,0,9,0,0,0,0,9,15,13,9,0,0,0,0,3,14,15,6,0,0,0,0,14,5,3,14,2,0,0,0,16,5,5,15,3,0,0,0,6,11,11,6,0,0,8
digit_03424,0,0,8,15,16,8,0,0,0,2,16,15,13,11,0,0,0,3,16,3,0,0,0,0,0,6,16,15,7,0,0,0,0,2,11,12,16,7,0,0,0,0,0,0,7,14,0,0,0,0,10,15,15,15,1,0,0,0,8,16,15,6,0,0,5
digit_03425,0,0,8,14,13,13,10,0,0,4,16,13,13,16,9,0,0,4,16,2,6,16,1,0,0,0,0,1,14,5,0,0,0,0,0,6,15,0,0,0,0,0,1,15,6,0,0,0,0,0,11,16,3,0,0,0,0,0,11,11,1,0,0,0,7
digit_03426,0,0,4,12,12,1,0,0,0,0,14,16,16,11,0,0,0,0,16,3,3,14,4,0,0,1,15,0,0,10,6,0,0,3,13,0,0,11,5,0,0,2,16,0,1,14,3,0,0,1,14,7,12,16,0,0,0,0,6,15,15,5,0,0,0
digit_03427,0,4,16,14,14,15,5,0,0,8,16,16,16,16,9,0,0,11,14,0,11,15,1,0,0,5,5,3,16,8,0,0,0,0,0,11,14,1,0,0,0,0,4,16,5,0,0,0,0,0,14,14,0,0,0,0,0,3,16,10,0,0,0,0,7
digit_03428,0,0,9,9,1,0,0,0,0,0,10,16,3,0,0,0,0,0,13,16,7,0,0,0,0,0,6,16,13,0,0,0,0,0,0,14,16,0,0,0,0,0,0,13,16,13,4,0,0,0,10,16,16,16,15,2,0,0,8,16,13,8,5,0,1
digit_03429,0,0,5,15,10,3,0,0,0,0,14,16,12,14,2,0,0,3,16,5,0,13,4,0,0,5,14,0,0,13,7,0,0,6,12,0,1,16,3,0,0,3,16,2,4,15,2,0,0,0,14,11,15,10,0,0,0,0,6,15,12,3,0,0,0
digit_03430,0,0,4,15,11,1,0,0,0,2,13,16,16,0,0,0,0,2,12,16,12,0,0,0,0,0,0,14,14,0,0,0,0,0,0,15,14,0,0,0,0,0,0,16,13,0,0,0,0,0,3,16,15,0,0,0,0,0,2,15,16,1,0,0,1
digit_03431,0,0,5,12,12,1,0,0,0,11,16,12,14,9,0,0,0,14,7,0,10,11,0,0,0,0,3,15,16,8,0,0,0,0,2,12,12,14,3,0,0,0,0,0,0,10,14,0,0,0,9,10,8,13,16,0,0,0,6,12,16,12,4,0,3
digit_03432,0,0,8,15,13,8,0,0,0,1,16,15,16,15,0,0,0,5,16,1,5,16,2,0,0,2,16,6,15,16,2,0,0,0,9,16,14,16,5,0,0,0,0,0,4,16,3,0,0,0,9,12,15,14,0,0,0,0,7,14,12,3,0,0,9
digit_03433,0,0,8,12,8,14,3,0,0,2,15,13,11,16,4,0,0,3,16,10,11,9,0,0,0,0,4,16,16,4,0,0,0,0,2,15,16,8,0,0,0,3,15,7,12,10,0,0,0,4,16,4,13,8,0,0,0,1,9,16,15,3,0,0,8
digit_03434,0,1,15,16,16,16,9,0,0,7,16,13,11,16,9,0,0,9,16,4,10,15,1,0,0,8,9,3,15,8,0,0,0,0,0,10,15,0,0,0,0,0,1,16,9,0,0,0,0,0,10,16,2,0,0,0,0,0,16,13,0,0,0,0,7
digit_03435,0,0,8,16,7,0,0,0,0,1,15,11,15,0,0,0,0,2,14,0,11,2,0,0,0,0,1,0,13,4,0,0,0,0,0,6,13,0,0,0,0,0,0,13,8,0,0,0,0,0,13,16,10,10,11,0,0,0,10,15,12,12,12,1,2
digit_03436,0,0,7,16,10,0,0,0,0,0,14,11,13,10,0,0,0,1,16,4,6,13,0,0,0,0,4,0,8,10,0,0,0,0,0,2,15,4,0,0,0,0,0,9,13,0,0,0,0,0,9,16,16,16,9,0,0,0,11,14,12,12,15,2,2
digit_03437,0,0,12,16,9,5,0,0,0,0,16,9,13,15,2,0,0,4,16,0,4,16,4,0,0,0,14,13,15,16,8,0,0,0,5,11,8,16,8,0,0,0,0,0,0,14,7,0,0,0,12,10,12,16,2,0,0,0,10,13,12,4,0,0,9
digit_03438,0,0,4,10,12,8,0,0,0,0,9,16,12,11,0,0,0,0,12,9,3,0,0,0,0,0,13,16,16,6,0,0,0,0,9,6,8,13,1,0,0,0,0,0,4,16,3,0,0,0,13,12,14,13,1,0,0,0,7,14,10,0,0,0,5
digit_03439,0,0,4,16,11,4,0,0,0,1,14,13,13,16,0,0,0,2,15,2,0,12,4,0,0,4,13,0,0,13,1,0,0,3,13,0,0,15,1,0,0,1,16,0,4,15,1,0,0,0,14,10,11,13,0,0,0,0,5,15,15,4,0,0,0
digit_03440,0,0,6,9,14,10,1,0,0,4,16,15,5,13,4,0,0,7,13,4,6,15,2,0,0,0,9,16,16,9,0,0,0,0,11,13,15,10,0,0,0,0,15,4,5,15,0,0,0,1,16,9,10,14,0,0,0,0,7,13,14,5,0,0,8
digit_03441,0,0,8,13,7,5,0,0,0,2,16,14,14,15,2,0,0,8,10,4,3,8,4,0,0,8,8,0,0,4,8,0,0,8,8,0,0,8,8,0,0,4,13,0,0,13,7,0,0,0,14,10,10,15,3,0,0,0,6,12,14,5,0,0,0
digit_03442,0,0,0,10,11,0,0,0,0,0,0,15,11,9,0,0,0,0,5,15,10,16,2,0,0,0,13,9,12,13,0,0,0,3,16,7,13,14,5,0,0,12,16,16,16,16,8,0,0,5,8,13,16,4,0,0,0,0,0,11,15,0,0,0,4
digit_03443,0,0,4,14,10,2,0,0,0,0,12,13,14,13,0,0,0,0,11,5,3,13,0,0,0,0,7,12,11,16,1,0,0,0,1,10,9,14,3,0,0,0,0,0,0,13,5,0,0,0,4,8,8,16,5,0,0,0,7,16,16,11,0,0,9
digit_03444,0,0,6,14,9,0,0,0,0,3,16,15,16,6,0,0,0,6,14,0,8,10,0,0,0,0,2,0,11,10,0,0,0,0,0,5,16,4,0,0,0,0,2,14,12,1,0,0,0,0,10,16,16,16,16,0,0,0,10,13,12,8,10,1,2
digit_03445,0,0,9,12,10,3,0,0,0,0,14,16,13,13,0,0,0,4,16,2,1,16,3,0,0,4,16,0,0,12,8,0,0,6,16,0,0,15,8,0,0,5,15,0,1,16,5,0,0,2,16,11,14,13,0,0,0,0,8,16,13,6,0,0,0
digit_03446,0,0,9,16,16,9,0,0,0,1,16,12,16,16,0,0,0,0,2,7,16,9,0,0,0,0,7,16,15,8,1,0,0,0,5,9,9,15,8,0,0,0,0,0,0,13,12,0,0,0,6,8,12,16,10,0,0,0,9,15,12,4,0,0,3
digit_03447,0,0,6,11,8,12,1,0,0,2,16,12,16,14,8,0,0,3,15,4,1,13,4,0,0,0,9,15,14,12,0,0,0,0,6,16,16,9,0,0,0,2,15,8,6,12,0,0,0,4,16,10,12,15,0,0,0,0,5,12,12,7,0,0,8
digit_03448,0,0,10,8,10,12,6,0,0,2,16,14,12,15,11,0,0,3,9,2,4,14,2,0,0,0,0,1,14,4,0,0,0,0,0,5,14,0,0,0,0,0,1,13,6,0,0,0,0,1,12,16,1,0,0,0,0,0,14,10,0,0,0,0,7
digit_03449,0,0,0,7,11,0,0,0,0,0,0,11,5,2,0,0,0,0,3,14,3,14,0,0,0,0,8,6,7,7,0,0,0,1,15,4,12,9,4,0,0,5,16,16,16,15,8,0,0,1,1,6,10,0,0,0,0,0,0,10,9,0,0,0,4
digit_03450,0,0,11,12,7,0,0,0,0,6,14,8,15,16,3,0,0,3,15,9,4,16,3,0,0,0,3,14,16,12,0,0,0,0,3,12,15,15,2,0,0,0,15,10,0,13,8,0,0,1,16,5,5,12,11,0,0,0,14,16,16,9,2,0,8
digit_03451,0,0,2,11,16,7,0,0,0,0,8,16,16,2,0,0,0,2,16,16,16,0,0,0,0,0,5,16,16,0,0,0,0,0,2,16,16,1,0,0,0,0,8,16,16,3,0,0,0,0,9,16,16,13,0,0,0,0,2,12,13,9,0,0,1
digit_03452,0,0,5,15,13,2,0,0,0,0,10,13,12,11,0,0,0,0,3,2,4,15,0,0,0,0,0,9,16,10,0,0,0,0,0,3,13,16,6,0,0,0,0,0,0,7,14,0,0,0,5,8,8,10,16,1,0,0,4,9,14,13,7,0,3
digit_03453,0,0,8,16,16,15,1,0,0,0,16,14,14,11,0,0,0,4,16,16,13,4,0,0,0,3,14,12,14,15,1,0,0,0,0,0,0,15,6,0,0,0,0,0,1,14,7,0,0,0,15,12,14,13,0,0,0,0,11,16,13,2,0,0,5
digit_03454,0,0,16,14,12,7,0,0,0,0,16,8,12,10,0,0,0,4,16,4,0,0,0,0,0,6,16,16,13,3,0,0,0,0,1,5,10,16,3,0,0,0,0,0,0,14,5,0,0,2,14,8,8,16,3,0,0,1,10,16,15,8,0,0,5
digit_03455,0,0,6,13,16,3,0,0,0,1,15,16,16,9,0,0,0,0,3,4,16,7,0,0,0,0,0,5,16,6,0,0,0,0,9,16,16,4,1,0,0,0,14,16,16,16,6,0,0,0,9,16,9,5,0,0,0,0,9,13,2,0,0,0,7
digit_03456,0,0,12,5,0,0,0,0,0,0,16,2,0,0,0,0,0,3,12,0,0,0,0,0,0,4,12,0,0,0,0,0,0,7,14,16,14,3,0,0,0,3,16,8,9,16,4,0,0,2,16,3,4,16,4,0,0,0,11,12,11,4,0,0,6
digit_03457,0,1,7,13,7,0,0,0,0,8,16,15,16,5,0,0,0,6,16,8,8,13,1,0,0,4,12,0,0,13,7,0,0,8,12,0,0,8,8,0,0,7,13,0,0,14,7,0,0,4,16,8,10,16,5,0,0,1,15,16,14,7,0,0,0
digit_03458,0,0,9,8,1,0,0,0,0,5,16,16,7,0,0,0,0,8,10,8,8,0,0,0,0,0,2,4,12,0,0,0,0,0,0,6,10,0,0,0,0,0,0,7,9,0,0,0,0,0,6,16,15,11,5,0,0,0,9,14,12,14,10,0,2
digit_03459,0,0,11,11,2,0,0,0,0,0,12,14,15,2,0,0,0,0,10,8,6,16,0,0,0,0,7,13,7,16,2,0,0,0,0,11,12,14,5,0,0,0,0,0,0,8,10,0,0,0,7,10,10,14,15,0,0,0,7,12,16,16,12,1,9
digit_03460,0,0,0,14,6,0,0,0,0,0,9,11,2,0,0,0,0,1,16,6,0,0,0,0,0,4,14,0,0,0,0,0,0,6,15,11,6,2,0,0,0,2,16,13,8,15,3,0,0,0,10,13,3,5,14,0,0,0,1,10,13,16,10,0,6
digit_03461,0,0,8,16,16,8,0,0,0,0,8,11,13,16,0,0,0,0,0,0,13,11,0,0,0,0,0,1,16,7,0,0,0,0,10,16,16,13,6,0,0,0,13,16,13,8,1,0,0,0,6,16,3,0,0,0,0,0,11,15,0,0,0,0,7
digit_03462,0,0,8,15,16,14,2,0,0,1,16,14,12,16,7,0,0,0,8,1,3,16,5,0,0,0,0,8,16,11,0,0,0,0,0,6,14,13,0,0,0,0,0,0,3,16,6,0,0,0,10,8,12,16,2,0,0,0,9,16,15,5,0,0,3
digit_03463,0,0,3,13,0,0,0,0,0,0,9,13,0,0,0,0,0,0,12,6,0,0,0,0,0,0,15,7,0,0,0,0,0,3,16,14,8,2,0,0,0,4,16,12,12,16,4,0,0,2,15,12,8,15,13,0,0,0,3,11,15,12,8,0,6
digit_03464,0,0,4,12,12,11,1,0,0,1,16,10,1,14,0,0,0,1,14,7,0,14,0,0,0,0,4,16,13,10,0,0,0,0,2,16,16,3,0,0,0,1,13,11,15,7,0,0,0,2,16,5,14,8,0,0,0,0,6,9,12,3,0,0,8
digit_03465,0,0,6,16,7,0,0,0,0,0,16,11,14,6,0,0,0,2,15,0,3,16,1,0,0,7,8,0,0,13,2,0,0,5,8,0,0,11,4,0,0,7,7,0,0,12,4,0,0,5,16,7,7,16,0,0,0,0,7,16,12,4,0,0,0
digit_03466,0,0,8,13,12,2,0,0,0,3,16,13,12,14,0,0,0,0,6,1,9,13,0,0,0,0,0,5,16,9,0,0,0,0,0,1,12,16,2,0,0,0,0,0,0,12,9,0,0,1,10,6,7,15,9,0,0,0,9,12,15,11,2,0,3
digit_03467,0,2,11,14,5,0,0,0,0,5,15,12,16,2,0,0,0,4,12,0,12,4,0,0,0,0,1,0,12,4,0,0,0,0,0,1,14,1,0,0,0,0,0,9,7,0,0,0,0,1,9,15,10,8,4,0,0,2,15,15,12,12,7,0,2
digit_03468,0,0,8,15,12,1,0,0,0,4,16,14,12,11,0,0,0,4,16,5,1,14,4,0,0,4,14,1,0,12,4,0,0,6,12,0,0,10,5,0,0,8,13,0,1,13,4,0,0,4,16,16,16,14,1,0,0,0,8,13,11,3,0,0,0
digit_03469,0,0,4,13,14,6,0,0,0,0,8,15,6,16,4,0,0,0,8,15,3,16,1,0,0,0,0,13,16,15,1,0,0,0,7,16,16,4,0,0,0,4,16,9,12,10,0,0,0,2,14,9,11,16,0,0,0,0,5,12,15,7,0,0,8
digit_03470,0,1,6,16,13,6,1,0,0,1,12,16,16,16,1,0,0,0,10,16,16,12,0,0,0,2,14,16,16,12,0,0,0,2,9,16,16,12,0,0,0,0,1,14,16,14,0,0,0,0,6,16,16,14,2,0,0,0,4,12,13,8,2,0,1
digit_03471,0,0,8,14,13,3,0,0,0,0,16,16,16,15,0,0,0,0,13,12,4,16,2,0,0,0,2,15,14,15,2,0,0,0,4,15,16,7,0,0,0,0,15,14,8,15,4,0,0,4,16,12,6,16,7,0,0,0,6,13,12,8,0,0,8
digit_03472,0,1,10,16,9,0,0,0,0,9,15,13,16,0,0,0,0,4,2,0,14,2,0,0,0,0,0,0,12,4,0,0,0,0,0,1,14,1,0,0,0,0,0,9,7,0,0,0,0,0,14,16,16,16,11,0,0,0,8,10,12,14,10,0,2
digit_03473,0,0,1,14,8,0,0,0,0,0,10,15,3,0,0,0,0,0,13,12,0,0,0,0,0,0,16,8,0,0,0,0,0,3,16,14,11,2,0,0,0,4,16,14,12,15,1,0,0,0,12,15,8,16,11,0,0,0,1,10,13,12,5,0,6
digit_03474,0,0,0,4,16,2,0,0,0,0,0,14,10,2,8,0,0,0,10,15,1,8,12,0,0,4,16,5,1,15,8,0,0,13,16,14,16,16,2,0,1,12,12,12,16,10,0,0,0,0,0,5,16,8,0,0,0,0,0,8,15,4,0,0,4
digit_03475,0,0,8,10,0,0,0,0,0,0,14,16,5,0,0,0,0,0,15,11,11,0,0,0,0,0,10,6,12,0,0,0,0,0,1,4,14,0,0,0,0,0,0,6,10,0,0,0,0,0,5,15,14,9,9,2,0,0,10,16,15,15,12,1,2
digit_03476,0,0,6,16,16,13,0,0,0,0,13,12,13,16,3,0,0,0,0,0,8,14,0,0,0,0,1,7,14,10,0,0,0,0,9,16,16,16,7,0,0,0,1,15,12,9,3,0,0,0,6,16,4,0,0,0,0,0,9,13,1,0,0,0,7
digit_03477,0,0,3,14,5,0,0,0,0,0,12,16,3,0,0,0,0,2,12,8,0,0,0,0,0,3,3,0,0,0,0,0,0,7,4,0,6,0,0,0,0,4,16,15,13,15,3,0,0,2,14,14,4,14,11,0,0,0,3,13,16,16,12,0,6
digit_03478,0,0,0,2,16,4,0,0,0,0,0,9,13,0,0,0,0,0,2,15,5,9,7,0,0,0,12,10,1,16,5,0,0,7,15,8,10,16,2,0,3,16,16,16,16,13,0,0,1,8,7,5,16,14,0,0,0,0,0,1,15,6,0,0,4
digit_03479,0,0,9,14,15,4,0,0,0,7,16,16,16,10,0,0,0,5,10,4,16,4,0,0,0,0,0,16,16,7,0,0,0,0,0,3,9,16,3,0,0,0,2,0,1,15,7,0,0,0,15,13,13,16,4,0,0,0,9,15,15,8,0,0,3
digit_03480,0,0,0,10,15,0,0,0,0,0,5,15,5,0,0,0,0,0,13,8,0,0,0,0,0,0,16,4,0,0,0,0,0,5,16,12,9,3,0,0,0,2,16,15,12,15,8,0,0,0,12,14,5,12,11,0,0,0,1,8,14,15,5,0,6
digit_03481,0,0,7,11,14,4,0,0,0,12,16,12,15,8,0,0,0,6,9,0,12,7,0,0,0,0,1,9,16,2,0,0,0,0,8,16,16,15,1,0,0,0,0,0,2,15,9,0,0,2,10,4,2,13,10,0,0,0,7,12,15,12,1,0,3
digit_03482,0,0,0,4,15,7,0,0,0,0,0,6,15,1,0,0,0,0,0,12,8,4,15,0,0,0,4,14,1,12,12,0,0,8,15,13,8,16,6,0,6,16,16,16,16,14,0,0,3,7,6,9,16,9,0,0,0,0,0,5,13,2,0,0,4
digit_03483,0,0,9,14,4,0,0,0,0,4,16,16,16,7,0,0,0,5,16,10,10,14,1,0,0,8,14,0,1,13,4,0,0,8,12,0,0,10,8,0,0,8,12,0,0,11,7,0,0,5,15,9,5,13,4,0,0,0,8,16,16,13,1,0,0
digit_03484,0,0,3,14,16,14,3,0,0,3,15,10,14,16,6,0,0,7,13,0,10,16,7,0,0,8,12,0,1,16,4,0,0,7,12,0,0,13,4,0,0,3,14,1,0,13,4,0,0,0,11,11,9,15,2,0,0,0,2,11,12,4,0,0,0
digit_03485,0,1,10,14,13,0,0,0,0,6,12,8,16,7,0,0,0,0,0,0,14,8,0,0,0,0,8,8,16,6,0,0,0,0,9,16,16,16,6,0,0,0,2,15,5,4,2,0,0,0,11,14,0,0,0,0,0,0,12,5,0,0,0,0,7
digit_03486,0,0,9,16,16,10,0,0,0,1,16,7,8,16,6,0,0,4,16,7,9,16,6,0,0,0,9,12,12,16,4,0,0,0,0,0,0,16,6,0,0,0,0,0,0,14,7,0,0,0,4,6,4,16,4,0,0,0,9,13,12,10,0,0,9
digit_03487,0,0,6,8,0,0,0,0,0,0,10,15,0,0,0,0,0,0,10,15,0,0,0,0,0,0,12,14,0,0,0,0,0,2,16,16,16,15,4,0,0,0,13,13,9,16,12,0,0,0,13,12,12,16,7,0,0,0,8,16,15,8,0,0,6
digit_03488,0,2,11,15,8,6,0,0,0,10,14,8,15,16,0,0,0,9,14,0,10,16,2,0,0,2,16,10,16,16,3,0,0,0,4,8,8,16,4,0,0,0,0,0,0,15,7,0,0,2,11,12,15,16,8,0,0,2,12,9,8,4,0,0,9
digit_03489,0,0,8,14,7,0,0,0,0,3,16,13,16,10,0,0,0,7,14,1,7,14,1,0,0,7,11,0,0,13,4,0,0,4,8,0,0,8,8,0,0,4,12,0,0,9,8,0,0,3,15,5,6,15,6,0,0,0,8,16,16,9,0,0,0
digit_03490,0,1,9,16,15,1,0,0,0,8,14,8,14,8,0,0,0,8,5,3,15,5,0,0,0,0,0,9,16,6,0,0,0,0,0,0,9,16,3,0,0,0,0,0,0,10,10,0,0,0,5,7,6,16,7,0,0,0,9,16,14,9,1,0,3
digit_03491,0,1,8,10,3,0,0,0,0,4,16,16,16,11,1,0,0,3,16,9,8,11,4,0,0,0,10,7,3,10,2,0,0,0,3,16,13,5,0,0,0,0,13,15,8,0,0,0,0,4,15,5,13,0,0,0,0,1,7,12,11,0,0,0,8
digit_03492,0,0,9,16,12,4,0,0,0,3,16,16,16,16,3,0,0,5,16,1,1,13,8,0,0,1,14,10,10,16,6,0,0,0,6,16,16,8,0,0,0,1,14,16,12,0,0,0,0,4,16,10,16,4,0,0,0,1,11,16,13,1,0,0,8
digit_03493,0,0,1,14,15,3,0,0,0,2,15,16,16,13,0,0,0,6,15,12,10,16,3,0,0,8,15,0,0,10,8,0,0,6,12,0,0,11,8,0,0,1,15,6,2,14,8,0,0,0,10,16,14,15,3,0,0,0,2,9,16,7,0,0,0
digit_03494,0,0,2,15,12,0,0,0,0,0,11,8,15,4,0,0,0,0,13,4,12,4,0,0,0,0,1,1,15,0,0,0,0,0,0,10,9,0,0,0,0,0,8,15,1,0,0,0,0,6,16,13,8,8,2,0,0,0,4,10,12,13,6,0,2
digit_03495,0,0,6,14,14,4,0,0,0,0,16,15,15,16,2,0,0,5,12,1,0,15,5,0,0,8,12,0,0,8,8,0,0,5,12,0,0,8,8,0,0,4,13,0,0,10,7,0,0,1,16,6,7,16,3,0,0,0,5,15,16,11,0,0,0
digit_03496,0,0,5,14,16,7,0,0,0,3,14,2,5,12,0,0,0,5,9,0,7,11,0,0,0,0,0,5,15,5,0,0,0,0,0,7,12,14,1,0,0,0,0,0,0,11,7,0,0,0,3,8,3,12,6,0,0,0,7,16,13,8,0,0,3
digit_03497,0,0,0,1,13,12,1,0,0,0,0,6,16,14,1,0,0,8,12,16,16,11,0,0,0,4,8,9,16,15,0,0,0,0,0,0,16,15,0,0,0,0,0,0,13,16,3,0,0,0,0,0,12,16,4,0,0,0,0,0,11,16,5,0,1
digit_03498,0,0,6,15,5,0,0,0,0,0,15,16,13,3,0,0,0,1,16,11,15,15,3,0,0,8,9,3,5,16,4,0,0,8,9,0,0,10,8,0,0,8,10,0,0,12,5,0,0,3,15,12,13,16,1,0,0,0,8,16,13,6,0,0,0
digit_03499,0,1,10,16,13,4,0,0,0,7,16,6,12,12,1,0,0,10,13,0,9,16,4,0,0,4,16,9,14,16,5,0,0,0,5,8,11,16,4,0,0,0,0,0,0,16,9,0,0,0,9,8,1,14,9,0,0,0,12,16,16,15,7,0,9
digit_03500,0,1,7,15,13,2,0,0,0,7,14,7,13,8,0,0,0,0,0,1,13,7,0,0,0,0,0,7,16,5,0,0,0,0,0,1,9,12,0,0,0,0,0,0,2,14,6,0,0,0,5,5,2,14,8,0,0,0,11,16,12,10,1,0,3
digit_03501,0,0,0,14,8,0,0,0,0,0,0,16,8,0,0,0,0,0,6,16,3,0,0,0,0,0,7,15,0,0,0,0,0,0,15,16,15,8,1,0,0,0,16,12,4,11,12,0,0,0,10,13,0,2,16,4,0,0,1,9,15,16,13,0,6
digit_03502,0,2,11,14,7,1,0,0,0,10,15,13,16,4,0,0,0,11,12,5,16,3,0,0,0,1,2,15,14,0,0,0,0,0,5,12,15,11,1,0,0,0,0,0,2,14,10,0,0,0,8,12,12,16,11,0,0,0,9,15,11,8,1,0,3
digit_03503,0,0,15,16,16,7,0,0,0,7,16,10,15,16,3,0,0,10,16,2,14,14,0,0,0,1,13,16,16,16,3,0,0,0,0,0,5,16,4,0,0,0,0,0,1,16,10,0,0,0,7,8,8,16,10,0,0,0,9,12,13,9,1,0,9
digit_03504,0,2,9,12,16,14,1,0,0,5,14,6,6,7,0,0,0,4,14,6,8,3,0,0,0,4,16,16,15,16,2,0,0,1,6,2,0,13,8,0,0,0,0,0,0,12,7,0,0,1,8,8,9,15,2,0,0,2,12,13,9,3,0,0,5
digit_03505,0,0,7,12,11,9,0,0,0,7,16,15,11,13,0,0,0,0,12,7,0,0,0,0,0,0,12,10,6,0,0,0,0,0,8,12,13,14,0,0,0,0,0,0,0,8,8,0,0,0,10,6,4,12,9,0,0,0,10,13,12,10,2,0,5
digit_03506,0,0,7,10,0,0,0,0,0,0,12,13,0,0,0,0,0,2,16,8,0,0,0,0,0,0,16,5,0,0,0,0,0,4,16,10,6,0,0,0,0,4,16,16,16,14,5,0,0,3,16,10,11,16,11,0,0,0,7,14,12,9,2,0,6
digit_03507,0,2,10,14,13,6,0,0,0,4,16,8,13,15,3,0,0,2,16,4,9,16,4,0,0,0,12,10,12,16,4,0,0,0,2,9,12,16,0,0,0,0,0,0,4,16,1,0,0,0,2,4,11,16,4,0,0,3,16,13,11,4,0,0,9
digit_03508,0,0,0,1,16,8,0,0,0,0,0,9,16,2,0,0,0,0,2,15,8,0,0,0,0,0,10,14,0,0,0,0,0,6,16,5,2,13,6,0,0,14,16,15,13,16,3,0,0,4,8,8,15,11,0,0,0,0,0,2,16,7,0,0,4
digit_03509,0,0,0,4,12,0,0,0,0,0,0,10,14,0,0,0,0,0,1,15,5,0,0,0,0,0,10,13,0,12,5,0,0,3,16,2,6,16,3,0,0,11,16,10,13,16,1,0,0,1,7,12,16,11,0,0,0,0,0,5,16,5,0,0,4
digit_03510,0,0,0,7,13,3,0,0,0,0,1,15,16,15,0,0,0,9,16,16,16,16,2,0,0,4,8,12,16,10,0,0,0,0,0,11,16,13,0,0,0,0,0,7,16,15,0,0,0,0,0,6,16,16,2,0,0,0,0,6,16,16,7,0,1
digit_03511,0,0,8,15,7,0,0,0,0,0,14,14,16,1,0,0,0,0,8,2,13,5,0,0,0,0,0,0,14,4,0,0,0,0,0,1,15,3,0,0,0,0,0,4,15,0,0,0,0,0,4,15,15,12,10,1,0,0,7,15,14,12,16,3,2
digit_03512,0,0,4,11,0,0,0,0,0,0,11,9,0,0,0,0,0,0,16,4,0,0,0,0,0,1,15,2,4,2,0,0,0,5,14,13,16,14,1,0,0,4,16,6,0,10,10,0,0,1,15,3,1,13,8,0,0,0,3,12,14,10,1,0,6
digit_03513,0,0,9,15,15,4,0,0,0,4,15,7,14,12,0,0,0,7,12,2,14,13,0,0,0,2,14,16,14,16,1,0,0,0,1,3,3,16,4,0,0,0,1,0,0,14,4,0,0,0,14,11,6,14,5,0,0,0,8,12,14,11,2,0,9
digit_03514,0,0,0,10,11,0,0,0,0,0,0,15,8,0,0,0,0,0,3,16,2,0,0,0,0,0,6,14,0,0,0,0,0,0,13,16,16,13,3,0,0,2,14,16,4,11,10,0,0,0,1,14,6,12,12,0,0,0,0,9,16,14,4,0,6
digit_03515,0,0,4,10,0,0,0,0,0,0,9,15,2,0,0,0,0,0,12,10,0,0,0,0,0,0,15,8,3,0,0,0,0,1,16,16,16,14,2,0,0,0,16,10,5,15,8,0,0,0,11,13,11,16,4,0,0,0,3,11,13,5,0,0,6
digit_03516,0,0,8,15,16,7,0,0,0,5,16,11,1,12,0,0,0,0,14,4,12,7,0,0,0,0,3,14,12,1,0,0,0,0,2,15,7,0,0,0,0,0,11,10,12,0,0,0,0,0,13,3,16,0,0,0,0,0,7,14,12,0,0,0,8
digit_03517,0,1,9,13,13,5,0,0,0,10,14,6,9,16,3,0,0,7,10,0,0,16,6,0,0,0,0,0,10,14,1,0,0,0,0,9,15,3,0,0,0,0,7,16,2,0,0,0,0,0,14,9,0,3,1,0,0,0,14,16,15,12,2,0,2
digit_03518,0,1,10,16,16,15,6,0,0,5,15,8,6,16,11,0,0,0,2,5,15,13,3,0,0,0,0,16,14,0,0,0,0,0,0,6,16,11,1,0,0,0,0,0,6,16,8,0,0,0,3,5,12,16,5,0,0,0,16,16,13,7,0,0,3
digit_03519,0,0,3,14,16,13,6,0,0,0,13,7,1,13,16,1,0,0,12,5,0,10,12,0,0,0,8,14,12,14,2,0,0,0,0,4,14,6,0,0,0,0,0,5,13,0,0,0,0,0,0,13,6,0,0,0,0,0,2,11,0,0,0,0,9
digit_03520,0,0,6,13,11,1,0,0,0,0,12,14,11,11,0,0,0,0,15,2,0,14,2,0,0,3,15,0,0,8,6,0,0,5,13,0,0,7,7,0,0,3,14,0,0,12,7,0,0,0,12,7,8,14,2,0,0,0,4,12,12,5,0,0,0
digit_03521,0,1,8,16,16,12,0,0,0,7,15,9,14,15,0,0,0,3,3,0,12,14,0,0,0,0,6,10,15,14,1,0,0,8,16,16,16,15,8,0,0,5,5,10,14,1,0,0,0,0,1,15,8,0,0,0,0,0,13,11,1,0,0,0,7
digit_03522,0,0,4,9,16,8,0,0,0,3,16,16,16,13,0,0,0,3,16,8,16,8,0,0,0,0,11,16,12,0,0,0,0,0,10,16,4,0,0,0,0,0,14,16,10,0,0,0,0,0,14,14,13,0,0,0,0,0,6,16,9,0,0,0,8
digit_03523,0,0,13,16,13,6,0,0,0,0,15,14,15,15,3,0,0,0,10,11,7,13,1,0,0,0,0,13,16,7,0,0,0,0,10,16,13,0,0,0,0,0,15,4,14,3,0,0,0,3,12,4,16,1,0,0,0,1,12,15,6,0,0,0,8
digit_03524,0,3,15,15,8,9,0,0,0,7,14,11,16,16,6,0,0,2,16,2,7,15,3,0,0,0,8,14,16,5,0,0,0,0,7,16,6,0,0,0,0,1,15,14,8,0,0,0,0,6,14,14,7,0,0,0,0,3,16,15,2,0,0,0,8
digit_03525,0,0,7,12,0,0,0,0,0,0,15,15,10,13,0,0,0,5,14,3,3,14,2,0,0,4,10,0,0,10,5,0,0,3,9,0,0,15,3,0,0,2,9,0,3,16,1,0,0,0,14,4,13,8,0,0,0,0,5,16,12,1,0,0,0
digit_03526,0,0,4,13,16,16,9,0,0,2,12,6,1,12,12,0,0,1,3,2,15,10,0,0,0,0,0,11,9,0,0,0,0,0,0,4,14,2,0,0,0,0,0,0,13,10,0,0,0,0,0,0,10,11,0,0,0,6,9,13,12,1,0,0,3
digit_03527,0,0,9,10,15,14,0,0,0,2,16,16,16,15,0,0,0,2,16,4,15,5,0,0,0,0,12,16,12,0,0,0,0,0,13,16,4,0,0,0,0,2,16,14,12,0,0,0,0,1,16,11,16,4,0,0,0,0,9,16,15,3,0,0,8
digit_03528,0,0,0,3,15,5,0,0,0,0,3,14,13,1,0,0,0,1,14,13,1,1,2,0,0,8,16,3,0,12,12,0,0,12,14,8,8,16,7,0,0,5,15,16,16,16,1,0,0,0,0,0,15,11,0,0,0,0,0,2,16,7,0,0,4
digit_03529,0,5,14,15,12,10,1,0,0,13,16,16,16,16,7,0,0,12,16,3,0,1,1,0,0,8,16,4,0,0,0,0,0,0,15,13,0,0,0,0,0,0,5,16,2,0,0,0,0,0,8,16,5,0,0,0,0,6,16,13,0,0,0,0,5
digit_03530,0,3,13,15,16,9,1,0,0,6,12,2,3,16,6,0,0,0,0,2,13,11,0,0,0,0,0,9,13,0,0,0,0,0,0,8,12,0,0,0,0,0,0,3,15,5,0,0,0,0,4,3,14,11,0,0,0,3,15,15,9,1,0,0,3
digit_03531,0,0,3,12,14,8,5,0,0,2,14,8,10,16,14,0,0,4,12,0,4,16,11,0,0,2,16,10,13,16,4,0,0,0,5,8,9,16,0,0,0,0,0,0,11,9,0,0,0,0,0,5,15,2,0,0,0,0,2,13,6,0,0,0,9
digit_03532,0,0,0,4,14,14,0,0,0,0,3,15,13,3,0,0,0,0,15,15,1,0,0,0,0,7,16,5,0,9,6,0,0,11,16,8,12,16,9,0,0,3,11,12,16,14,0,0,0,0,0,6,16,9,0,0,0,0,0,7,16,4,0,0,4
digit_03533,0,3,14,16,16,13,0,0,0,8,15,8,13,16,0,0,0,0,1,2,16,10,0,0,0,0,0,12,15,1,0,0,0,0,9,15,3,0,0,0,0,2,16,8,0,0,0,0,0,6,16,4,4,7,7,0,0,3,15,16,16,13,7,0,2
digit_03534,0,0,5,14,16,16,12,0,0,5,16,13,8,13,16,0,0,3,7,0,3,14,10,0,0,0,0,1,13,14,0,0,0,0,0,9,15,3,0,0,0,0,4,16,7,0,0,0,0,0,12,13,0,0,0,0,0,0,6,16,16,10,0,0,2
digit_03535,0,0,2,14,15,2,0,0,0,0,13,15,14,8,0,0,0,0,16,6,11,10,0,0,0,1,9,8,15,9,0,0,0,10,16,16,16,16,9,0,0,1,4,8,16,5,5,0,0,0,0,14,13,0,0,0,0,0,2,16,6,0,0,0,7
digit_03536,0,0,9,14,16,12,1,0,0,3,14,5,4,12,8,0,0,1,2,0,0,13,6,0,0,0,4,8,10,16,4,0,0,5,14,11,16,8,1,0,0,3,2,9,11,0,0,0,0,0,3,15,2,0,0,0,0,0,9,8,0,0,0,0,7
digit_03537,0,0,9,16,14,12,3,0,0,3,13,4,11,8,11,0,0,1,15,5,0,12,4,0,0,0,3,14,13,7,0,0,0,0,0,10,13,0,0,0,0,0,5,12,15,0,0,0,0,0,12,2,12,0,0,0,0,0,10,16,6,0,0,0,8
digit_03538,0,0,0,7,16,2,0,0,0,0,4,16,9,0,0,0,0,0,13,12,0,0,1,0,0,6,16,2,0,10,11,0,0,10,16,6,13,16,8,0,0,5,16,16,16,14,2,0,0,0,0,5,16,6,0,0,0,0,0,8,16,2,0,0,4
digit_03539,0,0,1,9,8,1,0,0,0,0,8,16,14,9,0,0,0,0,14,14,1,16,0,0,0,1,16,3,0,11,4,0,0,0,16,0,0,15,4,0,0,0,14,1,5,16,0,0,0,0,11,7,14,7,0,0,0,0,4,15,13,1,0,0,0
digit_03540,0,6,15,16,16,15,6,0,0,9,16,6,5,15,12,0,0,0,1,1,13,15,3,0,0,0,0,5,16,5,0,0,0,0,0,0,14,10,0,0,0,0,0,0,12,14,0,0,0,3,7,5,14,13,0,0,0,9,16,16,13,2,0,0,3
digit_03541,0,0,0,11,12,0,0,0,0,0,6,16,6,0,0,0,0,3,16,6,0,5,3,0,0,10,16,0,2,15,10,0,0,6,16,14,14,14,1,0,0,0,2,4,16,10,0,0,0,0,0,8,16,4,0,0,0,0,0,10,14,0,0,0,4
digit_03542,0,0,10,15,16,16,9,0,0,1,10,2,0,10,14,0,0,0,0,0,7,15,3,0,0,0,0,13,11,1,0,0,0,0,0,13,11,0,0,0,0,0,0,5,15,5,0,0,0,0,5,4,12,11,0,0,0,0,9,16,10,2,0,0,3
digit_03543,0,0,11,16,12,5,0,0,0,4,16,11,16,16,3,0,0,4,16,11,16,14,0,0,0,0,10,16,16,6,0,0,0,0,0,15,14,0,0,0,0,0,7,16,5,0,0,0,0,0,15,13,0,0,0,0,0,0,12,11,0,0,0,0,9
digit_03544,0,0,2,16,13,0,0,0,0,0,4,16,15,0,0,0,0,0,2,16,16,2,0,0,0,0,1,16,16,2,0,0,0,0,0,15,16,4,0,0,0,0,0,14,16,3,0,0,0,0,0,16,16,3,0,0,0,0,0,14,16,6,0,0,1
digit_03545,0,1,9,15,16,13,0,0,0,5,11,4,2,13,3,0,0,1,3,0,1,15,3,0,0,0,0,0,11,11,0,0,0,0,0,11,11,0,0,0,0,0,7,14,1,0,0,0,0,0,15,6,0,0,0,0,0,0,11,16,16,15,6,0,2
digit_03546,0,0,0,9,16,6,0,0,0,0,8,16,11,1,0,0,0,3,16,8,0,0,0,0,0,11,15,0,0,9,9,0,0,8,16,16,16,16,8,0,0,0,6,8,15,14,1,0,0,0,0,5,16,5,0,0,0,0,0,12,15,1,0,0,4
digit_03547,0,1,7,11,16,11,0,0,0,8,14,8,10,16,3,0,0,4,4,3,15,12,0,0,0,0,0,8,13,0,0,0,0,0,0,5,16,4,0,0,0,0,0,0,10,11,0,0,0,0,0,5,13,13,0,0,0,0,13,13,8,0,0,0,3
digit_03548,0,0,4,16,12,1,0,0,0,0,13,16,13,12,0,0,0,5,16,11,0,14,2,0,0,5,16,12,0,9,7,0,0,5,16,6,0,9,6,0,0,1,16,4,0,14,6,0,0,0,10,12,14,16,4,0,0,0,3,14,16,7,0,0,0
digit_03549,0,3,16,5,0,3,5,0,0,7,16,5,0,12,14,0,0,10,16,2,9,16,5,0,0,7,16,14,16,13,0,0,0,0,7,16,15,5,0,0,0,0,5,16,6,0,0,0,0,0,14,11,0,0,0,0,0,3,16,9,0,0,0,0,4
digit_03550,0,0,12,8,0,0,0,0,0,1,16,8,0,1,5,0,0,7,16,2,0,12,13,0,0,8,16,8,10,16,6,0,0,3,15,16,16,13,3,0,0,0,0,11,14,1,0,0,0,0,5,16,3,0,0,0,0,0,14,8,0,0,0,0,4
digit_03551,0,2,14,16,12,1,0,0,0,8,15,12,16,2,0,0,0,0,3,4,16,2,0,0,0,0,0,13,10,0,0,0,0,0,4,16,4,0,0,0,0,0,12,11,0,0,0,0,0,2,16,8,6,8,9,1,0,2,13,16,16,16,16,5,2
digit_03552,0,0,12,14,12,11,4,0,0,0,4,10,12,15,14,0,0,0,0,0,0,12,10,0,0,0,2,4,5,16,3,0,0,2,14,16,16,16,8,0,0,0,4,11,14,2,0,0,0,0,3,14,3,0,0,0,0,0,14,10,0,0,0,0,7
digit_03553,0,0,4,16,12,1,0,0,0,0,10,15,13,11,0,0,0,0,5,12,5,16,0,0,0,0,0,0,8,15,0,0,0,0,0,1,15,12,0,0,0,0,0,11,16,10,0,0,0,0,5,16,16,16,16,6,0,0,6,16,5,5,10,13,2
digit_03554,0,0,0,7,11,0,0,0,0,0,0,16,10,0,0,0,0,0,4,16,0,0,0,0,0,0,4,12,0,0,0,0,0,0,8,12,12,11,2,0,0,0,8,16,12,8,12,0,0,0,3,16,5,8,15,2,0,0,0,9,16,14,5,0,6
digit_03555,0,2,15,16,16,15,1,0,0,2,13,13,11,16,1,0,0,0,2,16,15,7,0,0,0,0,0,14,14,0,0,0,0,0,9,14,16,0,0,0,0,1,14,8,12,5,0,0,0,3,16,6,15,3,0,0,0,2,16,16,10,0,0,0,8
digit_03556,0,0,7,13,12,3,0,0,0,0,14,8,11,12,0,0,0,0,0,1,9,12,0,0,0,0,0,13,16,1,0,0,0,0,0,9,12,12,3,0,0,0,0,0,0,6,12,0,0,0,8,1,2,8,13,0,0,0,10,16,16,11,2,0,3
digit_03557,0,0,2,16,12,0,0,0,0,0,2,16,16,3,0,0,0,0,2,16,16,3,0,0,0,0,1,16,16,2,0,0,0,0,5,16,13,0,0,0,0,0,1,16,14,0,0,0,0,0,4,16,12,0,0,0,0,0,2,14,10,0,0,0,1
digit_03558,0,0,5,15,9,0,0,0,0,1,13,13,15,6,0,0,0,2,16,4,3,15,2,0,0,5,16,0,0,10,6,0,0,5,14,0,0,9,9,0,0,4,16,0,1,11,6,0,0,1,14,11,12,16,2,0,0,0,5,13,14,4,0,0,0
digit_03559,0,0,2,11,15,3,0,0,0,0,9,13,5,12,0,0,0,0,14,3,0,5,4,0,0,5,11,0,0,4,6,0,0,7,12,0,0,7,6,0,0,4,14,0,1,13,5,0,0,0,13,10,13,14,0,0,0,0,3,11,13,2,0,0,0
digit_03560,0,0,1,14,7,0,0,0,0,0,6,14,12,6,0,0,0,0,11,11,0,12,0,0,0,0,13,8,0,7,5,0,0,0,15,6,0,5,8,0,0,0,12,3,0,10,9,0,0,0,10,10,9,15,4,0,0,0,2,11,14,7,0,0,0
digit_03561,0,0,0,12,11,0,0,0,0,0,3,16,13,1,0,0,0,0,9,16,3,0,0,0,0,0,13,13,0,0,0,0,0,0,12,12,8,6,0,0,0,0,11,16,16,16,9,0,0,0,8,16,11,9,16,2,0,0,0,11,16,16,15,1,6
digit_03562,0,0,8,13,12,7,0,0,0,0,12,9,9,15,2,0,0,0,0,7,14,11,0,0,0,0,4,16,10,0,0,0,0,0,0,9,16,6,0,0,0,0,0,0,2,15,5,0,0,0,9,1,4,16,4,0,0,0,12,16,16,8,1,0,3
digit_03563,0,1,7,11,13,16,14,0,0,0,8,7,4,11,10,0,0,0,0,0,1,16,1,0,0,0,0,0,11,6,0,0,0,2,11,12,16,13,4,0,0,5,9,16,6,2,0,0,0,0,4,12,0,0,0,0,0,0,13,3,0,0,0,0,7
digit_03564,0,0,8,16,15,3,0,0,0,0,10,16,15,10,0,0,0,0,3,11,13,12,0,0,0,0,0,1,16,9,0,0,0,0,0,6,16,4,0,0,0,0,0,12,14,0,0,0,0,0,7,16,15,12,12,3,0,0,8,15,13,16,16,11,2
digit_03565,0,0,7,15,12,0,0,0,0,6,15,8,14,3,0,0,0,3,6,0,15,3,0,0,0,0,0,4,12,0,0,0,0,0,0,11,6,0,0,0,0,0,3,15,1,0,0,0,0,0,13,13,9,12,10,0,0,0,12,13,12,10,7,2,2
digit_03566,0,0,12,16,16,10,1,0,0,4,16,9,8,9,1,0,0,9,14,1,0,0,0,0,0,9,16,11,1,0,0,0,0,0,7,12,11,0,0,0,0,0,0,2,16,1,0,0,0,1,12,12,15,0,0,0,0,0,13,16,6,0,0,0,5
digit_03567,0,0,9,16,15,9,0,0,0,4,16,15,12,14,2,0,0,9,16,12,3,0,0,0,0,5,16,16,13,2,0,0,0,0,3,4,14,5,0,0,0,0,0,0,12,9,0,0,0,0,7,11,16,7,0,0,0,0,13,16,13,1,0,0,5
digit_03568,0,0,3,14,16,13,0,0,0,1,14,11,5,14,7,0,0,9,16,3,0,13,10,0,0,11,16,8,14,16,7,0,0,1,11,12,15,14,1,0,0,0,0,3,16,7,0,0,0,0,0,12,15,1,0,0,0,0,5,16,4,0,0,0,9
digit_03569,0,0,2,16,10,0,0,0,0,0,6,16,16,4,0,0,0,0,2,15,16,7,0,0,0,0,0,11,16,4,0,0,0,0,0,15,16,3,0,0,0,0,0,13,15,0,0,0,0,0,1,16,13,0,0,0,0,0,2,15,11,0,0,0,1
digit_03570,0,0,11,16,16,8,0,0,0,1,13,7,9,16,3,0,0,0,0,1,10,15,1,0,0,0,0,15,16,10,0,0,0,0,0,14,16,16,5,0,0,0,0,0,0,8,14,0,0,1,12,4,5,13,15,0,0,0,11,16,16,15,5,0,3
digit_03571,0,3,6,15,13,1,0,0,0,10,16,5,11,10,0,0,0,1,11,10,11,11,0,0,0,0,0,10,16,3,0,0,0,0,1,13,13,3,0,0,0,0,7,15,6,11,0,0,0,0,10,12,7,14,0,0,0,0,4,16,15,3,0,0,8
digit_03572,0,0,11,7,10,3,0,0,0,0,9,12,12,14,0,0,0,0,0,15,15,11,1,0,0,0,1,14,9,0,0,0,0,0,9,13,8,0,0,0,0,0,14,5,10,0,0,0,0,0,14,2,12,0,0,0,0,0,10,16,10,0,0,0,8
digit_03573,0,4,16,16,16,15,2,0,0,3,11,8,9,16,8,0,0,0,0,1,14,15,1,0,0,0,2,15,16,6,0,0,0,0,2,12,14,14,0,0,0,0,0,0,3,16,1,0,0,5,10,4,7,16,2,0,0,2,16,16,16,8,0,0,3
digit_03574,0,0,7,16,12,5,0,0,0,0,13,10,7,15,0,0,0,0,10,15,12,13,0,0,0,0,0,13,16,5,0,0,0,0,8,15,10,8,0,0,0,0,13,5,0,13,1,0,0,0,14,2,4,15,1,0,0,0,6,16,16,6,0,0,8
digit_03575,0,0,5,13,15,6,0,0,0,1,15,15,10,11,0,0,0,7,16,1,0,0,0,0,0,10,16,16,12,2,0,0,0,3,8,4,9,10,0,0,0,0,0,0,5,14,0,0,0,0,4,4,13,13,0,0,0,0,11,16,16,4,0,0,5
digit_03576,0,0,12,16,16,9,1,0,0,8,16,14,11,14,3,0,0,8,16,4,0,0,0,0,0,3,15,16,6,0,0,0,0,0,0,6,14,1,0,0,0,0,0,1,16,4,0,0,0,0,9,11,16,1,0,0,0,1,13,16,10,0,0,0,5
digit_03577,0,0,1,15,11,1,0,0,0,0,3,16,16,2,0,0,0,0,3,16,16,1,0,0,0,0,1,16,16,2,0,0,0,0,4,16,14,0,0,0,0,0,2,16,16,0,0,0,0,0,2,16,14,0,0,0,0,0,1,15,7,0,0,0,1
digit_03578,0,0,6,14,13,5,0,0,0,0,5,6,14,10,0,0,0,0,9,16,14,1,0,0,0,0,7,16,10,0,0,0,0,0,10,7,12,2,0,0,0,0,13,3,6,6,0,0,0,0,12,5,11,9,0,0,0,0,5,16,15,3,0,0,8
digit_03579,0,0,0,16,6,0,0,0,0,0,0,16,14,0,0,0,0,0,0,14,16,0,0,0,0,0,0,15,15,0,0,0,0,0,0,14,15,0,0,0,0,0,0,15,14,0,0,0,0,0,0,13,14,0,0,0,0,0,0,10,13,0,0,0,1
digit_03580,0,0,5,14,10,1,0,0,0,2,15,15,15,10,0,0,0,7,16,11,1,16,1,0,0,6,16,2,0,14,6,0,0,3,15,0,0,13,6,0,0,3,16,0,3,16,1,0,0,1,15,12,15,14,0,0,0,0,5,13,13,4,0,0,0
digit_03581,0,0,3,12,14,3,0,0,0,0,11,11,8,13,0,0,0,5,15,1,0,7,2,0,0,3,15,3,0,3,6,0,0,3,11,2,0,4,7,0,0,1,9,0,0,5,7,0,0,0,11,4,4,14,2,0,0,0,2,13,15,9,0,0,0
digit_03582,0,0,8,15,16,8,0,0,0,3,13,13,6,2,0,0,0,13,8,0,0,0,0,0,0,5,16,5,0,0,0,0,0,0,8,14,2,0,0,0,0,0,0,13,11,0,0,0,0,0,4,13,16,0,0,0,0,0,7,16,8,0,0,0,5
digit_03583,0,0,16,16,16,10,0,0,0,0,6,9,15,16,1,0,0,0,0,8,16,7,0,0,0,0,0,4,16,6,0,0,0,0,0,0,8,15,1,0,0,0,0,0,0,15,10,0,0,0,1,4,9,15,12,0,0,0,15,16,16,11,2,0,3
digit_03584,0,2,12,16,16,6,0,0,0,11,15,8,15,12,0,0,0,10,2,7,16,10,0,0,0,0,0,12,15,2,0,0,0,0,0,3,16,11,0,0,0,0,0,0,6,15,10,0,0,0,7,5,10,16,15,0,0,3,16,16,16,10,2,0,3
digit_03585,0,0,1,12,8,0,0,0,0,0,3,16,6,0,0,0,0,0,9,12,0,0,0,0,0,0,12,11,4,2,0,0,0,0,16,16,16,16,4,0,0,0,12,10,0,2,14,1,0,0,7,11,2,6,15,5,0,0,1,10,15,16,9,0,6
digit_03586,0,4,16,16,16,8,0,0,0,0,4,2,11,12,0,0,0,0,0,3,15,6,0,0,0,2,4,11,15,1,0,0,0,10,16,16,16,16,9,0,0,1,12,12,4,4,2,0,0,2,16,2,0,0,0,0,0,7,14,0,0,0,0,0,7
digit_03587,0,1,12,16,16,12,0,0,0,3,15,9,14,14,0,0,0,0,0,0,14,12,0,0,0,0,6,11,16,11,3,0,0,0,11,16,16,16,12,0,0,0,5,16,6,7,3,0,0,0,11,15,0,0,0,0,0,1,15,8,0,0,0,0,7
digit_03588,0,0,9,16,16,14,0,0,0,3,15,10,2,5,0,0,0,11,9,0,0,0,0,0,0,8,14,1,0,0,0,0,0,1,15,5,0,0,0,0,0,0,11,9,0,0,0,0,0,0,9,12,0,0,0,0,0,0,14,9,0,0,0,0,5
digit_03589,0,2,16,16,16,13,1,0,0,0,3,3,3,15,5,0,0,0,0,0,5,15,0,0,0,0,3,5,14,3,0,0,0,0,15,16,16,14,5,0,0,0,6,14,4,9,5,0,0,0,12,7,0,0,0,0,0,4,15,0,0,0,0,0,7
digit_03590,0,0,8,16,16,11,0,0,0,5,15,7,2,16,3,0,0,12,10,0,4,16,1,0,0,11,14,2,12,12,0,0,0,0,11,14,16,2,0,0,0,0,1,16,13,1,0,0,0,0,7,13,16,8,0,0,0,0,13,9,12,12,0,0,8
digit_03591,0,2,0,13,12,3,0,0,5,14,1,13,16,5,0,0,0,8,16,14,16,4,0,0,0,0,8,16,16,2,0,0,0,0,0,16,16,9,0,0,0,0,3,16,16,16,4,0,0,0,11,16,16,16,6,0,0,0,1,15,16,10,0,0,8
digit_03592,0,0,8,16,16,4,0,0,0,5,16,8,13,10,0,0,0,6,11,1,14,7,0,0,0,0,0,6,16,1,0,0,0,0,0,15,9,0,0,0,0,0,8,14,2,0,0,0,0,0,16,9,0,2,3,0,0,0,10,16,16,12,3,0,2
digit_03593,0,0,3,13,12,0,0,0,0,1,16,13,16,4,0,0,0,8,6,7,16,1,0,0,0,0,2,15,9,0,0,0,0,0,11,14,0,0,0,0,0,0,16,10,0,0,0,0,0,0,15,13,8,9,4,0,0,0,3,13,15,13,2,0,2
digit_03594,0,3,13,16,8,0,0,0,0,14,11,12,16,0,0,0,0,10,1,7,16,1,0,0,0,0,0,12,12,0,0,0,0,0,7,15,1,0,0,0,0,0,15,8,0,0,0,0,0,4,16,9,7,8,8,0,0,2,15,16,16,16,11,0,2
digit_03595,0,0,5,13,16,7,0,0,0,0,15,8,11,12,0,0,0,0,12,5,14,5,0,0,0,0,10,16,8,0,0,0,0,0,9,16,2,0,0,0,0,0,15,15,6,0,0,0,0,0,14,13,10,0,0,0,0,0,8,16,4,0,0,0,8
digit_03596,0,0,4,16,12,1,0,0,0,0,10,16,14,9,0,0,0,0,15,14,2,16,2,0,0,1,16,15,1,12,7,0,0,1,16,8,3,10,10,0,0,0,15,4,0,12,10,0,0,0,11,8,4,16,6,0,0,0,2,13,16,14,1,0,0
digit_03597,0,0,8,16,13,4,0,0,0,0,5,6,12,14,0,0,0,0,0,3,15,14,0,0,0,0,0,13,15,4,0,0,0,0,0,9,12,1,0,0,0,0,0,1,11,12,0,0,0,0,3,4,9,16,4,0,0,0,8,15,14,12,3,0,3
digit_03598,0,0,4,16,8,0,0,0,0,0,13,12,1,0,0,0,0,3,16,6,0,0,0,0,0,4,16,3,0,0,0,0,0,6,16,1,9,11,3,0,0,2,16,10,15,12,14,2,0,0,11,16,9,7,16,6,0,0,3,13,16,16,10,0,6
digit_03599,0,0,5,16,16,8,0,0,0,3,11,11,7,4,0,0,0,11,11,0,0,0,0,0,0,13,15,7,0,0,0,0,0,3,8,13,8,0,0,0,0,0,0,2,15,2,0,0,0,0,8,5,15,6,0,0,0,0,7,16,15,3,0,0,5
digit_03600,0,0,2,9,15,16,7,0,0,0,13,12,4,10,12,0,0,1,16,6,5,14,6,0,0,0,8,16,16,11,0,0,0,0,0,2,4,16,2,0,0,0,0,0,8,13,1,0,0,0,0,2,16,4,0,0,0,0,0,10,7,0,0,0,9
digit_03601,0,0,0,6,14,16,10,0,0,0,12,16,9,14,11,0,0,7,15,3,8,13,3,0,0,6,16,14,16,8,0,0,0,0,3,4,11,13,0,0,0,0,0,0,14,10,0,0,0,0,0,4,16,5,0,0,0,0,0,7,16,0,0,0,9
digit_03602,0,0,0,14,14,0,0,0,0,0,5,16,12,0,0,0,0,0,7,16,6,0,0,0,0,0,12,16,4,0,0,0,0,0,12,16,1,0,0,0,0,0,12,16,0,0,0,0,0,0,9,16,4,0,0,0,0,0,1,13,15,2,0,0,1
digit_03603,0,0,5,11,14,5,0,0,0,7,13,5,4,14,2,0,0,0,4,8,2,14,2,0,0,0,1,13,14,3,0,0,0,0,1,14,8,0,0,0,0,0,9,9,10,2,0,0,0,0,13,1,8,8,0,0,0,0,6,13,14,7,0,0,8
digit_03604,0,0,8,11,0,0,13,9,0,3,15,6,0,12,13,1,0,3,16,5,7,16,5,0,0,0,12,16,16,16,8,0,0,0,1,11,13,4,0,0,0,0,1,15,4,0,0,0,0,0,7,13,0,0,0,0,0,0,11,5,0,0,0,0,4
digit_03605,0,2,7,12,15,13,0,0,2,15,16,15,12,5,0,0,2,16,9,1,0,0,0,0,0,10,13,1,0,0,0,0,0,2,15,7,0,0,0,0,0,0,7,14,1,0,0,0,0,0,9,16,3,0,0,0,0,0,11,13,1,0,0,0,5
digit_03606,0,0,8,15,16,16,2,0,0,7,16,12,8,5,0,0,0,10,10,0,0,0,0,0,0,11,10,0,0,0,0,0,0,2,16,4,0,0,0,0,0,0,6,14,0,0,0,0,0,0,5,14,0,0,0,0,0,0,14,11,0,0,0,0,5
digit_03607,0,0,2,14,12,0,0,0,0,0,4,16,12,0,0,0,0,0,5,16,6,0,0,0,0,0,6,16,6,0,0,0,0,0,9,16,5,0,0,0,0,0,10,16,4,0,0,0,0,0,8,16,7,0,0,0,0,0,2,14,16,3,0,0,1
digit_03608,0,1,8,15,15,6,0,0,0,10,16,15,15,14,0,0,0,4,13,7,16,7,0,0,0,2,14,16,14,1,0,0,0,0,3,16,7,0,0,0,0,0,11,16,15,0,0,0,0,0,13,16,16,3,0,0,0,0,7,16,15,1,0,0,8
digit_03609,0,0,8,16,8,0,0,0,0,9,16,13,16,5,0,0,0,7,3,6,16,4,0,0,0,0,0,15,13,0,0,0,0,0,9,16,2,0,0,0,0,0,14,9,0,0,0,0,0,0,16,11,4,6,8,0,0,0,7,16,16,11,7,0,2
digit_03610,0,0,3,10,15,8,0,0,0,3,15,9,8,12,0,0,0,8,8,0,5,11,0,0,0,2,6,0,10,7,0,0,0,0,0,5,14,1,0,0,0,0,0,14,5,0,0,0,0,0,4,16,4,5,11,0,0,0,1,14,15,11,2,0,2
digit_03611,0,0,6,12,14,5,0,0,0,4,16,11,8,15,6,0,0,4,16,7,2,12,6,0,0,0,13,15,15,13,2,0,0,0,1,16,16,6,0,0,0,0,8,15,14,15,1,0,0,3,16,10,10,16,1,0,0,1,12,16,14,5,0,0,8
digit_03612,0,0,1,12,16,16,11,0,0,0,5,15,8,8,5,0,0,2,15,15,12,7,0,0,0,11,16,16,16,16,4,0,0,3,5,2,1,13,9,0,0,0,0,0,0,11,9,0,0,0,2,10,9,16,4,0,0,0,2,16,16,8,0,0,5
digit_03613,0,0,0,0,6,16,4,0,0,0,0,0,9,16,8,0,0,0,1,5,16,16,8,0,0,8,16,16,16,16,6,0,0,5,12,12,12,16,4,0,0,0,0,0,9,16,5,0,0,0,0,0,8,16,4,0,0,0,0,0,5,16,2,0,1
digit_03614,0,0,5,12,15,15,1,0,0,6,16,13,14,16,0,0,0,1,4,0,8,14,0,0,0,0,0,7,15,11,4,0,0,0,7,16,16,16,11,0,0,0,6,15,13,4,0,0,0,0,0,16,9,0,0,0,0,0,5,16,5,0,0,0,7
digit_03615,0,1,9,15,16,7,0,0,0,6,14,7,14,8,0,0,0,3,2,0,14,6,0,0,0,0,1,16,16,4,0,0,0,0,0,8,15,16,4,0,0,0,0,0,0,13,8,0,0,0,6,8,11,16,4,0,0,0,15,12,10,3,0,0,3
digit_03616,0,0,0,0,14,12,1,0,0,0,0,0,16,16,2,0,0,0,0,1,15,16,2,0,0,1,8,11,16,11,0,0,0,10,16,16,16,8,0,0,0,1,8,9,16,8,0,0,0,0,0,1,16,14,0,0,0,0,0,0,12,16,2,0,1
digit_03617,0,0,0,0,5,13,3,0,0,0,0,1,11,16,4,0,0,2,8,14,16,16,5,0,0,2,7,4,12,16,3,0,0,0,0,0,8,16,4,0,0,0,0,0,8,16,5,0,0,0,0,0,8,16,8,0,0,0,0,0,8,16,6,0,1
digit_03618,0,0,6,11,4,0,0,0,0,0,14,12,14,1,0,0,0,0,7,0,16,6,0,0,0,0,0,0,11,9,0,0,0,0,0,0,13,3,0,0,0,0,0,3,14,2,0,0,0,0,9,16,12,8,7,0,0,0,11,16,16,15,12,0,2
digit_03619,0,0,1,15,4,0,0,0,0,4,7,9,16,4,0,0,0,8,7,0,4,15,0,0,0,6,6,0,0,11,6,0,0,5,9,0,0,3,9,0,0,0,15,0,0,5,9,0,0,0,11,11,5,15,5,0,0,0,3,13,16,11,0,0,0
digit_03620,0,0,0,0,7,15,0,0,0,0,0,0,10,16,1,0,0,0,2,11,16,16,0,0,0,7,16,14,11,16,3,0,0,1,2,0,8,16,3,0,0,0,0,0,4,16,4,0,0,0,0,0,4,16,3,0,0,0,0,0,6,15,2,0,1
digit_03621,0,0,0,4,16,4,0,0,0,0,0,9,16,3,0,0,0,0,4,16,8,4,11,0,0,1,12,14,2,13,14,0,0,11,16,13,13,16,7,0,0,9,16,16,16,13,3,0,0,0,0,6,16,6,0,0,0,0,0,6,16,4,0,0,4
digit_03622,0,0,0,0,12,15,2,0,0,0,0,1,15,16,0,0,0,0,3,12,16,16,0,0,0,6,16,16,16,15,0,0,0,6,11,6,16,12,0,0,0,0,0,0,16,12,0,0,0,0,0,0,15,13,0,0,0,0,0,0,9,16,3,0,1
digit_03623,0,0,8,16,15,5,0,0,0,3,16,13,16,6,0,0,0,1,5,3,16,8,0,0,0,0,1,6,16,5,0,0,0,2,15,16,16,16,6,0,0,5,12,16,15,12,3,0,0,0,1,16,6,0,0,0,0,0,10,15,0,0,0,0,7
digit_03624,0,0,1,10,16,8,0,0,0,0,13,11,10,15,2,0,0,5,16,0,6,16,4,0,0,3,16,16,14,16,4,0,0,0,0,0,0,13,6,0,0,0,0,0,0,12,8,0,0,0,2,13,5,13,7,0,0,0,1,14,13,9,1,0,9
digit_03625,0,0,9,16,12,1,0,0,0,7,16,13,16,9,0,0,0,9,6,0,12,12,0,0,0,0,0,0,11,10,0,0,0,0,0,2,15,6,0,0,0,0,0,11,12,0,0,0,0,0,12,16,13,9,2,0,0,0,11,16,16,16,11,0,2
digit_03626,0,0,6,16,15,10,1,0,0,1,14,8,8,11,2,0,0,5,12,11,12,6,0,0,0,7,16,14,12,15,3,0,0,1,2,0,0,10,8,0,0,0,1,0,0,9,6,0,0,0,14,4,5,14,1,0,0,0,8,16,13,3,0,0,5
digit_03627,0,0,0,14,3,0,0,0,0,0,5,15,2,0,0,0,0,0,10,11,0,0,0,0,0,0,13,6,0,0,0,0,0,0,14,16,16,11,3,0,0,0,13,7,2,7,15,0,0,0,8,13,1,5,16,1,0,0,1,11,16,15,7,0,6
digit_03628,0,0,2,15,1,0,0,0,0,0,10,10,0,0,0,0,0,1,14,3,0,0,0,0,0,7,13,0,0,0,0,0,0,7,15,16,12,6,1,0,0,4,16,11,8,13,9,0,0,1,15,10,4,10,14,0,0,0,4,12,16,12,5,0,6
digit_03629,0,2,14,16,9,0,0,0,0,6,16,14,14,2,0,0,0,5,12,4,16,1,0,0,0,0,1,3,16,1,0,0,0,0,0,8,12,0,0,0,0,0,1,13,9,0,0,0,0,1,15,16,16,13,8,1,0,2,16,16,16,16,16,3,2
digit_03630,0,0,5,16,16,5,0,0,0,5,16,11,7,1,0,0,0,11,16,14,5,0,0,0,0,4,8,11,16,13,1,0,0,0,0,0,4,16,7,0,0,0,2,0,0,9,11,0,0,0,8,11,8,15,7,0,0,0,3,12,16,9,0,0,5
digit_03631,0,0,9,14,11,9,0,0,0,1,16,11,9,15,0,0,0,4,16,3,6,14,7,0,0,1,14,16,16,10,1,0,0,0,10,16,12,0,0,0,0,1,14,10,16,7,0,0,0,2,16,4,11,15,0,0,0,0,10,14,15,11,0,0,8
digit_03632,0,0,5,14,10,0,0,0,0,1,16,11,11,11,0,0,0,4,15,3,1,13,4,0,0,5,9,0,0,6,8,0,0,6,8,0,0,4,8,0,0,4,14,0,0,7,6,0,0,1,16,11,10,15,2,0,0,0,5,12,13,6,0,0,0
digit_03633,0,0,11,16,15,10,0,0,0,0,10,16,8,7,0,0,0,2,16,3,0,0,0,0,0,6,16,16,15,7,0,0,0,1,8,8,9,15,6,0,0,0,0,0,0,10,8,0,0,0,2,7,12,16,4,0,0,0,11,13,11,2,0,0,5
digit_03634,0,0,5,16,8,1,0,0,0,4,13,14,15,6,0,0,0,8,13,0,8,16,1,0,0,8,12,0,0,12,8,0,0,8,12,0,0,12,8,0,0,5,15,2,0,13,9,0,0,0,15,11,12,15,4,0,0,0,6,16,14,5,0,0,0
digit_03635,0,2,14,14,1,0,0,0,0,9,13,13,6,0,0,0,0,9,5,3,10,0,0,0,0,0,1,3,9,0,0,0,0,0,0,8,4,0,0,0,0,0,2,15,4,2,0,0,0,1,13,16,16,16,9,0,0,0,13,8,8,7,2,0,2
digit_03636,0,1,8,16,16,15,3,0,0,4,15,9,6,4,0,0,0,7,15,12,8,1,0,0,0,8,15,12,14,15,1,0,0,1,2,0,1,14,8,0,0,0,0,0,0,12,8,0,0,0,12,6,7,15,3,0,0,0,10,16,11,3,0,0,5
digit_03637,0,0,3,14,16,14,0,0,0,0,15,11,14,16,0,0,0,5,10,0,13,10,0,0,0,0,3,8,16,10,1,0,0,0,13,16,16,16,10,0,0,0,4,14,9,5,1,0,0,0,2,16,4,0,0,0,0,0,3,15,0,0,0,0,7
digit_03638,0,2,10,13,7,0,0,0,0,8,12,9,16,3,0,0,0,1,0,0,16,5,0,0,0,0,0,6,16,2,0,0,0,0,0,4,14,13,0,0,0,0,0,0,3,16,7,0,0,0,3,5,10,16,5,0,0,3,16,14,12,5,0,0,3
digit_03639,0,0,4,12,9,0,0,0,0,4,13,7,15,4,0,0,0,7,11,0,8,10,0,0,0,2,16,16,16,7,0,0,0,0,6,16,16,15,2,0,0,0,8,11,1,6,8,0,0,0,8,12,8,13,6,0,0,0,4,16,13,8,0,0,8
digit_03640,0,2,10,16,14,5,0,0,0,6,13,8,15,12,0,0,0,0,0,1,13,10,0,0,0,0,7,15,16,8,0,0,0,0,6,12,13,16,5,0,0,0,0,0,0,14,8,0,0,0,11,14,16,15,3,0,0,1,13,10,8,2,0,0,3
digit_03641,0,0,11,15,4,0,0,0,0,6,16,16,16,1,0,0,0,1,6,2,15,7,0,0,0,0,0,0,14,8,0,0,0,0,0,4,16,6,0,0,0,0,0,11,16,2,0,0,0,0,12,16,15,12,13,4,0,0,12,16,16,16,15,6,2
digit_03642,0,0,0,0,12,10,0,0,0,0,0,5,16,2,0,0,0,0,2,15,8,3,10,0,0,1,12,11,1,6,14,0,0,11,16,16,16,15,10,0,0,5,8,8,10,16,3,0,0,0,0,0,11,11,0,0,0,0,0,0,13,6,0,0,4
digit_03643,0,1,9,13,7,0,0,0,0,7,12,6,15,6,0,0,0,0,1,4,13,10,0,0,0,0,4,16,16,13,0,0,0,0,0,0,2,13,6,0,0,0,0,0,0,10,8,0,0,0,9,7,9,15,1,0,0,0,13,15,9,1,0,0,3
digit_03644,0,2,14,16,7,0,0,0,0,2,11,11,16,4,0,0,0,0,0,0,13,8,0,0,0,0,4,9,15,7,0,0,0,0,7,16,16,12,1,0,0,0,0,0,3,16,8,0,0,1,6,11,15,16,7,0,0,2,13,14,11,5,0,0,3
digit_03645,0,0,3,12,15,2,0,0,0,0,14,10,0,0,0,0,0,4,14,0,0,0,0,0,0,6,10,0,0,0,0,0,0,8,9,8,10,7,1,0,0,4,16,14,6,8,10,0,0,2,15,9,5,11,11,0,0,0,3,13,16,11,1,0,6
digit_03646,0,0,1,10,15,4,0,0,0,4,13,12,8,13,0,0,0,10,14,0,1,14,0,0,0,8,15,8,14,14,0,0,0,1,14,16,16,15,1,0,0,0,11,10,0,10,9,0,0,0,4,14,5,10,12,0,0,0,1,13,16,13,6,0,8
digit_03647,0,2,8,9,13,16,7,0,0,4,16,10,5,5,2,0,0,4,16,0,0,0,0,0,0,4,16,16,11,3,0,0,0,1,6,8,13,13,0,0,0,0,0,0,7,16,0,0,0,3,11,12,16,6,0,0,0,3,15,14,4,0,0,0,5
digit_03648,0,0,7,13,16,7,0,0,0,4,16,7,4,14,6,0,0,2,15,7,4,13,12,0,0,0,12,16,14,14,8,0,0,0,0,0,0,8,8,0,0,0,0,0,1,13,4,0,0,0,0,4,14,11,0,0,0,1,12,12,6,0,0,0,9
digit_03649,0,0,4,13,15,2,0,0,0,1,13,3,7,10,0,0,0,6,8,0,0,12,0,0,0,4,10,3,11,11,0,0,0,0,14,16,15,15,1,0,0,0,8,16,1,5,8,0,0,0,8,10,5,13,7,0,0,0,4,15,11,6,0,0,8
digit_03650,0,0,10,14,4,0,0,0,0,4,16,12,16,2,0,0,0,0,7,0,8,8,0,0,0,0,0,0,8,8,0,0,0,0,0,0,14,5,0,0,0,0,0,7,13,1,0,0,0,0,6,16,14,12,9,0,0,0,14,14,12,12,15,1,2
digit_03651,0,1,9,16,13,7,0,0,0,7,13,4,5,16,3,0,0,7,13,4,7,16,7,0,0,1,14,14,12,11,6,0,0,0,0,0,0,12,3,0,0,0,0,0,5,13,0,0,0,0,7,7,15,4,0,0,0,0,11,13,5,0,0,0,9
digit_03652,0,0,5,12,10,2,0,0,0,0,12,16,16,5,0,0,0,0,16,16,16,3,0,0,0,0,13,16,16,3,0,0,0,3,16,16,16,3,0,0,0,0,16,16,16,5,0,0,0,0,14,16,16,12,1,0,0,0,3,8,10,8,2,0,1
digit_03653,0,5,16,14,2,0,0,0,0,7,16,16,10,0,0,0,0,0,0,12,10,0,0,0,0,0,0,15,7,0,0,0,0,0,5,16,2,0,0,0,0,1,12,11,0,0,0,0,0,6,16,16,16,12,3,0,0,5,16,16,16,15,5,0,2
digit_03654,0,0,9,13,16,15,0,0,0,1,12,12,14,13,0,0,0,0,0,1,14,9,0,0,0,0,5,10,16,13,3,0,0,0,16,16,16,12,7,0,0,0,4,16,7,0,0,0,0,0,5,16,0,0,0,0,0,0,11,12,0,0,0,0,7
digit_03655,0,0,3,12,6,0,0,0,0,0,11,11,1,0,0,0,0,1,13,1,0,0,0,0,0,3,12,0,4,3,0,0,0,6,10,13,16,15,2,0,0,4,16,12,1,2,10,0,0,0,14,4,7,13,7,0,0,0,3,16,14,8,0,0,6
digit_03656,0,1,14,16,5,0,0,0,0,2,13,13,16,4,0,0,0,0,4,13,16,3,0,0,0,0,9,16,16,13,0,0,0,0,4,8,8,16,8,0,0,0,0,1,5,14,11,0,0,1,13,16,16,15,3,0,0,0,15,11,5,1,0,0,3
digit_03657,0,0,3,11,11,6,0,0,0,3,14,16,16,12,0,0,0,0,7,16,16,12,0,0,0,0,13,16,16,12,0,0,0,0,13,16,16,14,0,0,0,2,15,16,16,13,0,0,0,0,12,16,16,12,0,0,0,0,3,11,11,7,0,0,1
digit_03658,0,0,2,13,16,6,0,0,0,0,11,10,1,0,0,0,0,0,14,1,0,0,0,0,0,1,15,0,0,0,0,0,0,1,14,6,8,2,0,0,0,0,15,13,8,11,1,0,0,0,9,12,0,9,7,0,0,0,0,13,16,15,6,0,6
digit_03659,0,0,0,1,13,10,0,0,0,0,0,10,15,3,0,0,0,0,7,16,6,1,14,1,0,3,16,8,0,9,15,0,0,14,16,16,12,16,10,0,0,6,13,16,16,16,6,0,0,0,0,0,14,12,0,0,0,0,0,2,15,3,0,0,4
digit_03660,0,0,3,11,14,16,14,0,0,0,13,15,12,15,13,0,0,0,3,0,1,16,5,0,0,0,0,4,16,16,10,0,0,0,0,7,16,16,7,0,0,0,0,6,15,2,0,0,0,0,0,15,9,0,0,0,0,0,3,15,2,0,0,0,7
digit_03661,0,0,3,8,12,12,16,11,0,0,14,16,16,15,16,9,0,0,6,3,0,9,15,0,0,0,0,9,14,16,12,0,0,0,1,16,16,12,3,0,0,0,0,3,16,4,0,0,0,0,0,13,13,0,0,0,0,0,2,15,5,0,0,0,7
digit_03662,0,0,5,12,12,14,5,0,0,0,13,13,11,8,4,0,0,5,16,1,0,0,0,0,0,8,16,16,12,2,0,0,0,1,7,8,15,15,0,0,0,0,0,0,1,16,1,0,0,0,5,9,11,15,0,0,0,0,5,14,11,3,0,0,5
digit_03663,0,0,0,2,16,4,0,0,0,0,1,15,14,1,3,0,0,0,11,16,3,4,16,0,0,9,16,8,4,13,12,0,0,3,15,16,16,16,11,0,0,0,1,8,14,14,4,0,0,0,0,0,16,8,0,0,0,0,0,2,16,6,0,0,4
digit_03664,0,1,9,15,9,0,0,0,0,4,13,7,15,4,0,0,0,0,0,2,15,3,0,0,0,0,12,16,16,11,1,0,0,0,5,5,5,13,8,0,0,0,0,0,1,12,6,0,0,0,9,8,14,12,1,0,0,0,15,12,6,0,0,0,3
digit_03665,0,0,4,12,15,8,0,0,0,3,16,6,4,15,2,0,0,2,15,1,2,12,6,0,0,0,13,16,16,15,1,0,0,2,15,12,10,14,7,0,0,6,15,1,0,5,9,0,0,0,15,8,4,10,8,0,0,0,2,15,15,11,1,0,8
digit_03666,0,0,0,9,12,5,0,0,0,0,15,16,16,9,0,0,0,0,13,16,16,15,0,0,0,0,13,16,16,12,0,0,0,0,11,16,16,13,0,0,0,0,7,16,16,11,1,0,0,0,7,16,16,8,0,0,0,0,0,10,12,5,0,0,1
digit_03667,0,0,6,14,13,2,0,0,0,10,16,9,16,12,0,0,0,5,16,16,16,16,3,0,0,0,5,9,5,8,8,0,0,0,0,0,0,8,8,0,0,0,0,0,1,12,8,0,0,0,5,16,16,15,3,0,0,0,4,15,9,2,0,0,9
digit_03668,0,0,13,16,10,1,0,0,0,8,15,8,16,6,0,0,0,11,13,0,11,12,0,0,0,5,7,0,10,12,0,0,0,0,0,0,12,10,0,0,0,0,0,3,16,5,0,0,0,0,7,15,15,12,12,2,0,1,12,16,13,11,11,1,2
digit_03669,0,0,7,16,14,8,0,0,0,0,5,14,13,12,0,0,0,0,8,16,16,10,0,0,0,0,9,16,16,6,0,0,0,0,11,16,16,5,0,0,0,2,14,16,16,4,0,0,0,1,16,16,16,3,0,0,0,0,7,14,16,10,1,0,1
digit_03670,0,0,4,15,12,2,0,0,0,0,12,11,10,14,0,0,0,6,11,0,0,15,4,0,0,4,14,0,0,8,8,0,0,6,12,0,0,9,8,0,0,1,15,3,0,10,10,0,0,0,12,13,12,16,3,0,0,0,4,13,15,6,0,0,0
digit_03671,0,0,5,16,16,16,4,0,0,0,12,15,9,5,1,0,0,12,16,14,7,0,0,0,0,9,16,16,16,15,0,0,0,0,0,0,2,16,4,0,0,0,6,5,0,14,7,0,0,0,12,10,9,16,2,0,0,0,5,16,16,7,0,0,5
digit_03672,0,1,8,10,3,0,0,0,0,2,15,16,16,12,0,0,0,1,14,16,16,12,0,0,0,4,16,16,16,8,0,0,0,4,16,16,16,6,0,0,0,4,16,16,15,3,0,0,0,4,16,16,13,2,0,0,0,1,7,10,8,2,0,0,1
digit_03673,0,0,4,13,11,1,0,0,0,9,15,10,12,8,0,0,0,8,10,0,6,9,0,0,0,0,0,1,16,3,0,0,0,0,0,14,16,13,3,0,0,0,6,2,4,8,12,0,0,1,15,4,5,12,12,0,0,0,7,13,16,13,1,0,3
digit_03674,0,0,8,15,14,1,0,0,0,1,15,15,14,11,0,0,0,7,16,3,1,16,3,0,0,8,16,0,0,13,7,0,0,5,16,0,0,13,8,0,0,2,16,3,1,16,4,0,0,0,16,14,16,12,0,0,0,0,9,16,10,1,0,0,0
digit_03675,0,0,0,13,6,2,0,0,0,0,2,16,8,16,3,0,0,1,14,13,12,16,0,0,0,9,16,16,16,16,10,0,0,3,12,14,16,13,6,0,0,0,0,8,16,1,0,0,0,0,0,11,10,0,0,0,0,0,0,13,7,0,0,0,4
digit_03676,0,0,9,12,12,1,0,0,0,6,14,5,9,11,3,0,0,7,12,9,15,9,1,0,0,1,16,14,2,0,0,0,0,0,14,12,14,2,0,0,0,2,12,0,9,13,0,0,0,0,15,1,6,14,0,0,0,0,6,14,15,3,0,0,8
digit_03677,0,0,4,16,7,2,0,0,0,0,8,16,16,4,0,0,0,0,11,16,16,3,0,0,0,0,9,16,16,0,0,0,0,0,11,16,16,2,0,0,0,0,9,16,15,0,0,0,0,0,9,16,15,0,0,0,0,0,6,12,3,0,0,0,1
digit_03678,0,0,4,16,10,1,0,0,0,0,11,10,11,12,0,0,0,6,16,0,1,12,3,0,0,6,14,1,0,5,7,0,0,8,8,0,0,5,8,0,0,4,13,0,1,12,9,0,0,0,14,10,14,16,2,0,0,0,4,15,12,3,0,0,0
digit_03679,0,0,0,5,12,15,12,0,0,0,8,11,3,4,14,1,0,2,15,2,4,16,13,0,0,1,15,12,12,12,10,0,0,0,1,2,0,13,7,0,0,0,0,0,2,14,1,0,0,0,0,0,12,7,0,0,0,0,0,8,11,0,0,0,9
digit_03680,0,0,1,12,12,1,0,0,0,0,10,13,12,9,0,0,0,2,16,6,1,13,3,0,0,6,16,2,0,12,8,0,0,2,16,1,0,8,8,0,0,0,14,5,0,9,9,0,0,0,5,15,4,14,6,0,0,0,0,14,15,7,0,0,0
digit_03681,0,3,12,12,15,16,16,2,0,2,14,13,12,16,11,0,0,0,0,0,11,15,2,0,0,0,0,11,16,3,0,0,0,0,1,16,12,0,0,0,0,0,8,16,2,0,0,0,0,0,14,12,0,0,0,0,0,3,16,9,0,0,0,0,7
digit_03682,0,0,0,3,13,16,5,0,0,0,3,15,7,13,13,0,0,1,13,6,14,16,11,0,0,1,16,14,10,11,10,0,0,0,0,0,0,14,6,0,0,0,0,0,2,15,2,0,0,0,0,0,10,8,0,0,0,0,0,4,13,0,0,0,9
digit_03683,0,0,0,2,15,10,0,0,0,0,0,10,16,16,0,0,0,0,4,16,16,3,0,0,0,4,15,16,16,1,0,0,0,4,12,16,16,0,0,0,0,0,0,12,16,4,0,0,0,0,0,9,16,4,0,0,0,0,0,4,15,4,0,0,1
digit_03684,0,0,2,15,15,11,3,0,0,2,15,6,4,4,3,0,0,5,16,15,7,0,0,0,0,1,4,6,13,13,0,0,0,0,0,0,0,14,4,0,0,0,3,3,0,11,3,0,0,0,7,7,10,12,0,0,0,0,3,14,9,1,0,0,5
digit_03685,0,0,7,13,15,6,0,0,0,1,16,6,10,8,8,0,0,4,16,3,4,11,8,0,0,0,11,11,13,9,0,0,0,0,2,15,16,3,0,0,0,0,9,9,7,15,2,0,0,0,12,7,0,15,4,0,0,0,4,15,16,13,1,0,8
digit_03686,0,0,1,14,6,9,5,0,0,0,11,12,3,16,7,0,0,5,16,2,12,11,3,0,0,10,16,8,16,16,14,0,0,7,16,16,14,11,3,0,0,0,3,13,8,0,0,0,0,0,0,15,5,0,0,0,0,0,2,16,2,0,0,0,4
digit_03687,0,0,8,16,16,16,9,0,0,5,15,9,5,14,16,2,0,0,0,0,3,16,9,0,0,0,0,0,14,11,1,0,0,0,0,7,16,5,0,0,0,0,3,16,8,0,0,0,0,0,9,16,3,0,0,0,0,0,12,16,1,0,0,0,7
digit_03688,0,0,5,14,8,0,0,0,0,0,15,11,15,0,0,0,0,0,5,2,11,3,0,0,0,0,0,9,16,5,0,0,0,0,1,12,12,15,5,0,0,0,0,0,0,5,12,0,0,0,6,4,7,12,10,0,0,0,9,15,12,9,1,0,3
digit_03689,0,0,6,16,9,1,0,0,0,3,15,8,13,3,0,0,0,8,8,0,11,4,0,0,0,1,0,7,16,6,0,0,0,0,2,16,14,16,5,0,0,0,0,5,0,11,8,0,0,0,4,6,9,15,2,0,0,0,4,15,11,3,0,0,3
digit_03690,0,0,4,12,14,2,0,0,0,4,15,7,11,14,5,0,0,7,12,0,3,15,4,0,0,2,14,12,14,6,0,0,0,0,3,16,16,2,0,0,0,0,6,12,10,11,0,0,0,0,7,12,9,11,0,0,0,0,2,12,10,1,0,0,8
digit_03691,0,2,4,7,13,15,2,0,0,14,16,16,15,16,5,0,0,1,4,0,14,14,0,0,0,0,0,0,16,12,0,0,0,0,0,3,16,7,0,0,0,0,0,5,16,7,0,0,0,0,0,5,16,6,0,0,0,0,0,7,16,9,0,0,7
digit_03692,0,0,2,10,15,5,0,0,0,0,10,15,5,1,0,0,0,1,16,2,0,0,0,0,0,4,14,0,0,0,0,0,0,5,12,2,7,9,2,0,0,1,16,15,13,12,12,0,0,0,15,11,7,15,6,0,0,0,4,13,15,7,0,0,6
digit_03693,0,0,12,14,1,0,0,0,0,8,16,12,6,0,0,0,0,8,7,7,8,0,0,0,0,0,0,9,7,0,0,0,0,0,0,11,5,0,0,0,0,0,0,14,1,0,0,0,0,0,9,13,4,7,4,0,0,0,15,16,16,16,13,0,2
digit_03694,0,0,2,12,15,5,0,0,0,0,13,5,5,10,4,0,0,0,14,1,3,15,7,0,0,0,12,10,10,7,0,0,0,0,1,15,11,0,0,0,0,0,4,14,14,0,0,0,0,0,6,10,12,1,0,0,0,0,1,15,11,0,0,0,8
digit_03695,0,0,3,14,11,0,0,0,0,3,14,9,14,0,0,0,0,8,11,0,4,11,7,0,0,3,15,13,14,11,1,0,0,0,0,14,16,12,1,0,0,0,7,14,2,14,8,0,0,0,8,10,5,14,5,0,0,0,4,15,13,6,0,0,8
digit_03696,0,0,5,13,8,3,5,0,0,2,16,11,3,2,3,0,0,7,13,4,4,0,0,0,0,5,16,12,14,11,0,0,0,0,0,0,2,14,2,0,0,0,0,0,0,13,3,0,0,0,10,4,6,13,0,0,0,0,6,14,13,3,0,0,5
digit_03697,0,0,10,16,12,1,0,0,0,9,16,12,16,7,0,0,0,4,7,1,16,4,0,0,0,0,0,14,16,8,0,0,0,0,0,10,14,16,4,0,0,5,7,0,0,14,9,0,0,3,15,5,6,15,7,0,0,0,8,16,16,8,0,0,3
digit_03698,0,0,0,12,14,1,0,0,0,0,7,16,6,0,0,0,0,1,14,8,0,0,0,0,0,3,16,10,8,2,0,0,0,2,16,16,16,15,4,0,0,1,14,16,6,8,15,0,0,0,5,16,16,13,16,1,0,0,0,9,16,15,7,0,6
digit_03699,0,1,13,16,15,1,0,0,0,10,15,7,16,4,0,0,0,11,15,7,16,4,0,0,0,1,11,12,15,0,0,0,0,0,1,16,11,0,0,0,0,0,7,16,4,0,0,0,0,0,14,16,5,3,0,0,0,0,13,16,16,16,10,0,2
digit_03700,0,0,1,13,16,6,0,0,0,6,14,16,16,7,0,0,2,14,16,16,16,2,0,0,0,0,5,16,16,2,0,0,0,0,2,16,16,2,0,0,0,0,0,16,16,1,0,0,0,0,0,14,16,2,0,0,0,0,0,13,16,1,0,0,1
digit_03701,0,5,14,12,15,15,3,0,0,0,2,4,11,16,5,0,0,0,0,1,15,9,0,0,0,0,0,7,16,1,0,0,0,0,0,3,16,11,0,0,0,0,0,0,15,16,0,0,0,1,7,10,16,7,0,0,0,2,12,13,4,0,0,0,3
digit_03702,0,0,2,12,13,0,0,0,0,3,15,13,16,0,0,0,0,10,13,1,16,0,0,0,0,0,1,4,16,0,0,0,0,0,0,6,13,0,0,0,0,0,0,9,10,7,8,0,0,0,0,14,15,15,3,0,0,0,0,15,12,3,0,0,2
digit_03703,0,0,0,9,16,12,2,0,0,0,3,15,10,16,4,0,0,1,14,8,0,13,7,0,0,7,15,1,0,14,6,0,0,4,15,0,0,15,5,0,0,1,12,4,9,15,0,0,0,0,5,16,16,9,0,0,0,0,0,9,14,2,0,0,0
digit_03704,0,0,0,11,15,4,0,0,0,0,4,16,14,2,0,0,0,0,11,16,3,0,0,0,0,0,14,13,0,0,0,0,0,1,16,12,3,0,0,0,0,2,16,16,16,6,0,0,0,0,11,16,16,15,0,0,0,0,0,8,16,15,1,0,6
digit_03705,0,0,2,10,13,16,6,0,0,9,16,14,12,9,2,0,0,5,16,3,0,0,0,0,0,0,10,14,6,1,0,0,0,0,1,13,16,11,0,0,0,0,0,0,8,16,0,0,0,0,0,2,15,12,0,0,0,0,0,13,16,2,0,0,5
digit_03706,0,0,3,11,15,8,0,0,0,0,9,14,8,9,0,0,0,0,6,14,5,0,0,0,0,0,0,12,16,7,0,0,0,0,4,14,11,11,0,0,0,0,12,8,0,16,1,0,0,0,14,11,11,15,1,0,0,0,3,13,13,6,0,0,8
digit_03707,0,3,13,12,9,12,1,0,0,4,16,16,16,14,1,0,0,4,16,7,3,0,0,0,0,5,16,10,0,0,0,0,0,0,10,16,4,0,0,0,0,0,0,12,12,0,0,0,0,0,6,16,7,0,0,0,0,1,15,12,1,0,0,0,5
digit_03708,0,0,7,16,16,16,16,3,0,0,2,10,9,9,16,7,0,0,0,0,0,10,15,0,0,0,0,6,12,16,11,0,0,0,0,11,16,16,6,0,0,0,0,9,16,8,0,0,0,0,5,16,10,0,0,0,0,0,11,15,0,0,0,0,7
digit_03709,0,0,2,12,16,7,0,0,0,0,0,10,16,3,0,0,0,0,0,3,15,5,0,0,0,0,0,0,6,15,3,0,0,0,0,0,0,8,14,0,0,0,0,0,0,11,16,0,0,0,0,3,13,16,9,0,0,0,6,16,12,8,1,0,3
digit_03710,0,0,0,6,14,15,3,0,0,1,9,16,16,14,2,0,0,6,16,16,16,14,0,0,0,0,6,16,16,8,0,0,0,0,6,16,16,8,0,0,0,0,4,16,16,9,0,0,0,0,1,16,16,15,3,0,0,0,0,10,16,16,4,0,1
digit_03711,0,0,10,14,14,6,0,0,0,0,8,16,16,11,1,0,0,0,4,16,16,14,2,0,0,0,1,16,16,16,7,0,0,0,0,16,16,16,2,0,0,0,2,14,16,15,3,0,0,0,5,16,16,11,0,0,0,0,8,12,14,6,0,0,1
digit_03712,0,0,6,16,8,0,0,0,0,2,16,14,13,0,0,0,0,8,14,5,15,0,0,0,0,9,11,8,12,0,0,0,0,3,6,14,8,0,0,0,0,0,4,16,2,0,0,0,0,0,8,16,12,10,5,0,0,0,8,16,16,16,8,0,2
digit_03713,0,0,0,11,15,10,1,0,0,0,9,10,8,16,5,0,0,0,15,2,0,11,10,0,0,7,10,0,0,9,9,0,0,8,8,0,0,9,8,0,0,8,6,1,5,16,2,0,0,3,14,13,16,14,0,0,0,0,1,9,14,3,0,0,0
digit_03714,0,0,8,16,9,0,0,0,0,2,15,16,16,4,0,0,0,7,16,4,16,3,0,0,0,9,12,7,14,0,0,0,0,1,4,16,7,0,0,0,0,0,9,16,2,0,0,0,0,0,12,16,15,15,3,0,0,0,7,13,15,14,14,0,2
digit_03715,0,0,1,7,14,12,0,0,0,0,13,11,12,14,0,0,0,9,16,12,14,14,0,0,0,2,4,2,5,15,0,0,0,0,0,0,3,15,0,0,0,0,0,0,3,16,0,0,0,0,0,0,14,7,0,0,0,0,2,11,11,1,0,0,9
digit_03716,0,0,2,10,14,3,0,0,0,3,16,16,16,15,1,0,0,12,12,5,16,4,0,0,0,2,15,16,12,0,0,0,0,0,5,16,13,0,0,0,0,0,4,14,14,9,0,0,0,0,7,15,15,12,0,0,0,0,0,12,16,6,0,0,8
digit_03717,0,0,0,6,11,1,0,0,0,0,5,15,11,1,0,0,0,0,9,12,0,0,0,0,0,0,13,4,0,0,0,0,0,0,14,3,3,0,0,0,0,0,11,16,16,14,4,0,0,0,5,16,11,14,13,0,0,0,0,4,9,14,13,0,6
digit_03718,0,0,6,11,15,16,13,0,0,0,9,8,4,9,16,0,0,0,0,0,0,10,10,0,0,0,4,8,8,16,4,0,0,0,5,12,16,12,0,0,0,0,0,6,15,1,0,0,0,0,2,16,3,0,0,0,0,0,8,8,0,0,0,0,7
digit_03719,0,0,11,15,2,0,0,0,0,1,16,16,1,0,0,0,0,6,16,13,6,8,2,0,0,10,16,16,16,16,8,0,0,1,5,10,16,15,0,0,0,0,0,8,15,3,0,0,0,0,2,16,9,0,0,0,0,0,10,16,3,0,0,0,4
digit_03720,0,0,9,12,14,16,16,2,0,0,4,12,9,12,16,1,0,0,0,0,1,14,8,0,0,0,0,0,8,14,1,0,0,0,0,2,16,12,0,0,0,0,0,0,13,16,5,0,0,0,0,1,13,14,1,0,0,0,10,16,13,1,0,0,3
digit_03721,0,1,12,14,1,0,0,0,0,10,16,16,4,0,0,0,0,8,11,16,0,0,0,0,0,0,6,13,0,0,0,0,0,0,11,11,0,0,0,0,0,0,16,8,0,0,0,0,0,4,16,15,16,16,9,0,0,1,16,16,16,14,8,0,2
digit_03722,0,0,4,15,11,1,0,0,0,0,11,14,13,12,0,0,0,3,15,3,1,16,4,0,0,4,14,0,0,12,8,0,0,7,12,0,1,15,7,0,0,5,11,0,5,16,6,0,0,0,12,12,16,10,0,0,0,0,5,12,11,0,0,0,0
digit_03723,0,0,9,13,10,5,0,0,0,0,4,15,16,13,0,0,0,0,1,14,16,15,0,0,0,0,8,16,16,14,1,0,0,0,6,16,16,14,0,0,0,0,12,16,16,14,0,0,0,0,6,16,16,6,0,0,0,0,4,14,15,3,0,0,1
digit_03724,0,0,6,15,14,5,0,0,0,0,4,15,16,13,0,0,0,0,3,16,16,16,1,0,0,0,5,16,16,15,2,0,0,0,6,16,16,15,1,0,0,0,6,16,16,16,2,0,0,0,4,16,16,12,0,0,0,0,8,16,16,8,0,0,1
digit_03725,0,0,5,9,14,16,11,0,0,3,16,16,12,8,3,0,0,7,15,1,0,0,0,0,0,12,13,7,4,0,0,0,0,5,16,16,16,6,0,0,0,0,0,4,16,7,0,0,0,0,0,10,16,2,0,0,0,0,9,15,6,0,0,0,5
digit_03726,0,0,4,14,11,3,0,0,0,0,14,4,8,3,0,0,0,0,15,1,7,14,10,0,0,0,5,16,12,0,0,0,0,0,3,16,9,0,0,0,0,0,9,7,13,0,0,0,0,0,11,10,13,0,0,0,0,0,5,15,11,0,0,0,8
digit_03727,0,0,1,16,12,1,0,0,0,0,11,16,16,10,0,0,0,0,13,7,3,12,2,0,0,1,15,1,0,10,6,0,0,2,13,0,0,11,8,0,0,3,15,1,0,13,9,0,0,0,9,10,3,16,11,0,0,0,0,8,12,12,3,0,0
digit_03728,0,0,5,9,13,8,0,0,0,0,4,16,15,3,0,0,0,0,13,14,2,6,3,0,0,5,16,5,11,16,8,0,0,7,16,16,16,14,1,0,0,3,8,16,16,4,0,0,0,0,5,16,10,0,0,0,0,0,10,12,3,0,0,0,4
digit_03729,0,0,2,6,12,16,16,2,0,2,15,16,9,5,16,5,0,0,5,1,0,2,16,2,0,0,0,0,0,8,10,0,0,0,0,0,4,16,7,0,0,0,10,13,16,13,1,0,0,0,9,13,16,1,0,0,0,0,0,7,12,0,0,0,7
digit_03730,0,0,4,11,12,7,0,0,0,1,16,13,14,12,0,0,0,2,16,5,8,14,0,0,0,1,15,16,16,14,0,0,0,0,6,12,12,16,6,0,0,0,1,3,2,15,5,0,0,0,7,16,16,16,2,0,0,0,1,13,12,5,0,0,9
digit_03731,0,0,2,11,16,16,8,0,0,0,10,16,16,16,8,0,0,0,2,0,8,16,2,0,0,0,0,6,14,16,5,0,0,0,0,14,16,16,10,0,0,0,0,10,16,7,0,0,0,0,0,13,13,0,0,0,0,0,1,16,7,0,0,0,7
digit_03732,0,0,0,2,14,14,1,0,0,0,0,12,16,16,1,0,0,1,10,16,16,14,0,0,0,6,16,15,16,10,0,0,0,1,3,11,16,7,0,0,0,0,0,7,16,8,0,0,0,0,0,7,16,13,1,0,0,0,0,3,15,15,0,0,1
digit_03733,0,0,2,14,3,0,0,0,0,0,9,14,0,0,0,0,0,0,11,10,0,0,0,0,0,0,16,7,0,0,0,0,0,2,16,12,8,4,0,0,0,0,16,16,16,16,11,0,0,0,12,10,4,7,14,0,0,0,3,11,16,16,7,0,6
digit_03734,0,0,3,15,16,14,2,0,0,3,15,13,5,14,4,0,0,4,15,13,10,16,4,0,0,0,7,15,16,16,4,0,0,0,0,0,0,12,4,0,0,0,0,0,0,11,5,0,0,2,13,10,5,12,8,0,0,0,5,13,16,14,5,0,9
digit_03735,0,0,9,14,8,8,0,0,0,4,16,16,16,16,2,0,0,8,16,4,1,0,0,0,0,1,16,8,0,0,0,0,0,0,7,16,9,0,0,0,0,0,0,3,16,6,0,0,0,0,4,9,15,13,0,0,0,0,14,13,12,5,0,0,5
digit_03736,0,0,6,14,14,4,0,0,0,0,14,15,6,13,2,0,0,0,7,16,16,15,1,0,0,0,0,10,10,0,0,0,0,0,0,0,14,1,0,0,0,0,0,0,4,11,0,0,0,3,10,4,0,13,0,0,0,0,9,12,16,12,0,0,9
digit_03737,0,0,7,11,0,0,0,0,0,0,12,10,0,0,0,0,0,1,14,6,0,0,0,0,0,4,16,7,5,2,0,0,0,5,16,16,16,15,2,0,0,2,16,15,13,16,7,0,0,1,16,14,8,16,3,0,0,0,7,15,16,7,0,0,6
digit_03738,0,0,3,8,10,12,15,0,0,0,8,10,9,15,13,0,0,0,0,0,5,16,5,0,0,0,0,5,13,14,3,0,0,0,4,14,16,16,5,0,0,0,0,11,12,1,0,0,0,0,0,16,7,0,0,0,0,0,2,13,0,0,0,0,7
digit_03739,0,0,4,12,6,0,0,0,0,0,16,10,16,1,0,0,0,0,16,5,14,13,0,0,0,0,7,16,15,4,0,0,0,0,4,16,9,0,0,0,0,0,13,13,15,4,0,0,0,0,16,8,9,15,2,0,0,0,5,12,12,8,1,0,8
digit_03740,0,0,10,15,9,2,0,0,0,7,16,9,12,13,0,0,0,8,11,0,0,13,2,0,0,5,12,0,0,8,8,0,0,8,10,0,0,10,6,0,0,5,11,0,0,14,2,0,0,2,16,9,14,12,0,0,0,0,7,14,9,0,0,0,0
digit_03741,0,0,6,15,14,8,0,0,0,3,13,0,3,14,3,0,0,6,14,0,2,14,4,0,0,0,13,16,16,16,4,0,0,0,0,4,4,13,4,0,0,0,0,0,0,12,5,0,0,0,14,6,0,13,4,0,0,0,6,15,16,9,0,0,9
digit_03742,0,0,2,16,16,4,0,0,0,0,8,16,16,12,0,0,0,0,14,16,16,0,0,0,0,2,16,16,14,4,0,0,0,8,16,16,10,2,0,0,0,8,16,16,14,2,0,0,0,0,16,16,16,14,2,0,0,0,2,8,16,10,0,0,1
digit_03743,0,0,7,14,7,0,0,0,0,6,16,16,8,0,0,0,0,3,7,13,10,0,0,0,0,0,0,13,8,0,0,0,0,0,6,15,4,0,0,0,0,0,12,11,0,0,0,0,0,0,14,15,12,16,6,0,0,0,6,14,11,6,1,0,2
digit_03744,0,0,6,16,14,0,0,0,0,1,11,16,16,4,0,0,0,0,12,16,16,4,0,0,0,0,15,16,16,1,0,0,0,0,16,16,16,0,0,0,0,4,16,16,15,3,0,0,0,0,9,16,16,13,0,0,0,0,4,14,16,6,0,0,1
digit_03745,0,0,2,13,16,9,0,0,0,0,10,16,16,16,2,0,0,4,16,9,1,15,4,0,0,4,16,3,0,12,5,0,0,5,16,1,0,12,8,0,0,1,16,9,0,12,8,0,0,0,10,16,12,15,3,0,0,0,2,13,16,9,0,0,0
digit_03746,0,0,14,10,10,4,0,0,0,0,16,8,8,15,4,0,0,0,13,5,0,7,8,0,0,0,6,14,8,15,7,0,0,0,8,16,16,9,0,0,0,2,15,9,15,6,0,0,0,5,15,8,14,10,0,0,0,0,8,10,16,7,0,0,8
digit_03747,0,0,1,10,2,0,0,0,0,0,3,16,5,0,0,0,0,0,8,15,0,0,0,0,0,0,12,8,0,0,0,0,0,0,13,9,3,0,0,0,0,2,16,16,16,16,7,0,0,0,14,8,2,8,16,2,0,0,2,15,16,16,13,1,6
digit_03748,0,0,0,5,8,3,0,0,0,0,15,16,16,16,0,0,0,0,16,16,16,13,0,0,0,0,16,16,16,5,0,0,0,0,16,16,16,9,0,0,0,0,16,16,16,4,0,0,0,0,15,16,16,10,0,0,0,0,2,8,8,7,0,0,1
digit_03749,0,0,0,9,10,0,0,0,0,0,2,16,4,0,0,0,0,0,11,12,0,0,0,0,0,3,16,4,0,6,1,0,0,9,16,3,9,16,4,0,0,9,16,16,16,10,0,0,0,0,4,9,15,2,0,0,0,0,0,8,13,0,0,0,4
digit_03750,0,0,0,2,15,4,0,0,0,0,0,7,16,5,0,0,0,0,8,16,14,1,0,0,0,7,16,16,12,0,0,0,0,2,8,14,12,0,0,0,0,0,0,9,13,0,0,0,0,0,0,6,16,13,2,0,0,0,0,2,12,13,2,0,1
digit_03751,0,0,6,16,16,16,8,0,0,6,16,16,15,11,5,0,0,12,13,3,0,0,0,0,0,9,15,3,0,0,0,0,0,3,15,15,2,0,0,0,0,0,5,15,7,0,0,0,0,0,0,14,6,0,0,0,0,0,6,15,1,0,0,0,5
digit_03752,0,0,5,14,16,14,0,0,0,0,10,13,13,16,1,0,0,0,0,0,12,14,0,0,0,0,2,9,16,16,11,0,0,0,8,16,16,11,3,0,0,0,0,15,13,0,0,0,0,0,3,16,6,0,0,0,0,0,8,16,2,0,0,0,7
digit_03753,0,0,0,9,14,1,0,0,0,0,7,16,6,0,0,0,0,4,16,10,0,0,0,0,0,8,16,3,0,6,4,0,0,4,16,16,16,16,8,0,0,0,5,8,16,12,0,0,0,0,0,6,16,2,0,0,0,0,0,8,15,2,0,0,4
digit_03754,0,0,2,15,0,0,0,0,0,0,8,14,0,0,0,0,0,0,12,8,0,0,0,0,0,2,16,5,0,0,0,0,0,6,16,8,8,1,0,0,0,8,16,16,16,14,0,0,0,3,15,10,6,16,6,0,0,0,4,11,16,14,1,0,6
digit_03755,0,0,6,12,7,0,0,0,0,2,15,13,15,13,0,0,0,8,13,0,9,15,0,0,0,1,15,7,14,11,0,0,0,0,6,16,16,1,0,0,0,0,5,16,16,14,0,0,0,0,11,16,16,16,4,0,0,0,3,7,12,12,3,0,8
digit_03756,0,3,12,15,9,1,0,0,0,3,16,8,13,10,0,0,0,0,11,12,12,12,0,0,0,0,3,15,16,12,0,0,0,0,0,0,6,14,1,0,0,0,0,0,0,15,6,0,0,7,14,7,4,15,7,0,0,3,9,12,15,9,0,0,9
digit_03757,0,0,0,4,14,0,0,0,0,0,0,13,9,0,0,0,0,0,2,16,2,0,0,0,0,1,12,11,1,6,2,0,0,9,16,16,16,16,2,0,0,0,7,9,16,8,0,0,0,0,0,6,16,5,0,0,0,0,0,7,13,1,0,0,4
digit_03758,0,0,8,13,15,10,3,0,0,0,13,15,12,12,9,0,0,3,14,7,0,0,0,0,0,7,8,4,2,0,0,0,0,2,16,16,15,0,0,0,0,0,1,5,13,0,0,0,0,0,0,10,6,0,0,0,0,0,6,13,1,0,0,0,5
digit_03759,0,0,0,10,9,0,0,0,0,0,1,15,7,0,0,0,0,0,11,13,0,0,0,0,0,1,16,7,0,0,0,0,0,7,16,6,7,15,3,0,0,6,16,16,16,15,2,0,0,0,0,8,16,4,0,0,0,0,0,9,12,0,0,0,4
digit_03760,0,0,6,12,4,0,0,0,0,0,12,16,15,1,0,0,0,2,16,6,5,14,0,0,0,9,16,4,0,14,3,0,0,7,16,6,0,14,6,0,0,4,16,15,2,16,6,0,0,0,12,16,16,11,0,0,0,0,5,14,14,5,0,0,0
digit_03761,0,0,7,15,10,0,0,0,0,0,12,10,15,3,0,0,0,0,0,0,12,11,0,0,0,0,0,0,14,9,0,0,0,1,5,8,16,12,2,0,0,10,16,16,15,10,3,0,0,0,2,16,4,0,0,0,0,0,8,12,0,0,0,0,7
digit_03762,0,0,1,12,6,0,0,0,0,0,5,15,2,3,8,0,0,1,13,11,1,14,9,0,0,6,15,3,6,15,0,0,0,12,15,12,15,15,6,0,0,6,12,14,16,16,5,0,0,0,0,10,14,0,0,0,0,0,0,14,6,0,0,0,4
digit_03763,0,6,16,6,0,0,0,0,0,9,16,16,2,0,0,0,0,1,2,16,7,0,0,0,0,0,2,16,3,0,0,0,0,0,10,15,0,0,0,0,0,4,16,6,0,0,0,0,0,10,16,12,14,16,9,0,0,7,16,16,12,10,3,0,2
digit_03764,0,0,0,9,13,5,0,0,0,0,7,16,15,1,0,0,0,0,7,16,8,0,0,0,0,0,11,16,9,0,0,0,0,0,9,16,6,0,0,0,0,0,10,16,5,0,0,0,0,0,11,16,11,0,0,0,0,0,1,12,10,0,0,0,1
digit_03765,0,0,4,14,9,0,0,0,0,2,15,16,16,0,0,0,0,5,11,7,14,0,0,0,0,0,0,8,11,0,0,0,0,0,0,11,5,0,0,0,0,0,4,15,0,4,0,0,0,0,8,15,12,16,2,0,0,0,7,16,12,7,0,0,2
digit_03766,0,0,0,3,15,4,0,0,0,0,2,14,13,1,6,1,0,1,13,13,0,5,16,3,0,5,16,3,0,11,13,0,0,12,16,12,13,16,2,0,0,6,12,13,16,14,1,0,0,0,0,1,16,5,0,0,0,0,0,4,15,0,0,0,4
digit_03767,0,0,7,16,14,2,0,0,0,6,14,8,16,9,0,0,0,1,2,2,16,8,0,0,0,0,0,12,16,5,0,0,0,0,0,5,13,16,3,0,0,0,0,0,1,16,8,0,0,0,1,8,14,14,1,0,0,0,7,15,6,1,0,0,3
digit_03768,0,0,0,6,16,3,0,0,0,0,2,15,10,11,5,0,0,0,13,9,4,16,3,0,0,4,15,4,9,16,3,0,0,11,15,12,16,16,10,0,0,5,15,14,16,9,0,0,0,0,0,7,13,1,0,0,0,0,0,9,9,0,0,0,4
digit_03769,0,0,4,14,16,10,0,0,0,0,13,8,11,15,0,0,0,0,1,0,8,11,0,0,0,0,0,0,13,7,0,0,0,0,4,8,16,9,1,0,0,0,7,16,15,10,1,0,0,0,3,15,1,0,0,0,0,0,6,14,0,0,0,0,7
digit_03770,0,0,0,3,15,4,0,0,0,0,0,12,11,3,5,0,0,0,9,14,2,13,11,0,0,3,16,5,3,16,3,0,0,11,15,6,12,16,3,0,0,11,16,16,16,15,4,0,0,1,5,6,16,2,0,0,0,0,0,5,16,5,0,0,4
digit_03771,0,0,2,11,14,5,0,0,0,0,0,10,16,16,0,0,0,0,0,10,16,16,4,0,0,0,0,12,16,15,1,0,0,0,1,14,16,13,0,0,0,0,1,16,16,9,0,0,0,0,11,16,16,5,0,0,0,0,6,13,14,0,0,0,1
digit_03772,0,0,8,14,16,5,0,0,0,2,16,8,10,8,0,0,0,0,4,2,13,6,0,0,0,0,0,7,12,0,0,0,0,0,1,15,7,0,0,0,0,0,9,11,0,0,0,0,0,4,16,9,8,12,2,0,0,0,10,14,9,2,0,0,2
digit_03773,0,0,0,0,11,15,2,0,0,0,0,9,16,16,3,0,0,1,10,16,16,12,0,0,0,9,16,16,16,13,0,0,0,11,14,8,16,9,0,0,0,0,0,0,16,12,0,0,0,0,0,0,15,13,0,0,0,0,0,0,12,10,0,0,1
digit_03774,0,0,0,5,12,16,7,0,0,0,9,15,4,13,12,0,0,2,16,16,15,16,13,0,0,3,16,16,14,16,7,0,0,0,6,7,1,15,3,0,0,0,0,0,9,11,0,0,0,0,0,0,13,5,0,0,0,0,0,6,13,0,0,0,9
digit_03775,0,0,0,12,15,5,0,0,0,0,3,13,9,16,0,0,0,12,14,10,1,14,4,0,0,3,12,13,11,13,0,0,0,0,2,10,16,9,0,0,0,0,0,5,16,8,0,0,0,0,0,13,16,9,0,0,0,0,0,12,12,2,0,0,8
digit_03776,0,0,0,5,16,3,0,0,0,0,1,16,10,1,14,4,0,0,11,12,1,9,14,2,0,6,15,3,4,16,5,0,0,13,15,14,16,16,8,0,0,12,13,14,16,9,0,0,0,0,0,5,16,2,0,0,0,0,0,7,11,0,0,0,4
digit_03777,0,0,0,14,10,1,0,0,0,0,8,16,16,11,0,0,0,0,10,10,2,15,1,0,0,4,12,6,0,11,4,0,0,6,16,10,0,9,8,0,0,0,14,16,5,16,9,0,0,0,8,16,16,16,4,0,0,0,0,12,16,9,0,0,0
digit_03778,0,0,6,14,15,1,0,0,0,0,14,16,16,8,0,0,0,0,4,2,10,10,0,0,0,0,0,0,10,8,0,0,0,0,7,16,16,16,4,0,0,0,9,13,15,8,1,0,0,0,0,12,9,0,0,0,0,0,5,13,0,0,0,0,7
digit_03779,0,0,2,9,5,0,0,0,0,0,8,16,16,13,0,0,0,2,11,16,16,4,0,0,0,1,11,16,12,0,0,0,0,0,10,12,16,6,0,0,0,0,13,1,7,15,1,0,0,0,14,6,7,13,2,0,0,0,2,11,11,4,0,0,8
digit_03780,0,0,0,5,14,16,7,0,0,0,6,16,8,12,13,3,0,4,16,14,10,16,16,3,0,1,15,16,16,16,12,0,0,0,3,5,6,16,3,0,0,0,0,0,10,10,0,0,0,0,0,2,15,5,0,0,0,0,0,8,14,0,0,0,9
digit_03781,0,4,16,13,6,0,0,0,0,1,9,15,16,8,0,0,0,0,0,1,12,16,3,0,0,0,0,1,15,13,1,0,0,0,11,13,16,14,5,0,0,3,16,16,16,14,5,0,0,1,14,13,1,0,0,0,0,3,16,7,0,0,0,0,7
digit_03782,0,1,12,16,5,0,0,0,0,11,16,16,11,0,0,0,0,6,5,16,11,0,0,0,0,0,2,16,7,0,0,0,0,0,8,16,3,0,0,0,0,1,13,14,0,2,1,0,0,4,16,16,16,16,10,0,0,0,15,16,14,9,3,0,2
digit_03783,0,0,0,0,13,15,3,0,0,0,0,9,16,16,7,0,0,1,7,16,16,16,1,0,0,6,16,15,14,16,2,0,0,5,11,2,16,15,0,0,0,0,0,0,14,14,0,0,0,0,0,0,16,12,0,0,0,0,0,0,11,13,0,0,1
digit_03784,0,0,1,8,14,16,12,0,0,0,10,15,13,16,12,0,0,1,12,3,9,15,1,0,0,0,0,8,16,8,0,0,0,0,0,8,16,16,4,0,0,0,0,1,8,16,6,0,0,0,0,5,15,12,1,0,0,0,0,13,10,1,0,0,3
digit_03785,0,0,3,10,14,14,0,0,0,10,16,14,10,15,0,0,0,0,8,0,0,0,0,0,0,6,16,8,1,0,0,0,0,2,11,15,15,5,0,0,0,0,0,0,15,15,0,0,0,0,0,12,13,1,0,0,0,0,0,11,4,0,0,0,5
digit_03786,0,0,0,14,2,0,0,0,0,0,2,16,2,0,0,0,0,0,7,13,0,0,0,0,0,0,8,12,0,0,0,0,0,0,9,11,4,2,0,0,0,0,11,16,16,15,8,0,0,0,13,15,2,2,16,3,0,0,0,11,13,12,10,0,6
digit_03787,0,0,2,11,16,10,0,0,0,0,14,12,8,12,9,0,0,4,16,5,2,14,9,0,0,4,16,16,15,10,2,0,0,0,3,16,15,0,0,0,0,0,8,15,14,0,0,0,0,0,9,16,16,4,0,0,0,0,1,14,11,2,0,0,8
digit_03788,0,0,4,13,4,0,0,0,0,0,12,15,6,0,0,0,0,0,15,10,0,0,0,0,0,0,16,10,4,1,0,0,0,5,16,16,16,15,1,0,0,5,16,16,3,13,8,0,0,1,16,16,14,16,9,0,0,0,5,14,13,5,1,0,6
digit_03789,0,0,9,16,16,16,3,0,0,1,14,15,10,7,1,0,0,7,16,2,0,0,0,0,0,2,16,8,0,0,0,0,0,0,2,13,14,0,0,0,0,0,0,4,16,7,0,0,0,0,5,14,13,0,0,0,0,0,11,10,0,0,0,0,5
digit_03790,0,0,0,3,10,1,0,0,0,0,3,15,9,0,4,0,0,0,12,12,0,4,11,0,0,2,14,3,0,13,6,0,0,7,14,8,9,16,2,0,0,5,12,12,14,15,1,0,0,0,0,0,11,6,0,0,0,0,0,0,13,3,0,0,4
digit_03791,0,0,3,13,14,2,0,0,0,0,7,9,14,12,0,0,0,0,0,0,7,11,0,0,0,0,0,0,9,7,0,0,0,2,13,16,16,13,3,0,0,2,16,16,14,7,1,0,0,0,0,16,8,0,0,0,0,0,2,13,2,0,0,0,7
digit_03792,0,0,8,13,11,1,0,0,0,0,16,12,15,8,0,0,0,3,13,0,5,15,2,0,0,6,9,0,1,15,5,0,0,8,8,0,0,12,6,0,0,5,10,0,1,14,3,0,0,2,16,8,12,13,0,0,0,0,8,16,8,1,0,0,0
digit_03793,0,0,6,14,6,0,0,0,0,0,15,6,12,3,0,0,0,5,12,0,3,14,3,0,0,4,12,0,0,11,8,0,0,4,12,0,0,9,8,0,0,5,15,0,0,8,9,0,0,1,15,2,4,13,2,0,0,0,5,15,15,5,0,0,0
digit_03794,0,0,15,15,16,14,1,0,0,3,16,15,8,7,0,0,0,8,16,9,1,0,0,0,0,9,16,16,12,0,0,0,0,1,2,0,16,4,0,0,0,0,0,0,13,8,0,0,0,2,7,7,16,4,0,0,0,0,15,16,12,0,0,0,5
digit_03795,0,0,2,13,16,15,4,0,0,0,9,16,16,16,6,0,0,0,0,0,3,16,7,0,0,0,0,0,4,16,1,0,0,0,2,11,14,16,4,0,0,0,10,16,16,15,2,0,0,0,3,14,11,0,0,0,0,0,3,14,1,0,0,0,7
digit_03796,0,0,12,16,7,0,0,0,0,2,16,14,16,5,0,0,0,0,14,5,11,13,0,0,0,0,2,1,8,13,0,0,0,0,0,0,8,15,0,0,0,0,0,0,13,10,0,0,0,0,10,10,16,6,0,0,0,0,11,16,16,16,16,8,2
digit_03797,0,0,0,3,13,0,0,0,0,0,0,12,8,0,0,0,0,0,5,14,2,0,0,0,0,1,15,4,0,3,8,0,0,13,15,12,9,13,10,0,0,5,8,8,15,14,2,0,0,0,0,2,14,5,0,0,0,0,0,6,12,0,0,0,4
digit_03798,0,0,0,12,8,0,0,0,0,0,6,15,1,0,0,0,0,2,15,6,0,0,6,0,0,8,14,1,0,7,15,1,0,13,10,0,6,16,6,0,0,15,14,14,16,12,0,0,0,7,12,12,16,2,0,0,0,0,0,14,6,0,0,0,4
digit_03799,0,0,0,9,12,0,0,0,0,0,2,16,6,0,0,0,0,0,13,14,0,0,7,1,0,2,16,9,0,9,16,1,0,6,16,11,11,16,6,0,0,9,16,16,16,12,0,0,0,1,4,9,16,4,0,0,0,0,0,10,11,0,0,0,4
digit_03800,0,0,5,16,13,1,0,0,0,0,12,14,15,5,0,0,0,0,12,10,16,7,0,0,0,0,3,15,16,12,0,0,0,0,0,0,2,15,2,0,0,0,0,0,0,8,9,0,0,2,12,8,8,13,12,0,0,1,6,10,12,12,2,0,9
digit_03801,0,0,6,16,8,0,0,0,0,2,16,14,15,0,0,0,0,2,16,13,16,9,0,0,0,0,8,15,16,14,1,0,0,0,0,0,0,13,7,0,0,0,0,0,0,3,13,0,0,0,3,4,4,7,15,0,0,0,7,13,16,13,9,0,9
digit_03802,0,0,5,16,11,0,0,0,0,1,16,5,12,11,3,0,0,3,13,0,5,16,2,0,0,4,12,0,0,16,4,0,0,5,11,0,1,16,3,0,0,5,13,0,0,12,1,0,0,0,14,7,6,12,0,0,0,0,4,14,12,2,0,0,0
digit_03803,0,1,12,16,14,4,0,0,0,8,11,0,10,8,0,0,0,1,1,4,14,4,0,0,0,0,2,16,11,0,0,0,0,0,0,3,13,11,0,0,0,0,0,0,1,11,7,0,0,0,10,0,1,10,8,0,0,0,13,15,15,10,2,0,3
digit_03804,0,0,3,14,13,3,0,0,0,0,12,10,7,12,0,0,0,3,15,1,0,15,7,0,0,5,12,0,0,12,5,0,0,6,12,0,0,9,4,0,0,4,13,0,0,10,4,0,0,1,14,6,5,14,2,0,0,0,3,13,13,6,0,0,0
digit_03805,0,0,12,16,16,10,1,0,0,0,13,7,4,16,7,0,0,0,0,5,12,15,2,0,0,0,0,7,16,12,0,0,0,0,0,0,7,16,5,0,0,1,3,0,0,9,15,0,0,6,12,4,2,11,16,0,0,1,10,16,16,16,7,0,3
digit_03806,0,0,0,8,11,0,0,0,0,0,1,15,4,0,0,0,0,0,12,9,0,0,3,0,0,2,16,2,0,9,14,0,0,11,13,0,7,15,3,0,0,13,16,12,16,8,0,0,0,6,12,12,14,1,0,0,0,0,0,7,12,0,0,0,4
digit_03807,0,1,9,16,14,6,0,0,0,5,14,1,6,15,3,0,0,3,14,2,5,14,4,0,0,0,9,14,15,3,0,0,0,0,4,16,5,0,0,0,0,0,11,13,9,0,0,0,0,0,15,4,13,0,0,0,0,0,11,16,7,0,0,0,8
digit_03808,0,0,4,14,15,3,0,0,0,0,12,10,5,13,1,0,0,3,13,0,0,16,4,0,0,4,11,0,0,13,6,0,0,5,10,0,0,12,4,0,0,2,13,0,0,9,6,0,0,0,14,3,4,12,0,0,0,0,3,14,14,6,0,0,0
digit_03809,0,2,15,16,15,1,0,0,0,3,9,5,14,7,0,0,0,0,0,3,15,5,0,0,0,0,6,16,8,0,0,0,0,0,6,13,16,10,0,0,0,0,0,0,6,16,1,0,0,0,0,0,2,14,7,0,0,0,14,13,16,11,1,0,3
digit_03810,0,0,5,15,16,6,0,0,0,0,15,12,5,16,2,0,0,4,16,3,0,12,8,0,0,8,14,0,0,10,10,0,0,8,13,0,0,10,13,0,0,4,16,0,0,4,15,0,0,1,15,9,3,12,10,0,0,0,5,15,16,15,1,0,0
digit_03811,0,0,4,16,11,1,0,0,0,0,5,16,16,7,0,0,0,0,0,14,16,10,0,0,0,0,2,16,16,6,0,0,0,0,3,16,16,9,0,0,0,0,1,16,16,11,0,0,0,0,5,16,16,5,0,0,0,0,2,12,16,11,1,0,1
digit_03812,0,0,0,0,7,11,1,0,0,0,0,0,12,16,3,0,0,0,0,4,16,16,0,0,0,0,0,2,16,16,0,0,0,0,1,13,16,12,0,0,0,0,7,16,15,14,0,0,0,2,15,5,12,11,0,0,0,0,2,0,7,11,0,0,1
digit_03813,0,0,0,6,13,0,0,0,0,0,3,15,5,0,0,0,0,0,12,9,0,0,4,5,0,5,16,2,0,3,16,2,0,9,14,2,9,15,8,0,0,7,16,15,13,11,1,0,0,0,2,1,14,2,0,0,0,0,0,6,9,0,0,0,4
digit_03814,0,0,0,6,8,0,0,0,0,0,2,14,3,0,0,0,0,0,9,8,0,0,0,0,0,4,15,1,0,10,5,0,0,7,13,0,2,16,3,0,0,11,14,8,15,9,0,0,0,12,16,14,15,0,0,0,0,1,4,9,8,0,0,0,4
digit_03815,0,0,9,16,6,0,0,0,0,2,14,16,16,8,3,0,0,0,14,16,16,16,11,0,0,0,14,16,12,5,1,0,0,0,9,16,5,0,0,0,0,0,15,16,5,0,0,0,0,0,16,16,8,0,0,0,0,0,10,13,1,0,0,0,8
digit_03816,0,0,9,16,12,1,0,0,0,3,16,10,15,9,0,0,0,3,16,4,11,16,1,0,0,0,12,16,16,15,7,0,0,0,0,3,2,6,14,0,0,0,6,0,0,3,16,1,0,1,16,7,4,9,16,0,0,0,8,16,16,16,8,0,9
digit_03817,0,1,10,16,16,4,0,0,0,8,13,12,16,10,0,0,0,2,0,14,15,3,0,0,0,0,0,11,16,8,0,0,0,0,0,0,7,16,3,0,0,2,1,0,0,13,8,0,0,8,12,4,10,16,5,0,0,2,13,16,12,5,0,0,3
digit_03818,0,0,6,16,11,0,0,0,0,1,16,2,12,9,0,0,0,4,15,5,13,10,0,0,0,0,9,10,9,15,0,0,0,0,0,0,0,11,5,0,0,0,0,0,0,7,7,0,0,3,9,1,0,8,4,0,0,1,7,14,16,12,1,0,9
digit_03819,0,0,5,13,11,2,0,0,0,2,15,6,5,12,0,0,0,6,12,0,1,16,2,0,0,1,12,5,5,16,6,0,0,0,1,9,9,12,8,0,0,0,0,0,0,3,13,0,0,0,0,0,1,8,10,0,0,0,8,13,15,10,1,0,9
digit_03820,0,0,0,1,12,1,0,0,0,0,0,14,10,0,0,0,0,0,10,14,2,0,0,0,0,2,16,7,0,5,6,0,0,12,15,0,9,15,1,0,0,12,16,14,16,8,0,0,0,7,12,10,15,1,0,0,0,0,0,4,9,0,0,0,4
digit_03821,0,0,3,15,0,0,0,0,0,0,11,14,0,0,0,0,0,0,13,8,0,0,0,0,0,0,16,8,4,0,0,0,0,1,16,16,16,15,2,0,0,6,16,14,11,15,7,0,0,0,15,15,9,15,4,0,0,0,4,14,16,9,0,0,6
digit_03822,0,0,6,16,2,0,0,0,0,0,15,10,0,0,0,0,0,6,16,3,0,0,0,0,0,9,14,0,0,0,0,0,0,12,13,11,12,12,3,0,0,7,16,15,12,13,13,0,0,2,15,12,2,8,15,0,0,0,5,16,16,16,5,0,6
digit_03823,0,0,2,15,16,13,1,0,0,0,3,7,10,16,10,0,0,0,0,0,0,11,11,0,0,0,0,2,8,15,5,0,0,0,0,9,16,16,8,0,0,0,0,2,16,5,0,0,0,0,0,12,7,0,0,0,0,0,4,14,1,0,0,0,7
digit_03824,0,0,5,13,9,1,0,0,0,0,13,15,10,15,5,0,0,3,15,2,0,11,8,0,0,4,12,0,0,8,8,0,0,5,8,0,0,9,8,0,0,4,11,0,1,12,7,0,0,2,14,5,10,12,0,0,0,0,6,13,10,0,0,0,0
digit_03825,0,0,0,12,13,5,0,0,0,0,0,11,16,9,0,0,0,0,3,15,16,6,0,0,0,7,15,16,16,2,0,0,0,0,1,16,16,3,0,0,0,0,1,16,16,6,0,0,0,0,1,16,16,6,0,0,0,0,0,11,16,10,0,0,1
digit_03826,0,0,0,4,15,12,0,0,0,0,3,16,15,14,0,0,0,0,8,13,8,16,0,0,0,0,1,6,15,11,0,0,0,1,8,13,15,1,0,0,0,9,16,16,5,0,0,0,0,3,13,16,16,11,5,0,0,0,0,3,11,16,9,0,2
digit_03827,0,0,7,15,13,1,0,0,0,8,13,6,15,4,0,0,0,2,1,13,13,0,0,0,0,0,2,15,11,1,0,0,0,0,0,1,12,12,1,0,0,0,0,0,1,10,8,0,0,0,8,4,5,14,9,0,0,0,7,13,13,9,0,0,3
digit_03828,0,0,0,1,11,0,0,0,0,0,0,7,8,0,0,0,0,0,1,13,6,2,2,0,0,0,7,15,0,9,8,0,0,5,16,10,0,16,6,0,0,4,15,16,13,16,1,0,0,0,0,3,15,10,0,0,0,0,0,2,16,4,0,0,4
digit_03829,0,0,12,10,0,0,0,0,0,0,14,16,16,14,0,0,0,0,13,16,15,10,1,0,0,0,11,16,16,7,0,0,0,0,0,4,7,16,7,0,0,0,0,0,4,16,9,0,0,0,5,4,12,16,4,0,0,0,9,16,16,10,0,0,5
digit_03830,0,0,0,12,13,0,0,0,0,0,5,16,8,0,0,0,0,0,13,16,3,0,0,0,0,0,14,13,0,0,0,0,0,0,15,12,7,2,0,0,0,0,13,16,13,16,3,0,0,0,7,16,11,15,8,0,0,0,1,9,15,11,3,0,6
digit_03831,0,0,7,8,13,16,15,1,0,0,7,7,4,11,12,0,0,0,0,0,8,13,1,0,0,4,8,8,15,15,6,0,0,2,11,15,15,4,0,0,0,0,0,16,5,0,0,0,0,0,9,15,1,0,0,0,0,0,13,5,0,0,0,0,7
digit_03832,0,0,9,14,8,1,0,0,0,0,12,14,14,12,0,0,0,0,9,10,0,15,4,0,0,0,3,16,12,14,2,0,0,0,4,16,16,2,0,0,0,3,16,8,10,13,2,0,0,1,15,1,3,16,8,0,0,0,11,16,15,11,1,0,8
digit_03833,0,0,11,12,0,0,0,0,0,2,16,16,16,13,0,0,0,3,16,12,10,14,0,0,0,1,16,1,12,15,0,0,0,0,13,16,9,15,2,0,0,0,0,3,0,9,11,0,0,0,0,0,9,15,4,0,0,0,9,12,13,3,0,0,9
digit_03834,0,0,1,9,15,11,0,0,0,0,11,16,8,14,6,0,0,2,16,10,0,9,9,0,0,1,16,4,0,8,8,0,0,4,16,4,0,8,8,0,0,1,16,5,1,11,3,0,0,0,12,12,10,10,0,0,0,0,1,10,13,3,0,0,0
digit_03835,0,0,0,0,14,13,1,0,0,0,0,5,16,16,2,0,0,0,0,14,16,12,0,0,0,1,10,16,16,12,0,0,0,3,12,14,16,9,0,0,0,0,0,5,16,15,0,0,0,0,0,4,16,14,0,0,0,0,0,1,13,16,1,0,1
digit_03836,0,0,5,12,1,0,0,0,0,0,15,14,7,0,0,0,0,0,13,1,12,0,0,0,0,2,10,0,14,0,0,0,0,0,2,0,16,1,0,0,0,0,0,6,15,0,0,0,0,0,9,16,15,9,8,2,0,0,3,11,8,13,12,4,2
digit_03837,0,2,9,15,14,9,3,0,0,4,13,8,9,16,8,0,0,0,0,6,14,15,3,0,0,0,0,11,14,2,0,0,0,0,0,2,15,11,0,0,0,0,0,0,2,15,4,0,0,1,5,6,13,16,6,0,0,2,12,12,13,11,0,0,3
digit_03838,0,0,0,8,15,1,0,0,0,0,1,14,13,1,1,0,0,0,10,15,3,15,11,0,0,7,16,7,1,16,8,0,0,9,16,13,14,16,5,0,0,1,10,15,16,14,0,0,0,0,0,1,16,10,0,0,0,0,0,10,15,4,0,0,4
digit_03839,0,5,12,13,16,16,2,0,0,11,16,15,8,4,0,0,0,8,14,11,1,0,0,0,0,8,16,16,14,0,0,0,0,1,6,6,16,0,0,0,0,0,0,5,16,3,0,0,0,1,5,15,13,0,0,0,0,4,15,16,2,0,0,0,5
digit_03840,0,0,0,8,15,1,0,0,0,0,0,12,14,0,0,0,0,0,3,16,7,0,0,0,0,0,6,16,2,0,0,0,0,0,7,16,16,13,5,0,0,0,15,16,9,9,14,0,0,0,3,14,9,2,16,2,0,0,0,7,15,16,11,0,6
digit_03841,0,0,1,8,15,10,0,0,0,3,13,15,14,14,0,0,0,5,10,0,10,12,0,0,0,0,3,5,15,10,2,0,0,0,16,16,16,16,12,0,0,1,8,12,14,8,3,0,0,0,0,10,13,0,0,0,0,0,0,11,9,0,0,0,7
digit_03842,0,0,10,7,13,9,0,0,0,0,9,10,12,15,2,0,0,0,4,11,10,11,0,0,0,0,1,16,10,1,0,0,0,0,12,13,4,0,0,0,0,0,12,1,12,0,0,0,0,1,10,2,14,0,0,0,0,0,11,14,5,0,0,0,8
digit_03843,0,0,6,14,4,0,0,0,0,0,11,16,10,0,0,0,0,0,8,14,16,2,0,0,0,0,1,12,12,11,0,0,0,0,0,0,0,11,3,0,0,0,0,0,0,5,11,0,0,0,1,4,4,7,16,2,0,0,7,16,16,13,11,1,9
digit_03844,0,0,3,13,11,7,0,0,0,0,11,16,16,16,2,0,0,4,16,9,1,14,2,0,0,4,16,0,0,16,2,0,0,0,16,1,0,12,8,0,0,0,15,9,0,13,6,0,0,0,9,14,9,14,1,0,0,0,2,12,13,4,0,0,0
digit_03845,0,0,0,2,16,16,2,0,0,0,0,4,16,16,2,0,0,1,4,12,16,12,0,0,0,7,16,16,16,12,0,0,0,0,3,10,16,14,0,0,0,0,0,8,16,12,0,0,0,0,0,6,16,16,2,0,0,0,0,2,12,15,4,0,1
digit_03846,0,0,8,16,5,0,0,0,0,1,13,11,16,0,0,0,0,0,10,0,13,3,0,0,0,0,3,1,16,1,0,0,0,0,0,9,12,0,0,0,0,0,3,15,5,0,0,0,0,0,14,15,8,8,3,0,0,0,7,12,12,12,13,1,2
digit_03847,0,1,8,12,15,14,4,0,0,3,11,8,8,12,12,0,0,0,0,0,2,13,7,0,0,0,0,2,15,12,1,0,0,0,0,0,13,5,0,0,0,0,0,0,9,13,0,0,0,0,7,8,14,15,0,0,0,0,14,15,11,2,0,0,3
digit_03848,0,0,0,0,12,2,0,0,0,0,0,6,14,1,0,0,0,0,4,16,7,8,0,0,0,0,13,9,0,16,6,0,0,6,16,10,11,16,0,0,0,0,5,10,13,16,0,0,0,0,0,0,6,16,0,0,0,0,0,0,12,8,0,0,4
digit_03849,0,0,12,8,8,7,0,0,0,3,16,16,11,7,0,0,0,2,14,1,0,0,0,0,0,5,14,5,0,0,0,0,0,2,15,16,9,0,0,0,0,0,0,2,16,2,0,0,0,0,4,8,16,4,0,0,0,0,11,14,9,0,0,0,5
digit_03850,0,0,1,13,14,3,0,0,0,0,8,16,13,2,0,0,0,2,16,16,3,0,0,0,0,3,16,12,1,0,0,0,0,5,16,14,5,0,0,0,0,3,16,16,16,16,6,0,0,1,14,16,16,16,12,0,0,0,3,12,15,14,7,0,6
digit_03851,0,0,0,8,14,14,2,0,0,0,0,6,10,15,11,0,0,0,0,0,0,14,10,0,0,2,8,11,12,16,8,0,0,8,16,16,16,16,7,0,0,0,0,0,11,15,1,0,0,0,0,9,16,7,0,0,0,0,0,12,13,1,0,0,7
digit_03852,0,0,10,11,4,0,0,0,0,0,10,15,13,13,1,0,0,0,8,11,0,14,4,0,0,0,0,13,15,13,0,0,0,1,11,16,16,0,0,0,0,1,15,3,9,10,0,0,0,0,14,6,15,10,0,0,0,0,8,14,7,1,0,0,8
digit_03853,0,0,9,13,7,0,0,0,0,0,12,16,16,2,0,0,0,0,12,13,16,6,0,0,0,0,6,16,16,14,0,0,0,0,0,0,2,16,3,0,0,0,0,0,0,9,10,0,0,0,3,7,12,14,16,2,0,0,7,12,12,12,11,0,9
digit_03854,0,0,10,14,11,3,0,0,0,4,16,13,6,14,1,0,0,4,16,2,0,11,7,0,0,8,16,0,0,10,5,0,0,8,16,0,0,14,4,0,0,8,16,0,1,16,1,0,0,4,16,1,11,15,0,0,0,0,11,16,12,3,0,0,0
digit_03855,0,0,2,13,8,0,0,0,0,0,6,16,16,6,0,0,0,0,5,15,13,11,0,0,0,0,0,7,16,15,0,0,0,0,0,0,0,14,3,0,0,0,0,0,0,7,11,0,0,0,0,3,4,4,16,2,0,0,2,15,13,14,13,2,9
digit_03856,0,2,13,16,16,16,11,0,0,5,16,10,5,4,1,0,0,6,16,7,3,0,0,0,0,9,16,16,16,6,0,0,0,3,8,4,11,15,0,0,0,0,0,1,12,15,0,0,0,0,4,13,16,6,0,0,0,2,16,15,8,0,0,0,5
digit_03857,0,6,13,5,8,8,1,0,0,8,16,16,16,16,6,0,0,6,16,9,6,4,0,0,0,6,16,16,15,5,0,0,0,0,4,5,15,12,0,0,0,0,0,3,16,9,0,0,0,1,8,13,15,3,0,0,0,4,16,15,3,0,0,0,5
digit_03858,0,0,0,5,14,2,0,0,0,0,1,13,11,0,0,0,0,0,5,16,2,0,0,0,0,0,6,15,5,0,0,0,0,1,15,16,15,11,1,0,0,2,13,14,1,12,9,0,0,0,4,16,7,13,9,0,0,0,0,5,16,15,3,0,6
digit_03859,0,3,15,8,8,6,0,0,0,4,16,16,16,13,2,0,0,3,16,9,2,0,0,0,0,2,16,16,15,3,0,0,0,0,7,6,12,9,0,0,0,0,0,1,14,10,0,0,0,0,5,14,15,2,0,0,0,1,15,14,1,0,0,0,5
digit_03860,0,0,6,14,10,2,0,0,0,0,15,15,13,15,3,0,0,2,16,10,0,13,9,0,0,1,16,5,0,12,5,0,0,0,16,3,0,13,6,0,0,1,15,5,6,13,1,0,0,0,16,11,14,10,0,0,0,0,7,16,11,1,0,0,0
digit_03861,0,0,13,10,1,0,0,0,0,5,16,14,7,0,0,0,0,4,16,8,14,0,0,0,0,2,14,16,16,6,0,0,0,0,1,4,9,13,1,0,0,0,0,0,0,13,6,0,0,0,5,8,5,9,14,0,0,0,13,13,15,16,13,0,9
digit_03862,0,0,7,7,13,16,4,0,0,0,13,13,6,12,7,0,0,0,10,4,10,11,1,0,0,0,8,16,10,0,0,0,0,3,14,16,0,0,0,0,0,8,8,11,5,0,0,0,0,4,10,9,8,0,0,0,0,1,11,16,6,0,0,0,8
digit_03863,0,1,9,16,13,7,0,0,0,7,14,4,10,12,0,0,0,6,15,9,16,11,0,0,0,0,9,11,7,14,0,0,0,0,0,0,0,15,2,0,0,0,0,0,0,11,6,0,0,3,13,8,5,14,5,0,0,0,9,14,13,10,1,0,9
digit_03864,0,0,11,10,12,4,0,0,0,0,12,13,9,16,1,0,0,0,7,13,11,16,0,0,0,0,1,16,14,4,0,0,0,0,10,16,13,0,0,0,0,0,14,7,12,7,0,0,0,4,14,4,12,13,0,0,0,1,11,14,12,4,0,0,8
digit_03865,0,0,0,9,15,1,0,0,0,0,4,16,12,0,0,0,0,0,15,14,2,11,3,0,0,4,16,9,4,16,10,0,0,9,16,11,13,16,2,0,0,0,9,16,16,14,0,0,0,0,0,8,16,6,0,0,0,0,0,9,16,2,0,0,4
digit_03866,0,0,0,0,12,5,0,0,0,0,0,2,16,12,0,0,0,0,1,12,16,11,0,0,0,2,12,16,16,10,0,0,0,6,11,5,15,6,0,0,0,0,0,1,16,9,0,0,0,0,0,2,16,11,0,0,0,0,0,3,16,8,0,0,1
digit_03867,0,0,0,9,15,12,0,0,0,0,4,7,7,14,0,0,0,0,0,0,0,13,3,0,0,4,9,8,10,13,1,0,0,4,16,15,16,16,6,0,0,0,0,0,14,3,0,0,0,0,0,9,12,0,0,0,0,0,0,11,7,0,0,0,7
digit_03868,0,0,9,16,16,16,5,0,0,1,14,10,8,16,8,0,0,0,0,0,7,16,3,0,0,3,8,11,15,16,11,0,0,8,16,16,15,11,3,0,0,0,2,16,7,0,0,0,0,0,8,16,1,0,0,0,0,0,13,10,0,0,0,0,7
digit_03869,0,0,9,16,13,6,0,0,0,0,6,5,16,16,0,0,0,0,0,8,15,5,0,0,0,0,0,5,14,3,0,0,0,0,0,0,9,15,2,0,0,0,0,0,0,11,12,0,0,0,4,8,11,15,12,0,0,0,11,14,12,8,0,0,3
digit_03870,0,1,15,4,0,0,0,0,0,2,16,16,16,14,2,0,0,6,16,11,8,8,3,0,0,5,16,11,5,0,0,0,0,0,11,14,14,1,0,0,0,0,0,5,16,7,0,0,0,0,6,16,16,4,0,0,0,0,14,14,4,0,0,0,5
digit_03871,0,0,0,1,11,9,0,0,0,0,0,7,16,13,0,0,0,0,4,14,16,9,0,0,0,10,16,11,16,8,0,0,0,0,0,3,16,6,0,0,0,0,0,3,16,8,0,0,0,0,0,5,16,10,0,0,0,0,0,2,14,6,0,0,1
digit_03872,0,0,2,15,13,3,0,0,0,0,10,15,11,15,0,0,0,3,16,6,0,10,0,0,0,4,16,8,0,3,8,0,0,8,14,3,0,4,8,0,0,3,15,1,0,3,7,0,0,0,14,11,6,14,5,0,0,0,4,12,15,6,0,0,0
digit_03873,0,0,1,15,13,1,0,0,0,0,7,16,14,8,0,0,0,8,12,9,2,13,2,0,0,7,9,1,0,6,6,0,0,5,9,0,0,3,9,0,0,0,15,2,0,8,12,0,0,0,9,15,13,16,6,0,0,0,0,13,14,8,0,0,0
digit_03874,0,0,0,5,14,12,2,0,0,0,7,15,8,14,4,0,0,0,6,2,3,13,1,0,0,0,0,1,13,4,0,0,0,0,1,11,9,0,0,0,0,8,16,13,0,0,0,0,0,5,14,16,11,2,0,0,0,0,0,6,12,13,3,0,2
digit_03875,0,0,0,3,15,10,1,0,0,0,0,11,10,16,4,0,0,0,0,12,1,15,6,0,0,0,0,3,4,15,4,0,0,0,0,6,15,6,0,0,0,4,15,16,9,0,0,0,0,0,13,16,15,9,3,0,0,0,0,4,9,14,7,0,2
digit_03876,0,0,3,12,16,16,6,0,0,0,10,11,7,16,11,0,0,0,0,0,2,14,10,0,0,5,11,8,9,16,3,0,0,9,16,16,16,16,9,0,0,1,4,9,16,6,0,0,0,0,0,11,14,0,0,0,0,0,4,16,5,0,0,0,7
digit_03877,0,0,4,8,16,5,0,0,0,0,9,16,8,11,0,0,0,0,5,10,0,13,2,0,0,0,0,13,4,15,2,0,0,0,0,9,16,8,0,0,0,0,8,15,14,5,0,0,0,0,16,5,14,4,0,0,0,0,6,16,12,1,0,0,8
digit_03878,0,0,0,1,14,14,3,0,0,0,0,10,11,13,8,0,0,0,0,7,0,13,8,0,0,0,0,0,7,15,1,0,0,4,8,12,15,4,0,0,0,6,16,16,6,0,0,0,0,0,2,12,12,4,2,0,0,0,0,1,13,16,5,0,2
digit_03879,0,0,2,14,15,5,0,0,0,0,10,16,16,15,1,0,0,3,16,10,10,16,4,0,0,5,16,0,0,14,6,0,0,5,16,6,0,12,7,0,0,1,15,13,4,13,6,0,0,0,11,16,16,15,0,0,0,0,2,11,13,4,0,0,0
digit_03880,0,0,0,0,12,13,1,0,0,0,0,8,16,15,2,0,0,0,10,16,16,12,0,0,0,4,16,16,16,13,0,0,0,4,7,4,16,6,0,0,0,0,0,1,16,8,0,0,0,0,0,1,16,8,0,0,0,0,0,0,12,12,0,0,1
digit_03881,0,0,0,1,9,11,0,0,0,0,0,13,16,16,0,0,0,0,0,12,7,14,0,0,0,0,0,0,14,7,0,0,0,0,5,12,12,0,0,0,0,7,16,16,6,0,0,0,0,4,9,13,16,11,4,0,0,0,0,0,9,13,3,0,2
digit_03882,0,0,0,10,13,1,0,0,0,1,11,12,7,0,0,0,0,2,16,12,0,0,0,0,0,4,16,11,0,0,0,0,0,4,16,15,8,4,0,0,0,4,16,16,13,16,6,0,0,0,7,16,7,13,14,0,0,0,0,7,15,15,5,0,6
digit_03883,0,1,10,15,11,1,0,0,0,3,8,8,11,12,0,0,0,0,0,5,14,15,1,0,0,0,0,11,15,2,0,0,0,0,0,4,15,2,0,0,0,0,0,0,12,10,0,0,0,0,3,4,10,16,1,0,0,0,13,16,15,10,0,0,3
digit_03884,0,0,10,15,14,4,0,0,0,0,4,6,13,16,2,0,0,0,0,3,16,9,0,0,0,0,0,1,16,6,0,0,0,0,0,0,10,12,0,0,0,0,0,0,1,16,4,0,0,1,9,5,6,16,7,0,0,0,14,12,15,11,2,0,3
digit_03885,0,0,6,13,16,6,0,0,0,3,16,14,15,16,1,0,0,0,5,0,8,16,2,0,0,0,0,0,8,16,3,0,0,3,15,16,16,16,9,0,0,5,13,14,16,11,3,0,0,0,0,12,15,1,0,0,0,0,4,16,7,0,0,0,7
digit_03886,0,0,14,16,14,6,0,0,0,0,7,10,16,16,3,0,0,0,0,5,16,16,1,0,0,0,0,2,16,8,0,0,0,0,0,0,12,13,1,0,0,0,0,0,4,16,7,0,0,0,5,9,14,16,7,0,0,0,13,16,16,10,1,0,3
digit_03887,0,3,16,16,14,7,1,0,0,1,9,9,15,16,4,0,0,0,0,7,16,12,1,0,0,0,0,9,16,2,0,0,0,0,0,3,15,7,0,0,0,0,0,0,9,15,0,0,0,1,10,10,16,16,3,0,0,2,13,16,12,5,0,0,3
digit_03888,0,0,0,6,16,4,0,0,0,0,1,13,15,1,0,0,0,1,11,16,5,0,0,0,0,8,16,10,0,10,6,0,0,12,16,8,9,16,12,0,0,2,15,16,16,16,7,0,0,0,0,4,16,11,0,0,0,0,0,7,16,3,0,0,4
digit_03889,0,0,0,9,10,0,0,0,0,0,7,16,7,0,0,0,0,0,13,13,1,0,0,0,0,0,15,7,0,0,0,0,0,4,16,15,12,7,0,0,0,2,16,12,4,11,10,0,0,0,8,14,5,9,14,0,0,0,0,6,12,14,9,0,6
digit_03890,0,0,0,10,11,0,0,0,0,0,9,16,6,0,0,0,0,0,15,13,0,0,0,0,0,0,14,10,0,0,0,0,0,1,15,12,8,2,0,0,0,0,12,16,16,16,10,1,0,0,7,16,12,12,16,4,0,0,0,9,15,12,5,0,6
digit_03891,0,0,5,14,0,0,0,0,0,0,12,9,0,0,0,0,0,0,15,3,0,0,0,0,0,1,16,0,0,0,0,0,0,1,16,2,7,4,0,0,0,3,16,16,16,16,9,0,0,0,15,15,4,10,16,0,0,0,4,14,16,12,7,0,6
digit_03892,0,0,0,9,9,0,0,0,0,0,3,16,9,0,0,0,0,3,14,10,0,2,0,0,0,10,16,5,7,15,1,0,0,2,11,15,16,13,1,0,0,0,0,7,16,3,0,0,0,0,0,6,15,0,0,0,0,0,0,4,16,5,0,0,4
digit_03893,0,0,6,12,13,6,0,0,0,6,16,9,12,16,2,0,0,7,16,9,15,13,0,0,0,0,11,15,16,4,0,0,0,0,0,12,10,0,0,0,0,0,3,16,4,0,0,0,0,0,1,16,2,0,0,0,0,0,6,11,0,0,0,0,9
digit_03894,0,0,0,0,14,7,0,0,0,0,0,13,16,9,0,0,0,0,10,16,16,7,0,0,0,7,16,8,16,2,0,0,0,1,5,6,16,6,0,0,0,0,0,4,16,6,0,0,0,0,0,2,16,6,0,0,0,0,0,0,12,11,0,0,1
digit_03895,0,1,13,15,12,12,5,0,0,4,16,8,8,6,0,0,0,7,13,0,0,0,0,0,0,8,15,13,15,7,0,0,0,1,6,5,8,12,0,0,0,0,0,0,12,11,0,0,0,0,2,13,14,1,0,0,0,3,14,10,1,0,0,0,5
digit_03896,0,0,1,13,10,0,0,0,0,7,16,16,16,7,0,0,0,8,16,13,10,15,0,0,0,8,16,2,2,15,3,0,0,5,15,2,0,12,7,0,0,1,15,6,2,16,3,0,0,0,11,15,13,16,0,0,0,0,1,15,14,8,0,0,0
digit_03897,0,1,12,13,4,0,0,0,0,4,16,16,16,3,0,0,0,4,16,16,16,10,0,0,0,0,6,16,14,16,0,0,0,0,0,0,0,16,4,0,0,0,0,0,0,13,7,0,0,1,2,3,7,14,10,0,0,2,12,16,14,12,3,0,9
digit_03898,0,0,13,13,8,2,0,0,0,5,16,16,16,12,0,0,0,1,15,12,0,0,0,0,0,0,12,13,7,1,0,0,0,0,8,16,16,12,0,0,0,0,0,4,9,16,3,0,0,0,1,5,14,15,1,0,0,0,10,16,16,6,0,0,5
digit_03899,0,0,0,0,9,13,0,0,0,0,0,2,16,16,1,0,0,0,0,5,9,15,0,0,0,0,0,0,5,14,0,0,0,0,0,3,15,7,0,0,0,7,16,16,11,0,0,0,0,0,11,14,16,7,3,0,0,0,0,0,9,15,9,0,2
digit_03900,0,3,5,14,13,6,0,0,0,9,16,12,10,12,0,0,0,6,16,3,12,11,0,0,0,1,13,10,16,6,0,0,0,0,10,16,10,0,0,0,0,1,15,16,10,0,0,0,0,0,16,12,16,0,0,0,0,0,3,15,16,5,0,0,8
digit_03901,0,0,0,0,11,15,4,0,0,0,0,3,16,16,12,0,0,0,0,8,14,16,12,0,0,0,0,5,10,16,6,0,0,1,7,11,16,13,0,0,0,9,16,16,14,1,0,0,0,3,8,14,16,9,0,0,0,0,0,1,11,16,12,0,2
digit_03902,0,0,10,12,10,0,0,0,0,3,16,16,16,4,0,0,0,7,15,3,8,13,0,0,0,8,12,0,0,14,1,0,0,8,12,0,0,7,8,0,0,5,13,0,0,4,8,0,0,0,14,8,0,10,8,0,0,0,7,12,13,12,4,0,0
digit_03903,0,0,4,14,11,0,0,0,0,3,15,15,16,9,0,0,0,8,13,0,3,15,1,0,0,8,12,0,0,8,6,0,0,8,12,0,0,8,8,0,0,5,13,1,0,8,8,0,0,2,15,14,12,15,6,0,0,0,5,16,15,8,0,0,0
digit_03904,0,0,0,1,14,13,1,0,0,0,0,1,16,16,3,0,0,5,11,15,16,16,0,0,0,4,15,16,16,15,0,0,0,0,0,8,16,7,0,0,0,0,0,10,16,3,0,0,0,0,0,8,16,6,0,0,0,0,0,2,13,15,2,0,1
digit_03905,0,0,3,14,16,14,0,0,0,0,13,13,13,16,2,0,0,0,1,0,9,15,0,0,0,0,9,12,15,16,10,0,0,4,16,16,16,11,3,0,0,0,4,9,14,2,0,0,0,0,2,15,9,0,0,0,0,0,4,13,1,0,0,0,7
digit_03906,0,0,0,10,15,3,0,0,0,0,7,16,11,0,0,0,0,0,13,15,1,0,0,0,0,0,15,11,0,0,0,0,0,0,16,13,8,1,0,0,0,0,15,16,16,15,6,0,0,0,10,16,14,16,14,2,0,0,1,9,15,16,11,0,6
digit_03907,0,2,13,15,10,4,0,0,0,0,5,4,13,15,2,0,0,0,0,0,11,16,4,0,0,0,0,0,16,12,0,0,0,0,0,0,13,11,0,0,0,0,0,0,8,13,0,0,0,1,6,8,14,12,0,0,0,2,12,14,11,1,0,0,3
digit_03908,0,1,13,15,2,0,0,0,0,6,15,15,9,0,0,0,0,9,8,10,13,0,0,0,0,5,3,12,12,0,0,0,0,0,3,16,6,0,0,0,0,5,15,15,1,0,0,0,0,6,16,15,12,12,11,0,0,1,11,13,16,16,12,0,2
digit_03909,0,0,0,1,16,5,0,0,0,0,0,5,16,11,0,0,0,0,0,12,16,11,0,0,0,7,12,16,16,7,0,0,0,4,8,12,16,4,0,0,0,0,0,9,16,2,0,0,0,0,0,10,16,2,0,0,0,0,0,3,13,5,0,0,1
digit_03910,0,0,2,7,15,13,1,0,0,0,14,12,9,14,8,0,0,0,2,0,0,12,8,0,0,0,0,0,0,13,6,0,0,5,16,16,16,16,5,0,0,2,5,7,13,14,2,0,0,0,0,1,15,5,0,0,0,0,0,11,9,0,0,0,7
digit_03911,0,0,0,9,16,4,0,0,0,1,9,16,13,2,0,0,0,14,16,14,8,0,0,0,1,15,15,5,16,9,0,0,0,5,16,16,16,8,0,0,0,0,2,13,16,1,0,0,0,0,0,11,13,0,0,0,0,0,0,11,13,0,0,0,4
digit_03912,0,0,0,10,11,0,0,0,0,0,3,16,10,0,0,0,0,0,8,16,0,0,0,0,0,0,12,14,0,0,0,0,0,0,14,16,15,6,0,0,0,0,12,16,12,15,6,0,0,0,7,16,10,13,14,0,0,0,0,9,13,11,6,0,6
digit_03913,0,0,13,16,15,4,0,0,0,0,9,8,13,16,3,0,0,0,0,0,13,16,7,0,0,0,0,1,16,12,0,0,0,0,0,0,15,10,0,0,0,0,0,0,8,15,0,0,0,0,3,6,15,16,7,0,0,0,15,16,16,11,1,0,3
digit_03914,0,0,0,1,12,8,1,0,0,0,0,4,16,16,1,0,0,0,1,13,16,11,0,0,0,1,11,16,16,12,0,0,0,2,12,8,16,10,0,0,0,0,0,0,15,8,0,0,0,0,0,4,16,4,0,0,0,0,0,3,13,4,0,0,1
digit_03915,0,4,14,16,16,12,1,0,0,2,12,7,14,16,6,0,0,0,0,5,16,10,0,0,0,0,0,4,16,7,0,0,0,0,0,4,16,6,0,0,0,0,0,1,15,11,0,0,0,1,8,10,16,10,0,0,0,5,16,16,15,1,0,0,3
digit_03916,0,0,9,13,14,5,0,0,0,4,16,10,13,16,0,0,0,0,13,15,14,16,1,0,0,0,0,3,7,16,3,0,0,0,0,0,4,16,0,0,0,0,0,0,1,16,3,0,0,1,15,5,8,16,2,0,0,0,7,15,16,9,0,0,9
digit_03917,0,0,0,11,16,5,0,0,0,0,0,10,16,5,0,0,0,0,4,16,16,5,0,0,0,11,16,16,16,3,0,0,0,5,8,14,16,2,0,0,0,0,0,14,16,2,0,0,0,0,0,11,16,2,0,0,0,0,0,8,16,8,0,0,1
digit_03918,0,0,3,12,16,10,0,0,0,2,14,12,12,12,0,0,0,5,10,0,10,11,0,0,0,0,0,1,14,9,2,0,0,0,8,16,16,16,10,0,0,0,6,16,13,7,0,0,0,0,0,16,5,0,0,0,0,0,5,13,0,0,0,0,7
digit_03919,0,0,0,11,16,8,0,0,0,0,6,16,13,3,0,0,0,0,8,16,8,0,0,0,0,0,13,16,2,0,0,0,0,0,15,16,5,0,0,0,0,2,16,16,16,5,0,0,0,1,10,16,16,14,0,0,0,0,0,12,16,15,0,0,6
digit_03920,0,1,9,16,15,10,0,0,0,6,16,8,7,16,3,0,0,0,11,14,16,11,1,0,0,1,13,16,6,0,0,0,0,8,15,16,3,0,0,0,0,5,14,10,11,0,0,0,0,0,15,7,16,3,0,0,0,0,11,16,8,0,0,0,8
digit_03921,0,0,0,3,14,1,0,0,0,0,0,13,12,1,0,0,0,0,7,16,5,3,0,0,0,3,15,11,5,16,2,0,0,5,16,11,11,16,6,0,0,0,6,12,16,13,3,0,0,0,0,1,15,7,0,0,0,0,0,2,16,7,0,0,4
digit_03922,0,2,15,16,16,13,2,0,0,1,10,8,14,16,8,0,0,0,0,0,16,15,1,0,0,0,0,0,16,8,0,0,0,0,0,0,14,14,0,0,0,0,0,0,11,16,1,0,0,2,14,13,16,16,3,0,0,2,15,16,14,5,0,0,3
digit_03923,0,0,1,15,13,0,0,0,0,0,1,16,16,5,0,0,0,0,7,16,16,0,0,0,0,0,13,16,13,0,0,0,0,7,16,16,13,0,0,0,0,1,11,16,13,0,0,0,0,0,2,16,16,0,0,0,0,0,1,14,16,3,0,0,1
digit_03924,0,0,0,2,13,0,0,0,0,0,0,8,15,0,0,0,0,0,5,16,5,2,0,0,0,0,15,12,1,16,4,0,0,4,16,2,9,16,8,0,0,0,10,14,16,16,4,0,0,0,0,0,13,8,0,0,0,0,0,0,13,6,0,0,4
digit_03925,0,0,1,12,5,0,0,0,0,0,9,16,14,3,0,0,0,2,16,14,11,13,0,0,0,2,16,10,0,14,4,0,0,4,16,0,0,12,4,0,0,4,16,3,0,11,10,0,0,0,13,12,8,14,6,0,0,0,3,10,16,12,1,0,0
digit_03926,0,0,12,16,16,8,0,0,0,3,16,13,8,5,0,0,0,2,16,3,0,0,0,0,0,0,16,13,9,0,0,0,0,0,10,16,16,7,0,0,0,0,0,1,10,13,0,0,0,0,2,11,16,10,0,0,0,0,11,16,12,0,0,0,5
digit_03927,0,4,13,16,16,12,3,0,0,3,7,4,13,16,6,0,0,0,0,8,15,5,0,0,0,0,0,12,8,0,0,0,0,0,0,7,12,0,0,0,0,0,0,4,12,0,0,0,0,1,7,12,11,0,0,0,0,3,15,12,2,0,0,0,3
digit_03928,0,0,0,8,14,4,0,0,0,0,7,16,7,0,0,0,0,0,14,10,0,0,0,0,0,1,16,6,0,0,0,0,0,3,16,16,10,0,0,0,0,2,16,12,14,6,0,0,0,0,12,15,11,10,0,0,0,0,0,10,13,8,0,0,6
digit_03929,0,0,9,15,5,0,0,0,0,0,13,14,13,7,0,0,0,0,6,14,10,13,1,0,0,0,0,9,12,15,5,0,0,0,0,0,0,10,10,0,0,0,0,0,0,7,14,0,0,0,3,8,9,15,15,0,0,0,5,12,12,9,1,0,9
digit_03930,0,0,0,5,11,1,0,0,0,0,0,14,14,2,0,0,0,0,5,16,5,0,0,0,0,0,8,15,2,0,0,0,0,0,10,13,0,0,0,0,0,0,14,16,16,8,0,0,0,0,6,16,9,15,6,0,0,0,0,6,14,16,8,0,6
digit_03931,0,0,0,0,6,10,0,0,0,0,0,0,14,15,0,0,0,0,0,10,16,16,0,0,0,0,7,16,16,15,0,0,0,3,15,7,15,10,0,0,0,0,0,0,13,11,0,0,0,0,0,0,15,9,0,0,0,0,0,0,8,15,0,0,1
digit_03932,0,0,2,11,16,4,0,0,0,0,12,9,11,15,1,0,0,0,2,0,4,16,0,0,0,0,0,2,8,15,1,0,0,4,16,16,16,15,7,0,0,3,6,4,16,3,0,0,0,0,0,6,11,0,0,0,0,0,0,12,7,0,0,0,7
digit_03933,0,0,15,16,16,12,2,0,0,2,16,15,12,12,3,0,0,4,16,8,0,0,0,0,0,8,16,12,4,0,0,0,0,0,12,16,16,0,0,0,0,0,0,3,16,8,0,0,0,2,6,9,16,8,0,0,0,1,15,16,15,3,0,0,5
digit_03934,0,0,0,10,15,0,0,0,0,0,11,15,3,0,0,0,0,7,15,4,0,0,0,0,0,12,11,1,3,8,2,0,0,4,12,15,15,16,9,0,0,0,0,8,16,8,2,0,0,0,0,10,12,0,0,0,0,0,0,12,9,0,0,0,4
digit_03935,0,0,1,10,9,0,0,0,0,0,9,15,4,0,0,0,0,1,16,5,0,0,0,0,0,4,16,1,4,14,4,0,0,4,16,12,14,16,5,0,0,0,1,7,16,9,0,0,0,0,0,2,16,4,0,0,0,0,0,10,13,0,0,0,4
digit_03936,0,0,3,11,16,13,0,0,0,3,15,15,13,16,0,0,0,6,8,2,9,14,0,0,0,0,4,7,15,14,5,0,0,4,16,16,16,14,6,0,0,1,8,13,12,0,0,0,0,0,1,16,4,0,0,0,0,0,3,15,1,0,0,0,7
digit_03937,0,0,2,16,13,1,0,0,0,0,6,15,16,7,0,0,0,0,3,6,16,8,0,0,0,0,0,3,16,6,0,0,0,0,1,13,13,0,0,0,0,6,14,16,4,0,0,0,0,9,16,16,13,10,3,0,0,0,4,11,15,16,10,0,2
digit_03938,0,0,4,9,13,5,0,0,0,1,16,16,12,11,0,0,0,0,11,8,5,16,0,0,0,0,7,10,13,10,0,0,0,0,4,16,13,0,0,0,0,0,13,15,12,0,0,0,0,0,11,9,14,5,0,0,0,0,0,10,16,8,0,0,8
digit_03939,0,0,0,8,15,8,0,0,0,0,3,16,12,16,4,0,0,0,2,10,1,16,4,0,0,0,0,0,8,14,0,0,0,0,0,9,15,3,0,0,0,3,16,14,4,0,0,0,0,4,15,14,7,1,0,0,0,0,0,9,12,14,4,0,2
digit_03940,0,0,1,10,16,8,0,0,0,0,11,13,10,16,0,0,0,0,12,1,4,16,1,0,0,0,1,0,13,7,0,0,0,0,0,9,12,0,0,0,0,2,13,15,1,0,0,0,0,4,15,14,7,4,0,0,0,0,1,11,14,15,5,0,2
digit_03941,0,2,15,16,16,14,2,0,0,3,16,14,9,10,1,0,0,7,16,6,0,0,0,0,0,3,14,15,6,0,0,0,0,0,1,13,12,0,0,0,0,0,0,8,16,0,0,0,0,0,9,16,11,0,0,0,0,3,16,13,1,0,0,0,5
digit_03942,0,0,9,12,15,15,2,0,0,1,15,14,11,16,7,0,0,0,2,0,2,16,4,0,0,0,2,4,10,15,2,0,0,0,13,16,16,16,9,0,0,0,13,16,10,1,0,0,0,0,6,16,1,0,0,0,0,0,11,9,0,0,0,0,7
digit_03943,0,0,0,12,14,1,0,0,0,0,9,16,10,5,0,0,0,0,8,13,5,14,0,0,0,0,2,14,16,16,4,0,0,0,0,0,4,10,10,0,0,0,0,0,0,4,16,0,0,0,2,6,4,9,16,0,0,0,1,11,16,15,7,0,9
digit_03944,0,0,6,13,2,0,0,0,0,4,16,16,16,11,0,0,0,0,12,11,1,6,1,0,0,0,12,14,10,2,0,0,0,0,1,8,12,12,0,0,0,0,0,0,9,14,0,0,0,0,4,9,16,5,0,0,0,0,9,14,4,0,0,0,5
digit_03945,0,0,0,12,13,0,0,0,0,0,5,16,10,0,0,0,0,6,16,13,11,12,2,0,0,12,16,10,15,16,9,0,0,4,14,16,16,12,4,0,0,0,0,14,13,0,0,0,0,0,0,14,12,0,0,0,0,0,0,11,13,0,0,0,4
digit_03946,0,0,3,6,14,5,0,0,0,0,7,15,15,13,0,0,0,0,3,14,13,12,0,0,0,0,0,16,13,1,0,0,0,0,2,16,8,0,0,0,0,0,10,9,14,0,0,0,0,0,12,4,15,2,0,0,0,0,4,15,14,0,0,0,8
digit_03947,0,0,5,14,15,4,0,0,0,0,8,16,16,14,0,0,0,0,5,16,16,9,0,0,0,0,0,15,16,1,0,0,0,0,1,16,13,0,0,0,0,0,11,15,14,5,0,0,0,0,12,12,8,15,1,0,0,0,5,16,16,16,2,0,8
digit_03948,0,0,0,8,14,0,0,0,0,0,5,16,11,0,0,0,0,1,15,14,1,6,0,0,0,7,16,5,3,16,8,0,0,8,16,8,14,16,2,0,0,0,6,14,16,11,0,0,0,0,0,6,16,4,0,0,0,0,0,10,15,0,0,0,4
digit_03949,0,0,12,16,7,0,0,0,0,2,16,5,12,3,0,0,0,0,14,6,3,16,2,0,0,0,2,14,16,12,0,0,0,0,0,0,10,10,0,0,0,0,0,0,10,8,0,0,0,0,8,2,13,7,0,0,0,0,11,16,16,3,0,0,9
digit_03950,0,0,3,12,10,1,0,0,0,1,16,16,16,10,0,0,0,5,16,13,6,16,1,0,0,5,16,7,0,13,3,0,0,5,16,4,0,13,7,0,0,1,16,8,0,14,7,0,0,0,13,14,13,16,3,0,0,0,2,13,15,6,0,0,0
digit_03951,0,0,5,4,9,10,0,0,0,0,10,8,11,16,2,0,0,0,8,12,14,14,1,0,0,0,5,15,7,0,0,0,0,0,14,12,0,0,0,0,0,1,14,13,3,0,0,0,0,0,12,13,5,0,0,0,0,0,7,16,5,0,0,0,8
digit_03952,0,0,1,11,15,8,0,0,0,0,12,14,10,16,5,0,0,0,16,7,13,16,4,0,0,0,9,15,13,16,4,0,0,0,0,0,1,15,4,0,0,0,0,0,0,16,4,0,0,8,16,14,9,16,4,0,0,0,2,10,15,15,2,0,9
digit_03953,0,0,7,13,15,5,0,0,0,0,8,16,16,12,0,0,0,0,7,16,15,3,0,0,0,0,6,16,5,0,0,0,0,0,5,16,2,0,0,0,0,0,8,16,6,0,0,0,0,0,12,12,13,0,0,0,0,0,5,13,10,0,0,0,8
digit_03954,0,0,2,12,9,0,0,0,0,0,11,15,12,5,0,0,0,0,15,5,0,14,0,0,0,2,15,1,0,9,7,0,0,4,10,0,0,7,8,0,0,0,12,0,0,8,10,0,0,2,15,5,10,16,1,0,0,0,5,14,12,4,0,0,0
digit_03955,0,0,0,0,5,15,8,0,0,0,0,2,15,16,9,0,0,0,3,15,16,16,10,0,0,7,16,10,8,16,7,0,0,0,1,0,8,16,4,0,0,0,0,0,11,16,1,0,0,0,0,0,9,16,1,0,0,0,0,0,8,14,0,0,1
digit_03956,0,2,15,16,6,0,0,0,0,5,16,15,14,0,0,0,0,5,13,10,14,0,0,0,0,0,0,12,12,0,0,0,0,0,1,16,7,0,0,0,0,0,10,15,2,0,0,0,0,3,16,10,8,6,1,0,0,2,15,16,16,16,7,0,2
digit_03957,0,3,16,16,12,12,6,0,0,0,4,4,5,14,8,0,0,0,0,0,11,11,0,0,0,0,0,4,16,3,0,0,0,0,0,0,12,11,0,0,0,0,0,0,9,14,0,0,0,0,3,7,15,4,0,0,0,3,16,14,4,0,0,0,3
digit_03958,0,0,0,3,16,3,0,0,0,0,0,12,16,2,0,0,0,0,8,16,16,4,0,0,0,7,16,15,16,12,11,0,0,8,16,16,16,13,3,0,0,0,0,7,14,1,0,0,0,0,0,6,16,0,0,0,0,0,0,4,14,0,0,0,4
digit_03959,0,4,16,16,16,10,3,0,0,12,16,9,8,12,3,0,0,10,16,2,0,0,0,0,0,3,16,12,0,0,0,0,0,0,7,16,9,0,0,0,0,0,0,12,16,1,0,0,0,3,10,15,15,1,0,0,0,4,16,13,3,0,0,0,5
digit_03960,0,0,2,15,4,0,0,0,0,0,11,13,0,0,0,0,0,0,16,6,0,0,0,0,0,3,16,7,0,0,0,0,0,4,16,16,15,5,0,0,0,4,16,5,3,13,7,0,0,1,14,9,0,8,13,0,0,0,2,13,16,16,8,0,6
digit_03961,0,0,2,15,15,3,0,0,0,0,8,14,16,11,0,0,0,0,0,0,11,14,0,0,0,0,0,0,11,14,3,0,0,0,4,12,16,16,7,0,0,0,11,16,12,1,0,0,0,0,1,14,6,0,0,0,0,0,4,12,1,0,0,0,7
digit_03962,0,0,5,12,13,2,0,0,0,3,16,14,16,13,1,0,0,4,16,9,16,12,1,0,0,1,9,16,15,1,0,0,0,1,13,16,16,5,0,0,0,3,16,5,12,16,0,0,0,3,15,7,14,12,0,0,0,0,6,16,13,3,0,0,8
digit_03963,0,0,5,15,5,0,0,0,0,0,12,11,13,8,0,0,0,0,11,9,10,16,0,0,0,0,3,15,16,16,1,0,0,0,0,0,0,14,6,0,0,0,0,0,0,13,8,0,0,0,6,3,0,14,6,0,0,0,2,13,16,15,3,0,9
digit_03964,0,0,12,9,12,1,0,0,0,0,14,16,16,8,0,0,0,3,16,9,3,15,2,0,0,4,16,1,0,16,5,0,0,5,12,0,0,16,5,0,0,3,14,1,4,16,4,0,0,0,15,12,14,14,0,0,0,0,7,12,12,2,0,0,0
digit_03965,0,0,0,0,7,13,5,0,0,0,0,0,15,16,8,0,0,0,1,13,16,16,3,0,0,0,12,16,16,16,0,0,0,8,16,3,16,13,0,0,0,2,3,0,16,12,0,0,0,0,0,0,16,13,0,0,0,0,0,0,8,12,0,0,1
digit_03966,0,0,13,14,8,1,0,0,0,1,16,16,16,6,0,0,0,0,3,5,16,8,0,0,0,0,0,9,16,2,0,0,0,0,1,16,9,0,0,0,0,1,16,13,0,0,0,0,0,5,16,11,4,4,0,0,0,1,13,14,12,12,0,0,2
digit_03967,0,6,16,16,15,7,0,0,0,2,11,12,16,16,5,0,0,0,0,0,14,15,2,0,0,0,0,1,16,11,0,0,0,0,0,0,14,14,0,0,0,0,0,0,5,16,9,0,0,0,3,7,12,16,7,0,0,3,16,16,15,11,1,0,3
digit_03968,0,0,0,5,14,0,0,0,0,0,1,15,13,0,0,0,0,0,9,16,13,0,0,0,0,5,16,15,13,0,0,0,0,8,16,16,16,15,9,0,0,0,4,10,14,8,5,0,0,0,0,8,12,0,0,0,0,0,0,7,10,0,0,0,4
digit_03969,0,4,15,16,16,16,4,0,0,4,16,15,9,7,1,0,0,0,15,14,1,0,0,0,0,0,5,16,9,0,0,0,0,0,0,14,16,0,0,0,0,0,0,9,16,5,0,0,0,3,10,13,16,4,0,0,0,5,16,16,12,0,0,0,5
digit_03970,0,0,0,6,14,1,0,0,0,0,2,16,10,0,0,0,0,0,11,15,2,0,0,0,0,0,13,13,8,5,0,0,0,2,16,14,12,16,3,0,0,1,16,11,0,5,12,0,0,0,11,15,5,12,12,0,0,0,0,9,15,14,6,0,6
digit_03971,0,0,3,15,14,1,0,0,0,0,13,16,16,6,0,0,0,0,4,4,16,8,0,0,0,0,0,1,16,10,1,0,0,0,7,16,16,16,8,0,0,0,12,15,16,6,0,0,0,0,0,14,11,0,0,0,0,0,4,12,1,0,0,0,7
digit_03972,0,0,3,13,13,3,0,0,0,2,14,12,12,11,0,0,0,4,16,8,5,15,3,0,0,1,13,14,16,7,0,0,0,0,11,16,13,1,0,0,0,1,16,12,13,14,1,0,0,0,13,13,9,16,7,0,0,0,3,13,16,10,1,0,8
digit_03973,0,0,6,13,10,4,0,0,0,4,16,15,13,13,0,0,0,4,16,14,16,16,1,0,0,2,10,16,16,16,5,0,0,0,0,0,3,16,5,0,0,0,0,0,0,16,8,0,0,0,0,2,8,16,8,0,0,0,7,16,14,9,1,0,9
digit_03974,0,0,2,12,4,0,0,0,0,1,12,16,16,3,0,0,0,7,16,6,4,13,0,0,0,8,16,6,0,13,5,0,0,1,16,5,0,7,9,0,0,0,16,8,0,8,12,0,0,0,13,14,14,16,10,0,0,0,4,14,15,7,0,0,0
digit_03975,0,0,0,0,5,14,3,0,0,0,0,0,9,16,8,0,0,0,0,9,16,16,5,0,0,1,13,15,12,16,1,0,0,4,12,3,10,15,0,0,0,0,0,0,11,12,0,0,0,0,0,0,8,12,0,0,0,0,0,0,5,13,4,0,1
digit_03976,0,0,6,13,10,3,0,0,0,5,15,11,16,11,0,0,0,2,6,0,16,12,0,0,0,0,0,0,16,12,0,0,0,0,0,7,16,6,0,0,0,0,5,15,10,0,0,0,0,0,11,16,8,4,0,0,0,0,8,14,13,12,4,0,2
digit_03977,0,1,11,12,14,6,0,0,0,1,6,4,8,16,7,0,0,0,0,0,3,16,5,0,0,0,0,2,14,9,0,0,0,0,0,4,16,7,0,0,0,0,0,1,14,13,0,0,0,0,0,1,12,14,0,0,0,5,12,15,9,1,0,0,3
digit_03978,0,0,0,3,16,3,0,0,0,0,0,10,16,11,0,0,0,0,4,16,16,8,0,0,0,2,14,12,16,5,0,0,0,10,16,14,16,16,11,0,0,5,12,13,16,8,3,0,0,0,0,2,15,3,0,0,0,0,0,4,12,0,0,0,4
digit_03979,0,2,14,16,16,13,5,0,0,7,16,13,8,8,1,0,0,10,15,0,0,0,0,0,0,10,16,0,0,0,0,0,0,7,16,6,0,0,0,0,0,1,12,16,8,0,0,0,0,1,8,16,10,0,0,0,0,3,16,15,1,0,0,0,5
digit_03980,0,0,0,16,7,0,0,0,0,0,6,16,4,0,0,0,0,0,11,15,0,0,0,0,0,0,12,12,0,0,0,0,0,0,15,16,16,8,0,0,0,0,12,16,13,15,8,0,0,0,12,16,7,13,15,0,0,0,1,11,16,15,9,0,6
digit_03981,0,0,10,16,14,1,0,0,0,0,14,16,16,7,0,0,0,0,1,5,16,7,0,0,0,0,2,10,16,11,6,0,0,7,16,16,15,12,7,0,0,11,10,15,10,0,0,0,0,0,6,16,2,0,0,0,0,0,13,9,0,0,0,0,7
digit_03982,0,0,2,13,13,1,0,0,0,0,8,16,14,4,0,0,0,0,5,16,10,8,4,0,0,0,1,16,16,10,2,0,0,2,15,13,12,0,0,0,0,5,12,3,15,1,0,0,0,0,14,3,13,4,0,0,0,0,3,15,13,1,0,0,8
digit_03983,0,0,5,13,4,0,0,0,0,0,15,14,14,5,0,0,0,0,12,7,8,16,1,0,0,0,4,13,16,16,1,0,0,0,0,0,0,15,2,0,0,0,0,0,0,14,6,0,0,0,2,7,8,16,4,0,0,0,6,12,13,10,0,0,9
digit_03984,0,0,5,14,10,7,0,0,0,0,16,16,16,16,3,0,0,3,16,10,2,16,7,0,0,7,16,3,0,12,8,0,0,8,16,1,0,12,8,0,0,7,16,5,2,16,4,0,0,2,16,15,14,13,0,0,0,0,7,15,13,2,0,0,0
digit_03985,0,0,2,13,6,0,0,0,0,0,4,16,15,5,0,0,0,0,1,15,12,15,0,0,0,0,0,10,16,16,1,0,0,0,0,0,2,16,2,0,0,0,0,0,0,15,5,0,0,0,4,4,6,16,3,0,0,0,2,14,16,10,0,0,9
digit_03986,0,5,16,16,16,11,1,0,0,4,16,15,10,8,1,0,0,4,16,12,0,0,0,0,0,1,13,16,5,0,0,0,0,0,6,16,13,0,0,0,0,0,0,10,16,4,0,0,0,0,4,13,16,2,0,0,0,2,15,16,9,0,0,0,5
digit_03987,0,6,16,16,16,15,10,0,0,9,16,13,8,6,5,0,0,12,16,1,0,0,0,0,0,10,16,7,0,0,0,0,0,3,15,15,3,0,0,0,0,0,3,16,13,0,0,0,0,1,5,16,9,0,0,0,0,9,16,11,0,0,0,0,5
digit_03988,0,0,5,13,1,0,0,0,0,0,12,13,0,0,0,0,0,0,16,8,0,0,0,0,0,5,16,2,0,0,0,0,0,4,16,8,15,9,1,0,0,4,16,16,12,15,11,0,0,1,15,14,4,14,11,0,0,0,5,14,14,10,1,0,6
digit_03989,0,2,15,16,16,13,2,0,0,7,16,13,8,8,3,0,0,4,16,4,0,0,0,0,0,0,16,11,0,0,0,0,0,0,12,16,3,0,0,0,0,0,2,13,11,0,0,0,0,3,8,15,8,0,0,0,0,2,15,15,1,0,0,0,5
digit_03990,0,0,5,16,15,1,0,0,0,1,15,9,10,12,0,0,0,3,16,1,0,16,4,0,0,6,16,0,0,11,6,0,0,3,16,1,0,11,8,0,0,4,16,4,3,15,4,0,0,1,13,13,13,14,1,0,0,0,4,13,14,1,0,0,0
digit_03991,0,0,2,13,8,6,0,0,0,0,7,14,14,16,0,0,0,0,7,9,3,16,4,0,0,0,5,14,15,16,4,0,0,0,0,3,2,13,5,0,0,0,3,0,0,12,6,0,0,1,12,6,0,11,7,0,0,0,3,12,16,16,1,0,9
digit_03992,0,0,6,15,13,3,0,0,0,0,13,14,15,12,0,0,0,0,14,11,13,15,5,0,0,0,9,16,15,8,0,0,0,2,16,16,16,2,0,0,0,8,16,2,14,10,0,0,0,5,16,9,14,11,0,0,0,0,8,14,13,2,0,0,8
digit_03993,0,0,6,15,6,0,0,0,0,0,14,11,13,4,0,0,0,0,11,7,7,13,0,0,0,0,5,16,16,16,1,0,0,0,0,0,0,14,7,0,0,0,0,0,0,10,13,0,0,0,2,11,0,11,12,0,0,0,5,16,14,9,4,0,9
digit_03994,0,0,2,13,4,0,0,0,0,0,8,14,11,0,0,0,0,0,10,6,14,5,2,0,0,0,2,14,12,14,0,0,0,0,1,15,13,2,0,0,0,0,11,13,14,1,0,0,0,0,13,8,10,4,0,0,0,0,2,11,16,7,0,0,8
digit_03995,0,0,0,8,13,0,0,0,0,0,1,16,16,0,0,0,0,0,7,16,16,0,0,0,0,1,15,16,16,0,0,0,0,6,16,15,16,9,2,0,0,6,15,16,16,16,11,0,0,0,0,11,16,0,0,0,0,0,0,10,14,0,0,0,4
digit_03996,0,0,0,0,14,16,7,0,0,0,0,5,16,16,8,0,0,0,1,12,16,16,8,0,0,5,14,16,16,16,5,0,0,1,4,7,16,16,8,0,0,0,0,2,16,16,7,0,0,0,0,2,16,16,3,0,0,0,0,0,16,16,0,0,1
digit_03997,0,0,7,16,16,16,13,0,0,0,8,9,8,15,15,0,0,0,0,0,4,16,7,0,0,0,4,8,12,16,5,0,0,3,16,16,16,14,7,0,0,0,3,8,16,3,0,0,0,0,0,15,13,0,0,0,0,0,7,16,3,0,0,0,7
digit_03998,0,0,1,8,10,15,11,0,0,2,14,15,13,16,7,0,0,0,6,0,6,14,2,0,0,0,0,3,11,12,2,0,0,0,2,16,16,15,8,0,0,0,3,13,15,2,0,0,0,0,0,13,10,0,0,0,0,0,1,16,5,0,0,0,7
digit_03999,0,1,10,16,16,11,0,0,0,5,10,8,12,16,4,0,0,0,0,1,10,14,0,0,0,0,0,6,16,4,0,0,0,0,0,7,16,5,0,0,0,0,0,1,12,16,4,0,0,0,2,4,9,16,4,0,0,1,15,14,11,4,0,0,3
digit_04000,0,7,16,16,16,11,2,0,0,5,16,12,8,6,1,0,0,9,16,1,0,0,0,0,0,2,16,15,3,0,0,0,0,0,5,16,14,1,0,0,0,0,0,2,16,10,0,0,0,1,7,13,16,3,0,0,0,4,15,16,6,0,0,0,5
digit_04001,0,0,0,0,12,11,1,0,0,0,0,1,16,16,7,0,0,0,1,14,16,16,7,0,0,1,14,16,14,16,8,0,0,5,12,3,8,16,7,0,0,0,0,0,8,16,4,0,0,0,0,0,8,16,1,0,0,0,0,0,11,12,0,0,1
digit_04002,0,0,6,15,15,3,0,0,0,3,16,14,14,13,0,0,0,6,15,2,1,14,5,0,0,8,14,2,0,9,8,0,0,8,16,4,0,8,8,0,0,5,16,6,0,11,9,0,0,1,16,16,14,16,9,0,0,0,5,14,15,10,1,0,0
digit_04003,0,0,0,10,15,1,0,0,0,0,5,16,16,10,0,0,0,0,14,6,6,15,0,0,0,4,16,4,0,15,3,0,0,5,15,5,0,11,5,0,0,0,12,11,0,13,5,0,0,0,8,16,16,16,3,0,0,0,1,8,13,8,0,0,0
digit_04004,0,0,7,15,15,4,0,0,0,8,16,16,16,4,0,0,0,8,15,8,16,4,0,0,0,0,0,10,15,0,0,0,0,0,1,15,9,0,0,0,0,0,6,16,2,0,0,0,0,0,8,16,8,11,9,0,0,0,9,16,16,12,3,0,2
digit_04005,0,1,12,14,10,0,0,0,0,5,16,16,16,4,0,0,0,0,0,4,16,4,0,0,0,0,0,7,15,1,0,0,0,0,2,15,9,0,0,0,0,0,9,15,2,0,0,0,0,0,16,14,8,8,3,0,0,0,10,15,13,9,4,0,2
digit_04006,0,0,5,16,12,2,0,0,0,0,4,11,16,10,0,0,0,0,0,0,14,11,0,0,0,0,2,4,14,14,2,0,0,0,13,16,16,10,4,0,0,0,3,10,14,0,0,0,0,0,0,15,5,0,0,0,0,0,6,11,0,0,0,0,7
digit_04007,0,0,5,15,13,3,0,0,0,0,12,15,12,14,0,0,0,0,12,12,14,14,0,0,0,0,3,16,14,3,0,0,0,0,9,14,15,3,0,0,0,1,15,5,8,12,1,0,0,0,16,4,4,16,4,0,0,0,5,16,16,12,2,0,8
digit_04008,0,0,11,12,0,0,0,0,0,7,16,16,5,0,0,0,0,5,13,16,8,0,0,0,0,0,1,16,8,0,0,0,0,0,7,16,5,0,0,0,0,0,9,15,1,0,0,0,0,0,16,15,9,7,2,0,0,0,12,14,13,12,5,0,2
digit_04009,0,0,2,15,13,0,0,0,0,0,13,16,16,9,0,0,0,5,16,9,6,16,4,0,0,5,16,3,1,14,7,0,0,6,16,4,0,16,8,0,0,3,16,12,6,16,12,0,0,0,14,16,16,16,4,0,0,0,2,13,15,8,0,0,0
digit_04010,0,0,0,1,11,14,5,0,0,0,0,9,16,16,5,0,0,0,10,16,16,16,1,0,0,5,16,16,16,16,0,0,0,1,5,11,16,16,0,0,0,0,0,5,16,16,0,0,0,0,0,0,11,16,0,0,0,0,0,0,11,10,0,0,1
digit_04011,0,0,9,16,5,0,0,0,0,6,16,16,15,0,0,0,0,7,16,14,16,2,0,0,0,3,6,12,16,0,0,0,0,0,0,15,12,0,0,0,0,0,7,16,6,1,3,0,0,0,9,16,13,15,8,0,0,0,7,16,16,8,1,0,2
digit_04012,0,0,4,14,6,0,0,0,0,0,10,15,2,0,0,0,0,0,16,11,0,0,0,0,0,0,13,11,0,0,0,0,0,3,16,12,8,3,0,0,0,2,16,14,8,12,9,0,0,0,16,13,4,12,12,0,0,0,6,15,16,12,1,0,6
digit_04013,0,4,12,13,13,6,0,0,0,6,14,8,13,16,0,0,0,0,0,0,11,16,2,0,0,0,0,0,16,15,0,0,0,0,0,0,12,16,3,0,0,0,0,0,4,16,9,0,0,0,1,4,12,16,8,0,0,2,13,16,12,6,0,0,3
digit_04014,0,2,15,15,6,0,0,0,0,0,10,13,16,5,0,0,0,0,0,2,16,9,0,0,0,0,0,3,16,11,0,0,0,0,0,0,13,14,1,0,0,0,0,0,7,16,5,0,0,1,4,6,13,15,1,0,0,3,15,14,11,2,0,0,3
digit_04015,0,0,15,15,2,0,0,0,0,0,8,15,11,0,0,0,0,0,0,12,14,0,0,0,0,0,7,12,16,13,9,0,0,7,16,16,16,10,5,0,0,1,5,16,14,0,0,0,0,0,9,15,3,0,0,0,0,2,16,4,0,0,0,0,7
digit_04016,0,1,10,15,16,13,3,0,0,5,14,5,5,15,8,0,0,0,0,0,2,15,6,0,0,0,0,0,9,16,0,0,0,0,0,0,9,16,0,0,0,0,0,0,4,16,6,0,0,0,2,3,13,12,0,0,0,0,15,13,7,0,0,0,3
digit_04017,0,2,14,16,14,4,0,0,0,4,11,5,13,12,0,0,0,0,0,2,15,7,0,0,0,0,0,4,16,4,0,0,0,0,0,1,13,13,1,0,0,0,0,0,2,16,4,0,0,0,1,3,11,15,2,0,0,1,12,16,9,2,0,0,3
digit_04018,0,0,0,0,11,5,0,0,0,0,0,8,16,2,0,0,0,0,4,15,16,3,0,0,0,0,12,6,16,3,0,0,0,5,15,0,15,5,3,0,0,6,16,16,16,11,4,0,0,0,0,0,14,0,0,0,0,0,0,0,12,2,0,0,4
digit_04019,0,0,0,6,14,3,0,0,0,0,2,16,11,0,0,0,0,0,11,15,2,0,0,0,0,1,15,13,2,0,0,0,0,3,16,16,16,7,0,0,0,4,16,14,8,13,7,0,0,0,12,16,5,12,10,0,0,0,0,8,14,13,5,0,6
digit_04020,0,0,1,14,6,0,0,0,0,0,7,16,1,0,0,0,0,0,13,10,0,0,0,0,0,0,14,7,0,0,0,0,0,3,16,10,8,3,0,0,0,0,16,13,12,14,7,0,0,0,14,9,4,11,13,0,0,0,2,12,16,12,4,0,6
digit_04021,0,0,2,14,11,0,0,0,0,0,10,16,1,0,0,0,0,1,16,9,0,0,0,0,0,4,16,5,0,0,0,0,0,5,16,12,12,11,1,0,0,4,16,14,10,14,11,0,0,2,15,10,6,16,10,0,0,0,3,15,16,10,1,0,6
digit_04022,0,0,0,2,15,4,0,0,0,0,0,8,15,1,0,0,0,0,1,14,12,0,0,0,0,0,6,16,12,0,0,0,0,0,13,16,15,4,2,0,0,9,16,16,16,16,11,0,0,3,8,8,16,3,0,0,0,0,0,3,15,0,0,0,4
digit_04023,0,0,6,15,5,0,0,0,0,1,15,15,15,3,0,0,0,2,16,6,11,14,0,0,0,0,15,14,15,16,1,0,0,0,3,8,10,16,5,0,0,0,0,0,3,16,8,0,0,0,0,4,10,16,8,0,0,0,7,12,13,12,1,0,9
digit_04024,0,0,0,0,11,12,0,0,0,0,0,3,15,14,0,0,0,0,0,11,16,11,0,0,0,0,9,16,16,10,0,0,0,4,16,12,16,12,0,0,0,3,10,3,16,11,0,0,0,0,0,0,16,14,0,0,0,0,0,0,11,11,0,0,1
digit_04025,0,2,16,16,16,14,5,0,0,9,16,11,6,8,3,0,0,9,16,2,0,0,0,0,0,3,16,13,1,0,0,0,0,0,8,16,12,0,0,0,0,0,0,12,16,4,0,0,0,0,1,11,16,6,0,0,0,4,16,16,8,0,0,0,5
digit_04026,0,0,4,15,11,1,0,0,0,2,14,14,16,8,0,0,0,8,15,2,3,13,0,0,0,4,16,0,0,12,7,0,0,7,16,0,0,12,8,0,0,3,16,6,1,14,9,0,0,0,15,16,16,16,2,0,0,0,4,13,14,6,0,0,0
digit_04027,0,0,10,15,7,0,0,0,0,4,16,13,11,11,0,0,0,10,16,12,15,16,4,0,0,3,12,12,14,16,4,0,0,0,0,0,10,16,4,0,0,0,0,0,9,16,4,0,0,0,4,4,15,15,0,0,0,1,12,15,12,3,0,0,9
digit_04028,0,4,16,16,16,16,5,0,0,11,16,8,5,8,3,0,0,10,16,2,0,0,0,0,0,3,16,6,0,0,0,0,0,0,16,9,0,0,0,0,0,0,12,16,2,0,0,0,0,0,6,16,11,0,0,0,0,4,16,12,1,0,0,0,5
digit_04029,0,0,3,13,12,2,0,0,0,0,14,13,15,11,0,0,0,0,7,0,8,15,0,0,0,0,0,0,13,6,0,0,0,0,0,3,16,4,0,0,0,0,0,13,11,0,0,0,0,0,3,16,12,8,1,0,0,0,3,16,11,8,0,0,2
digit_04030,0,0,10,13,0,0,0,0,0,0,14,15,11,0,0,0,0,0,12,9,16,8,2,0,0,0,5,14,16,11,1,0,0,0,3,16,10,0,0,0,0,0,12,11,16,0,0,0,0,1,16,7,16,5,0,0,0,0,11,16,13,1,0,0,8
digit_04031,0,0,5,14,11,0,0,0,0,0,15,16,15,0,0,0,0,0,10,8,16,1,0,0,0,0,0,6,14,0,0,0,0,0,0,12,9,0,0,0,0,0,1,16,3,0,0,0,0,0,8,16,12,11,0,0,0,0,7,16,12,7,0,0,2
digit_04032,0,0,2,12,12,2,0,0,0,0,10,16,16,9,0,0,0,3,16,16,8,15,3,0,0,6,16,6,0,13,8,0,0,8,16,4,0,15,8,0,0,5,16,8,12,16,6,0,0,0,15,16,16,15,2,0,0,0,3,13,12,3,0,0,0
digit_04033,0,0,0,14,7,0,0,0,0,1,9,16,16,3,0,0,0,4,16,8,11,11,0,0,0,3,16,7,4,16,4,0,0,8,16,4,0,16,8,0,0,5,16,10,0,13,11,0,0,0,13,16,16,16,9,0,0,0,2,10,13,6,0,0,0
digit_04034,0,0,0,0,7,14,7,0,0,0,0,3,16,16,9,0,0,0,6,15,16,16,6,0,0,5,16,16,16,16,2,0,0,4,8,8,16,16,0,0,0,0,0,3,16,16,3,0,0,0,0,1,13,16,0,0,0,0,0,0,8,15,0,0,1
digit_04035,0,0,8,16,13,0,0,0,0,0,7,14,16,4,0,0,0,0,1,12,16,13,12,1,0,0,11,16,16,14,9,0,0,0,10,16,14,1,0,0,0,0,0,14,9,0,0,0,0,0,3,16,1,0,0,0,0,0,12,9,0,0,0,0,7
digit_04036,0,0,3,14,3,0,0,0,0,0,13,13,0,0,0,0,0,0,16,7,0,0,0,0,0,5,16,3,0,0,0,0,0,3,16,7,4,2,0,0,0,4,16,16,16,16,7,0,0,1,14,15,4,11,15,0,0,0,5,14,16,12,6,0,6
digit_04037,0,2,14,16,12,6,0,0,0,1,10,8,14,16,1,0,0,0,0,0,10,15,2,0,0,0,0,2,16,12,0,0,0,0,0,3,16,12,0,0,0,0,0,0,11,16,2,0,0,0,7,10,15,15,2,0,0,3,13,11,7,2,0,0,3
digit_04038,0,0,10,16,9,0,0,0,0,4,16,16,16,0,0,0,0,2,12,9,15,0,0,0,0,0,0,11,11,0,0,0,0,0,1,16,7,0,0,0,0,0,9,16,2,0,0,0,0,0,15,16,8,5,0,0,0,0,11,16,16,16,2,0,2
digit_04039,0,0,0,0,7,15,1,0,0,0,0,0,11,16,0,0,0,0,0,0,16,14,0,0,0,0,0,10,16,15,0,0,0,0,12,16,16,11,0,0,0,5,16,6,15,12,0,0,0,0,1,0,12,16,0,0,0,0,0,0,4,15,4,0,1
digit_04040,0,0,9,16,3,0,0,0,0,0,11,16,14,1,0,0,0,0,0,11,16,4,0,0,0,0,0,8,16,10,1,0,0,1,12,16,16,16,9,0,0,1,11,16,11,4,0,0,0,0,6,16,4,0,0,0,0,0,11,11,0,0,0,0,7
digit_04041,0,0,15,16,11,3,0,0,0,0,4,10,15,15,3,0,0,0,0,0,14,16,5,0,0,0,0,5,16,12,0,0,0,0,0,3,16,11,1,0,0,0,0,2,13,16,9,0,0,0,6,15,16,12,3,0,0,0,15,14,7,1,0,0,3
digit_04042,0,0,0,0,3,15,6,0,0,0,0,0,11,16,7,0,0,0,0,9,16,16,4,0,0,0,10,16,16,16,4,0,0,4,16,7,8,16,4,0,0,1,4,0,10,16,2,0,0,0,0,0,7,16,1,0,0,0,0,0,3,16,1,0,1
digit_04043,0,1,12,12,13,8,1,0,0,0,8,9,15,16,2,0,0,0,0,3,16,10,0,0,0,0,0,7,16,6,0,0,0,0,0,5,16,10,0,0,0,0,0,0,7,16,7,0,0,0,3,8,15,13,2,0,0,2,14,16,10,1,0,0,3
digit_04044,0,0,11,16,8,0,0,0,0,6,16,11,13,9,0,0,0,7,16,0,9,16,0,0,0,2,15,12,16,16,3,0,0,0,5,7,7,16,4,0,0,0,0,0,5,16,5,0,0,0,3,7,16,11,0,0,0,0,13,16,11,1,0,0,9
digit_04045,0,0,0,4,14,14,5,0,0,0,0,9,16,16,7,0,0,0,5,15,16,15,3,0,0,4,15,16,16,12,0,0,0,5,16,16,16,12,0,0,0,0,0,12,16,13,1,0,0,0,0,8,16,16,7,0,0,0,0,4,14,15,6,0,1
digit_04046,0,0,4,15,16,16,5,0,0,0,6,9,11,16,11,0,0,0,0,0,3,16,5,0,0,0,0,3,14,16,10,0,0,0,7,16,16,11,3,0,0,0,8,15,13,0,0,0,0,0,5,16,7,0,0,0,0,0,7,14,2,0,0,0,7
digit_04047,0,0,0,8,12,1,0,0,0,0,1,15,12,1,0,0,0,0,6,16,3,0,0,0,0,0,7,16,1,0,0,0,0,1,16,16,14,5,0,0,0,1,12,16,6,14,9,0,0,0,2,16,6,10,15,0,0,0,0,6,16,16,11,0,6
digit_04048,0,0,0,10,12,3,0,0,0,0,8,16,15,14,0,0,0,0,5,16,10,16,1,0,0,0,5,16,16,10,1,0,0,1,16,12,16,8,0,0,0,1,16,3,4,16,4,0,0,0,12,11,4,16,9,0,0,0,2,10,14,13,4,0,8
digit_04049,0,0,0,7,15,1,0,0,0,0,0,15,16,1,0,0,0,0,9,16,16,2,0,0,0,2,16,16,16,0,0,0,0,10,16,16,16,16,8,0,0,8,15,15,14,8,5,0,0,0,0,11,12,0,0,0,0,0,0,6,15,1,0,0,4
digit_04050,0,2,11,16,16,8,1,0,0,2,12,9,9,16,10,0,0,0,0,0,4,16,9,0,0,0,0,2,15,16,0,0,0,0,0,3,16,14,0,0,0,0,0,0,13,16,3,0,0,0,4,11,16,8,0,0,0,3,15,12,4,0,0,0,3
digit_04051,0,0,0,1,16,11,0,0,0,0,0,1,16,16,4,0,0,0,0,8,16,16,0,0,0,0,10,16,16,16,1,0,0,6,16,14,16,15,0,0,0,1,3,5,16,12,0,0,0,0,0,4,16,12,0,0,0,0,0,2,15,12,0,0,1
digit_04052,0,0,0,2,15,8,0,0,0,0,0,11,16,4,0,0,0,0,9,16,16,0,0,0,0,3,15,16,16,0,0,0,0,12,16,16,16,14,6,0,0,6,12,14,16,12,5,0,0,0,0,8,13,0,0,0,0,0,0,2,14,1,0,0,4
digit_04053,0,0,4,12,10,1,0,0,0,3,16,13,15,10,0,0,0,5,16,2,1,14,3,0,0,8,13,0,0,10,8,0,0,8,12,0,0,8,8,0,0,8,14,0,0,11,8,0,0,3,16,14,13,16,2,0,0,0,8,16,13,5,0,0,0
digit_04054,0,3,15,13,12,8,1,0,0,4,16,14,12,12,2,0,0,0,16,4,0,0,0,0,0,0,12,9,0,0,0,0,0,0,7,16,3,0,0,0,0,0,0,14,8,0,0,0,0,0,5,15,10,0,0,0,0,2,15,16,2,0,0,0,5
digit_04055,0,0,5,11,16,16,8,0,0,0,15,14,8,12,15,0,0,0,0,0,2,14,9,0,0,0,0,0,11,12,1,0,0,0,0,1,16,5,0,0,0,0,0,1,14,9,0,0,0,0,1,4,15,9,0,0,0,0,7,16,11,2,0,0,3
digit_04056,0,0,0,11,14,0,0,0,0,0,10,16,4,0,0,0,0,1,15,11,0,0,0,0,0,3,16,12,8,2,0,0,0,7,16,16,12,14,3,0,0,4,16,8,0,10,9,0,0,1,12,15,9,14,10,0,0,0,2,10,13,11,1,0,6
digit_04057,0,0,5,15,7,0,0,0,0,0,14,16,16,5,0,0,0,0,13,14,14,15,0,0,0,0,3,11,14,16,3,0,0,0,0,0,6,16,2,0,0,0,0,0,4,16,7,0,0,0,0,1,11,16,6,0,0,0,4,15,16,10,0,0,9
digit_04058,0,0,3,15,4,0,0,0,0,0,12,16,2,0,0,0,0,1,16,7,1,0,0,0,0,3,16,1,6,1,0,0,0,3,15,8,12,13,3,0,0,2,16,2,0,7,12,0,0,0,13,9,4,9,15,0,0,0,3,13,16,15,5,0,6
digit_04059,0,0,0,0,10,13,7,0,0,0,0,5,16,16,11,0,0,0,4,14,16,16,7,0,0,3,14,16,16,16,4,0,0,7,16,16,16,16,4,0,0,0,2,13,16,16,3,0,0,0,0,11,16,16,0,0,0,0,0,2,13,16,1,0,1
digit_04060,0,0,9,15,16,5,0,0,0,0,16,16,16,13,0,0,0,0,0,3,16,11,0,0,0,0,2,7,16,13,10,0,0,2,15,16,16,12,4,0,0,3,13,16,10,0,0,0,0,0,7,16,2,0,0,0,0,0,12,13,0,0,0,0,7
digit_04061,0,0,13,16,12,7,0,0,0,4,16,15,12,12,3,0,0,4,16,5,0,0,0,0,0,3,16,9,0,0,0,0,0,0,15,16,2,0,0,0,0,0,4,16,14,0,0,0,0,1,9,14,16,0,0,0,0,1,13,16,10,0,0,0,5
digit_04062,0,0,0,3,13,1,0,0,0,0,0,8,16,3,0,0,0,0,1,15,16,4,0,0,0,0,8,16,16,1,0,0,0,2,16,14,16,5,1,0,0,11,16,16,16,16,10,0,0,5,8,11,16,4,1,0,0,0,0,2,16,2,0,0,4
digit_04063,0,0,0,0,15,9,0,0,0,0,0,8,16,5,0,0,0,0,1,16,16,5,0,0,0,0,11,16,16,1,1,0,0,6,16,16,16,15,9,0,0,7,15,16,16,10,1,0,0,0,1,7,16,1,0,0,0,0,0,1,15,5,0,0,4
digit_04064,0,0,7,15,6,0,0,0,0,0,2,14,15,2,0,0,0,0,0,5,16,6,0,0,0,0,0,5,16,9,2,0,0,5,14,16,15,11,4,0,0,5,7,12,11,0,0,0,0,0,4,15,1,0,0,0,0,0,10,11,0,0,0,0,7
digit_04065,0,2,15,13,0,0,0,0,0,12,16,16,3,0,0,0,0,5,13,16,4,0,0,0,0,0,8,16,4,0,0,0,0,0,8,16,4,0,0,0,0,0,12,16,0,0,0,0,0,0,16,16,16,14,6,0,0,1,16,16,16,12,7,0,2
digit_04066,0,0,2,12,12,0,0,0,0,0,7,16,15,9,1,0,0,0,6,14,13,15,3,0,0,0,1,16,16,4,0,0,0,0,7,16,14,0,0,0,0,1,15,9,16,5,0,0,0,2,13,13,16,10,0,0,0,0,1,11,12,5,0,0,8
digit_04067,0,2,15,15,5,0,0,0,0,5,16,16,11,0,0,0,0,9,15,16,12,0,0,0,0,0,4,16,6,0,0,0,0,0,8,16,2,0,0,0,0,1,14,13,0,0,0,0,0,4,16,14,14,16,5,0,0,2,14,16,13,9,1,0,2
digit_04068,0,0,4,14,16,4,0,0,0,3,16,16,16,6,0,0,0,8,16,12,16,7,0,0,0,3,5,12,15,0,0,0,0,0,0,15,12,0,0,0,0,0,6,16,2,0,0,0,0,0,8,16,12,5,1,0,0,0,4,16,16,15,4,0,2
digit_04069,0,3,11,15,12,7,1,0,0,4,16,13,11,9,6,0,0,4,15,0,0,0,0,0,0,3,16,8,0,0,0,0,0,0,11,16,8,0,0,0,0,0,0,13,12,0,0,0,0,1,7,16,3,0,0,0,0,5,13,6,0,0,0,0,5
digit_04070,0,4,13,9,8,3,0,0,0,5,16,14,12,12,6,0,0,8,16,1,0,0,0,0,0,3,16,11,1,0,0,0,0,0,8,16,9,0,0,0,0,0,0,10,16,0,0,0,0,1,1,12,14,0,0,0,0,4,14,14,3,0,0,0,5
digit_04071,0,0,0,0,13,11,0,0,0,0,0,8,16,5,0,0,0,0,3,15,16,4,0,0,0,0,8,15,16,10,1,0,0,4,16,14,16,16,11,0,0,7,16,13,15,14,3,0,0,0,0,0,16,11,0,0,0,0,0,0,12,11,0,0,4
digit_04072,0,0,3,14,13,1,0,0,0,0,9,16,16,9,0,0,0,0,8,16,11,15,1,0,0,0,2,14,16,15,2,0,0,0,6,16,16,6,0,0,0,0,15,11,10,12,0,0,0,1,16,11,11,15,0,0,0,0,5,13,15,7,0,0,8
digit_04073,0,0,2,16,10,1,0,0,0,0,7,16,16,12,0,0,0,0,3,16,16,15,0,0,0,0,2,16,14,0,0,0,0,0,8,15,16,6,0,0,0,0,13,8,9,13,0,0,0,0,12,10,7,16,0,0,0,0,3,13,15,10,0,0,8
digit_04074,0,0,0,5,16,3,0,0,0,0,1,15,16,4,0,0,0,0,10,16,16,1,0,0,0,3,16,16,15,4,2,0,0,10,16,16,16,16,12,0,0,1,7,14,13,6,5,0,0,0,0,11,12,0,0,0,0,0,0,4,10,0,0,0,4
digit_04075,0,0,7,16,11,1,0,0,0,1,15,12,12,12,0,0,0,2,16,2,6,16,2,0,0,1,16,6,6,16,6,0,0,0,7,16,15,16,9,0,0,0,0,0,0,12,11,0,0,0,3,3,6,16,5,0,0,0,8,16,14,6,0,0,9
digit_04076,0,0,2,14,13,0,0,0,0,0,10,15,15,8,0,0,0,2,16,7,4,15,0,0,0,4,16,4,0,13,7,0,0,4,16,1,0,10,8,0,0,4,16,5,1,12,11,0,0,1,15,14,13,16,3,0,0,0,3,12,13,5,0,0,0
digit_04077,0,0,0,12,15,6,0,0,0,0,5,16,13,15,0,0,0,0,2,16,16,12,1,0,0,0,0,11,16,14,1,0,0,0,7,16,15,10,0,0,0,1,16,8,2,14,5,0,0,0,12,10,4,12,7,0,0,0,2,11,16,13,3,0,8
digit_04078,0,0,3,12,5,0,0,0,0,1,15,14,16,6,0,0,0,6,16,0,6,16,6,0,0,5,16,11,14,16,4,0,0,0,8,10,12,16,0,0,0,0,1,1,7,15,1,0,0,0,8,10,10,16,2,0,0,0,2,13,14,7,0,0,9
digit_04079,0,0,5,14,15,2,0,0,0,0,13,14,9,10,0,0,0,0,15,8,2,15,3,0,0,0,11,12,9,14,2,0,0,0,7,16,14,2,0,0,0,0,13,14,16,4,0,0,0,3,15,8,14,10,0,0,0,0,6,16,16,8,0,0,8
digit_04080,0,0,4,11,15,8,0,0,0,0,13,16,11,13,7,0,0,3,16,12,0,4,8,0,0,6,16,5,0,4,8,0,0,7,9,0,0,9,7,0,0,4,10,0,2,15,2,0,0,1,16,12,14,10,0,0,0,0,4,14,14,1,0,0,0
digit_04081,0,0,0,13,15,8,0,0,0,0,1,16,16,10,0,0,0,0,1,16,16,8,0,0,0,0,4,16,16,2,0,0,0,0,11,16,14,0,0,0,0,2,16,16,10,0,0,0,0,0,13,16,15,2,0,0,0,0,1,13,16,4,0,0,1
digit_04082,0,0,6,14,8,0,0,0,0,6,16,10,14,4,0,0,0,11,5,0,11,4,0,0,0,4,6,2,16,2,0,0,0,0,0,13,7,0,0,0,0,0,7,14,0,0,0,0,0,0,12,10,8,8,4,0,0,0,7,14,14,14,13,0,2
digit_04083,0,0,10,16,10,1,0,0,0,6,14,6,16,3,0,0,0,5,4,5,15,0,0,0,0,0,0,12,14,1,0,0,0,0,0,3,11,15,1,0,0,0,0,0,0,10,8,0,0,0,9,8,8,15,6,0,0,0,9,15,15,9,0,0,3
digit_04084,0,0,0,12,4,0,0,0,0,0,6,15,2,0,0,0,0,0,16,5,0,4,4,0,0,4,15,2,3,15,9,0,0,2,15,16,16,16,4,0,0,0,2,8,16,8,0,0,0,0,0,8,15,0,0,0,0,0,0,11,9,0,0,0,4
digit_04085,0,0,6,8,12,14,0,0,0,5,16,15,12,7,0,0,0,8,16,13,4,0,0,0,0,2,11,8,14,11,0,0,0,0,0,0,0,15,1,0,0,0,0,0,0,14,5,0,0,1,9,8,12,14,1,0,0,0,10,15,12,3,0,0,5
digit_04086,0,0,3,13,6,0,0,0,0,0,10,15,2,0,0,0,0,2,15,3,0,0,0,0,0,4,14,0,0,0,0,0,0,4,14,14,16,13,2,0,0,3,16,9,1,4,12,0,0,0,14,10,5,11,11,0,0,0,3,13,15,8,0,0,6
digit_04087,0,0,6,16,16,16,16,10,0,0,6,10,8,14,16,3,0,0,0,0,4,16,8,0,0,0,2,10,14,15,6,0,0,0,6,16,16,16,7,0,0,0,0,15,9,0,0,0,0,0,6,16,6,0,0,0,0,0,10,13,1,0,0,0,7
digit_04088,0,0,1,10,13,13,1,0,0,1,13,10,4,14,4,0,0,8,13,0,7,12,0,0,0,2,12,14,15,2,0,0,0,0,5,15,15,2,0,0,0,0,8,7,3,13,3,0,0,0,8,8,0,13,4,0,0,0,1,11,16,16,2,0,8
digit_04089,0,0,6,12,13,5,0,0,0,2,16,9,8,15,2,0,0,8,12,0,3,15,8,0,0,4,15,12,16,13,1,0,0,0,2,2,16,6,0,0,0,0,0,1,16,1,0,0,0,0,0,5,16,0,0,0,0,0,3,16,14,0,0,0,9
digit_04090,0,0,4,13,8,0,0,0,0,0,13,16,15,7,0,0,0,3,16,9,6,15,6,0,0,8,14,0,0,4,8,0,0,8,12,0,0,4,8,0,0,4,12,0,0,11,6,0,0,0,14,10,12,14,1,0,0,0,7,15,11,2,0,0,0
digit_04091,0,0,0,0,14,4,0,0,0,0,0,3,16,11,0,0,0,0,0,10,16,9,0,0,0,0,0,13,16,7,0,0,0,0,12,16,16,4,0,0,0,1,13,12,16,5,0,0,0,0,0,4,16,9,0,0,0,0,0,0,14,10,0,0,1
digit_04092,0,0,10,16,11,0,0,0,0,8,15,10,15,2,0,0,0,11,11,2,16,5,0,0,0,7,5,6,16,3,0,0,0,0,1,15,10,0,0,0,0,0,10,16,2,0,0,0,0,0,12,14,8,10,5,0,0,0,12,16,16,16,15,0,2
digit_04093,0,0,6,15,16,10,0,0,0,3,16,11,15,10,0,0,0,4,10,10,16,4,0,0,0,0,4,16,15,3,0,0,0,0,1,9,16,15,2,0,0,0,0,0,3,16,6,0,0,0,3,9,12,16,5,0,0,0,9,16,16,8,0,0,3
digit_04094,0,0,0,13,12,0,0,0,0,0,6,16,7,0,0,0,0,0,15,15,1,1,4,0,0,6,16,10,9,15,14,0,0,9,16,16,16,16,4,0,0,2,8,12,16,9,0,0,0,0,0,13,16,0,0,0,0,0,0,14,15,1,0,0,4
digit_04095,0,0,15,16,16,15,9,0,0,6,16,13,12,12,11,2,0,3,15,14,2,0,0,0,0,0,6,16,5,0,0,0,0,0,0,14,11,0,0,0,0,0,0,12,8,0,0,0,0,1,14,14,10,0,0,0,0,0,13,16,3,0,0,0,5
digit_04096,0,0,0,13,9,0,0,0,0,0,8,15,5,0,0,0,0,0,14,8,0,0,0,0,0,2,16,3,0,2,0,0,0,0,16,13,16,16,6,0,0,1,16,11,4,7,12,0,0,0,11,12,5,13,9,0,0,0,1,12,15,11,2,0,6
digit_04097,0,0,4,12,16,10,0,0,0,0,15,12,12,11,0,0,0,0,1,0,9,7,0,0,0,0,4,7,15,13,7,0,0,6,16,16,15,10,3,0,0,1,4,12,7,0,0,0,0,0,2,16,2,0,0,0,0,0,6,12,0,0,0,0,7
digit_04098,0,0,2,12,16,10,0,0,0,0,12,7,1,13,4,0,0,3,16,0,8,12,0,0,0,4,16,11,14,1,0,0,0,0,7,16,6,0,0,0,0,0,6,12,15,2,0,0,0,0,8,7,13,4,0,0,0,0,3,13,16,3,0,0,8
digit_04099,0,0,4,14,16,15,1,0,0,5,16,8,4,16,7,0,0,8,13,0,4,16,12,0,0,7,16,15,16,13,3,0,0,0,6,12,16,4,0,0,0,0,0,11,12,0,0,0,0,0,0,16,7,0,0,0,0,0,3,16,2,0,0,0,9
digit_04100,0,0,5,15,12,8,0,0,0,0,13,16,10,13,3,0,0,5,16,9,0,8,4,0,0,4,13,1,0,4,8,0,0,4,8,0,0,8,4,0,0,1,14,0,0,11,3,0,0,0,12,9,9,15,0,0,0,0,4,14,15,4,0,0,0
digit_04101,0,0,0,4,13,13,0,0,0,0,0,10,16,16,1,0,0,0,3,14,16,13,0,0,0,0,8,16,16,5,0,0,0,3,15,16,16,4,0,0,0,4,16,16,16,6,0,0,0,2,8,15,16,9,0,0,0,0,0,4,14,12,0,0,1
digit_04102,0,1,13,16,16,4,0,0,0,9,15,6,13,8,0,0,0,5,10,0,12,10,0,0,0,0,0,6,16,5,0,0,0,0,5,16,10,0,0,0,0,2,16,11,0,0,0,0,0,5,16,13,8,8,5,0,0,1,10,14,16,16,16,0,2
digit_04103,0,0,8,14,14,4,0,0,0,5,12,4,7,12,0,0,0,4,2,3,13,5,0,0,0,0,0,16,15,1,0,0,0,0,0,3,9,14,1,0,0,0,0,0,0,7,8,0,0,0,3,4,4,13,7,0,0,0,11,16,15,5,0,0,3
digit_04104,0,0,1,11,3,0,0,0,0,0,9,16,0,0,0,0,0,1,16,5,0,1,2,0,0,6,16,2,1,13,10,0,0,7,16,9,15,13,0,0,0,2,9,12,16,1,0,0,0,0,0,14,9,0,0,0,0,0,2,16,7,0,0,0,4
digit_04105,0,0,11,7,12,15,1,0,0,1,16,14,9,6,0,0,0,8,12,0,0,0,0,0,0,5,14,15,15,5,0,0,0,1,6,4,10,9,0,0,0,0,0,0,4,11,0,0,0,0,10,4,13,8,0,0,0,0,12,16,10,1,0,0,5
digit_04106,0,0,4,12,1,0,0,0,0,0,14,13,0,0,0,0,0,2,16,3,0,0,0,0,0,7,13,0,0,0,0,0,0,7,12,7,12,6,2,0,0,4,15,15,12,13,11,0,0,1,13,16,5,11,12,0,0,0,5,13,16,11,1,0,6
digit_04107,0,0,4,13,16,16,16,10,0,0,11,15,12,13,16,5,0,0,0,0,0,12,11,0,0,0,1,0,5,15,2,0,0,0,14,13,15,15,6,0,0,0,15,16,15,9,2,0,0,0,1,16,7,0,0,0,0,0,6,14,2,0,0,0,7
digit_04108,0,0,2,11,16,12,2,0,0,0,11,7,4,7,8,0,0,5,14,4,0,8,4,0,0,2,15,9,6,11,0,0,0,0,3,16,11,0,0,0,0,0,9,13,11,0,0,0,0,0,12,10,16,1,0,0,0,0,2,12,16,3,0,0,8
digit_04109,0,0,9,16,12,2,0,0,0,0,16,3,5,10,0,0,0,0,13,4,14,16,4,0,0,0,4,16,16,16,7,0,0,0,0,3,4,10,4,0,0,0,0,0,0,8,6,0,0,0,12,1,1,13,3,0,0,0,8,15,16,9,0,0,9
digit_04110,0,0,2,12,15,12,1,0,0,1,14,14,14,11,8,0,0,5,16,3,0,2,8,0,0,8,14,0,0,6,8,0,0,4,12,0,0,9,4,0,0,1,16,1,1,14,1,0,0,0,11,9,11,8,0,0,0,0,2,13,14,1,0,0,0
digit_04111,0,0,3,11,13,5,0,0,0,0,10,12,5,16,0,0,0,0,7,10,6,15,4,0,0,0,2,13,16,14,6,0,0,0,0,0,0,7,9,0,0,0,0,0,0,4,11,0,0,0,9,7,0,8,11,0,0,0,3,9,16,16,6,0,9
digit_04112,0,0,6,8,8,13,3,0,0,1,14,14,12,9,3,0,0,4,16,8,2,0,0,0,0,4,16,13,15,7,0,0,0,0,0,0,3,15,0,0,0,0,0,0,3,15,0,0,0,0,6,8,13,8,0,0,0,0,9,15,8,0,0,0,5
digit_04113,0,0,3,8,9,9,0,0,0,6,16,12,8,5,0,0,0,11,13,0,0,0,0,0,0,9,16,10,5,0,0,0,0,0,3,8,13,10,1,0,0,0,0,0,0,10,7,0,0,0,5,2,4,13,8,0,0,0,7,16,14,8,0,0,5
digit_04114,0,0,0,8,15,2,0,0,0,0,6,16,5,0,0,0,0,0,12,8,0,0,0,0,0,0,13,6,0,0,0,0,0,0,12,12,16,14,0,0,0,0,14,15,6,8,11,0,0,3,12,14,5,10,13,0,0,0,0,9,16,13,5,0,6
digit_04115,0,1,5,11,15,4,0,0,0,8,16,13,6,2,0,0,0,11,7,0,0,0,0,0,0,11,16,16,11,2,0,0,0,0,4,4,5,12,3,0,0,0,0,0,0,5,11,0,0,0,1,6,0,10,11,0,0,0,2,12,16,15,2,0,5
digit_04116,0,0,9,16,15,14,1,0,0,1,15,15,5,10,7,0,0,6,16,1,0,1,8,0,0,8,13,0,0,4,8,0,0,7,6,0,0,6,6,0,0,5,9,0,0,13,1,0,0,0,16,5,12,12,0,0,0,0,8,15,10,1,0,0,0
digit_04117,0,0,7,13,16,7,0,0,0,2,16,6,5,12,1,0,0,4,12,0,1,16,4,0,0,1,12,12,13,16,3,0,0,0,0,4,8,13,0,0,0,0,0,0,4,13,0,0,0,0,8,3,10,10,0,0,0,0,6,15,15,3,0,0,9
digit_04118,0,0,4,15,14,10,1,0,0,0,7,9,0,9,8,0,0,0,11,9,2,13,7,0,0,0,4,15,14,4,0,0,0,0,6,15,15,1,0,0,0,4,14,1,13,7,0,0,0,7,13,1,5,13,0,0,0,0,7,14,16,16,1,0,8
digit_04119,0,0,4,12,16,12,0,0,0,5,16,8,4,12,2,0,0,12,6,0,0,13,4,0,0,6,16,13,16,16,7,0,0,0,3,4,1,8,8,0,0,0,0,0,0,4,12,0,0,0,8,9,2,9,9,0,0,0,2,13,16,15,3,0,9
digit_04120,0,0,5,12,15,10,1,0,0,2,14,7,4,9,7,0,0,7,15,7,0,9,8,0,0,1,5,15,11,13,3,0,0,0,3,15,16,5,0,0,0,0,15,9,12,7,0,0,0,0,15,5,8,12,0,0,0,0,4,14,16,11,0,0,8
digit_04121,0,0,0,7,10,0,0,0,0,0,3,15,5,0,0,0,0,0,11,11,0,2,2,0,0,5,14,2,1,13,7,0,0,7,15,2,8,16,3,0,0,3,14,16,16,8,0,0,0,0,0,7,16,0,0,0,0,0,0,6,16,2,0,0,4
digit_04122,0,0,7,12,9,0,0,0,0,0,12,16,16,1,0,0,0,0,11,16,16,0,0,0,0,0,12,16,16,0,0,0,0,0,13,16,16,0,0,0,0,0,13,16,16,0,0,0,0,1,14,16,16,1,0,0,0,0,4,12,12,9,0,0,1
digit_04123,0,0,6,16,16,9,0,0,0,0,14,9,12,11,0,0,0,0,1,0,9,6,0,0,0,0,1,6,16,10,6,0,0,0,10,16,14,11,5,0,0,0,5,15,2,0,0,0,0,0,3,13,0,0,0,0,0,0,7,8,0,0,0,0,7
digit_04124,0,0,1,11,16,16,10,0,0,0,13,14,8,12,11,0,0,0,4,0,0,13,4,0,0,0,0,0,3,15,0,0,0,0,2,15,16,16,9,0,0,0,3,13,16,8,1,0,0,0,0,7,10,0,0,0,0,0,0,13,3,0,0,0,7
digit_04125,0,0,7,15,16,12,0,0,0,4,16,11,12,12,0,0,0,2,7,1,13,11,0,0,0,0,0,13,16,6,0,0,0,0,0,11,15,16,3,0,0,0,0,0,1,15,8,0,0,0,5,16,12,15,8,0,0,0,7,16,16,13,2,0,3
digit_04126,0,0,6,14,14,13,11,0,0,0,14,12,5,4,2,0,0,3,16,16,4,0,0,0,0,2,11,11,16,3,0,0,0,0,0,0,7,10,0,0,0,0,0,0,1,11,0,0,0,0,3,7,12,8,0,0,0,0,7,14,11,1,0,0,5
digit_04127,0,0,0,10,13,0,0,0,0,0,0,13,16,5,0,0,0,0,0,16,16,4,0,0,0,0,3,16,16,7,0,0,0,0,7,16,16,9,0,0,0,0,9,16,16,10,0,0,0,0,10,16,16,14,0,0,0,0,1,5,7,15,8,0,1
digit_04128,0,0,2,13,10,3,0,0,0,0,10,15,12,13,1,0,0,0,16,4,0,6,4,0,0,2,16,3,0,1,7,0,0,5,13,5,0,2,8,0,0,4,12,0,0,3,8,0,0,0,13,5,6,13,5,0,0,0,5,14,13,8,1,0,0
digit_04129,0,0,5,13,13,5,0,0,0,0,16,16,10,15,3,0,0,5,16,2,1,8,4,0,0,4,13,0,0,4,8,0,0,8,12,0,0,6,7,0,0,5,15,0,0,7,7,0,0,0,16,8,5,15,3,0,0,0,5,14,15,9,0,0,0
digit_04130,0,2,15,16,7,0,0,0,0,10,15,10,16,2,0,0,0,9,11,5,16,0,0,0,0,0,0,12,11,0,0,0,0,0,5,16,2,0,0,0,0,3,15,8,0,0,0,0,0,8,15,5,5,8,3,0,0,3,15,16,16,16,10,0,2
digit_04131,0,0,5,15,15,2,0,0,0,3,16,9,16,5,0,0,0,5,9,1,16,1,0,0,0,0,0,10,9,0,0,0,0,0,1,16,3,0,0,0,0,0,9,9,0,0,0,0,0,0,11,14,7,6,2,0,0,0,6,16,16,15,2,0,2
digit_04132,0,0,3,11,16,16,4,0,0,0,9,12,12,16,9,0,0,0,0,0,1,16,8,0,0,0,0,9,14,16,9,0,0,0,1,16,16,14,5,0,0,0,0,6,16,4,0,0,0,0,0,11,14,0,0,0,0,0,1,15,7,0,0,0,7
digit_04133,0,0,4,13,16,14,2,0,0,2,15,5,4,14,4,0,0,8,15,6,1,15,1,0,0,4,16,16,13,10,0,0,0,0,1,9,16,10,0,0,0,0,4,14,3,14,6,0,0,0,9,10,3,13,8,0,0,0,3,15,16,11,1,0,8
digit_04134,0,0,7,16,16,3,0,0,0,7,16,9,14,7,0,0,0,10,9,0,14,5,0,0,0,3,3,4,16,2,0,0,0,0,0,12,11,0,0,0,0,0,6,16,3,0,0,0,0,0,12,15,8,8,3,0,0,0,10,16,16,16,9,0,2
digit_04135,0,0,4,13,11,7,0,0,0,0,14,16,13,16,2,0,0,5,16,4,0,5,7,0,0,8,14,0,0,4,8,0,0,6,9,0,0,4,8,0,0,2,14,1,0,8,6,0,0,0,13,12,9,15,2,0,0,0,3,16,12,5,0,0,0
digit_04136,0,0,0,0,11,14,3,0,0,0,0,2,16,16,2,0,0,0,0,11,16,14,0,0,0,0,3,16,16,15,0,0,0,1,13,16,16,13,0,0,0,6,16,9,15,13,0,0,0,0,0,0,12,16,1,0,0,0,0,0,9,14,1,0,1
digit_04137,0,2,11,16,12,1,0,0,0,9,16,9,16,4,0,0,0,14,7,4,16,1,0,0,0,6,5,9,14,0,0,0,0,0,3,16,5,0,0,0,0,0,13,14,0,0,0,0,0,3,16,11,8,12,9,0,0,2,15,16,16,13,16,1,2
digit_04138,0,0,3,12,3,0,0,0,0,0,13,14,2,0,0,0,0,3,10,0,0,0,0,0,0,0,0,3,5,3,0,0,0,4,10,16,16,16,4,0,0,6,16,4,0,8,9,0,0,0,15,12,4,9,12,0,0,0,2,13,16,14,4,0,6
digit_04139,0,2,11,16,15,2,0,0,0,12,15,12,16,4,0,0,0,3,3,6,16,2,0,0,0,0,2,15,12,0,0,0,0,0,3,16,16,12,1,0,0,0,0,1,6,15,10,0,0,0,6,12,8,14,11,0,0,1,16,16,16,11,3,0,3
digit_04140,0,0,7,14,16,11,0,0,0,2,16,11,11,16,2,0,0,0,3,3,15,9,0,0,0,0,0,10,16,8,0,0,0,0,0,3,14,15,2,0,0,0,0,0,1,16,6,0,0,0,3,12,13,15,2,0,0,0,6,16,12,5,0,0,3
digit_04141,0,0,5,16,16,16,16,11,0,0,6,9,5,5,15,8,0,0,0,0,0,9,11,1,0,0,0,3,6,16,3,0,0,0,5,16,16,16,7,0,0,0,4,8,16,4,1,0,0,0,1,13,10,0,0,0,0,0,3,16,2,0,0,0,7
digit_04142,0,2,13,16,16,11,0,0,0,10,11,4,12,12,0,0,0,1,1,4,14,8,0,0,0,0,2,16,16,8,0,0,0,0,0,7,9,16,8,0,0,0,0,0,0,10,12,0,0,0,5,9,10,16,9,0,0,0,15,16,13,7,0,0,3
digit_04143,0,1,10,16,16,6,0,0,0,7,14,9,12,12,0,0,0,1,1,5,15,5,0,0,0,0,3,16,14,3,0,0,0,0,1,11,14,16,6,0,0,0,0,0,0,12,11,0,0,0,7,8,13,16,5,0,0,0,15,16,12,5,0,0,3
digit_04144,0,0,1,14,8,0,0,0,0,0,8,16,4,0,0,0,0,1,16,9,0,1,5,0,0,8,16,5,1,12,15,0,0,10,16,12,11,16,6,0,0,3,14,16,16,8,0,0,0,0,0,11,16,1,0,0,0,0,0,13,14,0,0,0,4
digit_04145,0,0,2,12,8,0,0,0,0,0,12,13,5,0,0,0,0,1,16,1,0,0,0,0,0,2,14,0,0,0,0,0,0,2,16,5,10,10,4,0,0,0,16,14,8,6,13,0,0,0,13,9,2,4,14,0,0,0,3,10,16,16,7,0,6
digit_04146,0,0,2,13,13,1,0,0,0,0,9,13,5,0,0,0,0,0,13,5,0,0,0,0,0,0,15,2,0,0,0,0,0,0,15,10,9,9,2,0,0,0,16,11,8,11,12,0,0,1,14,11,1,4,13,0,0,0,3,11,16,15,4,0,6
digit_04147,0,0,1,13,4,0,0,0,0,0,5,15,2,0,0,0,0,0,12,7,0,0,0,0,0,0,14,6,0,0,0,0,0,0,16,12,15,15,7,0,0,0,14,14,6,4,14,1,0,0,9,14,3,4,14,2,0,0,1,7,14,16,11,0,6
digit_04148,0,0,4,16,6,0,0,0,0,0,12,15,1,0,0,0,0,1,16,11,0,0,0,0,0,8,16,3,0,7,4,0,0,12,16,6,11,16,7,0,0,7,16,16,15,3,0,0,0,0,4,16,10,0,0,0,0,0,4,16,6,0,0,0,4
digit_04149,0,0,0,9,15,16,9,0,0,0,10,13,4,12,7,0,0,5,14,1,2,15,3,0,0,4,14,12,16,15,0,0,0,0,1,1,13,7,0,0,0,0,0,4,15,1,0,0,0,0,0,11,8,0,0,0,0,0,0,12,4,0,0,0,9
digit_04150,0,0,1,15,11,1,0,0,0,0,2,16,16,7,0,0,0,0,6,16,16,5,0,0,0,0,8,16,16,4,0,0,0,0,9,16,13,0,0,0,0,0,11,16,13,0,0,0,0,0,11,16,11,0,0,0,0,0,1,14,16,3,0,0,1
digit_04151,0,0,2,10,16,4,0,0,1,10,16,16,15,4,0,0,0,16,16,10,1,0,0,0,0,15,16,16,7,0,0,0,0,5,11,5,15,2,0,0,0,0,0,0,11,9,0,0,0,0,3,10,16,9,0,0,0,0,2,16,15,2,0,0,5
digit_04152,0,0,5,8,11,5,0,0,0,0,13,16,12,12,0,0,0,1,16,9,0,9,3,0,0,3,16,6,0,6,6,0,0,3,11,1,0,5,6,0,0,0,12,0,0,11,6,0,0,0,14,5,12,15,1,0,0,0,6,16,13,2,0,0,0
digit_04153,0,0,3,14,16,8,0,0,0,3,15,8,4,15,1,0,0,8,10,0,3,16,8,0,0,3,15,13,16,14,1,0,0,0,2,5,16,4,0,0,0,0,0,8,11,0,0,0,0,0,0,15,2,0,0,0,0,0,2,13,0,0,0,0,9
digit_04154,0,0,5,8,12,16,4,0,0,3,16,11,7,1,0,0,0,3,14,6,4,0,0,0,0,5,16,12,14,6,0,0,0,0,2,0,4,12,0,0,0,0,0,0,4,10,0,0,0,0,6,8,14,7,0,0,0,0,7,13,7,0,0,0,5
digit_04155,0,0,11,16,15,5,0,0,0,8,16,14,16,8,0,0,0,11,10,0,16,8,0,0,0,3,1,6,16,2,0,0,0,0,1,15,10,0,0,0,0,0,11,15,1,0,0,0,0,0,16,14,12,12,8,0,0,1,15,16,16,14,8,0,2
digit_04156,0,0,4,13,15,9,0,0,0,4,14,6,5,16,0,0,0,7,12,2,2,16,0,0,0,4,16,15,14,7,0,0,0,0,9,16,16,5,0,0,0,0,10,6,8,15,2,0,0,0,11,9,4,13,11,0,0,0,2,14,16,15,6,0,8
digit_04157,0,2,15,16,15,2,0,0,0,8,14,8,14,8,0,0,0,7,5,2,16,5,0,0,0,0,0,12,13,0,0,0,0,0,8,15,1,0,0,0,0,1,15,7,0,0,0,0,0,4,16,9,8,8,2,0,0,2,15,16,16,16,13,0,2
digit_04158,0,0,3,11,16,10,0,0,0,0,10,16,10,14,6,0,0,0,15,7,0,11,8,0,0,3,16,2,0,8,8,0,0,4,12,0,0,9,8,0,0,6,15,1,0,12,8,0,0,3,15,10,8,15,4,0,0,0,5,12,14,9,0,0,0
digit_04159,0,0,7,15,9,5,0,0,0,0,14,16,14,15,0,0,0,1,16,8,4,6,4,0,0,4,15,1,0,6,5,0,0,3,11,0,0,7,5,0,0,3,11,0,1,13,2,0,0,1,13,8,13,13,0,0,0,0,6,15,11,1,0,0,0
digit_04160,0,0,0,2,13,9,0,0,0,0,0,7,16,15,0,0,0,0,0,11,16,7,0,0,0,0,0,15,16,2,0,0,0,0,7,16,14,0,0,0,0,0,13,16,14,0,0,0,0,0,8,15,16,0,0,0,0,0,0,3,13,8,0,0,1
digit_04161,0,0,3,11,16,15,1,0,0,1,16,14,10,16,2,0,0,5,12,0,8,12,0,0,0,0,1,1,13,9,0,0,0,0,11,16,16,13,2,0,0,0,11,14,15,12,5,0,0,0,0,15,9,0,0,0,0,0,0,15,5,0,0,0,7
digit_04162,0,0,0,4,15,1,0,0,0,0,0,13,8,1,0,0,0,0,6,12,0,0,0,0,0,0,8,10,0,0,0,0,0,0,13,12,11,10,0,0,0,4,16,15,8,11,10,0,0,1,7,15,4,3,12,0,0,0,0,7,15,16,8,0,6
digit_04163,0,0,8,14,15,6,0,0,0,4,16,12,14,11,0,0,0,4,8,1,14,7,0,0,0,0,0,14,16,5,0,0,0,0,0,11,16,16,2,0,0,0,0,0,1,15,7,0,0,0,4,11,8,14,7,0,0,0,11,16,16,10,0,0,3
digit_04164,0,0,10,16,16,7,0,0,0,6,15,9,14,12,0,0,0,3,5,0,13,8,0,0,0,0,0,10,13,0,0,0,0,0,2,16,4,0,0,0,0,0,12,8,0,0,0,0,0,0,16,13,11,8,3,0,0,0,12,16,16,16,5,0,2
digit_04165,0,0,0,0,10,11,0,0,0,0,0,0,16,13,0,0,0,0,0,7,16,9,0,0,0,0,0,13,16,3,0,0,0,0,10,16,16,0,0,0,0,0,15,16,16,4,0,0,0,3,12,6,16,6,0,0,0,0,0,0,10,13,7,0,1
digit_04166,0,0,3,13,16,11,0,0,0,0,14,12,14,16,1,0,0,0,6,0,7,15,0,0,0,0,0,0,12,11,0,0,0,0,8,13,16,14,4,0,0,5,16,16,14,12,4,0,0,0,3,16,3,0,0,0,0,0,8,13,0,0,0,0,7
digit_04167,0,0,2,13,13,0,0,0,0,0,9,16,6,0,0,0,0,0,14,16,2,0,4,0,0,5,16,10,1,13,15,0,0,7,16,16,16,16,4,0,0,0,8,15,16,8,0,0,0,0,0,14,10,0,0,0,0,0,1,16,11,0,0,0,4
digit_04168,0,0,3,11,0,0,0,0,0,0,12,11,0,0,0,0,0,1,14,1,0,0,0,0,0,2,15,0,0,0,0,0,0,4,15,15,16,15,2,0,0,1,16,8,4,8,11,0,0,1,16,11,7,10,12,0,0,0,5,10,12,15,7,0,6
digit_04169,0,0,12,16,16,13,1,0,0,4,15,9,12,16,2,0,0,0,2,0,11,15,0,0,0,0,0,12,16,4,0,0,0,0,0,8,16,13,1,0,0,0,0,0,6,16,6,0,0,0,4,6,6,16,6,0,0,0,12,16,16,9,0,0,3
digit_04170,0,0,0,12,15,2,0,0,0,0,0,13,16,8,0,0,0,0,0,14,16,9,0,0,0,0,0,13,16,6,0,0,0,0,7,16,16,3,0,0,0,1,16,16,16,1,0,0,0,0,8,16,16,2,0,0,0,0,0,9,16,7,0,0,1
digit_04171,0,2,10,14,11,1,0,0,0,7,15,8,16,4,0,0,0,1,1,6,15,1,0,0,0,0,0,15,9,0,0,0,0,0,1,16,15,9,1,0,0,0,0,1,6,15,8,0,0,2,8,4,6,15,7,0,0,2,13,16,15,9,0,0,3
digit_04172,0,0,2,10,16,13,0,0,0,3,16,8,2,16,1,0,0,8,13,0,2,16,6,0,0,6,16,12,16,16,7,0,0,0,2,4,8,12,1,0,0,0,0,1,15,3,0,0,0,0,0,9,10,0,0,0,0,0,1,16,3,0,0,0,9
digit_04173,0,0,1,14,7,0,0,0,0,0,6,16,16,1,0,0,0,0,7,16,15,0,0,0,0,0,6,16,15,0,0,0,0,0,6,16,15,0,0,0,0,0,4,16,16,1,0,0,0,0,4,16,16,6,0,0,0,0,1,15,16,8,0,0,1
digit_04174,0,0,6,15,16,3,0,0,0,3,16,12,15,8,0,0,0,0,4,0,14,6,0,0,0,0,0,2,16,6,2,0,0,0,4,14,16,16,8,0,0,0,15,16,7,0,0,0,0,0,6,16,0,0,0,0,0,0,7,9,0,0,0,0,7
digit_04175,0,0,0,11,16,2,0,0,0,0,7,16,8,2,0,0,0,0,15,7,0,0,0,0,0,0,16,4,3,1,0,0,0,1,16,16,16,16,4,0,0,0,14,12,4,6,12,0,0,0,10,16,5,10,15,0,0,0,2,11,16,12,8,0,6
digit_04176,0,0,3,10,12,12,2,0,0,1,13,12,6,13,8,0,0,8,16,8,8,14,1,0,0,5,14,16,16,3,0,0,0,0,12,16,15,2,0,0,0,3,16,2,15,10,0,0,0,4,16,8,12,12,0,0,0,0,9,16,15,3,0,0,8
digit_04177,0,0,0,9,11,0,0,0,0,0,2,15,8,0,0,0,0,0,11,15,1,3,8,0,0,6,16,4,0,14,12,0,0,12,16,4,11,16,5,0,0,9,16,16,16,11,0,0,0,0,6,11,16,7,0,0,0,0,0,10,16,4,0,0,4
digit_04178,0,1,12,16,10,0,0,0,0,7,11,7,14,1,0,0,0,2,2,3,14,0,0,0,0,0,3,14,6,0,0,0,0,0,12,16,16,6,0,0,0,0,2,0,5,15,6,0,0,1,11,4,4,13,8,0,0,2,14,16,16,13,1,0,3
digit_04179,0,0,3,16,11,0,0,0,0,0,0,16,16,6,0,0,0,0,0,13,16,7,0,0,0,0,0,11,16,10,0,0,0,0,0,12,16,6,0,0,0,0,3,16,16,2,0,0,0,0,5,16,15,0,0,0,0,0,3,13,15,0,0,0,1
digit_04180,0,0,2,15,12,0,0,0,0,0,9,16,5,0,2,0,0,2,15,10,0,11,16,1,0,10,16,4,6,16,10,0,0,6,16,16,16,15,1,0,0,0,6,13,16,4,0,0,0,0,0,15,13,0,0,0,0,0,6,16,5,0,0,0,4
digit_04181,0,0,3,14,7,0,0,0,0,0,14,16,14,9,0,0,0,4,16,16,11,15,3,0,0,5,15,6,0,4,8,0,0,8,8,0,0,4,8,0,0,5,11,0,0,6,6,0,0,0,13,10,5,15,5,0,0,0,2,12,14,8,0,0,0
digit_04182,0,0,5,11,16,12,0,0,0,0,16,12,4,3,0,0,0,4,16,6,3,0,0,0,0,4,15,16,16,9,0,0,0,0,0,0,3,16,6,0,0,0,0,0,0,11,6,0,0,0,0,1,8,15,1,0,0,0,6,16,13,1,0,0,5
digit_04183,0,0,6,13,16,10,0,0,0,4,13,5,4,16,0,0,0,0,0,1,10,8,0,0,0,0,0,12,16,3,0,0,0,0,0,3,7,15,1,0,0,0,0,0,0,9,8,0,0,0,8,6,3,11,7,0,0,0,4,14,16,11,1,0,3
digit_04184,0,0,1,13,7,0,0,0,0,0,7,14,2,0,0,0,0,0,13,5,0,0,0,0,0,0,16,3,0,0,0,0,0,3,16,10,12,12,3,0,0,3,16,11,5,9,12,0,0,1,13,11,4,13,11,0,0,0,1,12,16,11,2,0,6
digit_04185,0,0,3,11,15,13,2,0,0,2,15,11,8,14,7,0,0,8,14,0,2,13,2,0,0,3,13,16,16,15,1,0,0,0,0,0,14,5,0,0,0,0,0,7,14,0,0,0,0,0,1,15,4,0,0,0,0,0,2,16,1,0,0,0,9
digit_04186,0,0,1,10,14,0,0,0,0,0,8,14,11,3,0,0,0,0,16,2,2,0,0,0,0,3,13,0,0,0,0,0,0,4,13,0,6,10,3,0,0,3,15,13,12,10,12,0,0,0,10,16,4,5,14,0,0,0,0,9,15,14,9,0,6
digit_04187,0,0,8,16,15,8,0,0,0,1,16,16,16,2,0,0,0,2,16,16,10,0,0,0,0,2,16,16,12,0,0,0,0,6,16,16,13,0,0,0,0,1,16,16,11,0,0,0,0,0,16,16,10,0,0,0,0,0,7,15,15,0,0,0,1
digit_04188,0,0,8,16,16,1,0,0,0,1,12,10,16,5,0,0,0,0,0,3,16,6,0,0,0,0,0,6,16,2,0,0,0,4,12,14,16,12,5,0,0,12,16,16,14,12,5,0,0,0,6,13,0,0,0,0,0,0,11,8,0,0,0,0,7
digit_04189,0,2,12,13,16,15,1,0,0,8,16,14,11,7,0,0,0,8,16,7,0,0,0,0,0,7,16,16,11,1,0,0,0,0,2,6,15,9,0,0,0,0,0,0,9,15,0,0,0,0,1,7,16,11,0,0,0,1,16,16,13,1,0,0,5
digit_04190,0,0,0,10,14,0,0,0,0,0,1,16,10,0,0,0,0,0,10,16,1,0,0,0,0,4,16,8,0,3,5,0,0,10,15,0,2,15,10,0,0,12,16,14,16,13,1,0,0,2,11,14,16,3,0,0,0,0,0,8,16,2,0,0,4
digit_04191,0,0,0,7,12,0,0,0,0,0,3,14,6,0,0,0,0,0,11,8,0,0,1,0,0,4,16,3,1,10,10,0,0,8,16,12,14,13,3,0,0,2,12,10,16,5,0,0,0,0,0,6,16,0,0,0,0,0,0,6,13,0,0,0,4
digit_04192,0,0,2,13,16,13,0,0,0,0,14,15,14,16,0,0,0,0,5,0,10,15,0,0,0,0,0,0,13,13,0,0,0,0,7,14,16,16,7,0,0,0,14,16,14,10,3,0,0,0,3,15,5,0,0,0,0,0,4,15,0,0,0,0,7
digit_04193,0,0,7,12,12,2,0,0,0,5,15,6,10,9,0,0,0,11,4,0,11,6,0,0,0,3,0,2,15,2,0,0,0,0,1,13,6,0,0,0,0,0,11,11,1,0,0,0,0,1,16,7,4,4,2,0,0,0,11,12,13,14,11,0,2
digit_04194,0,0,7,13,16,11,0,0,0,3,16,5,4,14,2,0,0,8,11,1,4,15,2,0,0,3,12,14,16,8,0,0,0,0,8,16,15,1,0,0,0,1,15,5,11,12,0,0,0,3,16,5,7,16,1,0,0,0,5,14,16,15,2,0,8
digit_04195,0,3,15,16,13,1,0,0,0,10,13,9,16,4,0,0,0,1,1,0,16,6,0,0,0,0,0,10,15,1,0,0,0,0,10,16,3,0,0,0,0,3,16,7,0,0,0,0,0,5,16,13,12,7,2,0,0,2,13,13,13,16,15,0,2
digit_04196,0,3,13,16,9,0,0,0,0,10,15,13,15,2,0,0,0,15,4,4,16,1,0,0,0,0,0,5,16,2,0,0,0,0,1,14,13,0,0,0,0,0,10,16,5,0,0,0,0,4,16,13,8,10,9,1,0,2,16,16,14,12,9,1,2
digit_04197,0,0,7,11,12,14,2,0,0,8,16,9,4,3,0,0,0,10,15,5,0,0,0,0,0,3,12,16,14,4,0,0,0,0,0,2,13,16,2,0,0,0,0,0,0,15,9,0,0,0,2,4,8,15,9,0,0,0,10,16,13,8,0,0,5
digit_04198,0,0,1,9,16,16,3,0,0,0,14,11,8,16,8,0,0,0,4,0,0,15,6,0,0,0,0,0,7,16,3,0,0,0,6,12,16,16,9,0,0,1,16,14,16,5,0,0,0,0,2,8,16,0,0,0,0,0,0,12,7,0,0,0,7
digit_04199,0,0,0,5,13,16,8,0,0,0,8,15,6,7,14,0,0,2,16,1,1,11,10,0,0,4,16,15,16,16,6,0,0,0,4,4,5,15,1,0,0,0,0,0,9,8,0,0,0,0,0,2,15,1,0,0,0,0,0,6,10,0,0,0,9
digit_04200,0,4,10,15,16,16,14,0,0,11,16,14,8,5,2,0,0,6,16,8,0,0,0,0,0,0,10,15,1,0,0,0,0,0,2,16,5,0,0,0,0,0,0,13,10,0,0,0,0,5,10,14,10,0,0,0,0,3,16,15,3,0,0,0,5
digit_04201,0,0,1,15,7,0,0,0,0,0,6,16,3,0,0,0,0,1,16,10,0,1,3,0,0,5,16,3,1,12,15,0,0,11,16,8,14,15,3,0,0,6,16,16,16,5,0,0,0,0,1,14,11,0,0,0,0,0,2,16,12,0,0,0,4
digit_04202,0,0,4,11,14,4,0,0,0,5,13,4,9,7,0,0,0,7,10,10,13,2,0,0,0,1,9,16,15,2,0,0,0,0,8,7,9,12,0,0,0,0,12,0,1,14,5,0,0,0,11,6,0,7,8,0,0,0,2,15,16,15,4,0,8
digit_04203,0,0,3,12,15,14,3,0,0,1,16,5,0,8,12,0,0,6,16,11,2,13,7,0,0,2,9,15,16,4,0,0,0,0,3,14,16,7,0,0,0,0,9,5,6,15,0,0,0,0,11,10,7,16,2,0,0,0,3,12,16,13,0,0,8
digit_04204,0,0,0,6,16,2,0,0,0,0,2,15,15,0,0,0,0,0,15,16,3,2,3,0,0,7,16,7,3,15,11,0,0,7,16,14,14,16,5,0,0,1,7,12,16,10,0,0,0,0,0,7,16,4,0,0,0,0,0,10,15,0,0,0,4
digit_04205,0,0,0,2,9,16,10,0,0,0,7,15,8,7,12,0,0,1,15,3,0,11,12,0,0,8,14,9,13,16,8,0,0,1,7,7,3,13,4,0,0,0,0,0,5,13,0,0,0,0,0,0,10,9,0,0,0,0,0,0,14,4,0,0,9
digit_04206,0,0,5,11,4,1,0,0,0,0,15,16,16,11,0,0,0,2,16,9,2,12,4,0,0,6,13,0,0,6,6,0,0,3,13,0,0,5,9,0,0,3,16,0,0,6,8,0,0,0,13,12,8,16,7,0,0,0,4,13,12,10,0,0,0
digit_04207,0,0,1,13,16,14,4,0,0,2,11,8,4,11,7,0,0,6,16,3,3,13,2,0,0,0,9,14,14,4,0,0,0,0,7,16,10,0,0,0,0,0,12,10,16,1,0,0,0,0,11,10,15,4,0,0,0,0,1,14,15,1,0,0,8
digit_04208,0,0,0,9,15,12,1,0,0,1,11,12,5,15,4,0,0,6,14,0,0,13,7,0,0,5,16,12,12,16,4,0,0,0,3,8,14,8,0,0,0,0,0,2,15,1,0,0,0,0,0,9,10,0,0,0,0,0,0,10,9,0,0,0,9
digit_04209,0,1,9,15,16,9,0,0,0,6,12,1,2,16,0,0,0,0,1,0,8,14,0,0,0,0,0,10,15,3,0,0,0,0,0,7,15,5,0,0,0,0,0,0,4,13,2,0,0,2,7,4,4,14,3,0,0,0,9,16,16,10,0,0,3
digit_04210,0,0,9,15,5,0,0,0,0,3,15,15,16,4,0,0,0,10,14,0,9,14,0,0,0,8,12,0,0,12,5,0,0,8,8,0,0,10,8,0,0,5,14,0,0,12,8,0,0,0,16,7,12,16,4,0,0,0,9,16,15,7,0,0,0
digit_04211,0,0,0,0,13,16,6,0,0,0,3,11,16,16,5,0,0,5,16,16,16,16,4,0,0,4,10,9,16,16,4,0,0,0,0,0,13,16,4,0,0,0,0,0,12,16,4,0,0,0,0,2,16,16,7,0,0,0,0,1,12,14,5,0,1
digit_04212,0,0,7,14,5,0,0,0,0,5,16,16,11,0,0,0,0,2,14,2,14,0,0,0,0,0,0,5,16,0,0,0,0,0,0,8,16,0,0,0,0,0,0,11,12,0,0,0,0,0,11,16,14,8,10,0,0,0,7,12,12,12,15,2,2
digit_04213,0,0,8,12,12,14,3,0,0,0,11,11,10,16,2,0,0,0,0,0,9,13,0,0,0,0,0,14,16,13,0,0,0,0,0,8,8,16,4,0,0,0,3,0,0,16,4,0,0,1,16,9,9,15,2,0,0,1,11,14,15,3,0,0,3
digit_04214,0,0,0,2,13,1,0,0,0,0,0,9,15,2,0,0,0,0,4,16,16,8,0,0,0,0,12,9,14,6,0,0,0,5,14,0,13,7,1,0,0,9,15,12,16,16,4,0,0,2,8,9,16,10,1,0,0,0,0,1,13,2,0,0,4
digit_04215,0,0,12,13,12,12,12,0,0,0,16,13,12,11,11,0,0,0,16,13,11,2,0,0,0,3,16,14,16,7,0,0,0,0,0,0,11,11,0,0,0,0,0,0,8,11,0,0,0,1,14,11,15,9,0,0,0,0,10,14,12,0,0,0,5
digit_04216,0,0,1,11,14,0,0,0,0,0,9,16,12,0,0,0,0,1,16,7,0,0,0,0,0,7,16,5,5,4,0,0,0,7,16,16,16,16,5,0,0,0,16,13,4,13,7,0,0,0,9,16,14,16,4,0,0,0,1,11,14,9,0,0,6
digit_04217,0,0,2,12,8,7,6,2,0,0,9,16,15,16,16,5,0,0,13,11,0,10,14,0,0,0,11,3,2,15,4,0,0,0,0,0,11,9,0,0,0,0,0,8,16,4,0,0,0,0,0,15,12,0,0,0,0,0,4,16,2,0,0,0,7
digit_04218,0,0,1,6,8,9,3,0,0,0,13,15,12,11,7,0,0,0,13,11,0,9,7,0,0,0,5,15,15,15,0,0,0,0,1,14,16,16,0,0,0,0,11,9,0,16,1,0,0,0,9,10,10,13,0,0,0,0,3,11,9,2,0,0,8
digit_04219,0,0,7,14,13,8,0,0,0,1,15,13,14,14,0,0,0,0,13,13,13,16,3,0,0,0,4,14,13,16,4,0,0,0,0,0,0,12,4,0,0,0,0,0,0,14,4,0,0,7,16,9,10,15,2,0,0,1,8,13,15,8,0,0,9
digit_04220,0,0,4,13,12,1,0,0,0,2,15,14,16,13,0,0,0,6,16,4,6,16,5,0,0,8,15,1,0,12,8,0,0,8,12,0,0,12,8,0,0,5,13,0,1,13,8,0,0,1,15,10,12,16,3,0,0,0,6,16,13,4,0,0,0
digit_04221,0,0,1,8,16,7,0,0,0,0,3,16,16,12,0,0,0,1,15,16,16,12,0,0,0,3,12,15,16,12,0,0,0,0,0,8,16,10,0,0,0,0,0,11,16,14,0,0,0,0,0,11,16,16,1,0,0,0,0,5,13,7,0,0,1
digit_04222,0,0,7,13,3,0,0,0,0,0,15,16,11,0,0,0,0,0,14,5,15,3,0,0,0,0,6,2,14,5,0,0,0,0,0,0,12,8,0,0,0,0,0,6,16,4,4,0,0,0,7,16,16,16,16,3,0,0,6,15,6,9,9,1,2
digit_04223,0,0,10,16,10,0,0,0,0,8,16,14,16,2,0,0,0,3,15,8,16,3,0,0,0,0,0,11,16,7,0,0,0,0,0,3,10,15,2,0,0,0,10,0,0,14,8,0,0,1,16,6,8,13,8,0,0,1,15,16,13,10,1,0,3
digit_04224,0,0,0,11,4,0,0,0,0,0,1,16,4,3,0,0,0,0,10,9,16,4,0,0,0,2,14,5,16,2,0,0,0,8,13,7,16,11,2,0,0,10,16,16,16,14,1,0,0,0,0,11,13,0,0,0,0,0,0,11,7,0,0,0,4
digit_04225,0,1,8,8,9,13,8,0,0,2,16,16,16,14,9,0,0,3,16,2,0,0,0,0,0,5,16,16,15,1,0,0,0,5,10,8,15,5,0,0,0,0,0,0,13,7,0,0,0,0,15,12,16,2,0,0,0,0,11,16,9,0,0,0,5
digit_04226,0,0,2,11,13,4,0,0,0,0,12,16,13,15,0,0,0,0,16,9,1,3,0,0,0,4,16,6,14,9,1,0,0,7,16,16,16,16,6,0,0,1,16,14,4,16,8,0,0,0,12,16,13,16,2,0,0,0,2,10,16,7,0,0,6
digit_04227,0,0,1,8,8,9,12,7,0,0,8,16,12,13,16,5,0,0,11,6,0,8,11,0,0,0,15,3,1,15,3,0,0,0,1,0,10,9,0,0,0,0,0,3,13,1,0,0,0,0,0,13,7,0,0,0,0,0,1,11,1,0,0,0,7
digit_04228,0,0,5,11,8,7,0,0,0,3,16,11,9,16,4,0,0,0,14,3,7,15,0,0,0,0,5,15,15,3,0,0,0,0,10,15,14,1,0,0,0,4,13,0,9,7,0,0,0,3,11,5,13,7,0,0,0,0,6,10,6,0,0,0,8
digit_04229,0,0,5,16,11,0,0,0,0,0,12,13,13,11,0,0,0,0,13,8,6,16,0,0,0,0,7,14,16,16,4,0,0,0,0,7,8,14,7,0,0,0,4,0,0,8,12,0,0,1,15,11,8,13,11,0,0,0,5,11,12,14,3,0,9
digit_04230,0,0,3,12,11,1,0,0,0,1,14,14,15,8,0,0,0,3,16,2,5,16,1,0,0,4,16,0,0,14,6,0,0,4,16,0,0,11,8,0,0,3,16,2,0,10,8,0,0,0,10,15,13,16,3,0,0,0,1,15,14,6,0,0,0
digit_04231,0,0,0,5,15,13,1,0,0,0,2,14,16,16,4,0,0,0,8,16,16,16,4,0,0,6,15,16,16,16,1,0,0,3,7,10,16,16,4,0,0,0,0,11,16,16,1,0,0,0,0,12,16,16,1,0,0,0,0,6,14,12,1,0,1
digit_04232,0,0,9,11,2,0,0,0,0,8,16,14,12,0,0,0,0,9,10,5,15,0,0,0,0,5,10,4,16,1,0,0,0,0,0,5,15,0,0,0,0,0,2,13,9,2,1,0,0,0,10,16,15,14,15,0,0,0,7,9,9,12,4,0,2
digit_04233,0,0,3,13,13,1,0,0,0,0,10,15,16,7,0,0,0,0,5,3,15,10,0,0,0,0,0,0,16,15,1,0,0,2,7,0,4,16,8,0,0,5,13,0,0,14,9,0,0,0,14,11,9,16,8,0,0,0,3,12,13,8,0,0,3
digit_04234,0,0,0,4,12,0,0,0,0,0,0,12,16,8,0,0,0,0,4,16,15,8,0,0,0,1,15,8,14,7,0,0,0,6,16,8,14,14,4,0,0,10,16,16,16,13,1,0,0,0,0,2,16,4,0,0,0,0,0,4,13,2,0,0,4
digit_04235,0,0,6,8,11,14,14,0,0,1,16,16,13,12,7,0,0,0,16,7,1,0,0,0,0,4,16,16,15,1,0,0,0,1,5,6,13,9,0,0,0,0,6,0,12,9,0,0,0,0,12,10,16,4,0,0,0,0,10,14,8,0,0,0,5
digit_04236,0,0,1,11,14,6,0,0,0,0,4,16,14,4,0,0,0,0,12,16,2,0,0,0,0,2,16,16,12,5,0,0,0,7,16,16,16,16,3,0,0,3,15,5,0,15,13,0,0,0,11,16,14,16,10,0,0,0,0,12,13,9,1,0,6
digit_04237,0,0,2,10,10,12,15,10,0,0,9,16,12,8,15,6,0,0,13,9,0,4,12,1,0,1,16,3,1,13,2,0,0,0,5,0,9,7,0,0,0,0,0,3,13,1,0,0,0,0,0,12,7,0,0,0,0,0,0,14,2,0,0,0,7
digit_04238,0,0,1,11,14,5,0,0,0,1,16,14,6,13,1,0,0,9,14,2,0,16,4,0,0,5,13,0,6,16,1,0,0,1,15,16,16,12,0,0,0,0,5,14,3,13,4,0,0,0,3,15,7,16,1,0,0,0,0,11,16,8,0,0,8
digit_04239,0,0,3,14,10,3,0,0,0,0,10,14,13,15,1,0,0,0,12,4,4,16,4,0,0,0,6,15,15,16,8,0,0,0,1,8,8,14,8,0,0,0,2,0,0,9,11,0,0,0,16,10,8,12,12,0,0,0,7,12,14,14,6,0,9
digit_04240,0,0,4,14,9,0,0,0,0,0,13,16,16,10,0,0,0,4,16,4,5,16,6,0,0,8,14,0,1,15,5,0,0,6,16,0,0,13,4,0,0,4,15,1,7,16,1,0,0,2,15,14,16,7,0,0,0,0,4,13,9,0,0,0,0
digit_04241,0,0,5,14,11,1,0,0,0,0,16,10,14,13,0,0,0,0,14,2,8,16,6,0,0,0,12,7,10,16,8,0,0,0,5,16,16,15,8,0,0,1,3,1,2,11,9,0,0,1,15,6,4,12,11,0,0,0,6,16,14,12,3,0,9
digit_04242,0,1,14,13,12,8,5,0,0,4,16,11,12,15,7,0,0,8,16,16,13,1,0,0,0,3,9,7,15,7,0,0,0,0,0,0,8,9,0,0,0,0,2,0,6,12,0,0,0,0,16,8,12,11,0,0,0,0,12,14,12,4,0,0,5
digit_04243,0,1,8,12,16,16,7,0,0,7,16,12,12,12,5,0,0,4,13,3,0,0,0,0,0,4,16,16,13,0,0,0,0,2,8,6,15,6,0,0,0,0,7,0,9,12,0,0,0,0,16,11,13,12,0,0,0,0,5,13,12,5,0,0,5
digit_04244,0,0,1,9,14,11,1,0,0,0,10,15,9,13,5,0,0,3,16,7,0,0,0,0,0,5,16,16,16,10,0,0,0,7,16,11,10,16,5,0,0,2,16,5,0,12,8,0,0,0,10,15,13,16,5,0,0,0,0,9,12,7,0,0,6
digit_04245,0,0,11,10,12,14,11,0,0,0,16,16,16,16,7,0,0,1,16,16,16,12,0,0,0,1,5,2,11,15,0,0,0,0,1,0,2,16,0,0,0,3,12,0,3,15,0,0,0,6,15,8,13,11,0,0,0,0,9,14,9,2,0,0,5
digit_04246,0,0,10,15,6,0,0,0,0,2,16,14,16,7,0,0,0,4,16,8,5,16,1,0,0,5,12,0,0,12,8,0,0,8,9,0,0,12,8,0,0,5,12,0,1,15,3,0,0,4,13,4,12,13,0,0,0,0,9,16,13,4,0,0,0
digit_04247,0,0,9,16,11,1,0,0,0,5,16,10,16,9,0,0,0,6,14,1,9,15,0,0,0,1,15,6,11,16,2,0,0,0,7,16,15,16,7,0,0,0,0,3,1,11,9,0,0,3,14,9,9,14,12,0,0,0,12,16,16,13,3,0,9
digit_04248,0,0,4,15,13,3,0,0,0,1,16,13,16,15,1,0,0,6,15,0,4,16,4,0,0,3,15,14,16,14,0,0,0,0,4,16,16,11,0,0,0,0,11,12,8,16,5,0,0,0,16,10,12,16,3,0,0,0,7,16,13,7,0,0,8
digit_04249,0,1,7,12,13,3,0,0,0,7,13,6,15,14,0,0,0,6,10,0,13,16,0,0,0,1,13,13,15,16,1,0,0,0,0,4,1,12,8,0,0,0,0,0,0,12,8,0,0,0,12,13,5,14,8,0,0,0,5,12,16,11,1,0,9
digit_04250,0,0,5,12,9,1,0,0,0,0,16,9,15,9,0,0,0,2,14,1,10,12,0,0,0,0,9,14,16,11,0,0,0,0,3,15,16,9,0,0,0,0,12,10,3,13,1,0,0,0,11,8,5,16,3,0,0,0,4,10,8,3,0,0,8
digit_04251,0,0,0,5,14,0,0,0,0,0,0,13,14,12,0,0,0,0,7,13,6,13,0,0,0,2,16,3,10,11,0,0,0,6,16,13,16,16,5,0,0,2,8,9,16,11,2,0,0,0,0,3,16,0,0,0,0,0,0,7,12,0,0,0,4
digit_04252,0,0,0,1,12,7,0,0,0,0,0,9,16,16,1,0,0,1,7,15,16,14,0,0,0,4,16,16,16,16,0,0,0,0,0,3,16,16,0,0,0,0,0,2,16,16,3,0,0,0,0,6,16,16,0,0,0,0,0,3,15,13,0,0,1
digit_04253,0,0,1,8,11,13,15,3,0,0,7,16,10,10,16,5,0,1,13,3,0,9,14,0,0,3,15,0,2,15,4,0,0,5,8,0,10,11,0,0,0,0,0,2,15,4,0,0,0,0,0,8,14,0,0,0,0,0,0,13,7,0,0,0,7
digit_04254,0,0,6,12,12,15,16,6,0,2,15,16,14,16,15,3,0,3,16,6,6,16,6,0,0,7,15,4,14,11,0,0,0,1,2,8,15,3,0,0,0,0,1,16,9,0,0,0,0,0,6,16,4,0,0,0,0,0,8,16,3,0,0,0,7
digit_04255,0,0,6,15,14,2,0,0,0,5,16,11,14,12,0,0,0,5,11,3,16,5,0,0,0,0,0,14,16,7,0,0,0,0,0,8,10,16,3,0,0,1,4,0,0,12,7,0,0,7,16,5,6,16,5,0,0,1,8,15,16,12,1,0,3
digit_04256,0,0,3,8,9,11,14,1,0,0,9,16,16,16,13,0,0,0,16,5,8,0,0,0,0,4,16,16,16,6,0,0,0,2,9,2,9,10,0,0,0,0,0,0,8,8,0,0,0,0,8,12,13,5,0,0,0,0,5,13,10,1,0,0,5
digit_04257,0,0,0,5,16,8,0,0,0,0,4,16,16,8,0,0,0,2,15,16,16,8,0,0,0,4,8,12,16,5,0,0,0,0,0,6,16,11,0,0,0,0,0,6,16,12,0,0,0,0,0,6,16,15,1,0,0,0,0,4,15,11,2,0,1
digit_04258,0,0,2,15,10,1,0,0,0,2,13,12,14,9,0,0,0,6,16,1,1,14,2,0,0,8,16,0,0,10,5,0,0,8,14,2,0,8,8,0,0,6,14,0,0,8,8,0,0,1,14,12,8,15,6,0,0,0,3,13,16,8,1,0,0
digit_04259,0,0,2,15,8,0,0,0,0,0,7,14,15,8,0,0,0,7,15,3,3,15,0,0,0,6,16,1,0,9,8,0,0,4,12,0,0,8,8,0,0,0,12,3,0,12,7,0,0,0,9,13,13,15,1,0,0,0,1,9,12,5,0,0,0
digit_04260,0,0,11,15,4,0,0,0,0,5,16,15,15,0,0,0,0,0,14,11,16,2,0,0,0,0,0,4,16,5,0,0,0,0,0,4,16,6,0,0,0,0,0,7,16,10,3,0,0,0,11,16,16,16,16,6,0,0,11,16,10,5,13,6,2
digit_04261,0,0,12,15,3,0,0,0,0,6,15,12,14,0,0,0,0,7,5,1,16,2,0,0,0,0,0,0,11,7,0,0,0,0,0,2,15,3,0,0,0,0,0,8,14,1,0,0,0,0,12,16,12,8,5,0,0,0,9,8,13,15,7,0,2
digit_04262,0,0,2,12,12,12,9,2,0,0,9,15,12,13,16,5,0,0,12,8,0,8,10,0,0,1,16,3,3,15,2,0,0,1,3,0,12,7,0,0,0,0,0,4,13,0,0,0,0,0,0,13,9,0,0,0,0,0,3,15,3,0,0,0,7
digit_04263,0,0,3,9,14,7,0,0,0,3,15,11,8,15,2,0,0,4,16,5,2,16,7,0,0,0,4,15,13,16,7,0,0,0,0,6,16,16,1,0,0,0,2,15,8,16,7,0,0,0,4,16,4,15,7,0,0,0,0,10,15,10,0,0,8
digit_04264,0,0,7,13,2,0,0,0,0,11,15,12,13,0,0,0,0,12,7,0,16,4,0,0,0,4,4,0,14,8,0,0,0,0,0,0,14,7,0,0,0,0,0,4,16,3,0,0,0,0,12,16,16,12,9,0,0,0,9,12,8,10,14,0,2
digit_04265,0,0,4,15,12,2,0,0,0,2,15,7,11,10,0,0,0,4,16,0,0,15,1,0,0,6,10,0,0,10,8,0,0,8,8,0,0,6,8,0,0,5,12,0,0,11,8,0,0,2,16,7,8,16,2,0,0,0,6,15,16,8,0,0,0
digit_04266,0,0,7,10,0,0,0,0,0,0,9,16,0,0,0,0,0,0,6,16,5,0,0,0,0,0,9,16,9,0,0,0,0,0,0,6,14,1,0,0,0,0,0,2,16,4,0,0,0,0,1,4,14,12,4,1,0,0,7,16,16,16,16,5,1
digit_04267,0,0,7,15,6,0,0,0,0,4,16,9,14,3,0,0,0,2,14,0,13,6,0,0,0,0,2,0,11,10,0,0,0,0,0,0,13,6,0,0,0,0,0,5,15,7,0,0,0,0,9,16,16,16,15,0,0,0,6,15,7,4,6,1,2
digit_04268,0,0,0,11,12,1,0,0,0,0,8,16,9,4,0,0,0,0,3,4,0,0,0,0,0,1,0,2,8,2,0,0,0,5,16,16,16,14,2,0,0,2,16,9,3,13,7,0,0,0,11,14,7,16,9,0,0,0,1,10,14,10,2,0,6
digit_04269,0,0,3,10,13,7,0,0,0,1,14,13,15,14,0,0,0,0,15,5,14,9,0,0,0,0,0,10,16,5,0,0,0,0,0,7,14,16,3,0,0,4,5,0,2,16,4,0,0,10,16,10,8,16,3,0,0,0,5,12,14,8,0,0,3
digit_04270,0,0,3,14,13,0,0,0,0,2,16,9,16,2,0,0,0,4,12,3,16,0,0,0,0,2,9,15,16,10,1,0,0,0,0,11,8,16,6,0,0,0,6,0,0,12,8,0,0,0,14,10,5,16,7,0,0,0,3,13,16,11,1,0,3
digit_04271,0,0,0,10,12,15,16,13,0,0,6,15,6,4,14,9,0,0,10,6,0,3,14,2,0,1,14,1,0,12,6,0,0,0,3,0,5,13,0,0,0,0,0,1,13,3,0,0,0,0,0,6,13,0,0,0,0,0,0,14,6,0,0,0,7
digit_04272,0,0,4,13,14,2,0,0,0,0,15,10,11,10,0,0,0,3,15,2,12,6,0,0,0,0,3,8,16,7,0,0,0,0,0,4,9,16,2,0,0,0,10,3,0,13,6,0,0,0,16,5,7,16,3,0,0,0,7,13,13,8,0,0,3
digit_04273,0,0,5,14,9,0,0,0,0,1,16,13,16,0,0,0,0,2,13,10,14,0,0,0,0,0,4,16,16,7,0,0,0,0,2,4,5,16,4,0,0,0,0,0,0,14,7,0,0,0,11,8,8,16,4,0,0,0,8,13,15,10,0,0,3
digit_04274,0,0,0,5,8,0,0,0,0,0,1,15,10,5,0,0,0,0,9,11,10,10,0,0,0,2,15,2,14,6,0,0,0,8,13,5,14,13,4,0,0,11,16,16,16,14,3,0,0,0,0,3,16,0,0,0,0,0,0,7,10,0,0,0,4
digit_04275,0,0,0,12,15,1,0,0,0,0,4,16,13,1,0,0,0,1,14,15,2,0,0,0,0,4,16,15,10,7,0,0,0,7,16,16,12,16,6,0,0,3,16,13,0,16,12,0,0,0,11,16,13,16,12,0,0,0,1,9,13,12,4,0,6
digit_04276,0,0,2,15,13,3,0,0,0,0,12,16,9,4,0,0,0,3,16,9,0,0,0,0,0,3,16,14,12,5,0,0,0,8,16,16,16,16,0,0,0,5,16,15,6,16,9,0,0,1,13,14,13,16,3,0,0,0,3,12,14,10,0,0,6
digit_04277,0,0,2,12,16,6,0,0,0,0,5,16,12,4,0,0,0,0,15,14,0,0,0,0,0,2,16,14,8,8,0,0,0,4,16,16,13,15,8,0,0,4,16,11,1,12,12,0,0,0,11,16,12,14,15,0,0,0,1,8,12,12,6,0,6
digit_04278,0,0,0,4,9,0,0,0,0,0,0,12,11,0,0,0,0,0,4,13,16,4,0,0,0,0,12,6,14,4,0,0,0,4,16,9,15,13,3,0,0,4,12,12,16,14,6,0,0,0,0,0,16,4,0,0,0,0,0,2,16,3,0,0,4
digit_04279,0,0,10,16,13,5,0,0,0,7,13,5,14,12,0,0,0,9,10,0,13,14,0,0,0,4,15,13,16,15,3,0,0,0,2,6,3,12,8,0,0,0,0,0,0,12,8,0,0,0,12,6,5,15,4,0,0,0,9,13,16,8,0,0,9
digit_04280,0,0,0,2,16,15,3,0,0,0,0,8,16,16,4,0,0,0,9,16,16,14,0,0,0,7,16,16,16,12,0,0,0,0,0,8,16,12,0,0,0,0,0,7,16,12,0,0,0,0,0,4,16,16,7,0,0,0,0,0,13,16,7,0,1
digit_04281,0,0,4,12,16,16,11,2,0,0,15,13,8,11,8,1,0,2,15,13,16,8,0,0,0,6,16,13,13,16,2,0,0,7,11,2,2,16,6,0,0,0,0,0,5,15,2,0,0,0,9,6,13,10,0,0,0,0,7,14,13,1,0,0,5
digit_04282,0,0,3,14,10,1,0,0,0,2,14,12,15,14,1,0,0,6,13,0,3,14,8,0,0,5,12,0,0,11,8,0,0,4,14,0,0,12,7,0,0,1,14,4,3,16,3,0,0,0,8,12,12,12,0,0,0,0,2,15,10,3,0,0,0
digit_04283,0,0,7,14,10,7,0,0,0,5,16,14,16,14,0,0,0,7,11,0,9,14,1,0,0,4,14,7,11,16,5,0,0,0,9,15,15,12,8,0,0,0,0,1,1,8,9,0,0,0,14,11,10,15,9,0,0,0,9,13,13,9,0,0,9
digit_04284,0,0,9,13,14,15,13,0,0,0,16,13,12,12,5,0,0,4,16,0,0,0,0,0,0,8,16,16,11,1,0,0,0,1,7,8,16,12,0,0,0,0,0,0,9,13,0,0,0,0,12,8,12,10,0,0,0,0,10,16,13,3,0,0,5
digit_04285,0,0,10,13,2,0,0,0,0,0,12,16,10,0,0,0,0,0,7,14,16,0,0,0,0,0,0,2,16,1,0,0,0,0,0,2,16,1,0,0,0,0,4,8,15,0,0,0,0,0,16,16,16,13,11,0,0,0,8,14,8,11,14,1,2
digit_04286,0,0,1,7,6,11,1,0,0,0,13,11,15,16,7,0,0,0,13,6,11,16,4,0,0,0,3,15,16,7,0,0,0,0,4,15,14,7,0,0,0,1,14,3,1,13,0,0,0,2,12,2,3,12,0,0,0,0,1,10,8,1,0,0,8
digit_04287,0,0,13,14,3,0,0,0,0,4,16,15,11,0,0,0,0,7,12,4,16,0,0,0,0,3,6,4,16,0,0,0,0,0,0,9,12,0,0,0,0,0,1,14,7,0,0,0,0,1,14,16,10,10,2,0,0,0,11,12,14,14,6,0,2
digit_04288,0,0,4,15,12,1,0,0,0,0,12,11,13,13,1,0,0,3,12,0,0,14,6,0,0,8,12,0,0,11,8,0,0,8,12,0,0,8,8,0,0,6,13,0,0,11,7,0,0,4,16,7,10,15,2,0,0,0,7,13,12,2,0,0,0
digit_04289,0,0,3,16,9,0,0,0,0,4,15,15,16,7,0,0,0,8,16,3,7,12,0,0,0,6,16,3,0,13,3,0,0,8,10,0,0,12,8,0,0,1,15,2,0,9,11,0,0,0,13,14,10,15,12,0,0,0,3,10,16,14,3,0,0
digit_04290,0,0,0,5,16,9,0,0,0,0,1,13,16,6,0,0,0,0,13,16,16,4,0,0,0,5,15,16,16,5,0,0,0,0,0,10,16,7,0,0,0,0,0,9,16,8,0,0,0,0,0,9,16,13,0,0,0,0,0,5,14,9,0,0,1
digit_04291,0,0,1,11,12,13,14,5,0,0,7,15,11,10,16,6,0,0,10,7,0,2,16,2,0,1,16,1,0,12,8,0,0,2,11,0,4,14,1,0,0,0,0,1,14,4,0,0,0,0,0,8,14,0,0,0,0,0,0,15,7,0,0,0,7
digit_04292,0,0,0,9,14,4,0,0,0,0,6,16,12,4,0,0,0,1,16,11,0,0,0,0,0,2,16,7,3,0,0,0,0,4,16,14,16,10,0,0,0,3,16,15,10,16,6,0,0,0,12,16,7,13,9,0,0,0,1,11,16,16,9,0,6
digit_04293,0,0,7,13,11,0,0,0,0,6,16,11,16,0,0,0,0,3,8,5,16,0,0,0,0,0,3,15,16,6,0,0,0,0,0,7,8,16,5,0,0,6,8,0,0,11,9,0,0,0,16,6,6,14,6,0,0,0,6,15,16,10,0,0,3
digit_04294,0,0,11,11,2,0,0,0,0,3,16,16,8,0,0,0,0,6,12,8,8,0,0,0,0,0,5,6,12,0,0,0,0,0,0,11,9,0,0,0,0,0,0,15,6,3,5,0,0,0,13,16,13,15,9,0,0,1,12,12,12,12,1,0,2
digit_04295,0,0,0,6,16,6,0,0,0,0,0,13,16,10,0,0,0,0,9,16,16,6,0,0,0,3,16,16,16,4,0,0,0,5,16,16,16,6,0,0,0,0,0,9,16,10,0,0,0,0,0,8,16,15,0,0,0,0,0,4,13,11,2,0,1
digit_04296,0,0,6,15,8,10,12,2,0,0,10,14,10,12,16,1,0,0,9,10,1,13,7,0,0,0,4,4,8,12,1,0,0,0,0,2,15,5,0,0,0,0,0,11,8,0,0,0,0,0,3,16,0,0,0,0,0,0,7,14,0,0,0,0,7
digit_04297,0,0,0,0,7,6,0,0,0,0,0,6,15,6,0,0,0,0,1,15,5,14,3,0,0,0,12,8,4,16,0,0,0,5,16,9,10,16,4,0,0,1,11,12,14,14,4,0,0,0,0,0,8,8,0,0,0,0,0,0,11,7,0,0,4
digit_04298,0,0,0,9,14,2,0,0,0,0,2,16,12,0,0,0,0,0,10,16,7,0,0,0,0,0,16,16,16,8,0,0,0,4,16,14,8,15,3,0,0,1,15,6,0,11,11,0,0,0,10,15,7,12,16,0,0,0,1,9,15,15,10,0,6
digit_04299,0,0,6,15,11,0,0,0,0,6,16,13,16,0,0,0,0,2,7,13,9,0,0,0,0,0,3,16,15,5,0,0,0,0,0,3,11,16,2,0,0,0,0,0,0,16,7,0,0,0,16,11,10,16,7,0,0,0,5,16,15,9,0,0,3
digit_04300,0,0,0,0,12,8,0,0,0,0,0,3,16,16,0,0,0,0,1,13,16,11,0,0,0,3,15,16,16,8,0,0,0,0,3,7,16,8,0,0,0,0,0,4,16,8,0,0,0,0,0,4,16,14,0,0,0,0,0,0,14,15,5,0,1
digit_04301,0,0,9,10,2,0,0,0,0,8,16,16,10,0,0,0,0,7,7,4,16,2,0,0,0,0,0,8,16,5,0,0,0,0,0,10,16,14,2,0,0,0,0,0,2,14,7,0,0,0,11,10,4,11,12,0,0,0,8,14,16,15,6,0,3
digit_04302,0,0,4,10,13,3,0,0,0,4,16,13,16,8,0,0,0,5,15,0,14,11,0,0,0,3,15,15,16,16,1,0,0,0,5,9,8,14,8,0,0,0,0,0,0,12,8,0,0,0,9,15,10,14,7,0,0,0,4,12,14,11,2,0,9
digit_04303,0,0,0,7,16,16,7,0,0,0,0,14,16,16,4,0,0,2,13,16,16,12,0,0,0,7,16,16,16,12,0,0,0,0,0,10,16,8,0,0,0,0,0,11,16,13,0,0,0,0,0,10,16,16,2,0,0,0,0,9,16,12,2,0,1
digit_04304,0,0,4,6,11,14,6,0,0,4,16,16,12,16,7,0,0,6,16,2,1,16,3,0,0,5,16,0,5,14,0,0,0,0,2,0,11,10,0,0,0,0,0,2,15,4,0,0,0,0,0,8,16,0,0,0,0,0,0,7,12,0,0,0,7
digit_04305,0,0,0,6,14,8,0,0,0,0,8,16,12,8,0,0,0,3,16,14,3,0,0,0,0,6,16,16,16,11,1,0,0,8,16,13,4,14,5,0,0,2,16,9,0,8,12,0,0,0,10,15,6,13,9,0,0,0,0,8,14,16,9,0,6
digit_04306,0,0,4,6,11,5,0,0,0,2,14,7,2,15,0,0,0,4,8,0,0,10,2,0,0,0,14,8,8,13,1,0,0,0,15,10,16,7,0,0,0,1,10,0,1,10,4,0,0,0,12,2,0,6,8,0,0,0,6,10,11,7,1,0,8
digit_04307,0,0,0,5,9,0,0,0,0,0,2,14,14,2,0,0,0,0,6,14,11,12,0,0,0,3,15,3,11,10,0,0,0,8,11,0,13,10,2,0,0,10,16,16,16,15,3,0,0,0,4,10,15,0,0,0,0,0,0,8,9,0,0,0,4
digit_04308,0,2,13,16,4,0,0,0,0,12,12,12,15,0,0,0,0,5,2,7,14,0,0,0,0,0,3,15,15,7,0,0,0,0,4,12,12,16,3,0,0,0,0,0,0,15,7,0,0,3,16,8,9,16,6,0,0,1,11,12,14,9,0,0,3
digit_04309,0,0,0,7,16,12,0,0,0,0,7,16,16,12,0,0,0,3,16,16,16,8,0,0,0,7,16,16,16,8,0,0,0,0,0,11,16,12,0,0,0,0,0,7,16,15,0,0,0,0,0,6,16,16,5,0,0,0,0,6,15,15,2,0,1
digit_04310,0,0,0,7,6,0,0,0,0,0,1,15,16,7,0,0,0,0,8,13,15,6,0,0,0,3,16,3,12,7,1,0,0,4,14,9,15,16,8,0,0,4,12,12,16,10,2,0,0,0,0,5,16,0,0,0,0,0,0,4,14,0,0,0,4
digit_04311,0,0,3,11,6,0,0,0,0,0,10,14,16,2,0,0,0,3,15,1,11,11,0,0,0,4,12,0,2,16,2,0,0,7,12,0,0,12,8,0,0,4,14,0,1,15,8,0,0,2,15,14,15,15,1,0,0,0,5,13,14,5,0,0,0
digit_04312,0,2,16,12,12,14,7,0,0,3,16,9,8,8,4,0,0,2,16,10,4,0,0,0,0,4,16,13,16,4,0,0,0,0,3,0,12,10,0,0,0,6,3,0,9,11,0,0,0,11,11,9,16,3,0,0,0,3,12,15,7,0,0,0,5
digit_04313,0,0,6,14,10,0,0,0,0,6,16,14,16,0,0,0,0,5,10,11,16,0,0,0,0,0,0,9,16,12,0,0,0,0,0,0,3,16,7,0,0,4,6,0,3,16,8,0,0,5,15,9,16,13,1,0,0,0,9,15,8,0,0,0,3
digit_04314,0,0,0,6,14,1,0,0,0,0,1,16,10,0,0,0,0,0,13,14,1,0,0,0,0,2,16,12,10,3,0,0,0,5,16,15,14,16,1,0,0,3,16,12,0,15,8,0,0,0,11,16,9,16,8,0,0,0,0,11,15,11,1,0,6
digit_04315,0,0,6,12,11,0,0,0,0,2,16,14,14,11,0,0,0,8,15,1,8,16,0,0,0,3,15,5,11,16,5,0,0,0,11,16,15,14,8,0,0,0,4,2,3,6,12,0,0,2,16,13,10,14,12,0,0,0,8,12,13,13,5,0,9
digit_04316,0,0,0,11,16,12,1,0,0,0,5,16,10,16,4,0,0,2,15,10,0,8,1,0,0,5,16,9,1,0,0,0,0,8,16,16,9,0,0,0,0,2,16,10,16,6,0,0,0,0,11,16,16,7,0,0,0,0,1,8,13,0,0,0,6
digit_04317,0,0,0,4,14,14,4,0,0,0,1,15,16,16,2,0,0,2,13,16,16,16,0,0,0,8,16,16,16,16,0,0,0,2,7,8,16,16,1,0,0,0,0,4,16,16,0,0,0,0,0,4,16,16,2,0,0,0,0,4,16,15,4,0,1
digit_04318,0,0,2,13,16,16,16,12,0,0,9,15,8,9,16,7,0,0,10,10,0,6,14,1,0,1,16,5,1,16,4,0,0,0,4,0,9,13,0,0,0,0,0,4,15,1,0,0,0,0,0,14,10,0,0,0,0,0,3,15,4,0,0,0,7
digit_04319,0,1,8,8,11,15,10,0,0,4,16,16,11,12,6,0,0,4,16,4,0,0,0,0,0,1,16,15,8,0,0,0,0,0,4,10,16,6,0,0,0,0,0,0,12,12,0,0,0,6,15,9,13,10,0,0,0,1,13,16,13,4,0,0,5
digit_04320,0,0,0,2,16,4,0,0,0,0,0,10,16,6,0,0,0,0,4,16,12,15,0,0,0,2,13,8,9,14,0,0,0,9,16,16,16,16,6,0,0,2,4,5,14,15,0,0,0,0,0,0,15,11,0,0,0,0,0,0,13,8,0,0,4
digit_04321,0,0,0,2,14,0,0,0,0,0,0,10,9,0,0,0,0,0,1,15,8,11,0,0,0,0,12,7,12,8,0,0,0,5,16,12,15,14,5,0,0,8,13,9,16,13,3,0,0,0,0,0,16,4,0,0,0,0,0,0,16,6,0,0,4
digit_04322,0,0,2,5,5,11,15,5,0,0,12,16,14,13,16,3,0,1,14,9,0,6,11,0,0,0,16,5,1,13,4,0,0,0,1,0,7,11,0,0,0,0,0,2,12,2,0,0,0,0,0,10,10,0,0,0,0,0,0,15,5,0,0,0,7
digit_04323,0,1,11,13,2,0,0,0,0,8,15,15,6,0,0,0,0,10,9,6,14,0,0,0,0,3,10,4,10,0,0,0,0,0,0,11,7,0,0,0,0,0,2,15,3,0,0,0,0,2,13,16,13,11,2,0,0,1,12,12,12,15,11,0,2
digit_04324,0,0,3,10,14,3,0,0,0,8,16,11,10,13,0,0,0,7,14,0,1,15,2,0,0,2,16,9,16,16,1,0,0,0,12,16,15,15,2,0,0,0,12,10,0,8,8,0,0,0,9,12,4,7,12,0,0,0,2,11,16,16,9,0,8
digit_04325,0,1,11,12,1,0,0,0,0,8,16,12,9,0,0,0,0,7,8,7,12,0,0,0,0,1,1,4,14,0,0,0,0,0,0,5,11,0,0,0,0,0,0,11,9,0,0,0,0,1,14,16,16,15,10,0,0,0,13,11,8,12,8,0,2
digit_04326,0,0,0,3,15,13,1,0,0,0,2,15,16,16,2,0,0,0,13,10,5,15,0,0,0,0,6,2,11,8,0,0,0,0,0,6,14,2,0,0,0,3,8,16,8,0,0,0,3,16,16,16,16,8,0,0,1,4,4,5,13,6,0,0,2
digit_04327,0,0,11,15,15,16,9,0,0,4,16,14,8,9,3,0,0,4,12,0,0,0,0,0,0,6,16,15,3,0,0,0,0,3,11,11,12,0,0,0,0,0,0,2,16,0,0,0,0,2,12,9,16,0,0,0,0,0,11,16,8,0,0,0,5
digit_04328,0,0,2,8,8,8,12,2,0,0,12,16,14,14,15,1,0,0,14,9,0,12,6,0,0,0,10,2,8,11,0,0,0,0,0,2,14,3,0,0,0,0,0,9,8,0,0,0,0,0,0,14,4,0,0,0,0,0,3,15,0,0,0,0,7
digit_04329,0,0,3,10,14,3,0,0,0,4,16,13,15,11,0,0,0,8,13,1,13,16,2,0,0,6,16,14,14,14,6,0,0,0,5,7,1,11,8,0,0,1,8,1,0,8,8,0,0,2,16,11,8,14,7,0,0,0,5,12,14,9,1,0,9
digit_04330,0,0,3,8,11,13,14,0,0,2,13,16,13,13,13,0,0,1,16,0,0,0,0,0,0,3,16,11,10,1,0,0,0,3,16,14,14,10,0,0,0,0,8,3,9,11,0,0,0,0,7,15,14,11,0,0,0,0,2,12,13,2,0,0,5
digit_04331,0,0,0,0,13,3,0,0,0,0,0,11,13,4,0,0,0,0,6,14,4,16,1,0,0,2,14,3,6,14,0,0,0,6,16,11,12,12,0,0,0,2,7,14,16,14,0,0,0,0,0,0,12,8,0,0,0,0,0,0,15,3,0,0,4
digit_04332,0,0,6,10,9,4,0,0,0,0,14,10,16,16,1,0,0,4,15,1,9,16,0,0,0,3,16,16,16,8,0,0,0,0,12,14,16,5,0,0,0,0,12,1,9,12,0,0,0,0,16,6,14,9,0,0,0,0,8,12,6,1,0,0,8
digit_04333,0,0,5,15,15,7,0,0,0,2,16,11,16,16,8,0,0,2,16,5,4,16,8,0,0,1,12,16,16,10,0,0,0,0,7,16,16,5,0,0,0,0,15,9,14,10,0,0,0,0,14,12,16,8,0,0,0,0,5,14,12,1,0,0,8
digit_04334,0,0,0,5,11,0,0,0,0,0,0,10,13,0,0,0,0,0,0,16,16,6,0,0,0,0,9,12,16,5,0,0,0,2,16,4,16,7,0,0,0,9,16,14,16,16,3,0,0,3,8,11,16,8,1,0,0,0,0,5,13,0,0,0,4
digit_04335,0,0,2,10,16,10,0,0,0,0,14,9,6,16,16,0,0,0,16,6,5,14,11,0,0,0,5,14,14,16,6,0,0,0,0,0,1,16,3,0,0,0,3,1,4,16,3,0,0,2,15,13,11,13,1,0,0,0,3,12,13,4,0,0,9
digit_04336,0,0,2,12,14,4,0,0,0,0,15,12,11,13,0,0,0,4,16,4,1,14,6,0,0,4,12,0,0,8,8,0,0,6,9,0,0,5,8,0,0,3,12,1,0,12,8,0,0,0,8,12,9,16,3,0,0,0,0,10,13,3,0,0,0
digit_04337,0,0,5,13,13,8,0,0,0,0,16,11,13,16,6,0,0,1,16,5,2,14,9,0,0,0,9,16,16,15,0,0,0,0,10,16,14,14,0,0,0,5,15,4,0,16,6,0,0,6,14,7,6,16,4,0,0,0,7,15,16,10,0,0,8
digit_04338,0,0,5,13,15,6,0,0,0,2,16,9,16,13,0,0,0,4,14,0,10,16,2,0,0,4,15,11,15,16,1,0,0,0,7,10,3,13,8,0,0,0,3,0,0,12,5,0,0,0,13,11,4,16,4,0,0,0,7,14,16,11,1,0,9
digit_04339,0,0,8,11,8,10,0,0,0,3,15,8,12,16,4,0,0,3,12,0,3,16,2,0,0,0,11,10,15,10,0,0,0,0,4,16,16,6,0,0,0,0,7,9,4,16,0,0,0,0,12,11,5,16,0,0,0,0,3,10,9,3,0,0,8
digit_04340,0,0,6,15,13,2,0,0,0,1,15,10,11,14,0,0,0,2,16,3,1,16,4,0,0,4,12,0,1,14,4,0,0,4,10,0,0,15,3,0,0,4,12,0,0,15,3,0,0,1,13,9,11,16,2,0,0,0,4,12,14,5,0,0,0
digit_04341,0,0,7,14,2,0,0,0,0,0,2,16,6,0,0,0,0,0,2,15,9,0,0,0,0,0,2,16,12,0,0,0,0,0,2,16,16,5,0,0,0,0,0,3,13,13,0,0,0,0,6,12,14,16,12,5,0,0,5,16,16,16,16,15,1
digit_04342,0,0,2,13,11,0,0,0,0,0,11,14,11,9,0,0,0,0,15,7,6,12,0,0,0,0,8,5,9,12,0,0,0,0,0,1,14,7,0,0,0,0,0,7,16,0,0,0,0,0,1,12,12,4,4,1,0,0,1,15,16,16,16,7,2
digit_04343,0,0,1,9,15,5,0,0,0,0,14,11,5,11,0,0,0,4,15,1,4,14,0,0,0,0,6,1,13,9,0,0,0,0,0,0,10,13,1,0,0,0,0,0,0,8,10,0,0,0,12,9,4,4,15,0,0,0,1,10,16,15,11,1,3
digit_04344,0,0,1,14,3,0,0,0,0,0,8,14,0,3,0,0,0,1,16,4,10,12,0,0,0,7,14,2,15,5,0,0,0,13,14,11,16,16,9,0,0,8,16,16,14,4,0,0,0,0,0,15,9,0,0,0,0,0,2,16,5,0,0,0,4
digit_04345,0,0,9,14,16,13,2,0,0,0,13,8,2,6,4,0,0,0,16,2,9,8,0,0,0,3,15,15,11,14,4,0,0,5,16,6,0,12,2,0,0,5,7,0,3,13,0,0,0,0,5,7,13,6,0,0,0,0,10,16,9,0,0,0,5
digit_04346,0,0,1,14,15,4,0,0,0,0,9,16,10,5,0,0,0,1,16,10,0,0,0,0,0,3,16,12,5,0,0,0,0,4,16,16,16,8,0,0,0,1,15,7,4,16,4,0,0,0,11,13,4,16,9,0,0,0,1,12,16,16,9,0,6
digit_04347,0,0,9,15,16,2,0,0,0,0,13,9,16,4,0,0,0,0,2,6,16,16,12,0,0,0,14,16,14,8,7,0,0,0,3,14,9,0,0,0,0,0,3,16,3,0,0,0,0,0,10,16,0,0,0,0,0,0,12,11,0,0,0,0,7
digit_04348,0,0,0,5,15,13,2,0,0,0,0,12,7,11,6,0,0,0,0,9,12,15,1,0,0,0,1,8,16,4,0,0,0,3,15,8,13,0,0,0,0,7,12,0,10,7,0,0,0,0,12,11,10,8,0,0,0,0,0,6,13,10,0,0,8
digit_04349,0,0,3,11,15,8,0,0,0,3,14,10,5,15,2,0,0,8,10,0,3,16,4,0,0,8,9,1,10,16,7,0,0,1,15,16,9,9,7,0,0,0,0,0,0,5,8,0,0,0,4,6,5,13,7,0,0,0,3,16,15,8,1,0,9
digit_04350,0,0,0,9,14,6,0,0,0,0,10,13,4,13,2,0,0,2,14,0,0,10,6,0,0,4,9,0,0,6,8,0,0,5,8,0,0,8,7,0,0,2,11,1,0,9,5,0,0,0,6,11,4,13,3,0,0,0,1,11,16,12,0,0,0
digit_04351,0,0,6,13,0,0,0,0,0,0,8,16,2,0,0,0,0,0,6,16,3,0,0,0,0,0,3,15,6,0,0,0,0,0,0,10,10,0,0,0,0,0,0,3,15,0,0,0,0,0,7,10,14,12,5,1,0,0,6,16,16,16,16,12,1
digit_04352,0,0,5,16,14,2,0,0,0,1,13,14,16,8,0,0,0,9,15,3,16,5,0,0,0,10,13,3,16,3,0,0,0,3,3,11,13,0,0,0,0,0,0,13,10,0,0,0,0,0,2,16,16,16,10,0,0,0,6,16,14,12,9,0,2
digit_04353,0,0,3,10,15,6,0,0,0,4,16,9,4,16,2,0,0,8,14,0,9,10,0,0,0,1,4,7,16,2,0,0,0,0,0,2,15,7,0,0,0,0,0,0,1,14,1,0,0,0,12,8,1,11,7,0,0,0,6,8,16,15,5,0,3
digit_04354,0,0,3,16,4,0,0,0,0,0,12,13,2,5,0,0,0,2,16,6,10,15,1,0,0,9,15,3,16,11,7,0,0,12,16,16,15,11,5,0,0,3,9,16,3,0,0,0,0,0,2,16,3,0,0,0,0,0,6,14,0,0,0,0,4
digit_04355,0,0,13,13,13,12,4,0,0,1,16,5,5,9,4,0,0,4,13,0,2,1,0,0,0,5,14,11,16,13,2,0,0,5,15,6,0,9,8,0,0,0,3,0,0,10,8,0,0,3,14,5,7,15,1,0,0,1,9,14,15,4,0,0,5
digit_04356,0,0,0,11,16,6,0,0,0,0,10,16,10,0,0,0,0,0,16,3,0,0,0,0,0,5,14,0,3,0,0,0,0,2,16,16,13,12,1,0,0,2,15,3,0,8,7,0,0,0,8,8,0,10,7,0,0,0,1,11,12,15,4,0,6
digit_04357,0,0,5,11,16,16,5,0,0,3,15,11,10,16,4,0,0,0,4,0,10,14,0,0,0,0,7,15,16,16,12,0,0,0,9,16,14,4,1,0,0,0,1,14,7,0,0,0,0,0,4,16,4,0,0,0,0,0,8,16,0,0,0,0,7
digit_04358,0,0,0,9,16,6,0,0,0,0,4,15,6,15,0,0,0,0,8,11,9,11,0,0,0,0,8,16,14,2,0,0,0,0,11,16,13,0,0,0,0,6,14,2,12,9,0,0,0,5,16,11,5,13,4,0,0,0,3,8,13,16,9,0,8
digit_04359,0,0,1,12,16,14,2,0,0,0,13,11,3,16,5,0,0,4,14,0,0,15,6,0,0,6,12,8,13,16,5,0,0,0,9,12,4,10,8,0,0,0,3,0,0,11,5,0,0,0,16,14,5,15,4,0,0,0,3,12,16,11,1,0,9
digit_04360,0,0,5,15,12,4,0,0,0,2,15,8,11,16,4,0,0,8,9,0,6,16,4,0,0,8,8,0,2,10,8,0,0,8,7,0,0,13,5,0,0,2,14,0,0,16,2,0,0,0,14,8,11,10,0,0,0,0,4,13,14,0,0,0,0
digit_04361,0,0,8,14,1,0,0,0,0,0,7,16,3,0,0,0,0,0,6,16,6,0,0,0,0,0,6,16,9,0,0,0,0,0,2,16,14,0,0,0,0,0,0,8,16,3,0,0,0,0,12,12,16,16,12,4,0,0,7,16,16,16,12,5,1
digit_04362,0,0,3,13,15,1,0,0,0,4,15,14,15,10,0,0,0,13,13,2,13,9,0,0,0,14,10,0,15,9,0,0,0,1,1,2,16,4,0,0,0,0,0,9,15,1,0,0,0,0,2,15,16,16,16,6,0,0,2,15,16,10,12,4,2
digit_04363,0,0,2,11,12,1,0,0,0,2,14,9,9,8,0,0,0,10,12,0,13,6,0,0,0,6,5,2,13,2,0,0,0,0,0,10,9,0,0,0,0,0,0,1,10,9,1,0,0,0,6,7,0,12,6,0,0,0,1,12,16,16,5,0,3
digit_04364,0,0,0,11,8,0,0,0,0,0,2,16,5,0,0,0,0,0,12,10,4,10,0,0,0,6,15,2,15,8,0,0,0,10,12,4,16,7,6,0,0,10,16,15,16,14,6,0,0,3,8,16,9,0,0,0,0,0,0,14,11,0,0,0,4
digit_04365,0,1,13,14,16,15,7,0,0,4,15,3,3,4,1,0,0,4,13,5,8,5,0,0,0,6,16,12,8,14,2,0,0,0,4,0,0,12,4,0,0,0,0,0,1,14,2,0,0,2,12,3,11,9,0,0,0,1,11,16,13,1,0,0,5
digit_04366,0,0,2,15,15,3,0,0,0,0,13,15,8,3,0,0,0,5,16,6,0,0,0,0,0,8,15,5,4,2,0,0,0,8,16,16,16,14,2,0,0,4,16,7,1,13,8,0,0,0,11,12,1,11,13,0,0,0,1,12,16,16,10,0,6
digit_04367,0,0,4,16,16,16,12,0,0,0,4,12,11,14,13,0,0,0,0,0,0,15,9,0,0,0,2,8,10,16,9,0,0,0,7,13,16,14,5,0,0,0,0,3,16,5,0,0,0,0,0,10,15,0,0,0,0,0,3,16,9,0,0,0,7
digit_04368,0,0,2,13,14,6,0,0,0,0,10,13,5,16,0,0,0,0,9,9,4,14,0,0,0,0,4,15,15,5,0,0,0,0,5,16,14,1,0,0,0,0,14,6,8,9,0,0,0,0,13,7,1,11,5,0,0,0,3,11,15,16,12,0,8
digit_04369,0,0,8,12,13,1,0,0,0,5,12,2,6,13,0,0,0,11,5,0,6,12,0,0,0,7,10,4,13,15,0,0,0,1,11,12,7,12,4,0,0,0,0,0,0,4,9,0,0,0,10,5,0,3,13,0,0,0,6,12,16,13,10,0,9
digit_04370,0,0,4,15,14,4,0,0,0,1,14,8,10,13,1,0,0,5,13,0,0,16,3,0,0,6,12,0,0,13,3,0,0,7,12,0,0,14,3,0,0,1,16,0,0,14,3,0,0,0,10,11,12,14,0,0,0,0,1,11,12,3,0,0,0
digit_04371,0,0,2,10,16,11,1,0,0,0,13,13,10,16,8,0,0,4,14,1,8,14,1,0,0,4,15,12,15,8,0,0,0,0,6,7,14,5,0,0,0,1,2,0,12,5,0,0,0,8,15,6,13,4,0,0,0,0,5,11,16,3,0,0,9
digit_04372,0,0,13,16,16,16,13,0,0,4,16,9,8,5,4,0,0,9,15,7,8,2,0,0,0,11,16,16,14,15,1,0,0,1,3,0,4,16,4,0,0,0,0,0,8,14,0,0,0,0,11,8,16,6,0,0,0,1,15,16,10,0,0,0,5
digit_04373,0,0,9,8,12,13,1,0,0,3,15,8,5,4,0,0,0,6,9,2,6,2,0,0,0,6,16,14,9,13,4,0,0,2,7,0,0,7,8,0,0,0,0,0,0,7,10,0,0,0,8,5,6,14,3,0,0,0,10,14,15,5,0,0,5
digit_04374,0,0,2,13,16,8,0,0,0,0,11,16,6,2,0,0,0,2,16,8,0,0,0,0,0,5,16,9,1,0,0,0,0,5,16,16,13,2,0,0,0,1,16,6,8,14,0,0,0,0,11,10,1,16,5,0,0,0,3,15,16,16,3,0,6
digit_04375,0,0,8,12,16,16,4,0,0,0,15,6,10,5,0,0,0,4,12,2,8,6,0,0,0,8,14,14,8,13,5,0,0,3,7,0,0,8,8,0,0,0,0,0,0,12,2,0,0,0,5,2,5,12,0,0,0,0,7,15,15,2,0,0,5
digit_04376,0,0,2,11,13,5,0,0,0,1,14,9,8,14,0,0,0,6,13,1,2,16,2,0,0,7,7,0,0,12,5,0,0,7,9,0,0,3,9,0,0,2,12,0,0,4,11,0,0,0,12,6,4,14,7,0,0,0,3,13,16,9,0,0,0
digit_04377,0,0,3,10,15,14,4,0,0,2,14,7,9,16,8,0,0,7,12,3,14,16,0,0,0,2,14,16,13,16,0,0,0,0,0,0,0,16,0,0,0,1,3,0,0,14,0,0,0,5,15,8,2,16,0,0,0,0,4,11,16,15,0,0,9
digit_04378,0,0,0,6,15,11,2,0,0,0,6,13,4,13,5,0,0,0,7,11,0,13,3,0,0,0,2,15,13,7,0,0,0,3,13,12,16,2,0,0,0,8,15,1,9,8,0,0,0,0,7,14,8,16,1,0,0,0,0,5,12,16,2,0,8
digit_04379,0,0,2,10,14,10,0,0,0,1,15,9,9,16,1,0,0,7,9,0,9,12,0,0,0,7,7,3,15,15,0,0,0,2,15,15,7,16,1,0,0,0,1,2,0,9,4,0,0,0,5,13,4,8,9,0,0,0,1,10,15,16,6,0,9
digit_04380,0,0,0,9,16,9,0,0,0,0,3,15,5,16,0,0,0,0,7,12,7,12,0,0,0,0,1,16,16,5,0,0,0,0,2,16,14,1,0,0,0,3,16,8,9,11,0,0,0,0,12,13,4,12,8,0,0,0,0,8,14,16,14,0,8
digit_04381,0,0,0,9,11,0,0,0,0,0,5,14,3,2,0,0,0,0,15,2,1,14,3,0,0,5,13,0,13,8,1,0,0,8,13,3,16,14,6,0,0,6,15,16,13,3,0,0,0,0,0,9,11,0,0,0,0,0,0,11,7,0,0,0,4
digit_04382,0,0,5,14,1,0,0,0,0,0,9,16,4,0,0,0,0,0,12,16,4,0,0,0,0,0,12,16,8,0,0,0,0,0,9,16,11,0,0,0,0,0,0,8,16,2,0,0,0,0,3,8,15,13,11,8,0,0,5,16,16,16,16,10,1
digit_04383,0,0,4,10,15,16,4,0,0,0,13,14,9,16,3,0,0,0,2,1,5,15,0,0,0,0,3,4,13,14,2,0,0,5,16,16,16,16,8,0,0,4,9,12,14,1,0,0,0,0,5,15,10,0,0,0,0,0,6,16,4,0,0,0,7
digit_04384,0,0,3,15,16,16,6,0,0,0,3,14,7,15,3,0,0,0,0,0,4,14,0,0,0,0,2,9,15,16,14,0,0,0,7,16,14,6,2,0,0,0,0,8,8,0,0,0,0,0,2,16,2,0,0,0,0,0,5,12,0,0,0,0,7
digit_04385,0,0,1,10,15,10,0,0,0,1,13,11,8,12,0,0,0,2,9,0,13,6,0,0,0,0,0,0,16,1,0,0,0,0,0,0,14,10,1,0,0,0,0,0,1,9,10,0,0,0,13,7,0,2,16,0,0,0,2,11,15,16,12,0,3
digit_04386,0,0,11,13,12,12,3,0,0,5,14,4,4,7,2,0,0,7,10,1,4,1,0,0,0,8,15,14,12,15,2,0,0,2,7,0,0,12,4,0,0,0,0,0,1,16,3,0,0,1,8,3,10,12,0,0,0,1,12,16,12,2,0,0,5
digit_04387,0,0,2,16,5,0,0,0,0,0,4,16,10,0,0,0,0,0,5,16,7,0,0,0,0,0,8,16,9,0,0,0,0,0,15,16,14,2,0,0,0,0,7,8,14,10,0,0,0,0,12,15,14,16,14,9,0,0,2,10,13,16,10,3,1
digit_04388,0,0,1,15,11,1,0,0,0,0,9,12,8,12,0,0,0,1,15,1,6,16,2,0,0,2,12,0,1,11,6,0,0,5,10,0,0,11,4,0,0,2,13,0,0,10,3,0,0,0,13,2,3,13,3,0,0,0,1,13,16,15,1,0,0
digit_04389,0,0,5,16,15,4,0,0,0,3,15,13,13,12,0,0,0,7,14,1,0,16,5,0,0,12,9,0,1,11,10,0,0,10,10,0,0,7,13,0,0,6,15,0,0,8,12,0,0,1,14,7,6,15,11,0,0,0,5,15,16,14,3,0,0
digit_04390,0,0,3,11,13,1,0,0,0,6,16,11,13,6,0,0,1,16,8,0,11,4,0,0,0,4,4,0,16,0,0,0,0,0,0,5,11,0,0,0,0,0,0,8,9,0,0,0,0,0,0,12,9,4,5,0,0,0,1,14,13,12,15,5,2
digit_04391,0,0,2,14,8,0,0,0,0,3,14,10,16,1,0,0,0,11,8,2,15,0,0,0,0,9,8,1,13,0,0,0,0,1,3,6,10,0,0,0,0,0,0,9,7,0,0,0,0,0,0,14,9,4,7,3,0,0,1,14,16,16,13,8,2
digit_04392,0,0,9,14,16,10,0,0,0,0,10,6,12,13,0,0,0,0,0,0,13,13,5,0,0,2,12,15,16,15,14,0,0,2,12,16,7,0,1,0,0,0,3,15,0,0,0,0,0,0,8,14,0,0,0,0,0,0,9,11,0,0,0,0,7
digit_04393,0,0,0,6,14,4,0,0,0,0,4,13,2,12,0,0,0,0,8,6,0,12,0,0,0,0,2,12,6,14,0,0,0,0,1,12,16,9,0,0,0,0,13,11,6,11,0,0,0,0,9,11,2,7,8,0,0,0,0,5,10,15,13,0,8
digit_04394,0,0,7,13,14,1,0,0,0,7,15,9,13,7,0,0,0,5,15,3,8,8,0,0,0,0,1,0,12,5,0,0,0,0,0,1,14,0,0,0,0,0,0,10,6,0,0,0,0,0,2,15,5,4,4,0,0,0,6,16,16,13,16,6,2
digit_04395,0,0,0,7,13,9,1,0,0,0,7,15,8,15,5,0,0,1,15,2,0,10,8,0,0,4,12,0,0,12,7,0,0,5,9,0,0,14,3,0,0,4,14,0,0,11,0,0,0,1,16,8,8,11,0,0,0,0,2,11,14,5,0,0,0
digit_04396,0,0,10,12,0,0,0,0,0,0,8,16,1,0,0,0,0,0,9,16,1,0,0,0,0,0,12,16,5,0,0,0,0,0,13,16,10,0,0,0,0,0,1,10,15,0,0,0,0,0,7,12,16,12,12,4,0,0,7,16,16,16,16,11,1
digit_04397,0,0,3,13,7,0,0,0,0,3,15,8,14,0,0,0,0,10,8,1,14,0,0,0,0,8,11,5,13,0,0,0,0,0,0,5,12,0,0,0,0,0,0,8,8,0,0,0,0,0,1,12,10,7,5,2,0,0,2,14,14,12,14,7,2
digit_04398,0,0,3,12,16,6,0,0,0,0,13,16,12,4,0,0,0,3,16,9,0,0,0,0,0,6,13,5,4,0,0,0,0,8,14,3,16,2,0,0,0,4,16,4,13,7,0,0,0,0,11,11,11,14,0,0,0,0,3,12,16,15,0,0,6
digit_04399,0,0,1,9,16,6,0,0,0,4,14,10,11,10,0,0,0,12,10,0,13,6,0,0,0,6,7,4,16,5,0,0,0,0,0,0,7,12,1,0,0,0,0,0,0,8,10,0,0,0,8,13,3,0,14,3,0,0,0,8,16,16,13,3,3
digit_04400,0,0,4,12,16,14,7,0,0,2,16,6,0,7,12,0,0,0,7,0,3,13,3,0,0,0,0,1,16,6,0,0,0,0,0,0,9,12,0,0,0,0,2,0,0,13,5,0,0,3,16,7,1,12,4,0,0,0,3,12,16,15,2,0,3
digit_04401,0,0,3,8,12,15,16,2,0,0,12,14,10,13,15,0,0,0,1,1,2,14,6,0,0,0,2,8,13,16,8,0,0,0,9,16,16,10,5,0,0,0,1,8,12,1,0,0,0,0,0,14,8,0,0,0,0,0,2,16,5,0,0,0,7
digit_04402,0,0,0,6,15,12,1,0,0,4,12,16,12,16,3,0,0,15,16,6,4,16,3,0,0,4,5,1,15,12,0,0,0,0,0,7,16,10,1,0,0,0,3,2,4,15,7,0,0,0,12,15,8,11,14,0,0,0,1,8,15,16,11,0,3
digit_04403,0,0,0,7,13,10,0,0,0,0,10,13,5,13,0,0,0,7,12,0,8,8,0,0,0,6,6,3,15,1,0,0,0,0,0,2,13,9,0,0,0,0,0,0,0,11,7,0,0,0,5,9,1,2,12,0,0,0,0,9,15,16,9,0,3
digit_04404,0,0,0,12,10,0,0,0,0,0,4,16,5,0,0,0,0,0,15,7,2,14,1,0,0,6,16,2,9,16,11,0,0,9,14,9,16,15,6,0,0,5,16,16,16,1,0,0,0,0,2,11,13,0,0,0,0,0,0,12,13,0,0,0,4
digit_04405,0,0,0,10,16,6,0,0,0,0,11,14,5,0,0,0,0,3,16,2,0,0,0,0,0,8,10,0,0,0,0,0,0,6,16,14,11,3,0,0,0,2,14,0,7,13,0,0,0,0,10,9,1,15,2,0,0,0,0,8,16,15,1,0,6
digit_04406,0,0,0,9,16,6,0,0,0,0,8,16,12,5,0,0,0,2,16,9,0,0,0,0,0,6,16,6,2,0,0,0,0,8,16,16,16,7,0,0,0,2,16,7,7,16,4,0,0,0,9,13,3,14,9,0,0,0,0,8,16,16,7,0,6
digit_04407,0,0,0,8,15,10,0,0,0,0,8,13,6,1,0,0,0,1,16,2,0,0,0,0,0,4,11,0,0,0,0,0,0,4,16,12,12,9,2,0,0,1,15,1,0,9,10,0,0,0,10,9,4,13,3,0,0,0,0,11,15,5,0,0,6
digit_04408,0,0,3,15,6,0,0,0,0,1,14,13,4,0,0,0,0,4,16,5,16,7,0,0,0,8,16,8,16,9,5,0,0,10,16,14,16,16,9,0,0,3,11,16,11,2,0,0,0,0,4,16,8,0,0,0,0,0,5,15,4,0,0,0,4
digit_04409,0,0,1,8,14,15,5,0,0,1,14,8,1,14,8,0,0,7,12,0,7,16,8,0,0,4,14,12,12,9,8,0,0,0,1,3,0,9,8,0,0,0,0,0,0,13,6,0,0,0,12,10,4,16,0,0,0,0,2,8,16,7,0,0,9
digit_04410,0,0,3,15,5,0,0,0,0,0,5,16,10,0,0,0,0,0,6,16,7,0,0,0,0,2,12,16,9,0,0,0,0,8,16,15,14,0,0,0,0,0,6,3,16,6,0,0,0,0,6,8,12,15,12,10,0,0,2,13,16,16,15,11,1
digit_04411,0,1,9,12,13,11,0,0,0,3,15,4,3,3,0,0,0,5,12,7,6,0,0,0,0,5,16,14,13,7,0,0,0,1,8,0,2,12,0,0,0,0,0,0,2,14,0,0,0,0,6,2,10,6,0,0,0,0,11,16,13,1,0,0,5
digit_04412,0,0,0,16,6,0,0,0,0,0,11,16,16,11,0,0,0,4,16,11,13,14,0,0,0,7,12,1,3,13,0,0,0,4,10,0,0,16,0,0,0,2,14,0,1,16,1,0,0,0,9,7,9,14,0,0,0,0,1,11,15,3,0,0,0
digit_04413,0,0,6,11,13,6,0,0,0,7,14,6,7,13,0,0,0,10,7,0,7,10,0,0,0,4,13,12,15,10,0,0,0,0,1,4,0,12,0,0,0,0,0,0,0,11,1,0,0,0,8,2,0,12,0,0,0,0,6,14,15,12,0,0,9
digit_04414,0,0,9,16,16,13,2,0,0,2,15,2,3,3,0,0,0,7,9,0,1,4,0,0,0,8,12,7,13,14,7,0,0,6,16,8,0,5,8,0,0,1,3,0,0,9,6,0,0,0,3,4,1,15,0,0,0,0,7,16,12,7,0,0,5
digit_04415,0,0,7,15,13,0,0,0,0,9,16,15,16,5,0,0,0,12,16,5,15,6,0,0,0,0,7,2,13,9,0,0,0,0,0,1,16,7,0,0,0,0,0,6,16,4,0,0,0,0,1,15,16,12,15,7,0,0,5,16,14,12,12,11,2
digit_04416,0,0,0,6,14,10,0,0,0,0,3,16,7,13,2,0,0,0,4,16,3,14,1,0,0,0,0,11,16,9,0,0,0,0,5,14,16,6,0,0,0,3,15,4,1,13,4,0,0,2,14,11,5,5,12,0,0,0,0,6,10,15,15,0,8
digit_04417,0,0,9,15,13,0,0,0,0,5,14,7,13,2,0,0,0,12,10,1,13,0,0,0,0,4,7,6,11,0,0,0,0,0,0,10,6,0,0,0,0,0,1,15,0,0,0,0,0,0,9,11,0,6,5,0,0,0,11,16,16,16,16,3,2
digit_04418,0,0,2,11,15,2,0,0,0,0,12,6,11,9,0,0,0,4,11,0,7,16,0,0,0,5,6,0,1,16,6,0,0,5,4,0,0,10,7,0,0,0,10,0,0,10,5,0,0,0,13,2,6,12,0,0,0,0,4,16,12,1,0,0,0
digit_04419,0,0,1,12,14,3,0,0,0,1,13,11,9,13,0,0,0,7,11,0,1,16,4,0,0,8,6,0,2,15,0,0,0,4,12,0,0,15,0,0,0,0,15,1,1,15,0,0,0,0,7,10,7,13,0,0,0,0,1,13,16,7,0,0,0
digit_04420,0,0,5,13,2,0,0,0,0,0,4,16,7,0,0,0,0,0,4,16,4,0,0,0,0,0,4,16,6,0,0,0,0,0,9,16,10,0,0,0,0,0,2,11,15,1,0,0,0,0,10,13,16,15,16,9,0,0,3,12,16,16,11,2,1
digit_04421,0,0,6,14,16,13,0,0,0,0,9,9,9,15,0,0,0,0,0,0,14,9,0,0,0,0,2,10,16,16,12,0,0,0,13,16,12,7,3,0,0,0,3,14,6,0,0,0,0,0,6,16,2,0,0,0,0,0,10,13,0,0,0,0,7
digit_04422,0,0,0,6,13,8,0,0,0,0,7,16,8,4,0,0,0,3,15,2,0,0,0,0,0,6,12,4,0,0,0,0,0,4,16,13,13,3,0,0,0,2,15,2,5,14,0,0,0,0,9,10,2,15,0,0,0,0,0,8,15,12,0,0,6
digit_04423,0,0,1,7,12,3,0,0,0,4,16,12,12,10,0,0,0,14,9,0,11,8,0,0,0,7,5,0,15,4,0,0,0,0,0,2,14,7,0,0,0,0,0,0,2,13,9,0,0,0,5,10,4,0,14,5,0,0,1,9,15,16,16,8,3
digit_04424,0,0,10,15,2,0,0,0,0,7,16,16,6,0,0,0,0,12,13,12,9,0,0,0,0,8,9,13,7,0,0,0,0,0,0,16,5,0,0,0,0,0,6,15,1,0,0,0,0,0,16,14,4,5,8,3,0,0,8,16,16,16,16,9,2
digit_04425,0,0,6,16,4,0,0,0,0,0,4,16,9,0,0,0,0,0,7,16,12,0,0,0,0,0,13,16,15,0,0,0,0,0,13,15,16,2,0,0,0,0,1,2,15,8,0,0,0,0,6,9,14,15,13,7,0,0,5,15,16,16,15,3,1
digit_04426,0,0,4,13,14,16,3,0,0,0,6,11,10,16,1,0,0,0,0,0,7,14,0,0,0,0,9,16,16,16,12,0,0,0,15,13,16,7,2,0,0,0,0,8,12,0,0,0,0,0,2,14,6,0,0,0,0,0,8,13,1,0,0,0,7
digit_04427,0,0,2,15,6,0,0,0,0,0,10,14,0,5,0,0,0,0,13,9,9,16,3,0,0,6,15,6,16,3,0,0,0,9,13,12,15,12,8,0,0,9,16,16,14,7,2,0,0,1,7,16,7,0,0,0,0,0,2,16,7,0,0,0,4
digit_04428,0,0,2,13,16,8,0,0,0,1,13,16,10,7,0,0,0,5,16,9,0,0,0,0,0,7,16,7,0,0,0,0,0,9,16,16,13,1,0,0,0,5,16,6,14,9,0,0,0,0,13,12,14,15,0,0,0,0,3,12,16,11,0,0,6
digit_04429,0,0,0,6,13,7,0,0,0,0,10,13,6,15,0,0,0,0,12,8,4,12,0,0,0,0,0,1,15,3,0,0,0,0,0,10,15,2,0,0,0,0,0,1,5,15,2,0,0,0,14,10,2,5,11,0,0,0,2,7,13,15,8,0,3
digit_04430,0,0,2,15,3,0,0,0,0,0,4,16,4,0,0,0,0,0,4,16,5,0,0,0,0,0,14,16,6,0,0,0,0,0,7,15,7,0,0,0,0,0,2,10,9,0,0,0,0,0,16,16,15,9,16,5,0,0,3,15,16,15,7,1,1
digit_04431,0,0,0,6,15,6,0,0,0,1,11,13,8,11,0,0,0,9,13,0,9,10,0,0,0,8,9,3,15,3,0,0,0,0,0,5,14,3,0,0,0,0,3,0,5,13,2,0,0,0,9,12,5,10,7,0,0,0,0,6,12,15,5,0,3
digit_04432,0,0,5,11,13,6,0,0,0,4,15,8,7,16,3,0,0,8,7,0,4,16,1,0,0,4,11,1,10,16,4,0,0,2,15,15,8,16,4,0,0,0,0,0,0,13,6,0,0,1,16,9,0,12,5,0,0,0,4,11,16,16,2,0,9
digit_04433,0,0,4,15,4,0,0,0,0,0,3,16,9,0,0,0,0,0,2,16,11,0,0,0,0,0,0,16,13,0,0,0,0,0,2,16,16,2,0,0,0,0,0,5,15,10,0,0,0,0,4,12,14,16,13,13,0,0,2,13,16,16,15,8,1
digit_04434,0,0,4,15,16,12,0,0,0,0,6,9,12,10,0,0,0,0,0,0,10,9,0,0,0,0,2,4,15,10,4,0,0,2,15,16,16,15,7,0,0,0,8,13,9,0,0,0,0,0,1,16,4,0,0,0,0,0,6,13,0,0,0,0,7
digit_04435,0,0,0,11,16,6,0,0,0,0,9,16,11,2,0,0,0,3,16,11,0,0,0,0,0,6,16,12,4,0,0,0,0,7,16,13,15,11,0,0,0,1,15,8,3,16,5,0,0,0,9,14,5,16,10,0,0,0,0,9,16,16,10,0,6
digit_04436,0,0,0,7,13,8,0,0,0,0,2,16,8,15,0,0,0,0,4,12,8,11,0,0,0,0,2,16,16,3,0,0,0,0,5,16,16,2,0,0,0,2,16,7,9,11,0,0,0,0,9,12,1,14,6,0,0,0,0,6,15,15,12,0,8
digit_04437,0,0,1,14,9,0,0,0,0,0,8,13,3,7,1,0,0,1,16,6,5,16,3,0,0,7,13,0,14,11,3,0,0,12,13,5,16,16,9,0,0,13,16,16,15,6,0,0,0,0,3,12,14,0,0,0,0,0,0,15,10,0,0,0,4
digit_04438,0,0,3,11,15,8,0,0,0,4,14,8,13,14,0,0,0,8,11,3,15,6,0,0,0,1,1,9,14,0,0,0,0,0,0,0,13,10,0,0,0,0,0,0,1,13,7,0,0,0,9,8,2,6,11,0,0,0,4,10,14,16,10,0,3
digit_04439,0,0,5,16,14,8,0,0,0,0,4,16,16,7,0,0,0,0,14,16,16,8,0,0,0,0,14,16,16,8,0,0,0,0,11,16,16,5,0,0,0,0,10,16,16,8,0,0,0,0,11,16,16,14,3,0,0,0,6,16,16,16,3,0,1
digit_04440,0,0,0,15,8,0,0,0,0,0,5,15,2,13,5,0,0,0,13,9,2,15,2,0,0,4,14,1,10,12,2,0,0,10,14,8,16,16,10,0,0,10,16,16,15,5,0,0,0,0,2,12,8,0,0,0,0,0,0,16,5,0,0,0,4
digit_04441,0,0,4,13,14,8,0,0,0,3,14,3,1,16,3,0,0,7,9,0,0,14,6,0,0,8,4,0,0,16,4,0,0,8,6,0,0,16,0,0,0,3,11,0,1,14,0,0,0,0,12,4,6,11,0,0,0,0,5,16,14,1,0,0,0
digit_04442,0,0,8,12,14,12,3,0,0,0,12,5,0,3,0,0,0,0,16,2,4,1,0,0,0,4,16,14,12,15,4,0,0,0,4,0,0,8,8,0,0,1,0,0,0,11,5,0,0,6,14,1,2,15,1,0,0,0,8,14,16,4,0,0,5
digit_04443,0,0,2,9,13,8,0,0,0,1,14,11,8,14,0,0,0,9,14,0,14,6,0,0,0,0,2,4,15,0,0,0,0,0,0,6,12,12,2,0,0,0,0,0,0,9,9,0,0,0,14,13,4,10,11,0,0,0,3,10,14,15,5,0,3
digit_04444,0,0,0,13,15,4,0,0,0,0,11,16,9,4,0,0,0,1,16,14,0,0,0,0,0,5,16,7,0,0,0,0,0,5,16,16,14,4,0,0,0,2,15,9,7,15,5,0,0,0,11,13,4,12,13,0,0,0,1,13,16,16,10,0,6
digit_04445,0,0,2,11,13,4,0,0,0,1,13,7,8,15,0,0,0,6,11,0,5,13,0,0,0,9,7,2,14,14,0,0,0,3,14,15,8,15,1,0,0,0,0,0,0,11,5,0,0,0,11,7,0,10,7,0,0,0,4,10,15,15,3,0,9
digit_04446,0,0,0,11,16,10,0,0,0,0,9,16,10,7,0,0,0,3,16,8,0,0,0,0,0,9,16,13,4,0,0,0,0,10,16,8,16,7,0,0,0,4,16,3,7,16,2,0,0,0,13,13,8,16,5,0,0,0,1,11,16,16,1,0,6
digit_04447,0,0,0,13,12,0,0,0,0,0,0,14,16,1,0,0,0,0,1,15,16,1,0,0,0,0,4,16,16,3,0,0,0,0,5,15,16,9,0,0,0,0,0,0,12,15,1,0,0,0,1,11,9,16,11,2,0,0,0,11,16,16,16,16,1
digit_04448,0,0,4,13,16,14,0,0,0,0,13,10,11,15,0,0,0,0,0,0,9,11,0,0,0,0,1,6,14,16,8,0,0,0,11,16,15,8,5,0,0,0,2,11,10,0,0,0,0,0,1,14,6,0,0,0,0,0,5,16,2,0,0,0,7
digit_04449,0,0,10,12,13,16,2,0,0,4,15,6,4,4,0,0,0,5,10,0,0,0,0,0,0,5,16,16,16,9,0,0,0,2,11,3,3,12,0,0,0,0,0,0,2,13,0,0,0,0,4,1,9,10,0,0,0,0,16,16,13,1,0,0,5
digit_04450,0,0,0,12,10,0,0,0,0,0,4,16,3,9,3,0,0,0,14,7,6,16,2,0,0,3,15,2,10,10,0,0,0,10,9,1,16,12,10,0,0,14,11,14,16,11,1,0,0,9,16,15,9,0,0,0,0,0,0,14,8,0,0,0,4
digit_04451,0,0,0,10,12,0,0,0,0,0,4,16,5,3,3,0,0,0,15,7,0,13,11,0,0,7,14,1,7,16,8,0,0,9,13,5,15,13,1,0,0,11,16,16,16,1,0,0,0,0,4,9,16,0,0,0,0,0,0,11,15,0,0,0,4
digit_04452,0,0,10,16,15,0,0,0,0,4,14,8,16,1,0,0,0,0,1,4,16,0,2,0,0,0,3,11,16,16,13,0,0,0,12,16,11,7,2,0,0,0,6,16,0,0,0,0,0,0,7,15,0,0,0,0,0,0,12,11,0,0,0,0,7
digit_04453,0,0,6,15,9,0,0,0,0,9,16,14,16,1,0,0,0,14,12,3,16,4,0,0,0,9,11,3,16,3,0,0,0,0,2,9,16,0,0,0,0,0,0,13,11,0,0,0,0,0,4,16,12,9,10,3,0,0,8,16,16,16,16,14,2
digit_04454,0,0,0,7,12,13,1,0,0,0,8,11,1,10,8,0,0,0,12,2,1,11,7,0,0,0,10,10,14,8,0,0,0,1,7,16,9,0,0,0,0,7,16,7,14,3,0,0,0,0,7,13,5,14,0,0,0,0,0,6,15,14,2,0,8
digit_04455,0,0,10,16,16,4,0,0,0,9,16,11,14,8,0,0,0,13,8,0,14,6,0,0,0,0,0,1,16,4,0,0,0,0,0,8,13,0,0,0,0,0,1,14,7,0,0,0,0,0,12,16,9,12,6,0,0,1,14,16,16,16,14,0,2
digit_04456,0,0,1,13,7,0,0,0,0,1,15,9,15,1,0,0,0,9,11,0,16,0,0,0,0,2,10,3,14,0,0,0,0,0,0,2,11,0,0,0,0,0,0,5,11,0,0,0,0,0,0,9,10,4,4,2,0,0,1,15,16,15,13,15,2
digit_04457,0,0,10,10,14,16,14,0,0,0,14,8,4,0,0,0,0,0,16,0,6,11,5,0,0,3,16,14,10,10,9,0,0,3,14,5,0,9,8,0,0,0,0,0,6,13,0,0,0,0,3,9,13,3,0,0,0,0,8,13,1,0,0,0,5
digit_04458,0,0,5,9,13,16,6,0,0,0,12,12,7,16,5,0,0,0,0,0,6,16,3,0,0,0,3,12,15,16,14,0,0,0,7,16,15,5,1,0,0,0,0,10,10,0,0,0,0,0,2,15,5,0,0,0,0,0,6,14,0,0,0,0,7
digit_04459,0,0,4,13,12,6,0,0,0,4,15,5,10,16,0,0,0,4,16,1,11,16,0,0,0,1,10,16,13,16,2,0,0,0,0,4,0,15,3,0,0,0,0,0,0,12,4,0,0,0,6,6,0,9,8,0,0,0,5,12,15,16,7,0,9
digit_04460,0,3,12,12,14,15,3,0,0,4,15,4,4,4,0,0,0,5,12,0,0,2,0,0,0,5,15,12,15,15,5,0,0,5,12,6,0,8,8,0,0,0,0,0,0,10,7,0,0,1,9,0,7,14,1,0,0,2,15,16,14,3,0,0,5
digit_04461,0,0,3,15,2,0,0,0,0,0,12,12,1,7,0,0,0,2,16,4,9,13,0,0,0,8,11,6,16,1,2,0,0,12,10,12,14,12,11,0,0,11,16,16,14,7,1,0,0,1,7,16,0,0,0,0,0,0,5,16,1,0,0,0,4
digit_04462,0,0,0,3,14,13,3,0,0,0,0,12,9,8,8,0,0,0,0,12,8,11,6,0,0,0,0,7,14,11,1,0,0,1,8,12,15,5,0,0,0,6,14,0,4,12,0,0,0,0,7,12,1,15,2,0,0,0,0,3,13,15,2,0,8
digit_04463,0,0,0,3,12,10,0,0,0,0,1,14,6,15,0,0,0,0,0,16,6,10,0,0,0,0,0,14,16,2,0,0,0,0,3,14,15,3,0,0,0,1,16,4,9,9,0,0,0,0,4,13,4,7,8,0,0,0,0,3,10,11,15,2,8
digit_04464,0,0,3,15,6,0,0,0,0,0,9,13,1,6,9,0,0,3,16,3,6,15,5,0,0,7,15,1,14,9,5,0,0,10,13,9,16,15,7,0,0,7,16,16,11,4,0,0,0,0,3,16,5,0,0,0,0,0,4,16,3,0,0,0,4
digit_04465,0,0,5,14,14,8,2,0,0,3,15,3,0,13,8,0,0,5,12,0,2,15,8,0,0,2,15,9,14,14,8,0,0,0,1,3,0,12,5,0,0,0,0,0,0,12,4,0,0,6,15,2,0,14,1,0,0,1,7,14,12,9,0,0,9
digit_04466,0,0,4,14,14,4,0,0,0,0,15,10,10,13,0,0,0,5,15,0,2,15,6,0,0,4,13,0,0,14,8,0,0,6,9,0,0,12,7,0,0,3,14,1,0,12,5,0,0,0,12,9,6,15,2,0,0,0,3,14,14,6,0,0,0
digit_04467,0,0,0,2,13,13,0,0,0,0,0,12,10,16,0,0,0,0,7,13,8,11,0,0,0,0,5,16,16,4,0,0,0,0,3,16,16,4,0,0,0,2,14,9,7,13,1,0,0,1,11,8,3,9,8,0,0,0,0,5,10,15,16,0,8
digit_04468,0,0,3,13,14,4,0,0,0,0,13,12,14,16,0,0,0,1,16,3,14,16,4,0,0,1,14,9,16,16,6,0,0,0,2,8,4,11,9,0,0,0,2,2,0,12,10,0,0,0,14,14,4,11,9,0,0,0,4,8,11,16,9,0,9
digit_04469,0,0,0,4,12,15,4,0,0,0,3,14,4,10,8,0,0,0,4,12,5,14,2,0,0,0,4,16,14,3,0,0,0,1,12,15,13,0,0,0,0,6,13,1,12,6,0,0,0,0,10,13,5,14,1,0,0,0,0,4,10,16,8,0,8
digit_04470,0,0,7,16,15,4,0,0,0,0,14,16,9,15,2,0,0,1,15,12,1,9,8,0,0,4,16,0,0,7,10,0,0,7,13,0,0,10,11,0,0,7,12,0,2,15,6,0,0,3,15,12,14,14,1,0,0,0,10,16,14,4,0,0,0
digit_04471,0,0,5,10,8,8,0,0,0,0,0,16,16,15,2,0,0,0,7,16,16,13,0,0,0,0,10,16,16,4,0,0,0,0,9,16,16,0,0,0,0,0,10,16,16,0,0,0,0,0,8,16,15,0,0,0,0,0,2,11,9,0,0,0,1
digit_04472,0,2,11,16,15,2,0,0,0,12,16,15,16,4,0,0,0,2,3,2,16,4,0,0,0,0,0,10,14,0,0,0,0,0,4,16,5,0,0,0,0,0,12,12,3,11,9,0,0,0,16,16,16,16,6,0,0,0,14,15,12,5,0,0,2
digit_04473,0,0,3,12,16,14,0,0,0,3,15,16,15,14,0,0,0,3,12,1,15,8,0,0,0,0,0,9,16,8,0,0,0,0,0,10,16,16,8,0,0,0,0,2,5,13,8,0,0,0,2,11,11,15,5,0,0,0,3,16,16,9,0,0,3
digit_04474,0,0,0,0,15,7,0,0,0,0,0,10,16,6,0,0,0,0,8,15,14,4,0,0,0,6,15,2,15,2,1,0,0,9,16,16,16,16,11,0,0,5,10,12,16,8,1,0,0,0,0,1,15,0,0,0,0,0,0,1,15,0,0,0,4
digit_04475,0,0,6,13,15,16,11,0,0,0,10,11,8,8,5,0,0,2,13,0,0,0,0,0,0,4,11,7,8,5,0,0,0,7,16,14,10,14,2,0,0,1,7,1,2,12,3,0,0,0,5,8,14,6,0,0,0,0,8,12,5,0,0,0,5
digit_04476,0,0,0,13,3,0,0,0,0,0,8,13,1,0,0,0,0,0,12,5,0,0,0,0,0,1,13,0,0,0,0,0,0,1,12,6,11,9,3,0,0,1,15,16,12,8,11,0,0,0,9,13,2,6,16,2,0,0,0,11,16,14,7,0,6
digit_04477,0,0,4,10,16,16,7,0,0,3,16,13,11,16,2,0,0,1,3,0,10,9,0,0,0,0,5,8,14,15,13,0,0,0,15,16,14,12,8,0,0,0,3,12,7,0,0,0,0,0,0,15,4,0,0,0,0,0,3,14,1,0,0,0,7
digit_04478,0,0,4,11,15,2,0,0,0,2,16,9,8,9,0,0,0,4,15,0,5,16,3,0,0,0,11,11,16,9,0,0,0,0,4,16,15,1,0,0,0,0,13,9,6,12,1,0,0,0,15,3,0,9,5,0,0,0,5,13,13,12,5,0,8
digit_04479,0,0,0,3,13,16,11,0,0,0,4,15,11,8,16,3,0,2,15,9,6,13,15,3,0,4,16,16,16,16,11,0,0,0,7,8,6,16,2,0,0,0,0,0,6,14,0,0,0,0,0,0,14,9,0,0,0,0,0,3,16,4,0,0,9
digit_04480,0,0,7,8,12,6,0,0,0,1,14,11,12,15,0,0,0,3,15,0,0,10,5,0,0,4,9,0,0,8,4,0,0,8,8,0,0,13,0,0,0,7,9,0,9,11,0,0,0,2,14,10,14,5,0,0,0,0,9,15,6,0,0,0,0
digit_04481,0,0,7,16,13,5,0,0,0,0,13,16,16,5,0,0,0,1,16,16,16,3,0,0,0,1,14,16,15,0,0,0,0,1,16,16,15,1,0,0,0,0,14,16,16,4,0,0,0,0,6,16,16,7,0,0,0,0,4,14,13,6,0,0,1
digit_04482,0,0,6,15,15,1,0,0,0,4,16,13,16,4,0,0,0,10,11,2,16,2,0,0,0,1,1,10,14,0,0,0,0,0,1,14,6,0,0,0,0,0,6,14,1,12,9,0,0,0,11,15,14,16,9,0,0,0,8,16,12,5,0,0,2
digit_04483,0,0,4,14,16,5,0,0,0,4,16,16,16,8,0,0,0,12,12,0,15,8,0,0,0,2,1,5,16,13,1,0,0,0,0,1,11,15,11,0,0,0,0,0,0,11,12,0,0,0,2,13,12,16,7,0,0,0,3,16,15,8,0,0,3
digit_04484,0,0,0,1,15,5,0,0,0,0,0,12,16,0,0,0,0,0,7,16,16,3,0,0,0,5,16,8,16,8,3,0,0,11,16,12,16,16,12,0,0,11,16,15,16,7,2,0,0,1,4,2,16,0,0,0,0,0,0,2,14,0,0,0,4
digit_04485,0,1,10,12,15,11,0,0,0,8,16,13,9,4,0,0,0,5,15,1,0,0,0,0,0,8,10,0,0,0,0,0,0,2,14,16,7,0,0,0,0,0,1,4,13,7,0,0,0,0,0,6,11,11,0,0,0,0,9,16,14,2,0,0,5
digit_04486,0,0,1,12,2,0,0,0,0,0,6,13,0,0,0,0,0,0,11,8,0,0,0,0,0,1,15,1,0,0,0,0,0,2,15,2,14,13,4,0,0,2,15,16,10,5,14,0,0,0,9,13,4,9,14,0,0,0,0,10,13,12,3,0,6
digit_04487,0,0,2,11,16,16,16,4,0,0,5,11,8,8,16,1,0,0,0,0,0,14,6,0,0,0,2,10,13,16,13,0,0,0,12,16,16,9,2,0,0,0,2,5,14,0,0,0,0,0,0,11,9,0,0,0,0,0,0,16,6,0,0,0,7
digit_04488,0,0,5,12,16,7,0,0,0,5,14,4,9,15,5,0,0,4,13,6,14,6,2,0,0,1,14,16,2,0,0,0,0,3,15,12,9,0,0,0,0,5,12,0,10,7,0,0,0,3,15,4,2,15,0,0,0,0,5,14,14,7,0,0,8
digit_04489,0,0,0,1,7,15,11,0,0,0,0,11,8,3,13,0,0,0,10,6,2,12,11,0,0,1,16,12,16,16,7,0,0,2,16,14,7,12,2,0,0,0,0,0,3,11,0,0,0,0,0,0,7,9,0,0,0,0,0,0,9,6,0,0,9
digit_04490,0,0,5,15,14,3,0,0,0,0,13,15,9,15,2,0,0,4,16,12,0,10,6,0,0,8,16,9,0,8,10,0,0,7,15,5,0,12,11,0,0,7,13,0,5,16,6,0,0,0,16,12,15,13,1,0,0,0,6,16,12,2,0,0,0
digit_04491,0,0,4,16,15,4,0,0,0,0,8,16,16,4,0,0,0,0,12,16,13,0,0,0,0,2,16,16,10,0,0,0,0,3,16,16,8,0,0,0,0,2,16,16,12,0,0,0,0,0,9,16,16,4,0,0,0,0,3,12,14,11,0,0,1
digit_04492,0,0,8,15,12,1,0,0,0,8,13,8,12,6,0,0,0,4,2,0,8,6,0,0,0,0,0,1,13,2,0,0,0,0,0,9,7,0,0,0,0,0,5,13,0,4,4,0,0,0,10,12,9,15,11,0,0,0,9,16,9,7,1,0,2
digit_04493,0,0,6,13,16,8,0,0,0,5,16,15,14,12,0,0,0,9,12,2,15,8,0,0,0,0,0,9,12,0,0,0,0,0,0,15,16,13,3,0,0,0,0,3,9,15,11,0,0,0,1,8,14,16,8,0,0,0,7,16,14,6,0,0,3
digit_04494,0,0,0,0,6,15,2,0,0,0,0,5,16,16,2,0,0,0,4,16,12,16,0,0,0,4,15,6,7,13,0,0,0,11,15,15,16,16,9,0,0,9,13,12,13,14,3,0,0,0,0,0,9,8,0,0,0,0,0,0,8,8,0,0,4
digit_04495,0,1,13,16,16,11,1,0,0,8,16,16,13,11,1,0,0,11,13,1,0,0,0,0,0,10,13,2,0,0,0,0,0,2,14,15,6,0,0,0,0,0,0,8,16,6,0,0,0,0,6,9,15,9,0,0,0,0,13,16,15,3,0,0,5
digit_04496,0,0,1,10,0,0,0,0,0,0,7,12,0,0,0,0,0,0,12,7,0,0,0,0,0,0,14,3,0,0,0,0,0,0,15,9,12,10,2,0,0,0,16,13,8,8,11,0,0,0,13,10,4,9,15,0,0,0,3,10,15,9,2,0,6
digit_04497,0,0,0,4,11,15,16,12,0,0,2,16,12,9,11,12,0,0,1,2,0,0,14,5,0,0,0,7,12,14,15,0,0,0,3,16,16,15,2,0,0,0,0,1,11,8,0,0,0,0,0,2,15,1,0,0,0,0,0,5,10,0,0,0,7
digit_04498,0,0,3,13,14,4,0,0,0,0,15,8,7,11,0,0,0,0,16,0,0,11,3,0,0,0,10,6,14,14,1,0,0,0,5,16,14,1,0,0,0,0,12,10,8,12,0,0,0,0,14,3,0,9,8,0,0,0,4,14,15,12,4,0,8
digit_04499,0,0,0,1,7,14,14,0,0,0,3,15,7,1,14,0,0,2,16,10,5,14,8,0,0,4,15,16,12,16,5,0,0,0,5,3,1,15,0,0,0,0,0,0,4,12,0,0,0,0,0,0,7,10,0,0,0,0,0,0,7,12,0,0,9
digit_04500,0,0,3,12,8,3,0,0,0,0,7,16,13,13,1,0,0,0,13,8,0,9,4,0,0,0,16,2,0,6,6,0,0,4,12,0,0,10,3,0,0,3,12,0,0,13,2,0,0,0,12,4,12,10,0,0,0,0,5,16,13,2,0,0,0
digit_04501,0,0,0,0,8,14,10,0,0,0,0,9,7,9,12,0,0,0,9,8,0,12,9,0,0,4,16,8,12,16,2,0,0,5,16,16,10,15,0,0,0,0,4,0,5,11,0,0,0,0,0,0,8,9,0,0,0,0,0,0,10,10,0,0,9
digit_04502,0,0,2,15,15,16,11,0,0,0,8,16,11,3,0,0,0,0,13,9,0,0,0,0,0,5,16,3,9,11,3,0,0,10,15,15,16,16,11,0,0,6,16,10,7,16,5,0,0,0,3,4,15,8,0,0,0,0,4,15,7,0,0,0,5
digit_04503,0,0,13,16,16,16,8,0,0,2,16,13,8,4,1,0,0,7,16,1,0,0,0,0,0,11,15,12,5,0,0,0,0,5,16,16,16,3,0,0,0,0,0,6,16,2,0,0,0,0,3,15,9,0,0,0,0,0,11,14,0,0,0,0,5
digit_04504,0,0,4,15,4,0,0,0,0,0,9,16,2,0,0,0,0,0,16,10,0,0,0,0,0,6,16,3,0,0,0,0,0,10,15,11,16,13,4,0,0,7,16,16,11,14,14,0,0,2,16,11,5,15,12,0,0,0,3,16,16,14,3,0,6
digit_04505,0,0,15,12,11,6,2,0,0,4,16,15,12,12,10,0,0,7,14,1,0,0,0,0,0,10,12,3,1,0,0,0,0,8,16,16,14,2,0,0,0,1,8,8,16,8,0,0,0,0,1,11,15,2,0,0,0,0,13,16,6,0,0,0,5
digit_04506,0,0,5,16,12,2,0,0,0,0,13,14,15,11,0,0,0,6,15,1,2,16,4,0,0,6,14,0,0,9,8,0,0,8,10,0,0,13,8,0,0,4,13,0,1,14,8,0,0,0,14,14,15,15,3,0,0,0,5,12,13,8,0,0,0
digit_04507,0,0,0,1,12,16,14,0,0,0,3,14,13,15,13,0,0,4,16,15,13,16,4,0,0,3,16,16,16,16,3,0,0,0,7,7,14,14,0,0,0,0,0,0,12,11,0,0,0,0,0,0,13,10,0,0,0,0,0,0,13,12,0,0,9
digit_04508,0,0,6,14,13,4,0,0,0,4,16,11,10,15,0,0,0,9,11,0,12,11,0,0,0,7,11,8,16,3,0,0,0,0,13,16,10,0,0,0,0,0,13,13,12,9,0,0,0,0,12,8,0,15,1,0,0,0,5,16,16,11,0,0,8
digit_04509,0,0,0,0,8,15,9,0,0,0,1,12,8,2,11,0,0,0,10,11,0,11,8,0,0,5,16,14,15,15,3,0,0,2,12,10,4,14,0,0,0,0,0,0,6,9,0,0,0,0,0,0,9,6,0,0,0,0,0,0,9,6,0,0,9
digit_04510,0,0,4,12,16,6,0,0,0,4,16,10,5,16,4,0,0,8,13,0,5,15,5,0,0,6,12,7,15,3,0,0,0,0,12,16,12,1,0,0,0,0,11,10,9,11,0,0,0,0,12,6,0,13,3,0,0,0,6,13,13,8,0,0,8
digit_04511,0,0,0,4,15,11,0,0,0,0,2,15,16,13,0,0,0,0,13,13,11,10,0,0,0,7,14,3,14,12,6,0,0,8,16,16,16,15,8,0,0,1,8,9,16,4,0,0,0,0,0,3,16,0,0,0,0,0,0,3,14,0,0,0,4
digit_04512,0,0,0,14,16,15,11,0,0,0,2,16,16,16,10,0,0,0,4,16,16,16,4,0,0,0,12,16,16,12,0,0,0,0,12,16,16,6,0,0,0,0,14,16,16,6,0,0,0,0,11,16,15,2,0,0,0,0,1,15,15,1,0,0,1
digit_04513,0,0,0,4,13,16,15,2,0,0,2,15,13,13,16,6,0,0,7,7,0,3,16,4,0,0,0,4,4,8,14,0,0,0,14,16,16,16,6,0,0,0,11,9,10,12,0,0,0,0,0,0,13,3,0,0,0,0,0,4,10,0,0,0,7
digit_04514,0,0,0,3,9,16,16,2,0,0,4,16,13,11,16,1,0,0,3,5,0,6,13,0,0,0,0,2,7,14,9,0,0,0,4,16,16,15,3,0,0,0,9,8,11,12,0,0,0,0,0,0,12,4,0,0,0,0,0,2,15,1,0,0,7
digit_04515,0,0,1,9,15,15,1,0,0,0,13,14,8,12,4,0,0,5,11,1,2,13,1,0,0,1,4,0,11,6,0,0,0,0,0,0,15,14,1,0,0,0,0,0,3,13,6,0,0,0,0,4,10,16,2,0,0,0,0,12,13,4,0,0,3
digit_04516,0,0,8,12,16,16,9,0,0,4,16,16,13,9,2,0,0,11,14,4,0,0,0,0,0,7,15,10,1,0,0,0,0,0,12,16,13,1,0,0,0,0,0,4,16,4,0,0,0,0,5,10,16,3,0,0,0,0,9,16,10,0,0,0,5
digit_04517,0,0,1,10,15,11,7,0,0,0,5,16,16,16,11,0,0,0,6,16,16,16,6,0,0,0,12,16,16,12,0,0,0,2,16,16,16,6,0,0,0,2,12,16,12,0,0,0,0,0,9,16,16,7,0,0,0,0,3,12,16,2,0,0,1
digit_04518,0,0,1,13,12,1,0,0,0,0,9,16,16,12,0,0,0,0,14,6,0,13,3,0,0,6,10,0,0,10,6,0,0,7,13,0,0,9,8,0,0,3,16,1,3,14,7,0,0,0,11,16,16,16,1,0,0,0,0,11,16,6,0,0,0
digit_04519,0,0,4,16,16,4,0,0,0,0,10,15,12,14,0,0,0,2,11,0,0,9,6,0,0,5,6,0,0,4,5,0,0,4,9,0,0,7,4,0,0,4,10,0,2,14,0,0,0,0,14,15,16,8,0,0,0,0,4,13,10,0,0,0,0
digit_04520,0,0,6,16,16,7,0,0,0,8,16,13,10,16,0,0,0,6,9,0,6,15,0,0,0,0,0,0,13,9,0,0,0,0,0,6,16,1,0,0,0,0,1,15,8,3,5,0,0,0,8,16,11,16,9,0,0,0,5,16,16,7,0,0,2
digit_04521,0,0,6,15,15,3,0,0,0,5,16,13,15,8,0,0,0,8,13,0,13,8,0,0,0,0,0,3,16,3,0,0,0,0,0,11,12,0,0,0,0,0,3,16,5,9,8,0,0,0,8,15,15,15,3,0,0,0,5,16,12,1,0,0,2
digit_04522,0,0,1,11,16,16,7,0,0,0,7,13,8,16,5,0,0,0,0,1,1,16,4,0,0,0,2,7,13,16,15,0,0,1,15,16,16,12,3,0,0,1,8,4,16,2,0,0,0,0,0,9,11,0,0,0,0,0,1,14,4,0,0,0,7
digit_04523,0,0,2,12,16,10,0,0,0,3,15,10,7,16,4,0,0,9,8,0,11,10,0,0,0,3,15,11,14,1,0,0,0,0,10,16,9,0,0,0,0,0,14,7,13,4,0,0,0,0,9,7,6,10,0,0,0,0,1,12,16,5,0,0,8
digit_04524,0,0,3,12,16,16,3,0,0,2,16,16,11,16,4,0,0,8,14,2,10,16,1,0,0,5,5,3,16,4,0,0,0,0,0,11,12,0,0,0,0,0,3,16,5,2,3,0,0,0,3,16,12,15,6,0,0,0,0,15,16,8,0,0,2
digit_04525,0,0,0,9,15,6,0,0,0,0,5,15,16,15,0,0,0,0,15,15,4,16,3,0,0,2,14,5,0,12,8,0,0,6,13,0,1,14,6,0,0,1,10,14,15,16,3,0,0,0,3,16,16,14,1,0,0,0,0,9,13,5,0,0,0
digit_04526,0,0,3,8,11,11,1,0,0,0,3,16,16,12,0,0,0,0,2,15,16,12,0,0,0,0,0,16,16,7,0,0,0,0,1,15,16,10,0,0,0,0,1,16,16,6,0,0,0,0,3,16,16,5,0,0,0,0,2,15,16,6,0,0,1
digit_04527,0,0,1,13,16,10,0,0,0,1,13,15,8,16,3,0,0,8,15,3,4,15,0,0,0,1,3,0,12,8,0,0,0,0,0,4,14,1,0,0,0,0,0,11,8,0,4,0,0,0,1,16,8,13,9,0,0,0,0,14,16,11,0,0,2
digit_04528,0,0,2,14,1,0,0,0,0,0,8,12,0,0,0,0,0,0,12,5,0,0,0,0,0,2,14,0,0,0,0,0,0,0,10,0,6,7,2,0,0,4,12,13,15,14,12,0,0,0,13,12,2,11,14,0,0,0,3,13,16,13,1,0,6
digit_04529,0,0,6,14,16,16,2,0,0,5,16,13,11,16,0,0,0,0,7,2,15,12,0,0,0,0,0,7,16,13,1,0,0,0,0,0,6,15,10,0,0,0,0,0,0,15,9,0,0,0,3,11,8,16,6,0,0,0,7,16,16,8,0,0,3
digit_04530,0,1,7,13,16,11,0,0,0,11,16,13,15,16,0,0,0,3,8,2,16,9,0,0,0,0,0,8,16,4,0,0,0,0,0,5,16,16,5,0,0,0,0,0,3,14,11,0,0,0,3,8,14,16,8,0,0,0,7,16,12,7,0,0,3
digit_04531,0,0,1,6,12,16,9,0,0,0,10,15,10,13,9,0,0,0,2,1,0,14,2,0,0,0,0,6,12,16,15,0,0,0,5,16,16,14,7,0,0,0,3,6,15,0,0,0,0,0,0,7,9,0,0,0,0,0,0,11,2,0,0,0,7
digit_04532,0,0,4,13,16,11,0,0,0,9,16,9,10,15,0,0,0,5,4,0,12,11,0,0,0,0,0,5,16,12,1,0,0,0,0,1,9,15,8,0,0,0,0,0,0,8,12,0,0,0,1,6,8,16,8,0,0,0,5,16,15,9,1,0,3
digit_04533,0,1,11,15,16,9,0,0,0,3,16,10,10,16,1,0,0,0,2,1,14,11,0,0,0,0,0,14,16,7,0,0,0,0,0,13,16,16,5,0,0,0,0,0,2,16,8,0,0,0,6,8,13,15,5,0,0,0,15,16,12,5,0,0,3
digit_04534,0,0,0,6,15,1,0,0,0,0,3,16,9,15,3,0,0,1,15,7,5,15,0,0,0,9,16,4,11,14,10,0,0,9,16,16,16,16,9,0,0,0,2,4,16,2,0,0,0,0,0,6,14,0,0,0,0,0,0,7,10,0,0,0,4
digit_04535,0,0,2,14,1,0,0,0,0,0,11,12,1,0,0,0,0,1,15,4,0,0,0,0,0,5,13,0,0,0,0,0,0,7,12,12,16,13,2,0,0,4,16,12,6,6,11,0,0,0,14,9,0,5,13,0,0,0,3,11,15,14,1,0,6
digit_04536,0,0,1,10,0,0,0,0,0,0,4,15,0,0,0,0,0,0,10,11,0,0,0,0,0,0,13,9,3,2,0,0,0,0,13,16,16,15,4,0,0,0,13,13,6,4,12,0,0,0,9,11,5,9,15,2,0,0,2,12,16,12,6,0,6
digit_04537,0,0,9,7,0,0,0,0,0,0,9,11,0,0,0,0,0,0,15,4,0,0,0,0,0,2,16,1,0,0,0,0,0,5,16,8,14,9,0,0,0,5,16,15,8,9,10,0,0,3,16,2,0,7,11,0,0,0,7,14,16,12,1,0,6
digit_04538,0,0,0,1,11,7,0,0,0,0,0,11,16,5,0,0,0,0,9,15,15,7,0,0,0,5,16,3,16,4,0,0,0,10,13,9,16,14,8,0,0,3,15,16,16,13,6,0,0,0,0,0,16,3,0,0,0,0,0,0,14,2,0,0,4
digit_04539,0,0,0,1,7,12,14,1,0,0,1,13,8,4,13,0,0,0,10,16,9,15,11,0,0,1,16,15,15,16,3,0,0,0,11,9,3,14,0,0,0,0,0,0,5,9,0,0,0,0,0,0,7,8,0,0,0,0,0,0,8,6,0,0,9
digit_04540,0,0,0,10,12,8,1,0,0,0,5,16,16,16,0,0,0,0,10,16,16,9,0,0,0,2,15,16,13,2,0,0,0,4,16,16,8,0,0,0,0,1,15,16,7,0,0,0,0,0,9,16,11,1,0,0,0,0,0,6,12,6,0,0,1
digit_04541,0,0,6,16,16,16,10,0,0,0,13,15,9,6,0,0,0,6,16,4,0,0,0,0,0,12,15,4,2,0,0,0,0,8,16,16,16,15,1,0,0,0,6,8,9,16,4,0,0,0,1,3,13,15,1,0,0,0,7,16,15,3,0,0,5
digit_04542,0,0,0,9,13,3,0,0,0,0,8,15,12,15,2,0,0,0,12,8,0,15,4,0,0,3,13,0,0,10,7,0,0,8,9,0,0,13,7,0,0,2,16,4,7,16,5,0,0,0,14,14,16,15,1,0,0,0,1,12,14,4,0,0,0
digit_04543,0,0,0,0,8,13,3,0,0,0,0,12,11,11,5,0,0,0,11,8,8,16,0,0,0,2,16,16,16,15,0,0,0,2,16,11,7,10,0,0,0,0,0,0,8,7,0,0,0,0,0,0,10,8,0,0,0,0,0,0,9,7,0,0,9
digit_04544,0,0,2,16,15,15,8,0,0,0,7,16,15,12,7,0,0,3,15,8,1,0,0,0,0,9,15,4,4,2,0,0,0,5,16,16,16,15,2,0,0,0,5,6,8,16,3,0,0,0,0,1,14,10,0,0,0,0,2,16,13,1,0,0,5
digit_04545,0,0,9,16,16,9,0,0,0,5,16,14,15,16,1,0,0,2,11,1,10,15,0,0,0,0,0,1,15,8,0,0,0,0,0,8,15,1,0,0,0,0,6,16,7,8,7,0,0,0,9,16,15,14,2,0,0,0,9,16,13,1,0,0,2
digit_04546,0,0,3,12,11,4,0,0,0,4,15,13,12,16,0,0,0,9,14,0,0,12,2,0,0,0,13,11,7,15,3,0,0,0,0,15,16,7,0,0,0,0,5,16,10,14,2,0,0,0,11,13,0,8,8,0,0,0,2,12,16,16,7,0,8
digit_04547,0,0,4,14,16,5,0,0,0,4,16,16,16,8,0,0,0,10,15,9,16,4,0,0,0,1,2,13,14,0,0,0,0,0,2,16,6,0,0,0,0,0,7,16,0,5,7,0,0,0,8,16,13,16,6,0,0,0,2,15,16,6,0,0,2
digit_04548,0,0,4,12,13,5,0,0,0,0,14,16,16,16,4,0,0,6,13,2,1,11,8,0,0,6,11,0,0,8,8,0,0,4,16,0,0,10,8,0,0,4,16,4,8,16,3,0,0,0,16,16,16,12,0,0,0,0,4,15,14,3,0,0,0
digit_04549,0,0,3,11,7,1,0,0,0,0,10,15,14,14,0,0,0,2,16,10,1,12,4,0,0,2,16,3,0,4,8,0,0,5,12,0,0,6,8,0,0,1,12,0,0,11,9,0,0,0,15,9,14,15,1,0,0,0,4,15,15,4,0,0,0
digit_04550,0,0,0,10,16,11,1,0,0,0,0,15,16,15,2,0,0,0,1,13,16,14,0,0,0,0,1,15,16,12,0,0,0,0,0,14,16,8,0,0,0,0,0,13,16,5,0,0,0,0,1,14,16,1,0,0,0,0,0,8,15,1,0,0,1
digit_04551,0,0,0,7,14,16,5,0,0,0,7,16,12,16,8,0,0,0,4,2,1,16,4,0,0,0,3,12,12,16,8,0,0,0,12,16,16,15,5,0,0,0,5,5,13,6,0,0,0,0,0,2,14,0,0,0,0,0,0,9,8,0,0,0,7
digit_04552,0,0,1,13,1,0,0,0,0,0,7,15,1,0,0,0,0,1,14,6,0,0,0,0,0,0,16,3,0,1,0,0,0,1,16,6,15,15,5,0,0,1,16,14,4,3,12,0,0,0,7,7,0,9,12,0,0,0,0,11,16,9,2,0,6
digit_04553,0,1,5,12,16,14,2,0,0,8,16,16,16,16,3,0,0,6,9,2,12,12,0,0,0,0,0,5,16,8,0,0,0,0,0,1,13,16,9,0,0,0,0,0,1,14,10,0,0,0,1,11,15,15,5,0,0,0,6,16,12,5,0,0,3
digit_04554,0,2,12,16,12,0,0,0,0,7,16,13,16,3,0,0,0,0,3,5,16,0,0,0,0,0,3,15,7,0,0,0,0,0,11,13,0,0,0,0,0,6,13,1,0,0,0,0,0,6,16,11,8,11,5,0,0,0,15,16,16,15,3,0,2
digit_04555,0,0,5,15,13,12,4,0,0,0,11,16,16,14,0,0,0,0,16,16,16,8,0,0,0,4,16,16,15,3,0,0,0,2,16,16,8,0,0,0,0,0,16,15,3,0,0,0,0,0,10,16,4,0,0,0,0,0,8,15,3,0,0,0,1
digit_04556,0,0,0,6,13,16,16,9,0,0,6,16,14,11,16,10,0,0,2,3,0,4,15,4,0,0,2,9,12,16,13,0,0,2,15,16,16,16,3,0,0,4,9,3,10,10,0,0,0,0,0,1,16,2,0,0,0,0,0,7,9,0,0,0,7
digit_04557,0,0,0,2,14,2,0,0,0,0,1,13,15,6,0,0,0,0,12,15,12,11,0,0,0,5,16,4,15,6,0,0,0,12,15,8,16,16,11,0,0,6,16,16,16,8,2,0,0,0,2,6,16,0,0,0,0,0,0,2,14,0,0,0,4
digit_04558,0,0,0,8,3,0,0,0,0,0,2,16,8,0,0,0,0,0,9,15,1,0,0,0,0,0,12,10,0,0,0,0,0,0,14,7,0,0,0,0,0,0,10,15,16,16,14,1,0,0,4,16,1,4,15,6,0,0,0,5,14,15,10,0,6
digit_04559,0,0,6,9,11,9,0,0,0,13,16,15,15,15,0,0,0,4,5,2,15,6,0,0,0,0,0,3,15,6,0,0,0,0,0,0,6,15,6,0,0,0,0,0,0,5,12,0,0,0,0,5,13,16,9,0,0,0,3,13,12,7,1,0,3
digit_04560,0,1,11,16,15,12,3,0,0,1,13,16,16,12,0,0,0,2,16,16,16,8,0,0,0,0,16,16,16,2,0,0,0,8,16,16,14,0,0,0,0,7,16,16,9,0,0,0,0,1,13,16,13,1,0,0,0,0,8,16,12,0,0,0,1
digit_04561,0,0,7,15,12,0,0,0,0,3,15,8,14,2,0,0,0,0,5,2,11,0,0,0,0,0,1,11,8,2,0,0,0,0,8,16,16,15,4,0,0,0,1,4,2,12,6,0,0,0,2,4,13,12,0,0,0,0,5,13,9,1,0,0,3
digit_04562,0,0,0,0,5,15,10,0,0,0,0,8,11,15,7,0,0,0,6,13,10,16,7,0,0,3,16,14,12,15,4,0,0,1,11,8,1,14,2,0,0,0,0,0,3,13,0,0,0,0,0,0,6,10,0,0,0,0,0,0,9,4,0,0,9
digit_04563,0,0,5,12,12,8,1,0,0,0,10,16,16,15,0,0,0,0,11,16,16,8,0,0,0,4,16,16,16,4,0,0,0,3,16,16,10,0,0,0,0,0,13,16,16,3,0,0,0,0,13,16,16,0,0,0,0,0,2,10,12,0,0,0,1
digit_04564,0,0,0,7,14,16,6,0,0,0,10,16,12,15,9,0,0,0,8,3,2,16,7,0,0,0,1,8,13,16,14,0,0,2,13,16,16,12,1,0,0,6,12,6,16,3,0,0,0,0,0,5,13,0,0,0,0,0,0,9,6,0,0,0,7
digit_04565,0,0,3,11,0,0,0,0,0,0,9,13,0,0,0,0,0,0,15,4,0,0,0,0,0,2,15,0,1,0,0,0,0,4,15,14,16,13,2,0,0,3,16,11,3,7,12,0,0,0,13,6,3,8,14,0,0,0,4,14,16,14,7,0,6
digit_04566,0,0,4,14,14,0,0,0,0,5,16,16,16,5,1,0,0,9,13,0,13,16,2,0,0,3,16,13,15,5,0,0,0,0,7,16,13,0,0,0,0,0,10,13,14,7,0,0,0,0,10,11,10,15,0,0,0,0,4,13,11,3,0,0,8
digit_04567,0,0,0,12,8,0,0,0,0,0,6,16,3,12,4,0,0,1,16,5,8,14,0,0,0,9,15,0,13,10,2,0,0,10,15,12,16,16,9,0,0,6,16,16,15,9,1,0,0,0,0,14,5,0,0,0,0,0,0,15,0,0,0,0,4
digit_04568,0,0,6,14,11,0,0,0,0,3,16,9,16,0,0,0,0,3,7,5,12,0,0,0,0,0,1,14,8,2,0,0,0,0,2,16,16,16,4,0,0,0,0,0,0,11,8,0,0,0,0,4,10,15,2,0,0,0,5,16,12,4,0,0,3
digit_04569,0,0,0,4,11,9,5,0,0,0,5,16,16,16,5,0,0,0,11,16,16,9,0,0,0,4,16,16,16,4,0,0,0,1,14,16,9,0,0,0,0,4,15,16,6,0,0,0,0,0,9,16,8,0,0,0,0,0,0,7,5,0,0,0,1
digit_04570,0,0,1,14,8,8,1,0,0,0,10,13,8,16,1,0,0,2,16,4,10,11,0,0,0,7,15,6,14,16,13,0,0,3,16,16,15,9,2,0,0,0,3,11,9,0,0,0,0,0,0,12,4,0,0,0,0,0,0,12,0,0,0,0,4
digit_04571,0,0,2,10,15,1,0,0,0,3,16,16,13,13,0,0,0,5,16,12,1,12,1,0,0,7,13,5,0,7,5,0,0,2,14,0,0,7,10,0,0,0,12,2,0,12,7,0,0,0,9,12,12,16,4,0,0,0,0,10,16,6,0,0,0
digit_04572,0,0,10,16,16,13,0,0,0,4,16,15,12,4,0,0,0,8,16,4,0,0,0,0,0,4,16,11,6,1,0,0,0,0,8,16,16,13,2,0,0,0,0,1,7,14,12,0,0,0,0,6,13,16,10,0,0,0,12,16,14,6,0,0,5
digit_04573,0,1,10,16,16,8,0,0,0,10,16,13,16,12,0,0,0,1,3,3,16,9,0,0,0,0,0,13,14,1,0,0,0,0,2,16,16,12,3,0,0,0,0,5,11,16,11,0,0,0,2,7,14,16,6,0,0,0,11,16,13,5,0,0,3
digit_04574,0,0,0,6,11,0,0,0,0,0,0,15,10,0,0,0,0,0,7,15,2,0,0,0,0,0,16,6,0,0,0,0,0,3,16,7,5,5,0,0,0,2,16,13,9,13,11,0,0,0,8,13,7,5,15,3,0,0,0,5,11,13,12,2,6
digit_04575,0,0,0,0,5,11,14,1,0,0,0,10,13,8,15,2,0,0,11,9,4,9,12,0,0,5,16,16,16,16,6,0,0,0,15,16,13,16,3,0,0,0,2,3,1,15,0,0,0,0,0,0,5,5,0,0,0,0,0,0,6,0,0,0,9
digit_04576,0,0,0,5,11,0,0,0,0,0,1,14,9,0,0,0,0,0,4,14,1,0,0,0,0,0,10,8,0,0,0,0,0,0,13,8,4,6,2,0,0,0,11,16,13,12,13,0,0,0,12,14,4,5,16,2,0,0,1,8,16,13,9,1,6
digit_04577,0,0,2,12,12,8,1,0,0,0,2,15,16,16,8,0,0,0,5,16,16,14,3,0,0,0,8,16,16,10,0,0,0,3,15,16,13,0,0,0,0,2,14,16,9,0,0,0,0,0,11,16,9,0,0,0,0,0,1,9,5,0,0,0,1
digit_04578,0,0,1,9,15,12,5,0,0,0,8,16,16,16,13,0,0,0,3,1,1,14,10,0,0,0,3,10,13,16,15,0,0,2,16,16,16,15,3,0,0,3,8,2,13,6,0,0,0,0,0,5,13,0,0,0,0,0,0,11,5,0,0,0,7
digit_04579,0,0,11,16,16,16,16,2,0,5,16,16,14,10,4,0,0,5,16,5,0,0,0,0,0,1,15,10,0,0,0,0,0,0,6,16,8,0,0,0,0,0,0,9,14,0,0,0,0,0,0,5,16,3,0,0,0,0,10,16,13,1,0,0,5
digit_04580,0,0,0,9,13,0,0,0,0,0,3,15,6,12,0,0,0,1,12,8,5,14,0,0,0,6,14,0,12,7,0,0,0,14,6,2,16,9,5,0,0,16,13,13,16,15,4,0,1,15,16,16,12,2,0,0,0,3,3,13,4,0,0,0,4
digit_04581,0,0,0,10,6,0,10,14,0,0,7,15,2,7,14,1,0,0,15,9,1,15,12,2,0,4,16,10,11,16,12,1,0,2,16,16,16,9,0,0,0,0,5,12,10,0,0,0,0,0,0,13,5,0,0,0,0,0,0,15,3,0,0,0,4
digit_04582,0,0,0,8,14,15,7,0,0,0,4,16,12,15,14,0,0,0,1,1,0,11,12,0,0,0,2,4,6,14,15,0,0,4,16,16,16,16,5,0,0,8,12,7,14,12,0,0,0,0,0,4,16,3,0,0,0,0,0,11,7,0,0,0,7
digit_04583,0,0,7,15,15,5,0,0,0,6,16,12,16,12,0,0,0,1,7,0,16,10,0,0,0,0,0,10,15,0,0,0,0,0,1,16,7,0,0,0,0,0,10,13,1,5,1,0,0,0,12,12,13,15,3,0,0,0,10,16,13,3,0,0,2
digit_04584,0,0,0,8,15,9,1,0,0,0,11,14,12,15,8,0,0,0,15,5,6,14,2,0,0,0,14,14,15,1,0,0,0,1,13,16,6,0,0,0,0,6,16,9,13,0,0,0,0,2,13,15,16,4,0,0,0,0,1,9,15,2,0,0,8
digit_04585,0,0,9,16,16,8,0,0,0,5,16,15,14,16,0,0,0,4,9,3,13,12,0,0,0,0,0,8,15,1,0,0,0,0,2,16,7,0,0,0,0,0,11,14,1,4,3,0,0,0,16,14,15,16,4,0,0,0,9,16,15,5,0,0,2
digit_04586,0,1,8,16,16,3,0,0,0,6,16,12,16,4,0,0,0,1,7,0,16,4,0,0,0,0,0,7,15,0,0,0,0,0,0,14,9,0,0,0,0,0,10,14,1,4,5,0,0,0,13,12,11,15,3,0,0,0,12,16,12,3,0,0,2
digit_04587,0,0,8,14,16,16,1,0,0,6,16,16,8,3,0,0,0,14,14,1,0,0,0,0,0,10,15,4,0,0,0,0,0,3,15,16,6,0,0,0,0,0,1,8,15,2,0,0,0,0,2,13,15,0,0,0,0,0,10,16,4,0,0,0,5
digit_04588,0,0,4,15,16,11,0,0,0,0,7,9,9,16,0,0,0,0,0,0,4,13,0,0,0,0,1,9,15,16,10,0,0,0,13,15,16,8,2,0,0,0,3,7,13,0,0,0,0,0,1,13,4,0,0,0,0,0,6,11,0,0,0,0,7
digit_04589,0,0,0,1,8,13,14,2,0,0,2,13,9,4,14,4,0,0,13,9,0,9,14,1,0,4,16,14,14,16,6,0,0,1,11,10,7,14,0,0,0,0,0,0,8,8,0,0,0,0,0,0,11,5,0,0,0,0,0,0,11,3,0,0,9
digit_04590,0,3,10,16,16,16,2,0,0,14,16,14,9,3,0,0,0,16,12,0,0,0,0,0,0,12,14,0,0,0,0,0,0,6,16,3,0,0,0,0,0,0,9,16,3,0,0,0,0,0,4,14,13,0,0,0,0,2,15,16,8,0,0,0,5
digit_04591,0,0,0,5,11,0,6,0,0,0,3,15,7,6,16,1,0,0,13,9,1,13,7,0,0,6,15,2,6,15,0,0,0,14,10,0,14,12,3,0,0,14,16,16,16,14,3,0,0,5,11,14,13,2,0,0,0,0,0,7,9,0,0,0,4
digit_04592,0,0,4,12,16,8,0,0,0,5,16,11,10,16,4,0,0,8,13,0,1,13,4,0,0,3,16,13,15,13,3,0,0,0,9,16,16,7,0,0,0,0,14,7,5,15,6,0,0,0,10,12,7,13,10,0,0,0,3,13,13,10,1,0,8
digit_04593,0,0,4,15,7,0,0,0,0,1,13,12,16,2,2,0,0,7,11,0,11,12,1,0,0,4,8,6,13,3,0,0,0,3,16,15,1,0,0,0,0,2,16,14,6,0,0,0,0,3,16,10,14,3,0,0,0,0,2,9,12,3,0,0,8
digit_04594,0,0,0,11,5,3,11,0,0,0,7,14,2,12,9,0,0,2,15,6,3,16,5,0,0,7,16,8,13,16,13,0,0,7,16,16,16,7,1,0,0,0,4,10,13,0,0,0,0,0,0,12,6,0,0,0,0,0,0,12,0,0,0,0,4
digit_04595,0,0,0,1,9,16,9,0,0,0,1,11,13,14,12,1,0,1,15,13,4,16,16,3,0,2,16,16,16,15,12,0,0,0,7,8,4,14,5,0,0,0,0,0,5,14,0,0,0,0,0,0,8,9,0,0,0,0,0,0,12,6,0,0,9
digit_04596,0,0,2,12,15,3,0,0,0,0,15,15,13,15,0,0,0,2,14,3,1,12,3,0,0,4,8,0,0,8,8,0,0,7,10,0,0,9,5,0,0,1,13,5,3,15,2,0,0,0,7,16,14,15,0,0,0,0,0,10,14,4,0,0,0
digit_04597,0,0,3,13,15,5,0,0,0,1,15,13,10,15,0,0,0,2,16,3,2,9,0,0,0,0,12,13,14,7,0,0,0,0,10,16,9,0,0,0,0,1,16,4,9,11,1,0,0,0,15,3,0,8,8,0,0,0,3,12,15,12,7,0,8
digit_04598,0,0,0,3,12,16,15,1,0,0,3,16,9,10,16,0,0,0,14,13,7,15,10,0,0,2,16,16,16,16,2,0,0,2,12,9,13,8,0,0,0,0,0,0,15,5,0,0,0,0,0,3,16,1,0,0,0,0,0,3,14,1,0,0,9
digit_04599,0,0,4,11,15,7,0,0,0,2,15,14,9,15,1,0,0,8,15,1,6,16,5,0,0,6,14,13,15,6,0,0,0,1,16,16,6,0,0,0,0,4,15,11,15,1,0,0,0,1,12,3,7,9,0,0,0,0,4,14,16,6,0,0,8
digit_04600,0,0,7,11,15,9,0,0,0,0,15,15,4,11,4,0,0,3,11,5,0,2,10,0,0,7,8,0,0,3,8,0,0,6,8,0,0,4,8,0,0,5,8,0,0,8,5,0,0,1,12,2,1,13,0,0,0,0,5,16,14,3,0,0,0
digit_04601,0,0,4,14,11,0,0,0,0,0,2,16,16,3,0,0,0,0,0,14,16,5,0,0,0,0,0,16,16,3,0,0,0,0,1,15,16,2,0,0,0,0,2,15,13,0,0,0,0,0,4,16,11,0,0,0,0,0,5,16,14,1,0,0,1
digit_04602,0,2,15,16,12,0,0,0,0,8,11,8,16,0,0,0,0,3,1,7,13,0,0,0,0,0,0,10,8,0,0,0,0,0,0,15,5,0,0,0,0,0,7,15,0,0,0,0,0,0,14,11,6,5,2,0,0,1,16,16,16,16,9,0,2
digit_04603,0,1,13,16,12,1,0,0,0,1,9,5,16,1,0,0,0,0,0,9,5,0,0,0,0,0,9,10,0,0,0,0,0,0,8,15,16,11,1,0,0,0,0,0,2,12,7,0,0,0,2,4,6,15,3,0,0,0,14,16,11,5,0,0,3
digit_04604,0,0,0,12,12,0,0,0,0,0,5,16,4,0,0,0,0,1,14,11,0,0,0,0,0,6,16,3,2,0,0,0,0,13,12,8,12,0,0,0,0,15,16,15,16,13,4,0,0,4,9,14,16,7,0,0,0,0,0,11,13,0,0,0,4
digit_04605,0,2,13,16,16,16,15,2,0,8,16,12,8,4,1,0,0,5,16,13,1,0,0,0,0,0,8,16,8,0,0,0,0,0,0,10,16,0,0,0,0,0,0,9,16,0,0,0,0,0,3,13,12,0,0,0,0,2,16,16,6,0,0,0,5
digit_04606,0,0,1,14,9,0,0,0,0,0,14,15,3,0,0,0,0,1,16,10,0,0,0,0,0,5,14,13,15,10,0,0,0,8,16,2,3,14,5,0,0,5,16,4,0,12,6,0,0,0,10,13,2,14,6,0,0,0,2,12,16,11,1,0,6
digit_04607,0,0,5,15,16,14,1,0,0,0,11,13,9,16,5,0,0,0,0,0,5,16,2,0,0,0,0,0,9,11,0,0,0,0,7,13,15,12,1,0,0,0,7,14,14,12,4,0,0,0,0,14,3,0,0,0,0,0,7,10,0,0,0,0,7
digit_04608,0,0,3,13,8,0,0,0,0,4,16,16,14,0,0,0,0,11,11,9,10,0,0,0,0,8,14,15,9,0,0,0,0,0,7,16,15,5,0,0,0,0,4,16,3,13,9,0,0,0,5,15,4,13,11,0,0,0,1,15,15,8,2,0,8
digit_04609,0,0,5,11,13,3,0,0,0,0,16,13,15,9,0,0,0,4,16,0,13,13,0,0,0,1,11,16,15,15,3,0,0,0,0,0,0,12,7,0,0,0,0,0,0,6,12,0,0,0,6,4,2,9,11,0,0,0,6,13,16,16,6,0,9
digit_04610,0,0,6,16,16,8,0,0,0,2,16,8,9,16,3,0,0,8,16,1,0,9,9,0,0,9,12,0,0,8,12,0,0,10,12,0,0,8,10,0,0,8,13,0,0,9,8,0,0,2,16,8,6,15,3,0,0,0,8,16,15,8,0,0,0
digit_04611,0,0,4,12,13,3,0,0,0,0,7,14,16,9,0,0,0,0,0,12,16,8,0,0,0,0,0,6,16,6,0,0,0,0,0,9,16,6,0,0,0,0,0,12,16,3,0,0,0,0,0,13,16,3,0,0,0,0,0,15,16,11,0,0,1
digit_04612,0,3,15,14,5,0,0,0,0,14,14,14,15,0,0,0,0,8,1,6,16,2,0,0,0,0,0,9,16,2,0,0,0,0,1,14,11,0,0,0,0,0,9,16,2,0,1,0,0,4,16,15,8,9,15,0,0,3,16,16,16,15,5,0,2
digit_04613,0,1,12,16,13,2,0,0,0,5,14,6,13,12,0,0,0,0,0,3,15,7,0,0,0,0,2,16,8,0,0,0,0,0,1,12,16,11,1,0,0,0,0,0,5,15,7,0,0,0,6,0,4,14,7,0,0,0,16,16,15,8,1,0,3
digit_04614,0,0,0,8,15,5,0,0,0,0,3,16,13,1,0,0,0,0,12,16,2,0,0,0,0,5,16,7,9,4,0,0,0,14,16,13,16,14,3,0,0,8,14,16,16,14,2,0,0,0,0,9,16,3,0,0,0,0,0,11,14,0,0,0,4
digit_04615,0,1,8,16,16,16,10,0,0,8,16,14,8,5,1,0,0,9,16,2,0,0,0,0,0,2,16,15,2,0,0,0,0,0,3,15,4,0,0,0,0,1,3,12,4,0,0,0,0,5,14,15,4,0,0,0,0,1,13,12,0,0,0,0,5
digit_04616,0,0,7,15,0,0,0,0,0,0,15,15,0,0,0,0,0,3,16,12,4,1,0,0,0,6,16,16,16,16,5,0,0,8,16,7,1,15,8,0,0,7,16,0,0,16,4,0,0,2,16,7,10,12,0,0,0,0,4,15,13,3,0,0,6
digit_04617,0,0,7,16,16,5,0,0,0,1,15,11,14,11,0,0,0,0,0,0,12,8,0,0,0,0,3,8,14,12,5,0,0,0,14,16,16,10,5,0,0,0,2,8,14,0,0,0,0,0,1,15,8,0,0,0,0,0,8,14,1,0,0,0,7
digit_04618,0,0,0,2,15,5,0,0,0,0,2,4,10,12,0,0,0,3,15,14,10,8,0,0,0,8,15,1,11,4,0,0,0,1,8,15,16,0,0,0,0,0,0,6,16,12,1,0,0,0,0,4,14,15,4,0,0,0,0,2,14,11,0,0,8
digit_04619,0,0,1,5,12,13,0,0,0,0,11,13,15,16,1,0,0,2,14,0,10,12,4,0,0,5,13,12,3,12,0,0,0,0,5,6,0,12,4,0,0,0,0,0,0,15,2,0,0,0,4,5,0,16,3,0,0,0,0,4,14,13,0,0,9
digit_04620,0,0,2,13,15,8,0,0,0,0,10,14,10,11,8,0,0,0,16,1,0,0,9,0,0,3,13,0,0,0,8,0,0,4,12,0,0,1,8,0,0,5,12,0,0,10,0,0,0,0,15,8,7,10,0,0,0,0,4,14,14,1,0,0,0
digit_04621,0,0,1,11,15,8,0,0,0,0,0,15,16,8,0,0,0,0,0,13,16,10,0,0,0,0,0,16,16,6,0,0,0,0,2,16,16,6,0,0,0,0,5,16,16,5,0,0,0,0,5,16,15,1,0,0,0,0,2,15,15,3,0,0,1
digit_04622,0,3,16,15,6,0,0,0,0,5,14,14,16,0,0,0,0,0,0,6,14,0,0,0,0,0,0,13,11,0,0,0,0,0,5,16,3,0,0,0,0,1,14,10,0,0,0,0,0,9,16,8,8,10,5,0,0,4,16,16,16,14,3,0,2
digit_04623,0,2,11,14,10,1,0,0,0,6,12,8,15,10,0,0,0,0,0,0,10,11,0,0,0,0,0,8,14,2,0,0,0,0,0,7,16,15,1,0,0,0,0,0,2,13,8,0,0,2,5,1,2,12,7,0,0,1,12,16,16,10,0,0,3
digit_04624,0,0,0,13,9,0,0,0,0,0,6,16,2,0,0,0,0,0,12,9,0,2,0,0,0,7,15,1,5,15,1,0,0,14,10,4,11,12,3,0,2,16,16,16,16,13,2,0,0,3,4,11,14,0,0,0,0,0,0,15,4,0,0,0,4
digit_04625,0,2,12,13,16,16,4,0,0,11,16,13,7,4,1,0,0,13,14,0,0,0,0,0,0,1,15,12,0,0,0,0,0,0,6,16,3,0,0,0,0,0,0,13,7,0,0,0,0,3,5,16,7,0,0,0,0,3,13,15,0,0,0,0,5
digit_04626,0,0,0,11,13,5,0,0,0,0,3,16,13,3,0,0,0,0,10,16,2,0,0,0,0,4,16,16,13,7,0,0,0,4,16,11,8,16,2,0,0,0,15,8,0,15,6,0,0,0,9,14,4,15,4,0,0,0,1,10,16,11,1,0,6
digit_04627,0,0,8,16,16,11,0,0,0,0,4,8,13,14,0,0,0,0,0,0,13,8,0,0,0,0,3,12,16,8,2,0,0,0,6,16,16,16,9,0,0,0,0,14,8,2,0,0,0,0,3,16,1,0,0,0,0,0,11,12,0,0,0,0,7
digit_04628,0,0,0,8,14,9,0,0,0,0,9,15,16,15,0,0,0,4,15,5,8,14,0,0,0,8,14,1,14,7,0,0,0,1,15,13,12,0,0,0,0,0,13,16,13,0,0,0,0,0,12,10,15,7,0,0,0,0,2,10,16,5,0,0,8
digit_04629,0,0,2,10,16,6,0,0,0,0,10,16,16,14,0,0,0,0,15,10,16,16,2,0,0,0,12,16,12,13,8,0,0,0,1,7,1,10,11,0,0,5,5,0,0,8,12,0,0,3,15,10,2,11,12,0,0,0,3,10,16,16,10,0,9
digit_04630,0,0,1,13,12,5,0,0,0,0,11,16,4,13,2,0,0,2,16,4,0,8,5,0,0,7,12,0,0,8,8,0,0,6,12,0,0,5,8,0,0,3,16,0,0,8,7,0,0,1,15,8,6,15,3,0,0,0,2,13,15,6,0,0,0
digit_04631,0,0,2,10,10,11,0,0,0,0,10,9,9,16,0,0,0,0,14,0,6,15,0,0,0,0,11,14,9,16,1,0,0,0,0,0,0,13,3,0,0,0,0,0,0,12,3,0,0,10,9,5,0,15,1,0,0,0,2,14,16,13,0,0,9
digit_04632,0,0,13,10,8,8,7,0,0,4,16,16,16,16,15,2,0,0,10,16,5,0,0,0,0,0,0,13,12,0,0,0,0,0,0,6,15,0,0,0,0,0,0,8,15,0,0,0,0,1,6,10,12,0,0,0,0,1,13,16,5,0,0,0,5
digit_04633,0,0,6,15,16,15,11,0,0,1,15,14,8,8,7,0,0,4,16,5,0,0,0,0,0,7,16,8,0,0,0,0,0,1,11,16,8,0,0,0,0,0,0,15,11,0,0,0,0,0,0,14,11,0,0,0,0,0,9,16,5,0,0,0,5
digit_04634,0,0,6,13,0,0,0,0,0,0,15,12,0,0,0,0,0,0,16,6,0,0,0,0,0,3,16,14,11,5,0,0,0,5,16,12,11,16,6,0,0,6,16,9,2,16,9,0,0,0,13,14,8,16,8,0,0,0,4,15,16,13,2,0,6
digit_04635,0,1,12,16,16,16,12,0,0,9,16,13,6,8,5,0,0,8,16,15,3,0,0,0,0,0,4,14,11,0,0,0,0,0,0,12,12,0,0,0,0,0,0,12,13,0,0,0,0,0,3,15,11,0,0,0,0,0,12,13,2,0,0,0,5
digit_04636,0,0,2,10,15,7,0,0,0,0,14,15,7,15,2,0,0,4,16,3,0,11,4,0,0,4,14,0,0,7,8,0,0,7,12,0,0,6,7,0,0,4,16,1,0,12,4,0,0,1,14,12,10,16,1,0,0,0,1,14,13,5,0,0,0
digit_04637,0,0,3,4,10,0,0,0,0,3,15,8,14,3,0,0,0,8,7,0,10,6,0,0,0,3,11,8,15,11,0,0,0,0,1,7,3,13,3,0,0,0,0,0,0,6,9,0,0,0,9,6,1,0,16,0,0,0,0,3,11,16,16,3,9
digit_04638,0,0,2,12,14,8,0,0,0,0,13,13,15,12,0,0,0,5,15,2,10,6,0,0,0,2,14,13,14,1,0,0,0,0,0,11,15,13,1,0,0,0,1,15,3,14,7,0,0,0,6,13,1,16,4,0,0,0,1,12,16,11,0,0,8
digit_04639,0,0,3,14,16,9,0,0,0,0,13,10,6,16,7,0,0,5,16,3,2,14,6,0,0,0,10,16,16,16,4,0,0,0,0,0,0,12,5,0,0,0,0,0,0,13,4,0,0,3,11,2,5,15,0,0,0,0,4,12,16,10,0,0,9
digit_04640,0,0,2,10,14,9,0,0,0,2,14,11,12,16,0,0,0,4,16,1,0,15,0,0,0,2,13,12,7,13,0,0,0,0,1,8,16,12,0,0,0,0,0,4,14,15,4,0,0,0,0,13,7,14,4,0,0,0,0,14,15,10,0,0,8
digit_04641,0,0,0,3,15,5,0,0,0,0,1,15,11,0,0,0,0,0,10,15,2,3,0,0,0,5,16,4,6,16,1,0,0,10,15,4,9,16,2,0,0,12,16,16,16,13,2,0,0,1,4,7,16,4,0,0,0,0,0,4,15,0,0,0,4
digit_04642,0,0,4,10,11,4,0,0,0,1,11,16,16,14,0,0,0,4,16,16,16,12,0,0,0,4,16,16,16,7,0,0,0,4,16,16,16,8,0,0,0,4,16,16,16,7,0,0,0,3,15,16,16,12,0,0,0,0,5,12,12,12,1,0,1
digit_04643,0,0,13,16,15,2,0,0,0,5,14,5,15,7,0,0,0,0,2,0,12,7,0,0,0,0,5,9,16,7,0,0,0,0,8,16,16,16,10,0,0,0,2,16,3,0,0,0,0,0,8,13,0,0,0,0,0,0,15,7,0,0,0,0,7
digit_04644,0,0,3,15,16,15,1,0,0,0,9,11,9,16,3,0,0,0,1,0,3,16,3,0,0,0,0,0,9,14,0,0,0,0,4,15,15,16,6,0,0,0,2,12,15,7,1,0,0,0,0,13,8,0,0,0,0,0,4,14,1,0,0,0,7
digit_04645,0,1,11,16,13,4,0,0,0,1,15,7,14,14,1,0,0,0,0,0,6,15,1,0,0,0,1,10,15,6,0,0,0,0,5,15,14,7,0,0,0,0,1,0,5,16,3,0,0,5,11,1,1,16,4,0,0,0,10,15,16,10,1,0,3
digit_04646,0,0,9,16,16,16,10,0,0,4,16,14,8,11,11,0,0,11,16,7,0,0,0,0,0,5,15,16,6,0,0,0,0,0,1,14,15,0,0,0,0,0,0,8,16,0,0,0,0,0,9,13,14,0,0,0,0,0,12,16,7,0,0,0,5
digit_04647,0,0,5,14,12,5,0,0,0,0,13,16,16,9,0,0,0,0,11,16,16,9,0,0,0,0,11,16,16,7,0,0,0,0,10,16,16,2,0,0,0,0,13,16,15,0,0,0,0,0,14,16,13,0,0,0,0,0,7,13,16,8,0,0,1
digit_04648,0,0,6,15,9,0,0,0,0,0,11,16,16,13,0,0,0,0,10,16,16,16,7,0,0,1,16,8,0,11,8,0,0,7,14,1,0,10,8,0,0,8,12,0,0,13,4,0,0,5,16,8,9,13,0,0,0,0,6,12,13,5,0,0,0
digit_04649,0,0,2,13,15,7,1,0,0,0,7,16,15,16,10,0,0,0,14,16,10,10,10,0,0,2,16,3,0,8,8,0,0,5,13,0,0,9,8,0,0,6,13,0,0,12,3,0,0,2,16,6,9,10,0,0,0,0,3,14,14,1,0,0,0
digit_04650,0,0,12,16,12,0,0,0,0,3,16,12,16,3,0,0,0,1,8,4,16,3,0,0,0,0,0,7,16,1,0,0,0,0,0,10,12,0,0,0,0,0,4,16,2,0,0,0,0,0,11,15,8,8,2,0,0,0,12,16,16,12,1,0,2
digit_04651,0,3,15,15,2,0,0,0,0,7,16,16,6,0,0,0,0,1,9,16,6,0,0,0,0,0,6,16,1,0,0,0,0,0,10,12,0,0,0,0,0,3,15,8,0,0,0,0,0,8,16,13,15,15,5,0,0,4,16,16,16,13,3,0,2
digit_04652,0,0,10,16,5,0,0,0,0,1,10,14,12,0,0,0,0,0,0,9,11,0,0,0,0,0,2,11,13,3,0,0,0,0,11,16,16,16,7,0,0,0,3,16,4,5,1,0,0,0,7,13,0,0,0,0,0,0,13,6,0,0,0,0,7
digit_04653,0,0,0,9,13,10,1,0,0,0,9,12,4,15,5,0,0,0,16,4,0,12,4,0,0,3,15,9,3,14,1,0,0,0,2,9,16,10,0,0,0,0,0,4,14,15,2,0,0,0,0,10,8,14,3,0,0,0,0,10,16,12,0,0,8
digit_04654,0,3,15,16,14,1,0,0,0,2,12,13,16,4,0,0,0,0,0,6,16,3,0,0,0,0,1,15,10,0,0,0,0,0,6,16,4,0,0,0,0,2,15,10,0,0,0,0,0,4,16,11,8,11,3,0,0,3,16,16,16,12,3,0,2
digit_04655,0,0,7,15,14,8,0,0,0,1,15,7,5,14,5,0,0,0,15,8,0,10,7,0,0,3,16,6,0,12,8,0,0,5,16,2,0,12,8,0,0,4,16,3,1,16,4,0,0,5,16,10,14,12,0,0,0,0,8,15,15,2,0,0,0
digit_04656,0,0,14,10,0,0,0,0,0,0,15,13,0,0,0,0,0,11,16,16,2,0,0,0,0,3,10,16,5,0,0,0,0,0,0,14,10,0,0,0,0,0,0,10,14,0,0,0,0,0,9,14,16,11,6,0,0,0,12,16,16,16,16,9,1
digit_04657,0,1,12,16,5,0,0,0,0,7,15,14,11,0,0,0,0,8,13,10,12,0,0,0,0,0,1,12,12,0,0,0,0,0,0,14,9,0,0,0,0,0,4,16,8,4,0,0,0,0,13,16,16,16,9,0,0,2,16,13,11,9,3,0,2
digit_04658,0,0,0,13,13,3,0,0,0,0,4,16,8,0,0,0,0,0,9,16,1,0,0,0,0,0,13,16,5,0,0,0,0,2,16,16,14,8,1,0,0,4,16,16,6,16,9,0,0,0,8,16,11,16,10,0,0,0,1,14,16,13,1,0,6
digit_04659,0,1,8,14,15,2,0,0,0,2,13,9,14,8,0,0,0,0,0,0,12,9,0,0,0,0,2,13,13,0,0,0,0,0,3,15,16,6,0,0,0,1,1,0,12,14,0,0,0,5,13,5,6,16,1,0,0,1,9,12,13,9,0,0,3
digit_04660,0,0,15,16,13,6,0,0,0,0,12,12,14,13,0,0,0,0,0,0,11,9,0,0,0,0,1,11,15,2,0,0,0,0,8,16,16,12,1,0,0,1,8,4,9,16,3,0,0,5,14,7,10,15,1,0,0,2,12,16,14,6,0,0,3
digit_04661,0,0,10,16,16,8,0,0,0,0,5,8,13,13,0,0,0,0,0,0,9,13,0,0,0,0,0,2,13,12,0,0,0,0,2,15,16,16,7,0,0,0,0,13,13,5,1,0,0,0,1,14,5,0,0,0,0,0,9,13,1,0,0,0,7
digit_04662,0,0,7,16,16,16,10,0,0,0,10,10,5,12,16,2,0,0,0,0,7,15,6,0,0,0,1,13,16,13,0,0,0,0,0,7,12,16,6,0,0,0,0,0,2,16,6,0,0,0,2,9,11,14,1,0,0,0,5,16,15,5,0,0,3
digit_04663,0,0,8,16,16,16,3,0,0,0,6,8,8,15,10,0,0,0,0,0,7,16,5,0,0,0,1,10,16,9,0,0,0,0,0,15,16,12,0,0,0,0,0,1,13,16,5,0,0,0,7,8,11,16,2,0,0,0,6,16,16,11,0,0,3
digit_04664,0,0,0,8,15,2,0,0,0,0,2,16,10,0,0,0,0,0,14,13,6,11,0,0,0,6,16,3,13,13,2,0,0,14,16,8,15,16,10,0,0,12,16,16,16,11,1,0,0,0,1,6,16,3,0,0,0,0,0,10,14,0,0,0,4
digit_04665,0,0,0,8,13,2,0,0,0,0,9,16,13,3,0,0,0,1,15,14,1,0,0,0,0,2,16,11,4,1,0,0,0,3,16,16,14,15,2,0,0,2,16,13,1,16,9,0,0,0,9,15,9,16,7,0,0,0,0,8,16,13,2,0,6
digit_04666,0,0,8,7,0,0,0,0,0,0,11,12,0,0,0,0,0,0,15,9,0,0,0,0,0,7,16,16,9,4,0,0,0,5,16,14,11,16,5,0,0,2,16,16,0,12,8,0,0,0,15,15,1,15,6,0,0,0,7,14,16,13,1,0,6
digit_04667,0,0,1,13,3,0,0,0,0,0,7,14,2,0,0,0,0,0,13,13,8,5,0,0,0,2,15,15,12,15,5,0,0,7,16,4,0,12,8,0,0,2,15,7,0,12,6,0,0,0,5,15,5,15,5,0,0,0,0,13,16,9,0,0,6
digit_04668,0,0,0,10,10,0,0,0,0,0,6,16,6,0,0,0,0,1,14,10,0,0,0,0,0,7,16,3,11,7,0,0,0,12,16,8,16,9,1,0,0,10,16,16,16,16,6,0,0,0,0,10,16,0,0,0,0,0,0,10,11,0,0,0,4
digit_04669,0,0,1,7,13,10,0,0,0,2,13,14,14,16,4,0,0,4,16,5,12,16,2,0,0,0,6,11,12,16,5,0,0,0,0,0,0,15,8,0,0,1,1,0,0,13,11,0,0,0,12,8,4,13,8,0,0,0,0,7,15,16,10,0,9
digit_04670,0,0,5,12,10,4,0,0,0,0,5,16,16,16,3,0,0,0,0,16,16,16,0,0,0,0,3,16,16,13,0,0,0,0,4,16,16,12,0,0,0,0,8,16,16,8,0,0,0,0,10,16,16,7,0,0,0,0,8,12,12,4,0,0,1
digit_04671,0,0,7,13,8,6,0,0,0,0,16,15,16,14,10,0,0,4,16,13,1,0,0,0,0,1,10,16,9,0,0,0,0,0,0,5,13,0,0,0,0,0,0,5,15,0,0,0,0,0,8,11,8,0,0,0,0,0,9,16,3,0,0,0,5
digit_04672,0,0,2,16,15,5,0,0,0,0,10,16,14,15,0,0,0,0,15,10,0,16,7,0,0,4,16,1,0,12,5,0,0,4,15,0,0,12,5,0,0,5,16,6,0,16,0,0,0,0,14,13,8,15,0,0,0,0,3,14,16,6,0,0,0
digit_04673,0,0,7,13,4,1,0,0,0,1,15,13,15,11,0,0,0,7,16,1,13,16,4,0,0,3,16,12,16,16,7,0,0,0,4,11,5,16,8,0,0,0,0,0,2,16,5,0,0,0,12,6,9,14,1,0,0,0,6,13,16,5,0,0,9
digit_04674,0,2,13,13,11,9,0,0,0,10,16,16,16,15,10,0,0,11,16,9,0,0,0,0,0,3,15,16,8,0,0,0,0,0,2,11,14,0,0,0,0,0,0,8,16,0,0,0,0,0,1,11,11,0,0,0,0,1,16,15,4,0,0,0,5
digit_04675,0,5,16,15,5,0,0,0,0,2,12,15,16,0,0,0,0,0,0,14,14,2,0,0,0,0,2,16,9,0,0,0,0,0,11,16,2,0,0,0,0,4,16,8,0,0,0,0,0,13,16,11,8,8,3,0,0,6,16,16,16,16,7,0,2
digit_04676,0,0,11,14,10,1,0,0,0,0,16,15,14,13,0,0,0,1,14,8,3,16,2,0,0,0,7,16,13,16,2,0,0,0,0,12,16,9,0,0,0,0,1,14,16,12,0,0,0,0,10,16,15,16,0,0,0,0,7,14,15,11,0,0,8
digit_04677,0,4,16,15,1,0,0,0,0,6,14,16,4,0,0,0,0,0,0,16,8,0,0,0,0,0,3,16,6,0,0,0,0,0,6,16,1,0,0,0,0,0,13,11,0,0,0,0,0,3,16,16,12,10,5,0,0,3,16,16,16,16,8,0,2
digit_04678,0,0,4,12,14,5,0,0,0,0,11,16,16,16,3,0,0,3,16,14,2,16,7,0,0,8,16,7,0,16,6,0,0,4,16,4,3,16,4,0,0,4,16,5,10,14,0,0,0,0,14,16,16,10,0,0,0,0,4,14,14,2,0,0,0
digit_04679,0,0,9,9,4,0,0,0,0,0,15,15,14,12,0,0,0,3,10,1,0,12,5,0,0,5,8,0,0,8,6,0,0,8,8,0,0,8,8,0,0,5,8,0,0,10,6,0,0,4,13,4,6,13,0,0,0,0,6,16,14,3,0,0,0
digit_04680,0,1,13,13,10,0,0,0,0,1,13,16,15,0,0,0,0,0,12,16,16,0,0,0,0,0,16,16,12,0,0,0,0,0,15,16,13,1,0,0,0,0,15,16,11,0,0,0,0,0,16,16,16,5,0,0,0,0,14,16,15,8,1,0,1
digit_04681,0,0,2,15,15,4,0,0,0,0,11,10,14,9,0,0,0,0,1,0,11,9,0,0,0,0,0,3,15,4,0,0,0,0,1,16,16,14,6,0,0,0,0,8,13,6,1,0,0,0,0,9,7,0,0,0,0,0,1,15,2,0,0,0,7
digit_04682,0,0,2,16,8,0,0,0,0,0,8,16,6,0,0,0,0,0,15,10,0,0,0,0,0,4,16,2,0,0,0,0,0,8,16,16,16,14,2,0,0,8,16,7,4,16,8,0,0,1,16,9,6,16,4,0,0,0,3,12,16,12,0,0,6
digit_04683,0,0,6,12,16,10,0,0,0,4,15,8,12,14,0,0,0,0,0,0,13,8,0,0,0,0,0,6,14,1,0,0,0,0,0,5,15,8,0,0,0,0,0,0,2,15,5,0,0,0,1,4,5,15,8,0,0,0,5,16,14,9,1,0,3
digit_04684,0,0,9,16,16,13,1,0,0,0,12,13,14,16,7,0,0,0,0,0,6,16,4,0,0,0,0,0,13,14,1,0,0,0,1,10,16,6,0,0,0,0,7,16,8,0,0,0,0,2,15,16,12,7,0,0,0,0,9,14,16,16,2,0,2
digit_04685,0,0,2,14,15,4,0,0,0,0,2,16,16,11,0,0,0,0,2,16,16,10,0,0,0,0,5,16,16,7,0,0,0,0,14,16,14,2,0,0,0,4,16,16,8,0,0,0,0,3,15,16,8,0,0,0,0,0,5,15,13,2,0,0,1
digit_04686,0,0,5,16,16,16,9,0,0,0,1,6,4,12,14,0,0,0,0,0,0,15,9,0,0,0,4,6,11,16,1,0,0,0,15,16,16,16,9,0,0,0,2,10,11,0,1,0,0,0,2,15,3,0,0,0,0,0,11,10,0,0,0,0,7
digit_04687,0,0,0,1,15,4,0,0,0,0,1,13,14,1,0,0,0,0,9,15,5,7,7,0,0,4,16,6,1,16,8,0,0,14,15,0,6,16,2,0,0,11,16,13,14,16,4,0,0,0,5,8,15,14,1,0,0,0,0,0,15,12,0,0,4
digit_04688,0,0,2,13,12,0,0,0,0,0,8,16,7,0,0,0,0,0,13,16,4,0,0,0,0,4,16,16,16,11,0,0,0,3,16,10,3,15,8,0,0,0,16,8,0,13,10,0,0,0,12,15,1,15,9,0,0,0,2,11,16,16,2,0,6
digit_04689,0,1,11,14,9,1,0,0,0,3,16,8,16,4,0,0,0,0,0,3,16,3,0,0,0,0,1,14,13,0,0,0,0,0,0,7,14,10,0,0,0,0,0,0,3,16,4,0,0,1,3,1,8,16,4,0,0,3,10,16,16,8,0,0,3
digit_04690,0,0,0,12,16,9,0,0,0,0,2,16,16,6,0,0,0,0,3,16,16,2,0,0,0,0,8,16,12,0,0,0,0,0,6,16,16,0,0,0,0,0,10,16,15,1,0,0,0,0,9,16,11,0,0,0,0,0,8,16,10,0,0,0,1
digit_04691,0,0,10,16,16,4,0,0,0,0,9,8,13,10,0,0,0,0,0,4,15,6,0,0,0,0,0,13,16,7,0,0,0,0,0,5,13,16,1,0,0,0,0,0,0,16,4,0,0,0,7,3,5,16,2,0,0,0,11,16,16,10,0,0,3
digit_04692,0,0,1,9,13,11,0,0,0,0,10,11,12,16,1,0,0,0,15,4,12,16,1,0,0,0,12,16,11,15,1,0,0,0,0,0,0,14,0,0,0,0,0,0,3,14,0,0,0,4,12,8,10,11,0,0,0,0,2,9,16,6,0,0,9
digit_04693,0,0,4,16,15,7,0,0,0,0,6,16,16,6,0,0,0,0,5,16,16,4,0,0,0,0,7,16,15,0,0,0,0,0,11,16,14,0,0,0,0,0,6,16,14,0,0,0,0,0,6,16,16,5,0,0,0,0,2,12,16,3,0,0,1
digit_04694,0,0,6,16,15,2,0,0,0,0,7,13,16,4,0,0,0,0,0,1,16,3,0,0,0,0,1,10,16,6,1,0,0,0,9,16,16,16,8,0,0,0,1,16,8,4,0,0,0,0,5,13,0,0,0,0,0,0,11,7,0,0,0,0,7
digit_04695,0,0,0,11,7,0,0,0,0,0,8,15,7,0,0,0,0,0,13,8,0,0,0,0,0,0,16,14,8,1,0,0,0,5,16,10,10,14,1,0,0,2,15,3,0,12,7,0,0,0,10,13,1,10,11,0,0,0,0,10,16,15,5,0,6
digit_04696,0,0,2,13,15,1,0,0,0,1,14,13,15,4,0,0,0,5,14,2,15,0,0,0,0,6,14,8,13,0,0,0,0,0,7,16,12,1,0,0,0,0,1,15,10,13,1,0,0,0,4,13,4,13,6,0,0,0,0,11,16,14,1,0,8
digit_04697,0,0,0,6,14,0,0,0,0,0,4,16,6,0,0,0,0,0,14,10,1,2,0,0,0,6,16,4,12,10,0,0,0,14,11,0,16,8,0,0,4,16,16,16,16,10,0,0,1,11,12,12,16,5,0,0,0,0,0,8,16,4,0,0,4
digit_04698,0,0,7,15,15,2,0,0,0,0,13,6,12,6,0,0,0,0,0,0,15,2,0,0,0,0,0,13,10,0,0,0,0,0,0,8,15,12,0,0,0,3,7,0,2,15,1,0,0,2,15,6,6,16,1,0,0,0,4,15,16,7,0,0,3
digit_04699,0,0,4,14,11,3,0,0,0,0,1,15,16,6,0,0,0,0,0,16,16,9,0,0,0,0,1,14,16,3,0,0,0,0,6,16,16,2,0,0,0,0,8,16,15,0,0,0,0,0,7,16,11,0,0,0,0,0,6,15,14,4,0,0,1
digit_04700,0,0,0,1,13,2,0,0,0,0,0,12,14,0,0,0,0,0,6,14,0,0,0,0,0,1,14,5,0,0,0,0,0,9,12,0,12,7,0,0,0,12,14,6,16,14,1,0,0,6,16,16,16,5,0,0,0,0,0,3,14,0,0,0,4
digit_04701,0,0,7,13,8,4,0,0,0,1,15,11,9,15,2,0,0,4,16,6,0,8,7,0,0,4,10,0,0,7,8,0,0,4,10,0,0,8,8,0,0,5,12,0,0,12,5,0,0,3,15,5,9,14,2,0,0,0,8,14,12,3,0,0,0
digit_04702,0,0,13,15,11,12,11,0,0,4,16,15,16,13,9,1,0,3,16,9,0,0,0,0,0,0,12,16,9,0,0,0,0,0,0,12,14,1,0,0,0,1,1,7,16,2,0,0,0,8,12,11,16,3,0,0,0,1,13,16,12,0,0,0,5
digit_04703,0,0,6,12,13,12,0,0,0,0,14,12,7,16,1,0,0,0,6,6,14,9,0,0,0,0,0,14,11,1,0,0,0,0,0,5,16,5,0,0,0,0,0,0,6,14,1,0,0,0,10,8,3,16,1,0,0,0,4,14,16,12,0,0,3
digit_04704,0,0,0,7,13,2,0,0,0,0,0,14,14,2,0,0,0,0,5,16,4,0,0,0,0,1,11,16,4,0,0,0,0,5,16,16,15,12,0,0,0,0,9,16,1,13,7,0,0,0,4,16,6,15,5,0,0,0,0,6,14,14,1,0,6
digit_04705,0,0,2,14,13,8,0,0,0,0,12,13,12,13,0,0,0,0,11,6,6,16,4,0,0,0,5,16,15,16,8,0,0,0,0,2,4,11,8,0,0,0,0,0,0,11,9,0,0,2,13,7,1,11,10,0,0,0,2,10,15,16,2,0,9
digit_04706,0,0,1,12,8,0,0,0,0,0,11,15,5,0,0,0,0,2,16,5,0,0,0,0,0,5,16,0,0,0,0,0,0,5,12,8,14,14,3,0,0,4,16,16,9,12,8,0,0,0,13,8,0,11,8,0,0,0,1,14,16,11,1,0,6
digit_04707,0,0,1,8,10,8,3,0,0,0,1,16,16,16,8,0,0,0,0,14,16,16,3,0,0,0,1,16,16,15,0,0,0,0,6,16,16,10,0,0,0,0,10,16,15,4,0,0,0,0,8,16,14,0,0,0,0,0,1,8,8,1,0,0,1
digit_04708,0,0,12,16,14,4,0,0,0,0,8,14,16,10,0,0,0,0,0,0,14,13,0,0,0,0,0,0,13,10,0,0,0,2,15,16,16,13,3,0,0,1,8,12,15,12,4,0,0,0,2,15,8,0,0,0,0,0,12,13,0,0,0,0,7
digit_04709,0,1,15,16,16,16,5,0,0,7,16,16,12,9,1,0,0,13,16,3,0,0,0,0,0,5,16,11,0,0,0,0,0,0,10,16,6,0,0,0,0,0,1,15,11,0,0,0,0,1,4,14,12,0,0,0,0,3,15,16,6,0,0,0,5
digit_04710,0,0,0,8,15,0,0,0,0,0,3,15,3,0,0,0,0,0,12,10,0,1,0,0,0,4,16,4,11,11,0,0,0,11,15,2,14,10,1,0,0,13,16,16,16,13,1,0,0,0,4,12,12,0,0,0,0,0,0,11,9,0,0,0,4
digit_04711,0,0,0,5,15,4,0,0,0,0,1,15,11,0,0,0,0,0,12,14,2,0,0,0,0,5,16,7,7,10,0,0,0,12,16,16,16,12,0,0,0,11,12,14,16,14,1,0,0,0,0,0,16,9,0,0,0,0,0,4,16,6,0,0,4
digit_04712,0,0,5,16,16,7,0,0,0,0,6,9,13,11,0,0,0,0,0,0,10,12,0,0,0,0,1,6,13,8,0,0,0,0,8,16,16,15,6,0,0,0,1,11,14,8,2,0,0,0,0,13,7,0,0,0,0,0,4,16,2,0,0,0,7
digit_04713,0,5,16,12,1,0,0,0,0,5,14,15,8,0,0,0,0,0,0,14,10,0,0,0,0,0,2,16,7,0,0,0,0,0,7,16,3,0,0,0,0,2,14,10,0,0,0,0,0,11,16,9,8,8,3,0,0,8,16,16,16,16,4,0,2
digit_04714,0,0,1,8,14,14,2,0,0,1,13,16,16,16,5,0,0,7,16,10,10,16,4,0,0,3,16,14,15,12,0,0,0,0,3,12,16,10,0,0,0,0,0,9,16,16,3,0,0,0,0,15,16,16,4,0,0,0,0,11,16,12,2,0,8
digit_04715,0,0,4,12,16,16,4,0,0,0,9,7,4,14,12,0,0,0,0,0,0,11,14,0,0,0,0,0,3,16,6,0,0,0,0,1,13,6,0,0,0,0,1,12,8,0,0,0,0,0,6,16,9,5,0,0,0,0,3,12,13,9,0,0,2
digit_04716,0,0,10,15,13,1,0,0,0,4,16,7,13,7,0,0,0,2,11,0,12,6,0,0,0,0,0,4,14,0,0,0,0,0,1,15,6,0,0,0,0,0,9,12,0,0,0,0,0,4,16,7,7,13,3,0,0,0,10,16,12,3,0,0,2
digit_04717,0,1,13,16,16,16,12,1,0,6,16,14,12,11,5,0,0,2,15,15,5,0,0,0,0,0,8,14,15,1,0,0,0,0,0,3,16,6,0,0,0,0,0,3,16,5,0,0,0,0,7,10,16,4,0,0,0,0,15,16,10,0,0,0,5
digit_04718,0,0,6,16,16,7,0,0,0,0,13,12,15,10,0,0,0,0,3,6,13,9,0,0,0,0,8,16,16,15,6,0,0,0,1,9,14,8,5,0,0,0,0,11,9,0,0,0,0,0,4,16,3,0,0,0,0,0,10,10,0,0,0,0,7
digit_04719,0,0,2,10,13,12,3,0,0,0,11,13,8,16,7,0,0,0,12,9,9,16,8,0,0,0,6,10,13,14,5,0,0,0,0,0,0,12,8,0,0,8,1,0,0,15,2,0,0,4,14,9,4,16,0,0,0,0,2,12,16,14,0,0,9
digit_04720,0,1,12,12,15,16,7,0,0,7,16,16,13,6,1,0,0,12,16,3,0,0,0,0,0,3,14,15,1,0,0,0,0,0,1,16,7,0,0,0,0,0,0,15,8,0,0,0,0,5,7,16,7,0,0,0,0,3,15,16,5,0,0,0,5
digit_04721,0,0,0,9,14,1,0,0,0,0,2,16,8,0,0,0,0,0,12,14,1,0,0,0,0,5,16,4,2,1,0,0,0,12,13,1,14,8,1,0,1,16,16,16,16,15,3,0,0,5,8,11,15,1,0,0,0,0,0,10,16,3,0,0,4
digit_04722,0,0,1,11,14,15,3,0,0,1,13,16,12,16,8,0,0,8,16,4,6,16,5,0,0,5,15,11,13,14,0,0,0,0,2,12,16,13,0,0,0,0,0,13,16,16,6,0,0,0,0,16,16,16,7,0,0,0,0,11,13,12,1,0,8
digit_04723,0,0,6,14,16,5,0,0,0,2,16,16,16,7,0,0,0,2,15,16,15,2,0,0,0,0,6,16,15,7,0,0,0,0,14,10,6,16,3,0,0,1,16,3,0,16,7,0,0,0,10,11,11,15,3,0,0,0,3,14,16,6,0,0,8
digit_04724,0,0,0,4,15,6,0,0,0,0,0,13,13,1,0,0,0,0,7,16,2,0,0,0,0,4,15,8,0,5,0,0,0,11,14,1,6,16,5,0,1,16,14,12,16,16,3,0,0,10,12,10,16,10,0,0,0,0,0,6,16,2,0,0,4
digit_04725,0,0,1,9,15,11,3,0,0,0,12,9,1,11,6,0,0,0,13,7,6,16,8,0,0,0,4,10,12,15,4,0,0,0,0,0,0,12,6,0,0,8,7,0,0,15,5,0,0,1,12,10,4,16,3,0,0,0,0,13,16,8,0,0,9
digit_04726,0,0,0,14,12,2,0,0,0,0,0,6,8,14,1,0,0,0,9,11,0,13,5,0,0,2,16,8,0,8,8,0,0,5,13,0,0,8,7,0,0,6,13,0,0,11,4,0,0,0,12,10,6,14,0,0,0,0,1,11,14,7,0,0,0
digit_04727,0,0,0,10,13,5,0,0,0,3,14,16,12,15,0,0,0,10,16,8,11,16,0,0,0,8,14,5,14,9,0,0,0,0,7,14,16,5,0,0,0,0,0,11,16,16,1,0,0,0,0,14,16,16,4,0,0,0,0,11,16,11,0,0,8
digit_04728,0,0,4,11,12,14,0,0,0,0,15,12,14,16,4,0,0,0,16,9,16,13,3,0,0,0,5,12,11,12,7,0,0,0,0,0,0,8,8,0,0,0,0,0,0,10,7,0,0,6,13,4,0,14,4,0,0,0,7,13,16,14,1,0,9
digit_04729,0,0,2,8,7,0,0,0,0,0,6,15,16,2,0,0,0,6,15,11,16,4,0,0,0,5,16,10,16,1,0,0,0,2,15,16,13,0,0,0,0,0,2,16,12,9,3,0,0,0,4,14,0,12,14,1,0,0,1,12,10,7,0,0,8
digit_04730,0,0,10,15,1,0,0,0,0,0,11,16,1,0,0,0,0,1,16,16,1,0,0,0,0,0,8,16,5,0,0,0,0,0,0,14,10,0,0,0,0,0,0,10,14,0,0,0,0,0,5,11,15,6,4,1,0,0,10,16,16,16,16,10,1
digit_04731,0,1,15,16,10,0,0,0,0,4,16,9,16,4,0,0,0,2,12,5,16,3,0,0,0,0,0,6,16,3,0,0,0,0,1,15,13,0,0,0,0,0,8,16,4,0,0,0,0,2,16,13,4,4,3,0,0,2,13,16,16,16,16,2,2
digit_04732,0,0,6,13,12,2,0,0,0,0,7,7,10,12,0,0,0,0,0,1,12,9,0,0,0,0,0,7,16,7,0,0,0,0,0,0,5,14,1,0,0,1,7,0,0,7,11,0,0,1,16,4,0,9,11,0,0,0,5,13,12,16,3,0,3
digit_04733,0,0,0,4,15,2,0,0,0,0,1,16,9,0,0,0,0,0,9,15,1,11,9,0,0,3,14,8,0,14,10,0,0,10,16,12,12,16,8,0,0,13,16,14,15,16,5,0,0,0,0,0,15,13,0,0,0,0,0,4,16,9,0,0,4
digit_04734,0,0,14,12,12,13,3,0,0,0,16,8,8,6,1,0,0,0,14,7,5,0,0,0,0,0,15,15,16,2,0,0,0,0,13,3,6,8,0,0,0,0,0,0,3,13,0,0,0,0,5,4,8,12,1,0,0,1,15,15,11,3,0,0,5
digit_04735,0,0,1,10,10,0,0,0,0,1,13,10,1,0,0,0,0,4,14,0,0,0,0,0,0,6,12,0,0,0,0,0,0,8,11,5,10,11,1,0,0,5,16,13,6,10,8,0,0,0,10,9,0,7,11,0,0,0,1,12,16,14,2,0,6
digit_04736,0,0,3,14,8,6,4,0,0,0,11,16,16,16,15,1,0,3,16,3,2,15,6,0,0,5,8,0,9,14,0,0,0,0,7,9,15,13,4,0,0,0,10,16,16,15,3,0,0,0,0,13,7,0,0,0,0,0,6,15,2,0,0,0,7
digit_04737,0,0,7,15,14,6,0,0,0,5,16,5,10,16,4,0,0,6,15,2,10,14,1,0,0,1,13,16,14,1,0,0,0,0,10,13,15,8,0,0,0,0,15,2,3,15,6,0,0,0,15,3,8,15,6,0,0,0,6,16,11,4,0,0,8
digit_04738,0,0,7,14,9,0,0,0,0,1,16,5,10,7,0,0,0,0,13,2,3,13,0,0,0,0,5,15,16,16,1,0,0,0,0,0,5,10,7,0,0,0,0,0,0,2,14,0,0,0,4,2,0,0,14,3,0,0,5,15,16,16,12,1,9
digit_04739,0,0,3,13,13,3,0,0,0,0,14,8,7,15,1,0,0,3,16,0,0,9,6,0,0,6,13,0,0,4,8,0,0,4,9,0,0,4,8,0,0,1,13,0,0,5,8,0,0,0,14,7,0,11,4,0,0,0,3,15,16,14,0,0,0
digit_04740,0,0,16,8,0,0,0,0,0,2,16,13,0,0,0,0,0,2,16,16,6,0,0,0,0,0,8,16,10,0,0,0,0,0,0,14,12,0,0,0,0,0,0,10,16,2,0,0,0,0,5,12,16,11,8,3,0,0,12,16,16,16,16,9,1
digit_04741,0,4,16,15,1,0,0,0,0,8,14,16,4,0,0,0,0,5,8,16,4,0,0,0,0,0,0,12,8,0,0,0,0,0,1,15,7,0,0,0,0,0,5,16,3,6,9,0,0,3,15,15,8,13,15,0,0,4,15,16,16,16,7,0,2
digit_04742,0,0,9,16,10,1,0,0,0,0,8,3,16,4,0,0,0,0,0,5,14,2,0,0,0,0,2,16,15,7,0,0,0,0,0,0,3,15,2,0,0,4,6,0,0,13,7,0,0,6,13,1,5,16,3,0,0,0,10,16,15,5,0,0,3
digit_04743,0,0,0,2,14,5,0,0,0,0,0,13,15,0,0,0,0,0,3,16,3,9,12,0,0,1,14,8,0,15,13,0,0,11,16,10,8,16,10,0,3,16,16,16,16,15,3,0,0,0,0,2,16,12,0,0,0,0,0,4,16,7,0,0,4
digit_04744,0,1,12,13,13,0,0,0,0,4,11,6,3,0,0,0,0,7,11,8,6,1,0,0,0,5,15,12,13,12,0,0,0,0,0,0,0,13,4,0,0,0,0,0,0,8,8,0,0,2,10,8,7,15,3,0,0,1,13,16,12,5,0,0,5
digit_04745,0,0,1,13,0,0,0,0,0,0,7,10,0,0,0,0,0,1,16,2,0,0,0,0,0,4,13,0,0,0,0,0,0,7,12,4,11,9,1,0,0,4,16,15,8,12,7,0,0,2,14,10,3,13,7,0,0,0,2,13,16,8,1,0,6
digit_04746,0,0,6,16,16,12,3,0,0,0,13,12,10,16,2,0,0,1,16,3,10,11,0,0,0,1,7,1,16,3,0,0,0,0,0,7,15,4,1,0,0,0,10,16,16,16,4,0,0,0,2,16,8,3,0,0,0,0,6,16,3,0,0,0,7
digit_04747,0,0,7,13,11,1,0,0,0,6,14,12,14,9,0,0,0,5,14,3,10,9,0,0,0,0,8,15,14,2,0,0,0,0,1,14,16,6,0,0,0,0,9,9,3,15,4,0,0,0,12,5,1,11,8,0,0,0,7,16,16,9,1,0,8
digit_04748,0,0,7,14,10,0,0,0,0,7,15,4,9,11,0,0,0,9,13,0,7,16,0,0,0,3,15,16,16,16,3,0,0,0,0,4,4,12,8,0,0,0,0,0,0,4,12,0,0,0,11,5,0,7,13,0,0,0,5,13,16,14,6,0,9
digit_04749,0,0,6,14,13,3,0,0,0,0,14,10,7,13,0,0,0,4,13,0,0,12,3,0,0,5,11,0,0,7,6,0,0,4,11,0,0,4,8,0,0,2,12,0,0,6,6,0,0,0,12,8,2,14,2,0,0,0,4,15,16,9,0,0,0
digit_04750,0,0,11,12,0,0,0,0,0,0,13,16,0,0,0,0,0,3,15,16,4,0,0,0,0,13,15,16,6,0,0,0,0,3,3,15,10,0,0,0,0,0,0,11,16,0,0,0,0,0,2,10,16,6,3,0,0,0,7,16,16,16,16,5,1
digit_04751,0,2,13,16,10,0,0,0,0,12,15,9,16,2,0,0,0,10,8,1,16,6,0,0,0,1,1,2,16,6,0,0,0,0,0,10,15,2,0,0,0,0,2,15,9,0,0,0,0,2,15,16,9,8,6,0,0,1,13,16,16,16,16,3,2
digit_04752,0,2,13,16,15,1,0,0,0,7,13,10,16,4,0,0,0,0,0,8,16,2,0,0,0,0,8,16,16,10,0,0,0,0,1,4,10,16,8,0,0,0,0,0,0,16,9,0,0,2,12,6,6,16,6,0,0,1,15,16,16,9,1,0,3
digit_04753,0,0,0,2,15,7,0,0,0,0,0,11,15,2,5,0,0,0,5,16,6,6,16,0,0,2,16,10,4,13,13,0,0,13,16,16,16,16,10,0,0,6,4,4,11,16,4,0,0,0,0,0,14,14,0,0,0,0,0,3,16,7,0,0,4
digit_04754,0,0,9,12,14,2,0,0,0,0,12,6,4,0,0,0,0,0,12,1,3,0,0,0,0,0,9,16,16,12,0,0,0,0,4,4,0,12,6,0,0,0,0,0,0,4,12,0,0,0,9,7,4,10,11,0,0,0,9,14,16,14,5,0,5
digit_04755,0,0,3,15,1,0,0,0,0,0,12,8,0,0,0,0,0,3,13,0,0,0,0,0,0,4,12,0,0,0,0,0,0,5,10,11,16,14,1,0,0,2,16,10,4,7,10,0,0,0,15,8,2,12,8,0,0,0,3,12,16,8,0,0,6
digit_04756,0,0,3,14,13,12,14,0,0,0,11,14,12,15,9,0,0,0,16,5,3,16,2,0,0,1,9,1,10,12,0,0,0,0,0,7,16,14,6,0,0,0,4,16,16,11,1,0,0,0,0,15,5,0,0,0,0,0,6,13,0,0,0,0,7
digit_04757,0,0,10,14,10,1,0,0,0,4,14,6,13,7,0,0,0,6,12,0,7,7,0,0,0,1,16,10,15,1,0,0,0,0,5,16,15,3,0,0,0,0,13,6,6,15,5,0,0,3,15,0,4,12,7,0,0,0,12,16,15,8,0,0,8
digit_04758,0,1,10,15,15,3,0,0,0,6,13,4,10,12,0,0,0,4,11,0,7,15,0,0,0,2,14,16,16,14,2,0,0,0,1,4,3,10,6,0,0,0,0,0,0,2,12,0,0,0,3,3,0,2,13,0,0,0,10,16,16,16,11,0,9
digit_04759,0,0,3,15,9,0,0,0,0,0,14,8,11,5,0,0,0,3,16,3,1,14,2,0,0,5,12,0,0,12,4,0,0,2,12,0,0,6,8,0,0,2,14,0,0,12,5,0,0,0,12,8,5,15,0,0,0,0,1,13,14,5,0,0,0
digit_04760,0,0,9,15,14,8,0,0,0,6,16,4,2,16,3,0,0,5,16,5,5,16,4,0,0,0,9,16,16,16,4,0,0,0,0,0,0,9,8,0,0,0,0,0,0,8,8,0,0,2,10,2,1,12,6,0,0,1,13,14,14,11,1,0,9
digit_04761,0,1,10,12,12,11,0,0,0,7,14,8,8,6,0,0,0,7,11,7,3,0,0,0,0,8,16,13,13,8,0,0,0,1,3,0,1,14,5,0,0,0,0,0,0,4,12,0,0,0,11,3,0,10,12,0,0,0,10,16,16,14,4,0,5
digit_04762,0,0,10,12,12,15,4,0,0,0,16,8,8,5,3,0,0,4,15,8,6,0,0,0,0,6,15,12,14,8,0,0,0,0,1,0,2,16,0,0,0,0,0,0,0,14,3,0,0,0,11,4,8,15,3,0,0,0,10,16,15,5,0,0,5
digit_04763,0,0,1,11,15,0,0,0,0,0,11,15,5,0,0,0,0,3,15,1,0,0,0,0,0,5,12,0,0,0,0,0,0,8,15,15,16,14,3,0,0,2,16,11,2,7,12,0,0,0,14,11,4,9,13,0,0,0,2,11,16,15,6,0,6
digit_04764,0,3,12,12,14,4,0,0,0,1,13,4,4,0,0,0,0,4,14,4,3,0,0,0,0,5,13,12,14,10,0,0,0,0,0,0,0,11,6,0,0,0,0,0,0,4,8,0,0,0,6,2,0,8,8,0,0,2,13,16,16,16,2,0,5
digit_04765,0,0,6,14,11,1,0,0,0,0,15,5,6,15,0,0,0,4,16,0,0,9,3,0,0,8,9,0,0,4,8,0,0,7,8,0,0,4,8,0,0,4,8,0,0,9,4,0,0,1,13,2,3,14,0,0,0,0,5,14,15,4,0,0,0
digit_04766,0,0,6,14,15,7,0,0,0,3,15,6,2,14,3,0,0,4,13,0,1,16,4,0,0,0,10,11,9,16,6,0,0,0,1,8,10,14,5,0,0,0,0,0,0,8,11,0,0,1,12,5,0,10,11,0,0,0,7,13,16,16,4,0,9
digit_04767,0,0,7,14,15,4,0,0,0,7,15,4,9,12,0,0,0,6,15,1,4,14,0,0,0,0,9,13,14,7,0,0,0,0,2,16,16,4,0,0,0,0,14,7,3,15,4,0,0,0,16,3,0,13,8,0,0,0,7,16,16,10,1,0,8
digit_04768,0,0,7,13,10,1,0,0,0,1,15,3,9,10,0,0,0,3,16,4,13,11,0,0,0,0,6,12,12,16,0,0,0,0,0,0,0,12,5,0,0,0,0,0,0,5,11,0,0,1,11,2,0,7,11,0,0,0,7,13,16,15,4,0,9
digit_04769,0,0,1,11,15,6,0,0,0,2,15,10,16,15,0,0,0,1,14,5,6,11,0,0,0,0,5,14,14,3,0,0,0,0,1,14,16,6,0,0,0,0,10,8,6,15,1,0,0,0,9,9,4,16,3,0,0,0,1,15,15,6,0,0,8
digit_04770,0,0,0,7,8,0,0,0,0,0,0,15,2,0,3,1,0,0,8,10,0,2,16,2,0,1,15,4,3,9,12,0,0,8,16,16,16,16,6,0,0,1,4,3,9,14,0,0,0,0,0,0,15,3,0,0,0,0,0,9,10,0,0,0,4
digit_04771,0,0,3,15,4,0,0,0,0,0,0,15,11,0,0,0,0,0,0,15,16,2,0,0,0,0,0,14,16,8,0,0,0,0,0,7,13,14,0,0,0,0,0,0,4,16,4,0,0,0,3,9,13,16,12,5,0,0,3,15,16,16,16,16,1
digit_04772,0,0,7,16,14,13,10,0,0,0,10,12,10,16,4,0,0,0,15,5,8,13,0,0,0,1,7,1,16,3,0,0,0,2,11,13,16,12,6,0,0,4,12,15,14,11,2,0,0,0,3,16,3,0,0,0,0,0,9,13,0,0,0,0,7
digit_04773,0,0,0,15,16,16,12,4,0,0,4,14,0,10,12,0,0,0,8,7,1,15,4,0,0,0,0,0,8,12,0,0,0,0,1,8,14,12,3,0,0,0,6,13,16,13,2,0,0,0,0,10,10,0,0,0,0,0,2,16,2,0,0,0,7
digit_04774,0,1,10,16,15,1,0,0,0,3,15,10,16,4,0,0,0,0,1,11,15,0,0,0,0,0,12,16,15,3,0,0,0,0,0,1,11,15,1,0,0,8,3,0,3,16,7,0,0,13,15,6,8,16,6,0,0,0,12,16,16,7,0,0,3
digit_04775,0,3,16,16,16,2,0,0,0,4,14,10,5,0,0,0,0,6,16,16,10,3,0,0,0,4,15,12,14,13,0,0,0,0,2,0,1,15,8,0,0,0,0,0,0,8,13,0,0,3,16,10,7,9,16,0,0,3,13,15,16,16,8,0,5
digit_04776,0,0,10,9,0,0,0,0,0,0,8,16,2,0,0,0,0,0,8,16,6,0,0,0,0,0,5,16,13,1,0,0,0,0,1,5,14,6,0,0,0,0,0,0,8,11,0,0,0,0,8,12,9,16,6,4,0,0,7,16,16,16,16,14,1
digit_04777,0,3,15,16,7,0,0,0,0,12,13,11,16,0,0,0,0,12,5,4,16,0,0,0,0,0,0,3,16,4,0,0,0,0,0,6,16,3,0,0,0,0,0,11,16,0,0,0,0,1,12,16,14,8,5,0,0,2,13,16,16,16,16,2,2
digit_04778,0,0,7,16,16,16,8,0,0,0,10,12,10,16,2,0,0,0,13,6,7,13,0,0,0,0,10,1,13,5,0,0,0,0,9,10,16,8,3,0,0,1,12,15,16,16,5,0,0,0,1,16,2,3,0,0,0,0,9,14,0,0,0,0,7
digit_04779,0,0,7,14,12,1,0,0,0,7,14,5,8,10,0,0,0,8,11,1,7,10,0,0,0,1,9,16,15,4,0,0,0,0,1,14,14,12,0,0,0,0,7,11,0,12,7,0,0,0,11,5,0,11,8,0,0,0,4,14,16,12,1,0,8
digit_04780,0,1,13,16,7,0,0,0,0,5,16,12,15,3,0,0,0,0,9,6,15,9,0,0,0,0,0,0,14,10,0,0,0,0,0,0,14,11,0,0,0,0,0,8,16,4,1,0,0,0,9,16,16,6,16,5,0,0,8,12,13,16,16,11,2
digit_04781,0,0,3,12,9,0,0,0,0,0,12,12,11,13,0,0,0,2,15,2,0,12,5,0,0,4,8,0,0,6,8,0,0,8,7,0,0,4,8,0,0,7,7,0,0,9,7,0,0,3,13,4,7,16,2,0,0,0,6,16,15,5,0,0,0
digit_04782,0,0,8,6,0,0,0,0,0,0,6,14,0,0,0,0,0,0,6,16,3,0,0,0,0,0,10,16,9,0,0,0,0,0,1,6,16,2,0,0,0,0,0,0,13,7,0,0,0,0,4,8,14,14,8,4,0,0,9,16,16,16,16,13,1
digit_04783,0,0,11,16,7,0,0,0,0,1,16,11,15,0,0,0,0,2,16,5,16,4,0,0,0,0,2,2,16,3,0,0,0,0,0,5,16,0,0,0,0,0,0,9,14,0,0,0,0,0,9,16,14,7,6,0,0,0,13,14,14,16,16,6,2
digit_04784,0,0,2,12,9,0,0,0,0,0,12,10,1,0,0,0,0,4,14,0,0,0,0,0,0,8,9,0,0,0,0,0,0,8,9,5,11,8,0,0,0,4,16,14,6,12,5,0,0,0,13,7,0,10,8,0,0,0,3,14,16,16,5,0,6
digit_04785,0,0,8,15,11,1,0,0,0,0,10,4,10,6,0,0,0,0,0,1,13,6,0,0,0,0,0,15,16,2,0,0,0,0,0,4,8,15,1,0,0,1,1,0,0,9,7,0,0,4,13,5,3,10,8,0,0,0,7,14,16,15,2,0,3
digit_04786,0,0,8,12,13,5,0,0,0,4,13,4,9,11,0,0,0,0,0,6,13,4,0,0,0,0,0,10,15,4,0,0,0,0,0,0,4,15,2,0,0,7,8,0,0,12,7,0,0,8,9,1,3,16,3,0,0,0,10,16,16,6,0,0,3
digit_04787,0,0,4,15,16,16,16,1,0,0,10,13,8,15,8,0,0,0,14,5,3,16,2,0,0,0,1,0,12,11,0,0,0,0,2,5,16,9,1,0,0,0,15,16,16,14,3,0,0,0,1,15,9,0,0,0,0,0,7,14,2,0,0,0,7
digit_04788,0,0,1,14,16,8,0,0,0,0,2,10,5,14,0,0,0,0,0,2,7,15,0,0,0,0,0,6,16,10,0,0,0,0,0,0,3,14,4,0,0,0,13,0,0,4,12,0,0,0,13,6,4,8,13,0,0,0,0,12,16,15,6,0,3
digit_04789,0,0,7,16,12,1,0,0,0,0,16,11,16,8,0,0,0,0,3,9,16,6,0,0,0,0,0,13,16,15,1,0,0,0,1,2,5,14,8,0,0,5,14,0,0,9,15,0,0,4,16,7,6,13,14,0,0,0,7,16,16,16,4,0,3
digit_04790,0,0,0,0,10,0,0,0,0,0,0,10,8,0,8,0,0,0,4,13,2,2,14,0,0,2,14,12,7,8,10,0,0,9,16,16,16,16,7,0,0,0,0,0,5,15,1,0,0,0,0,0,8,12,0,0,0,0,0,0,16,8,0,0,4
digit_04791,0,0,1,9,13,1,0,0,0,1,12,14,5,0,0,0,0,2,16,5,0,0,0,0,0,5,15,0,3,0,0,0,0,3,16,16,16,15,3,0,0,2,16,11,1,9,11,0,0,0,11,13,6,12,11,0,0,0,0,6,16,15,2,0,6
digit_04792,0,0,2,14,10,0,0,0,0,0,12,10,0,0,0,0,0,2,15,2,0,0,0,0,0,7,12,1,4,6,0,0,0,7,16,16,15,15,8,0,0,0,16,13,0,4,12,0,0,0,10,12,4,8,15,0,0,0,2,11,16,15,5,0,6
digit_04793,0,0,1,11,10,0,0,0,0,0,13,10,0,0,0,0,0,3,13,0,0,0,0,0,0,5,11,0,0,0,0,0,0,5,14,12,12,7,0,0,0,0,16,12,5,11,10,0,0,0,10,11,4,10,12,0,0,0,1,12,16,12,3,0,6
digit_04794,0,0,0,3,16,2,0,0,0,0,0,10,13,3,8,0,0,0,1,16,5,9,16,0,0,2,12,14,5,15,9,0,0,12,16,16,16,16,7,0,0,5,5,6,14,16,0,0,0,0,0,1,13,12,0,0,0,0,0,3,16,4,0,0,4
digit_04795,0,0,5,15,14,3,0,0,0,2,14,7,4,13,0,0,0,2,15,5,5,16,1,0,0,0,7,15,16,16,3,0,0,0,0,1,3,7,10,0,0,0,0,0,0,2,14,0,0,0,8,9,4,2,16,1,0,0,4,11,13,16,11,0,9
digit_04796,0,0,5,15,2,0,0,0,0,0,1,16,8,0,0,0,0,0,0,14,12,0,0,0,0,0,2,16,16,3,0,0,0,0,2,9,14,6,0,0,0,0,0,0,6,13,0,0,0,0,2,10,12,16,4,4,0,0,4,15,16,16,16,16,1
digit_04797,0,0,12,12,14,15,1,0,0,1,15,11,6,5,0,0,0,6,15,12,4,0,0,0,0,6,11,8,13,6,0,0,0,0,0,0,1,13,0,0,0,0,0,0,0,9,3,0,0,2,6,1,6,14,3,0,0,1,11,16,13,8,0,0,5
digit_04798,0,0,8,14,11,2,0,0,0,6,16,7,6,13,1,0,0,8,11,0,0,10,4,0,0,7,8,0,0,5,7,0,0,8,4,0,0,7,8,0,0,2,10,0,0,7,10,0,0,0,14,3,4,15,3,0,0,0,5,16,16,7,0,0,0
digit_04799,0,0,8,16,11,1,0,0,0,0,14,2,5,9,0,0,0,0,14,1,5,12,0,0,0,0,6,16,16,14,1,0,0,0,0,3,7,10,7,0,0,0,0,0,0,4,12,0,0,0,6,1,0,2,14,0,0,0,9,16,16,16,12,0,9
digit_04800,0,0,12,9,9,8,1,0,0,2,15,8,8,8,2,0,0,8,12,8,5,0,0,0,0,8,15,9,14,9,0,0,0,2,1,0,1,14,3,0,0,0,0,0,0,6,11,0,0,1,8,4,5,14,9,0,0,1,11,16,12,7,0,0,5
digit_04801,0,1,14,16,12,0,0,0,0,5,16,9,16,6,0,0,0,3,11,0,14,9,0,0,0,0,0,0,10,10,0,0,0,0,0,0,14,10,0,0,0,0,0,10,16,5,0,0,0,2,15,16,14,8,12,2,0,0,11,16,16,16,15,5,2
digit_04802,0,0,5,12,16,15,2,0,0,6,15,9,10,15,4,0,0,3,14,3,1,14,4,0,0,0,10,16,15,13,1,0,0,0,6,15,15,10,0,0,0,0,15,3,2,15,3,0,0,0,16,8,1,14,4,0,0,0,4,15,16,11,2,0,8
digit_04803,0,0,13,16,11,0,0,0,0,2,16,11,16,4,0,0,0,0,14,9,15,9,0,0,0,0,0,2,16,8,0,0,0,0,0,4,16,4,0,0,0,0,0,9,16,1,0,0,0,0,9,16,15,8,11,5,0,0,9,12,13,16,16,11,2
digit_04804,0,0,10,10,12,7,0,0,0,0,15,13,5,12,5,0,0,4,13,4,0,2,8,0,0,8,4,0,0,3,8,0,0,8,4,0,0,7,5,0,0,6,6,0,0,11,2,0,0,1,13,3,3,12,0,0,0,0,7,15,16,7,0,0,0
digit_04805,0,0,10,7,3,0,0,0,0,1,15,12,14,6,0,0,0,5,12,0,2,13,0,0,0,4,12,0,0,4,7,0,0,8,5,0,0,4,8,0,0,5,8,0,0,5,10,0,0,0,14,3,4,14,6,0,0,0,7,16,16,10,0,0,0
digit_04806,0,0,8,11,0,0,0,0,0,0,7,16,3,0,0,0,0,0,6,16,10,0,0,0,0,0,10,16,15,1,0,0,0,0,0,2,16,2,0,0,0,0,0,0,15,9,0,0,0,0,6,12,16,15,8,5,0,0,4,15,16,16,16,16,1
digit_04807,0,0,3,16,12,12,7,0,0,0,12,13,13,16,6,0,0,0,2,0,6,14,0,0,0,0,1,4,13,10,1,0,0,0,9,16,16,16,8,0,0,0,4,12,12,7,1,0,0,0,0,14,6,0,0,0,0,0,4,16,2,0,0,0,7
digit_04808,0,0,1,12,9,0,0,0,0,0,11,10,2,0,0,0,0,4,14,0,0,0,0,0,0,5,9,0,0,0,0,0,0,8,10,11,16,14,1,0,0,2,16,10,3,7,11,0,0,0,13,8,1,8,12,0,0,0,2,12,16,15,5,0,6
digit_04809,0,0,3,15,16,12,0,0,0,0,6,16,6,14,6,0,0,0,0,3,1,15,6,0,0,0,0,1,14,16,3,0,0,5,8,2,13,16,3,0,0,5,16,0,0,9,13,0,0,1,15,11,8,12,16,1,0,0,3,14,16,16,9,0,3
digit_04810,0,3,15,15,3,0,0,0,0,8,14,12,10,0,0,0,0,5,11,6,14,0,0,0,0,0,0,7,14,0,0,0,0,0,0,10,12,0,0,0,0,0,0,15,9,0,0,0,0,1,11,16,12,8,5,0,0,5,16,16,16,16,16,0,2
digit_04811,0,0,11,10,0,0,0,0,0,0,13,15,0,0,0,0,0,0,12,16,5,0,0,0,0,1,15,16,5,0,0,0,0,0,3,13,10,0,0,0,0,0,0,10,14,0,0,0,0,0,5,11,16,9,5,1,0,0,12,16,16,16,16,12,1
digit_04812,0,0,0,4,15,2,0,0,0,0,0,13,13,0,0,0,0,0,3,16,6,0,10,1,0,0,12,12,1,7,15,1,0,5,16,3,0,14,10,0,2,16,13,8,8,16,3,0,8,16,16,16,16,13,0,0,0,0,0,7,16,6,0,0,4
digit_04813,0,0,0,6,14,3,0,0,0,0,5,15,7,1,0,0,0,0,10,10,0,0,0,0,0,0,12,5,0,0,0,0,0,0,14,16,16,11,2,0,0,2,16,13,3,8,12,0,0,0,8,15,5,4,16,2,0,0,0,4,14,16,13,0,6
digit_04814,0,0,6,14,13,3,0,0,0,0,12,2,3,14,0,0,0,0,0,0,8,13,0,0,0,0,0,12,16,3,0,0,0,0,0,0,8,13,1,0,0,1,7,0,0,7,11,0,0,3,13,2,0,7,13,0,0,0,5,14,14,15,6,0,3
digit_04815,0,0,10,13,1,0,0,0,0,0,7,16,5,0,0,0,0,0,6,16,6,0,0,0,0,0,6,16,13,0,0,0,0,0,0,6,16,2,0,0,0,0,0,3,16,8,0,0,0,0,7,11,16,14,9,4,0,0,6,15,13,14,16,15,1
digit_04816,0,0,2,15,16,9,0,0,0,0,3,13,11,16,0,0,0,0,0,2,13,12,0,0,0,0,0,9,16,11,0,0,0,3,3,1,6,15,8,0,0,11,13,0,0,10,12,0,0,3,16,12,7,16,8,0,0,0,3,15,16,10,0,0,3
digit_04817,0,0,3,13,13,3,0,0,0,0,12,7,3,13,0,0,0,0,16,0,5,12,0,0,0,0,10,13,14,16,2,0,0,0,1,7,6,13,4,0,0,1,4,0,0,5,11,0,0,2,14,6,2,9,11,0,0,0,4,10,16,16,4,0,9
digit_04818,0,0,2,13,1,0,0,0,0,0,0,15,6,0,0,0,0,0,0,15,10,0,0,0,0,0,0,13,16,1,0,0,0,0,0,6,15,6,0,0,0,0,0,0,12,9,0,0,0,0,5,12,14,16,9,2,0,0,2,12,12,12,13,8,1
digit_04819,0,0,4,15,14,12,11,0,0,0,7,15,13,16,10,0,0,0,10,7,6,16,2,0,0,0,7,1,12,12,0,0,0,0,5,8,16,12,1,0,0,4,16,16,16,14,2,0,0,0,0,15,9,1,0,0,0,0,5,15,2,0,0,0,7
digit_04820,0,0,0,5,12,12,0,0,0,0,5,16,6,1,0,0,0,0,15,5,0,0,0,0,0,5,13,2,7,4,0,0,0,7,15,16,13,15,3,0,0,3,16,9,0,1,12,0,0,0,10,12,2,6,13,0,0,0,0,8,15,16,5,0,6
digit_04821,0,0,3,11,16,15,0,0,0,0,15,16,5,13,0,0,0,2,16,9,0,12,0,0,0,1,9,15,10,10,0,0,0,0,0,6,16,12,1,0,0,0,2,14,2,16,5,0,0,0,8,10,1,14,4,0,0,0,3,15,16,9,0,0,8
digit_04822,0,0,0,1,15,3,0,0,0,0,0,8,13,0,9,7,0,0,2,15,4,0,15,5,0,2,13,14,11,10,15,0,0,11,15,13,16,16,10,0,0,0,0,0,3,16,5,0,0,0,0,0,9,14,0,0,0,0,0,2,16,6,0,0,4
digit_04823,0,0,9,15,14,2,0,0,0,0,9,3,9,8,0,0,0,0,0,0,6,10,0,0,0,0,0,10,15,2,0,0,0,0,2,10,11,15,2,0,0,3,1,0,0,14,4,0,0,10,13,7,2,12,4,0,0,0,7,14,16,10,0,0,3
digit_04824,0,0,1,14,2,0,0,0,0,0,0,16,5,0,0,0,0,0,0,14,10,0,0,0,0,0,0,11,16,1,0,0,0,0,0,3,14,6,0,0,0,0,0,0,8,12,0,0,0,0,10,14,13,16,8,3,0,0,2,11,12,15,16,15,1
digit_04825,0,0,0,1,15,2,0,0,0,0,0,5,15,0,4,0,0,0,0,13,8,1,16,3,0,0,5,15,2,5,15,0,0,5,15,16,16,16,8,0,0,14,12,12,14,16,2,0,0,0,0,0,12,12,0,0,0,0,0,2,16,5,0,0,4
digit_04826,0,0,6,16,12,1,0,0,0,3,16,5,9,13,0,0,0,5,12,0,0,12,6,0,0,8,14,2,0,7,8,0,0,7,12,2,0,4,8,0,0,4,12,0,0,9,7,0,0,3,16,5,7,14,2,0,0,0,7,16,13,3,0,0,0
digit_04827,0,3,10,11,12,12,6,0,0,8,14,11,8,8,4,0,0,8,10,7,3,0,0,0,0,8,16,14,15,4,0,0,0,2,2,0,6,9,0,0,0,0,0,0,4,12,0,0,0,1,8,4,10,10,0,0,0,2,15,16,13,2,0,0,5
digit_04828,0,0,14,16,15,3,0,0,0,0,6,5,13,8,0,0,0,0,0,8,16,5,0,0,0,0,0,11,16,10,0,0,0,1,3,0,4,15,8,0,0,6,15,0,0,9,15,0,0,5,16,5,6,14,14,0,0,1,11,16,16,14,2,0,3
digit_04829,0,0,2,14,5,0,0,0,0,0,9,12,0,0,0,0,0,1,15,1,0,0,0,0,0,3,15,0,0,0,0,0,0,6,16,16,16,13,1,0,0,2,16,8,4,7,11,0,0,0,12,11,1,8,11,0,0,0,3,12,16,15,4,0,6
digit_04830,0,1,12,16,10,1,0,0,0,8,12,3,11,8,0,0,0,12,13,6,12,8,0,0,0,3,15,16,16,16,1,0,0,0,0,0,0,13,6,0,0,0,0,0,0,6,11,0,0,0,13,0,0,5,12,0,0,0,12,16,16,16,8,0,9
digit_04831,0,0,0,12,4,0,0,0,0,0,6,14,1,0,0,0,0,0,14,2,0,0,0,0,0,2,14,1,4,2,0,0,0,4,16,15,12,15,5,0,0,3,16,6,0,5,11,0,0,0,9,11,4,13,5,0,0,0,1,11,16,9,0,0,6
digit_04832,0,0,11,10,0,0,0,0,0,0,11,15,0,0,0,0,0,0,11,16,5,0,0,0,0,0,13,16,11,0,0,0,0,0,2,7,16,2,0,0,0,0,0,2,14,6,0,0,0,0,6,10,15,13,8,3,0,0,8,16,16,16,16,12,1
digit_04833,0,0,4,15,16,13,13,10,0,0,12,13,10,15,14,2,0,2,16,6,2,14,6,0,0,1,5,0,9,11,0,0,0,0,7,12,16,14,6,0,0,0,8,15,15,11,2,0,0,0,2,16,8,0,0,0,0,0,7,15,4,0,0,0,7
digit_04834,0,0,9,12,12,12,6,0,0,1,14,6,4,4,2,0,0,4,15,12,9,1,0,0,0,4,15,8,11,11,0,0,0,0,1,0,0,14,4,0,0,0,0,0,0,10,8,0,0,0,10,1,0,8,8,0,0,0,9,16,16,15,4,0,5
digit_04835,0,0,0,6,16,0,0,0,0,0,0,12,13,0,0,0,0,0,5,15,3,6,15,0,0,1,14,11,0,13,13,0,0,10,16,13,12,16,5,0,0,11,12,12,16,14,2,0,0,0,0,3,16,9,0,0,0,0,0,8,16,3,0,0,4
digit_04836,0,0,0,9,13,0,0,0,0,0,2,16,8,0,7,1,0,0,10,13,1,6,16,5,0,6,16,11,8,14,15,0,0,13,16,16,16,16,9,0,0,2,2,0,11,16,1,0,0,0,0,4,16,7,0,0,0,0,0,9,15,2,0,0,4
digit_04837,0,0,6,16,16,16,12,0,0,0,13,10,8,16,5,0,0,1,15,1,9,12,0,0,0,0,4,0,13,7,0,0,0,0,10,16,16,16,9,0,0,0,7,14,12,8,3,0,0,0,3,15,5,0,0,0,0,0,8,15,0,0,0,0,7
digit_04838,0,0,8,12,5,0,0,0,0,3,16,8,12,1,0,0,0,0,14,0,12,3,0,0,0,0,3,0,12,3,0,0,0,0,0,3,14,0,0,0,0,0,0,5,12,0,0,0,0,0,5,16,6,4,4,0,0,0,14,16,16,16,14,0,2
digit_04839,0,0,10,16,8,0,0,0,0,7,13,4,14,7,0,0,0,7,13,2,7,8,0,0,0,0,7,16,16,5,0,0,0,1,12,13,15,6,0,0,0,3,16,2,4,13,6,0,0,4,16,4,1,11,12,0,0,0,7,15,16,14,2,0,8
digit_04840,0,0,9,16,7,0,0,0,0,0,14,13,16,2,0,0,0,0,7,9,15,8,0,0,0,0,0,1,13,9,0,0,0,0,0,0,14,7,0,0,0,0,0,4,16,5,0,0,0,0,7,16,16,8,6,0,0,0,9,15,12,16,16,9,2
digit_04841,0,3,15,16,8,0,0,0,0,9,16,11,15,2,0,0,0,11,10,4,16,2,0,0,0,2,4,6,16,1,0,0,0,0,0,10,13,0,0,0,0,0,2,14,13,0,0,0,0,3,16,16,16,16,13,1,0,3,16,12,8,12,11,1,2
digit_04842,0,0,7,12,13,4,0,0,0,0,16,6,6,2,0,0,0,4,13,7,8,2,0,0,0,7,16,10,10,14,1,0,0,2,2,0,0,10,6,0,0,0,0,0,0,8,8,0,0,0,11,1,0,10,8,0,0,0,8,15,15,15,2,0,5
digit_04843,0,0,4,16,8,11,7,0,0,0,10,16,15,16,6,0,0,3,16,4,6,15,0,0,0,3,8,0,13,8,0,0,0,0,6,16,16,13,6,0,0,0,3,14,13,9,3,0,0,0,0,14,6,0,0,0,0,0,4,15,2,0,0,0,7
digit_04844,0,0,6,12,13,2,0,0,0,3,16,6,1,15,0,0,0,5,16,13,12,16,2,0,0,2,13,16,12,15,4,0,0,0,0,0,0,8,8,0,0,0,1,0,0,8,8,0,0,3,16,2,0,10,7,0,0,0,5,11,16,13,1,0,9
digit_04845,0,2,16,16,16,16,4,0,0,4,16,6,8,7,1,0,0,4,16,7,2,0,0,0,0,4,16,16,16,6,0,0,0,0,5,4,10,15,0,0,0,0,0,0,1,14,6,0,0,2,14,4,4,16,8,0,0,3,13,16,16,15,1,0,5
digit_04846,0,0,0,9,13,0,6,8,0,0,3,15,3,0,15,9,0,1,13,12,4,7,15,3,0,7,16,16,16,16,10,0,0,6,12,10,14,14,2,0,0,0,0,0,13,10,0,0,0,0,0,6,16,2,0,0,0,0,0,12,11,0,0,0,4
digit_04847,0,0,0,10,9,0,0,0,0,0,5,15,0,0,9,5,0,0,14,10,0,7,16,4,0,5,16,7,5,16,6,0,0,11,16,16,16,14,0,0,0,3,4,11,16,8,0,0,0,0,0,7,16,2,0,0,0,0,0,12,12,0,0,0,4
digit_04848,0,0,11,14,5,0,0,0,0,6,12,4,13,4,0,0,0,10,10,0,4,14,0,0,0,7,13,5,13,16,2,0,0,1,10,12,12,14,8,0,0,0,0,0,0,7,12,0,0,0,1,0,0,1,15,0,0,0,11,8,4,5,16,1,9
digit_04849,0,0,9,13,16,5,0,0,0,3,16,8,4,13,0,0,0,6,10,1,0,9,2,0,0,5,4,0,0,4,8,0,0,8,4,0,0,4,8,0,0,6,6,0,0,4,9,0,0,0,13,2,0,7,8,0,0,0,8,12,13,15,2,0,0
digit_04850,0,0,2,11,14,8,1,0,0,3,14,9,8,13,4,0,0,6,11,1,4,14,1,0,0,0,9,14,15,6,0,0,0,0,0,12,14,10,0,0,0,0,4,12,2,13,5,0,0,0,4,11,1,11,8,0,0,0,1,9,16,14,2,0,8
digit_04851,0,1,11,13,10,1,0,0,0,8,12,3,13,10,0,0,0,8,11,2,11,16,1,0,0,1,15,16,16,16,2,0,0,0,2,8,3,9,6,0,0,0,0,0,0,7,9,0,0,2,12,3,0,9,12,0,0,1,9,15,16,13,3,0,9
digit_04852,0,0,8,16,15,6,0,0,0,5,14,4,4,15,0,0,0,6,13,0,1,15,2,0,0,1,11,11,13,10,0,0,0,0,1,16,16,3,0,0,0,0,12,9,5,13,2,0,0,0,16,2,1,13,8,0,0,0,8,15,16,14,1,0,8
digit_04853,0,0,3,12,12,2,0,0,0,0,11,10,7,14,2,0,0,0,11,1,0,8,4,0,0,2,14,2,0,5,7,0,0,8,9,0,0,6,8,0,0,3,13,0,0,12,7,0,0,0,15,6,11,12,0,0,0,0,4,15,11,1,0,0,0
digit_04854,0,0,5,12,12,9,3,0,0,0,8,16,16,16,4,0,0,0,9,16,16,14,1,0,0,0,11,16,16,12,0,0,0,0,12,16,16,12,0,0,0,0,11,16,16,12,0,0,0,0,4,16,16,12,0,0,0,0,6,12,12,6,0,0,1
digit_04855,0,1,15,16,4,0,0,0,0,9,16,11,14,0,0,0,0,12,10,5,16,0,0,0,0,4,7,8,13,0,0,0,0,0,1,15,6,0,0,0,0,0,5,16,2,0,0,0,0,4,15,14,10,11,12,1,0,0,13,16,16,15,11,1,2
digit_04856,0,0,6,12,13,9,0,0,0,7,14,6,7,16,3,0,0,4,6,5,14,6,0,0,0,0,0,12,14,4,0,0,0,0,0,0,3,14,2,0,0,0,0,0,0,9,7,0,0,0,3,1,0,9,8,0,0,0,5,14,12,13,2,0,3
digit_04857,0,0,0,8,14,0,0,0,0,0,5,16,7,1,9,3,0,2,15,12,0,13,16,4,0,9,16,10,10,16,11,0,0,4,15,16,16,14,1,0,0,0,0,1,15,9,0,0,0,0,0,5,16,3,0,0,0,0,0,11,14,0,0,0,4
digit_04858,0,1,8,15,16,16,9,0,0,8,16,12,8,8,5,0,0,8,14,7,0,0,0,0,0,9,16,16,12,0,0,0,0,8,13,8,16,3,0,0,0,0,0,1,16,4,0,0,0,0,0,8,15,1,0,0,0,0,12,15,5,0,0,0,5
digit_04859,0,0,5,13,1,0,0,0,0,0,12,13,1,0,0,0,0,0,16,3,0,0,0,0,0,3,16,0,0,0,0,0,0,3,16,16,14,9,0,0,0,2,16,8,3,8,9,0,0,0,14,2,0,3,16,1,0,0,6,15,16,14,5,0,6
digit_04860,0,0,6,12,10,14,8,0,0,0,15,14,13,16,3,0,0,1,12,0,9,11,0,0,0,0,0,4,16,8,2,0,0,0,9,16,16,16,9,0,0,0,2,15,6,0,0,0,0,0,3,15,1,0,0,0,0,0,8,11,0,0,0,0,7
digit_04861,0,0,7,15,16,8,0,0,0,0,16,7,6,15,3,0,0,4,16,0,7,13,4,0,0,0,16,2,8,14,8,0,0,0,12,14,14,7,0,0,0,0,9,16,6,0,0,0,0,0,11,3,14,2,0,0,0,0,5,11,10,10,0,0,8
digit_04862,0,1,11,16,11,1,0,0,0,6,11,16,16,7,0,0,0,1,2,9,16,11,0,0,0,2,14,12,16,12,0,0,0,0,3,8,4,13,4,0,0,0,0,0,0,10,8,0,0,0,4,12,16,14,6,0,0,0,14,8,4,0,0,0,9
digit_04863,0,0,2,14,9,1,0,0,0,1,12,12,11,8,0,0,0,4,14,1,0,13,3,0,0,8,13,0,0,10,6,0,0,5,16,1,0,8,9,0,0,0,16,0,0,11,9,0,0,0,13,11,10,15,4,0,0,0,3,15,16,5,0,0,0
digit_04864,0,0,6,10,8,3,0,0,0,0,6,16,16,9,0,0,0,0,9,16,16,6,0,0,0,0,7,16,16,10,0,0,0,0,11,16,16,8,0,0,0,0,7,16,16,9,0,0,0,0,10,16,16,6,0,0,0,0,4,9,12,11,2,0,1
digit_04865,0,0,8,15,15,2,0,0,0,2,16,13,12,10,0,0,0,3,15,1,9,11,0,0,0,0,0,1,15,8,0,0,0,0,0,10,13,1,0,0,0,0,8,16,7,0,0,0,0,6,16,16,13,7,6,1,0,0,7,5,12,16,15,2,2
digit_04866,0,0,7,13,16,5,0,0,0,6,15,7,6,14,0,0,0,9,5,1,10,9,0,0,0,0,0,8,16,5,0,0,0,0,0,1,6,15,1,0,0,0,0,0,0,1,12,0,0,0,4,5,2,5,13,0,0,0,6,12,16,14,5,0,3
digit_04867,0,0,0,6,15,1,0,0,0,0,5,16,10,0,8,6,0,2,16,11,0,9,16,6,0,8,16,14,14,16,13,1,0,6,12,12,12,16,3,0,0,0,0,0,13,11,0,0,0,0,0,6,16,5,0,0,0,0,0,10,14,0,0,0,4
digit_04868,0,1,7,15,16,16,14,0,0,10,16,11,6,3,1,0,0,7,16,16,12,0,0,0,0,8,16,12,16,4,0,0,0,1,4,0,13,8,0,0,0,0,0,0,15,8,0,0,0,0,0,7,16,2,0,0,0,0,13,15,5,0,0,0,5
digit_04869,0,0,2,12,1,0,0,0,0,0,11,12,0,0,0,0,0,2,16,4,0,0,0,0,0,6,16,10,10,5,0,0,0,5,16,15,12,14,6,0,0,4,16,3,0,8,12,0,0,0,14,9,4,11,13,0,0,0,3,14,16,12,3,0,6
digit_04870,0,0,3,15,16,16,12,0,0,0,12,12,7,16,6,0,0,4,12,0,9,13,0,0,0,0,1,1,13,7,0,0,0,0,8,13,16,16,6,0,0,0,12,15,12,6,1,0,0,0,0,15,5,0,0,0,0,0,3,16,2,0,0,0,7
digit_04871,0,0,14,16,8,0,0,0,0,0,16,4,13,8,8,0,0,0,12,7,12,14,5,0,0,0,4,15,16,5,0,0,0,0,0,14,14,0,0,0,0,0,8,10,11,2,0,0,0,0,13,0,12,3,0,0,0,0,14,15,12,1,0,0,8
digit_04872,0,0,12,15,13,2,0,0,0,1,16,5,5,13,0,0,0,1,7,13,0,8,4,0,0,6,11,13,13,15,4,0,0,1,9,12,12,13,1,0,0,0,0,0,0,11,6,0,0,0,0,0,0,5,14,0,0,0,10,13,12,15,6,0,9
digit_04873,0,0,3,12,7,0,0,0,0,0,14,12,12,4,0,0,0,2,14,0,1,13,0,0,0,1,12,0,0,7,5,0,0,2,13,0,0,2,10,0,0,0,15,3,0,3,14,0,0,0,7,12,8,11,12,0,0,0,2,11,16,11,2,0,0
digit_04874,0,0,3,13,10,1,0,0,0,0,3,16,16,4,0,0,0,0,1,16,16,2,0,0,0,0,6,16,16,1,0,0,0,0,4,16,16,1,0,0,0,0,4,16,16,3,0,0,0,0,7,16,16,0,0,0,0,0,2,14,16,5,0,0,1
digit_04875,0,0,13,16,13,1,0,0,0,6,16,10,15,5,0,0,0,3,15,0,11,9,0,0,0,0,4,0,12,8,0,0,0,0,0,0,15,8,0,0,0,0,0,8,16,4,0,0,0,0,5,16,16,13,10,1,0,0,13,16,16,16,16,9,2
digit_04876,0,0,6,14,16,11,0,0,0,6,14,7,4,16,4,0,0,7,7,0,5,16,2,0,0,0,0,14,16,5,0,0,0,0,0,4,13,11,0,0,0,0,0,0,0,11,8,0,0,0,0,2,4,10,12,0,0,0,9,16,16,11,3,0,3
digit_04877,0,0,0,8,16,0,0,0,0,0,3,16,8,0,0,0,0,1,13,12,0,4,13,1,0,6,16,9,7,15,10,0,0,9,16,16,16,15,2,0,0,0,4,1,14,10,0,0,0,0,0,3,16,5,0,0,0,0,0,11,13,0,0,0,4
digit_04878,0,0,5,10,14,16,11,0,0,2,15,15,5,4,1,0,0,2,16,9,4,1,0,0,0,2,16,16,16,11,0,0,0,2,9,1,0,14,4,0,0,0,0,0,1,14,3,0,0,0,0,2,13,7,0,0,0,0,7,14,7,0,0,0,5
digit_04879,0,0,1,9,15,1,0,0,0,0,9,14,4,0,0,0,0,0,16,3,0,0,0,0,0,6,13,0,0,0,0,0,0,4,14,12,16,13,3,0,0,2,15,13,4,3,13,0,0,0,9,8,2,4,16,1,0,0,0,9,12,12,8,0,6
digit_04880,0,0,5,12,16,12,4,0,0,1,12,7,5,16,5,0,0,2,9,0,8,9,0,0,0,0,2,3,12,1,0,0,0,4,12,14,15,12,4,0,0,5,4,16,1,0,0,0,0,0,1,12,0,0,0,0,0,0,3,12,0,0,0,0,7
digit_04881,0,2,15,12,1,0,0,0,0,4,16,13,13,0,0,0,0,0,14,3,15,12,5,0,0,0,5,16,16,11,0,0,0,2,13,13,14,2,0,0,0,5,13,0,6,8,0,0,0,4,11,0,1,15,0,0,0,2,12,16,16,7,0,0,8
digit_04882,0,0,9,13,6,0,0,0,0,0,14,7,11,3,0,0,0,4,7,8,5,8,0,0,0,8,10,15,14,9,0,0,0,0,4,7,9,13,1,0,0,0,0,0,0,5,11,0,0,0,2,0,2,12,6,0,0,0,10,14,14,7,0,0,9
digit_04883,0,0,5,15,9,0,0,0,0,0,15,6,11,6,0,0,0,7,9,0,0,14,0,0,0,5,9,0,0,8,6,0,0,4,13,0,0,4,8,0,0,1,16,0,0,4,11,0,0,0,15,7,5,16,4,0,0,0,2,15,15,5,0,0,0
digit_04884,0,0,12,14,6,0,0,0,0,2,16,7,13,10,0,0,0,0,16,2,1,13,4,0,0,0,9,13,8,16,2,0,0,0,6,16,16,13,0,0,0,0,0,2,3,16,0,0,0,0,1,6,13,10,0,0,0,0,13,9,8,2,0,0,9
digit_04885,0,0,8,15,16,16,6,0,0,2,16,11,5,0,0,0,0,3,16,5,0,0,0,0,0,5,16,16,13,0,0,0,0,10,13,6,15,5,0,0,0,3,1,0,11,8,0,0,0,0,0,6,16,4,0,0,0,0,9,16,8,0,0,0,5
digit_04886,0,0,6,11,16,16,3,0,0,5,16,15,5,0,0,0,0,11,16,15,2,0,0,0,0,12,15,12,12,0,0,0,0,2,1,4,16,0,0,0,0,0,0,0,16,4,0,0,0,0,0,2,16,3,0,0,0,0,5,16,13,0,0,0,5
digit_04887,0,0,0,6,13,3,0,0,0,0,1,14,11,0,0,0,0,0,7,15,2,0,0,0,0,0,10,12,0,0,0,0,0,0,13,15,16,13,5,0,0,0,10,16,5,11,14,0,0,0,7,15,5,10,14,0,0,0,0,3,14,16,9,0,6
digit_04888,0,0,7,16,16,16,6,0,0,0,12,13,5,1,0,0,0,0,15,7,1,0,0,0,0,3,16,16,13,0,0,0,0,11,15,5,16,4,0,0,0,5,3,1,16,3,0,0,0,0,0,11,12,0,0,0,0,0,7,15,1,0,0,0,5
digit_04889,0,0,0,12,6,0,0,0,0,0,8,15,13,4,0,0,0,5,16,6,3,12,0,0,0,7,14,1,0,11,5,0,0,3,14,0,0,7,10,0,0,1,14,2,0,9,9,0,0,0,9,11,6,15,5,0,0,0,0,10,16,11,0,0,0
digit_04890,0,0,10,13,9,1,0,0,0,2,16,7,10,8,0,0,0,0,12,12,7,11,0,0,0,3,16,16,16,7,0,0,0,0,5,8,12,10,1,0,0,0,0,0,0,11,7,0,0,0,0,0,0,3,15,0,0,0,11,16,16,16,8,0,9
digit_04891,0,1,13,14,2,0,0,0,0,7,14,9,5,0,0,0,0,6,13,3,12,6,4,0,0,1,14,12,14,16,4,0,0,0,2,16,16,7,0,0,0,0,11,14,8,13,0,0,0,4,16,4,2,14,2,0,0,1,12,14,13,6,0,0,8
digit_04892,0,0,5,15,14,3,0,0,0,0,12,7,2,12,0,0,0,0,16,3,0,12,1,0,0,0,12,11,10,15,0,0,0,0,2,10,15,13,1,0,0,0,0,0,0,14,4,0,0,0,0,6,12,15,2,0,0,0,7,13,4,0,0,0,9
digit_04893,0,0,4,15,16,6,0,0,0,0,13,11,11,15,0,0,0,0,15,13,15,16,7,0,0,0,7,16,16,11,2,0,0,0,5,15,16,2,0,0,0,0,16,9,12,11,0,0,0,2,16,6,8,16,0,0,0,0,7,14,13,8,0,0,8
digit_04894,0,0,0,3,16,5,0,0,0,0,3,14,10,0,9,11,0,1,13,11,0,2,15,8,0,7,16,9,11,16,15,1,0,6,15,13,12,16,9,0,0,0,0,0,8,15,2,0,0,0,0,1,15,7,0,0,0,0,0,5,15,2,0,0,4
digit_04895,0,0,6,15,12,5,0,0,0,0,8,16,16,13,1,0,0,0,8,16,16,12,0,0,0,0,8,16,16,10,0,0,0,0,16,16,16,5,0,0,0,5,16,16,16,1,0,0,0,3,15,16,16,2,0,0,0,0,10,16,15,3,0,0,1
digit_04896,0,0,5,10,11,13,12,0,0,2,14,8,8,13,10,0,0,1,6,0,4,13,0,0,0,0,0,1,15,2,0,0,0,0,0,11,15,8,1,0,0,2,15,15,8,7,0,0,0,1,9,12,0,0,0,0,0,0,7,11,0,0,0,0,7
digit_04897,0,0,2,15,16,15,0,0,0,0,12,9,11,12,0,0,0,5,15,0,13,7,0,0,0,5,6,3,14,5,2,0,0,0,0,9,16,16,9,0,0,0,7,16,9,2,0,0,0,0,1,15,3,0,0,0,0,0,3,16,0,0,0,0,7
digit_04898,0,0,7,14,15,7,0,0,0,6,16,8,7,16,4,0,0,11,6,1,10,14,1,0,0,1,0,4,16,6,0,0,0,0,0,2,11,13,1,0,0,0,0,0,0,11,7,0,0,0,3,4,8,14,3,0,0,0,10,13,12,4,0,0,3
digit_04899,0,1,9,16,16,15,3,0,0,8,16,12,8,8,3,0,0,6,16,9,3,0,0,0,0,8,16,16,16,4,0,0,0,3,6,4,13,11,0,0,0,0,0,0,8,13,0,0,0,0,5,8,15,10,0,0,0,0,11,16,11,1,0,0,5
digit_04900,0,0,2,16,10,0,0,0,0,0,4,16,16,5,0,0,0,0,8,16,16,3,0,0,0,0,9,16,16,3,0,0,0,0,8,16,16,3,0,0,0,0,8,16,16,1,0,0,0,0,5,16,14,0,0,0,0,0,1,12,16,3,0,0,1
digit_04901,0,0,0,10,11,1,0,0,0,0,1,15,8,8,0,0,0,5,4,10,0,12,0,0,0,7,8,10,0,7,5,0,0,6,10,0,0,2,9,0,0,1,13,0,0,2,11,0,0,0,6,11,4,10,11,0,0,0,0,9,15,14,5,0,0
digit_04902,0,2,0,8,9,0,0,0,0,13,5,14,8,7,0,0,0,12,5,2,0,9,0,0,0,7,5,0,0,3,5,0,0,3,10,0,0,2,10,0,0,1,13,0,0,1,12,0,0,0,5,13,5,9,13,0,0,0,0,9,16,16,7,0,0
digit_04903,0,0,6,16,13,12,14,1,0,0,14,4,4,15,4,0,0,1,7,0,10,7,0,0,0,0,0,2,13,1,0,0,0,2,9,14,16,12,0,0,0,4,6,15,2,4,1,0,0,0,6,7,0,0,0,0,0,0,10,4,0,0,0,0,7
digit_04904,0,0,9,16,6,0,0,0,0,3,16,1,16,10,8,0,0,0,15,6,16,8,0,0,0,0,3,16,11,0,0,0,0,0,1,14,12,0,0,0,0,0,6,9,11,2,0,0,0,0,12,1,13,0,0,0,0,0,12,14,3,0,0,0,8
digit_04905,0,0,11,16,15,3,0,0,0,5,16,12,11,13,0,0,0,3,13,1,5,15,0,0,0,0,0,0,12,11,0,0,0,0,0,1,16,7,0,0,0,0,0,10,15,0,0,0,0,0,12,16,16,11,1,0,0,0,13,13,8,13,16,8,2
digit_04906,0,0,6,16,15,5,0,0,0,1,16,14,8,15,1,0,0,9,13,1,0,12,6,0,0,5,9,0,0,9,10,0,0,6,9,0,0,9,11,0,0,7,16,1,0,11,11,0,0,3,16,11,13,16,8,0,0,0,8,16,16,12,1,0,0
digit_04907,0,0,0,14,14,9,0,0,0,0,4,16,16,10,0,0,0,0,13,16,15,2,0,0,0,1,15,16,11,0,0,0,0,7,16,16,5,0,0,0,0,3,16,16,7,0,0,0,0,0,16,16,8,0,0,0,0,0,3,12,12,0,0,0,1
digit_04908,0,0,9,16,14,0,0,0,0,0,16,8,13,7,0,0,0,0,12,0,8,8,0,0,0,0,0,0,12,8,0,0,0,0,0,0,16,5,0,0,0,0,0,9,13,0,0,0,0,0,10,16,15,10,9,1,0,0,12,14,13,16,16,5,2
digit_04909,0,0,1,14,16,8,0,0,0,0,10,16,11,4,0,0,0,0,1,11,1,0,0,0,0,1,12,3,0,0,0,0,0,2,16,14,13,8,1,0,0,3,16,16,13,16,8,0,0,0,12,16,7,15,12,0,0,0,1,13,16,16,8,0,6
digit_04910,0,0,11,16,16,10,0,0,1,14,16,9,11,16,1,0,1,14,3,0,12,14,0,0,0,0,0,6,16,7,0,0,0,0,0,0,8,16,5,0,0,0,0,0,0,12,10,0,0,0,2,4,5,14,13,0,0,0,11,16,16,16,4,0,3
digit_04911,0,0,9,16,16,15,4,0,0,8,16,9,7,14,11,0,0,5,5,1,13,15,1,0,0,0,0,10,16,7,0,0,0,0,0,1,11,16,4,0,0,0,0,0,0,14,8,0,0,0,3,4,6,16,4,0,0,0,14,16,16,8,0,0,3
digit_04912,0,0,10,16,13,12,15,5,0,4,16,8,12,16,6,0,0,6,12,2,16,7,0,0,0,1,5,9,14,1,0,0,0,1,7,16,12,2,0,0,0,8,16,16,12,5,0,0,0,1,11,10,0,0,0,0,0,0,14,6,0,0,0,0,7
digit_04913,0,1,13,16,16,10,0,0,0,8,15,8,15,15,0,0,0,3,8,5,16,6,0,0,0,0,0,4,16,9,0,0,0,0,0,0,6,16,5,0,0,0,0,0,0,5,16,0,0,0,8,6,6,13,12,0,0,1,15,16,16,14,3,0,3
digit_04914,0,1,12,16,16,9,0,0,0,11,15,9,7,16,3,0,0,13,3,1,10,15,1,0,0,0,0,11,16,8,0,0,0,0,0,5,15,16,5,0,0,0,0,0,0,10,13,0,0,0,7,4,8,15,9,0,0,0,13,16,16,12,1,0,3
digit_04915,0,0,1,14,11,0,0,0,0,0,9,15,2,0,4,0,0,2,16,6,0,7,16,2,0,8,16,6,6,16,12,0,0,5,16,16,16,15,3,0,0,0,1,4,16,8,0,0,0,0,0,9,16,1,0,0,0,0,0,15,16,0,0,0,4
digit_04916,0,0,1,14,6,0,0,0,0,0,7,15,1,0,0,0,0,0,13,7,0,0,0,0,0,0,13,5,0,0,0,0,0,0,14,7,5,4,1,0,0,0,10,16,13,14,14,0,0,0,9,14,1,4,16,3,0,0,1,12,13,16,9,1,6
digit_04917,0,0,0,7,11,0,0,0,0,0,1,16,10,0,0,0,0,0,7,11,0,0,0,0,0,0,11,8,1,1,0,0,0,0,12,16,16,15,5,0,0,0,14,11,0,1,15,0,0,0,6,11,1,3,14,2,0,0,0,8,16,16,7,0,6
digit_04918,0,0,0,13,13,0,0,0,0,0,7,16,3,0,0,0,0,0,12,11,0,0,0,0,0,0,14,6,0,0,0,0,0,1,16,12,16,11,3,0,0,2,16,15,9,9,15,2,0,0,11,12,1,3,16,6,0,0,1,13,16,16,15,1,6
digit_04919,0,0,3,15,7,0,0,0,0,3,15,11,1,1,7,0,0,8,16,2,0,13,15,0,0,8,16,13,14,16,5,0,0,0,8,9,15,13,0,0,0,0,0,8,16,2,0,0,0,0,0,12,12,0,0,0,0,0,3,16,4,0,0,0,4
digit_04920,0,0,7,12,11,1,0,0,0,0,12,10,5,14,0,0,0,6,13,13,3,15,0,0,0,8,9,11,16,8,0,0,0,1,11,10,9,11,1,0,0,0,0,0,0,13,6,0,0,0,0,0,0,10,12,0,0,0,8,12,16,13,2,0,9
digit_04921,0,0,0,15,12,1,0,0,0,0,5,16,16,6,0,0,0,0,2,16,16,3,0,0,0,0,2,16,16,1,0,0,0,0,6,16,13,0,0,0,0,0,1,16,16,2,0,0,0,0,3,16,15,3,0,0,0,0,0,15,16,1,0,0,1
digit_04922,0,0,0,8,16,16,7,0,0,0,15,16,10,8,1,0,0,3,16,12,5,0,0,0,0,8,16,16,16,3,0,0,0,8,11,2,13,9,0,0,0,0,0,0,11,13,0,0,0,0,0,0,12,11,0,0,0,0,0,11,14,2,0,0,5
digit_04923,0,0,5,16,8,0,0,0,0,0,10,5,12,6,0,0,0,4,14,0,2,13,0,0,0,4,10,0,0,9,8,0,0,5,8,0,0,8,8,0,0,2,11,0,0,9,6,0,0,0,15,6,8,15,1,0,0,0,4,13,12,3,0,0,0
digit_04924,0,1,12,15,10,2,0,0,0,4,14,1,6,12,2,0,0,7,15,0,1,14,4,0,0,3,15,12,15,10,0,0,0,0,3,15,1,0,0,0,0,0,0,3,13,1,0,0,0,0,0,0,10,6,0,0,0,0,11,12,13,4,0,0,9
digit_04925,0,1,12,16,16,16,4,0,0,4,16,10,4,1,1,0,0,6,13,0,0,0,0,0,0,6,16,12,5,0,0,0,0,7,11,11,15,0,0,0,0,0,0,4,16,2,0,0,0,0,2,13,10,0,0,0,0,2,16,11,0,0,0,0,5
digit_04926,0,0,10,16,8,0,0,0,0,4,16,13,16,3,0,0,0,0,12,1,11,6,0,0,0,0,0,0,12,8,0,0,0,0,0,0,14,5,0,0,0,0,0,7,16,6,4,0,0,0,5,16,16,16,16,4,0,0,11,15,9,8,6,0,2
digit_04927,0,1,14,14,6,0,0,0,0,2,16,1,14,2,0,0,0,0,10,7,10,6,4,0,0,0,1,12,16,14,5,0,0,0,3,14,16,4,0,0,0,1,15,5,6,12,0,0,0,4,10,0,1,15,0,0,0,1,12,12,12,5,0,0,8
digit_04928,0,1,11,16,16,10,0,0,0,8,16,11,7,16,1,0,0,7,11,0,5,16,2,0,0,0,2,0,7,14,0,0,0,0,0,0,11,12,0,0,0,0,0,3,16,6,0,0,0,0,5,15,16,11,6,0,0,0,14,16,13,13,16,5,2
digit_04929,0,0,2,14,14,6,0,0,0,0,10,15,11,15,2,0,0,3,16,3,0,12,6,0,0,3,9,0,0,9,10,0,0,10,11,0,0,8,12,0,0,7,16,1,0,11,13,0,0,0,15,14,12,15,10,0,0,0,3,14,16,13,5,0,0
digit_04930,0,0,5,15,13,2,0,0,0,1,15,11,8,13,0,0,0,5,14,0,0,14,5,0,0,9,16,1,0,7,9,0,0,9,13,0,0,5,14,0,0,6,16,2,0,5,15,0,0,2,14,11,5,14,12,0,0,0,5,15,16,15,3,0,0
digit_04931,0,0,4,15,12,2,0,0,0,0,9,16,14,2,0,0,0,0,12,16,15,0,0,0,0,0,11,16,12,1,0,0,0,0,9,16,14,0,0,0,0,0,10,16,12,0,0,0,0,0,9,16,14,0,0,0,0,0,4,12,12,0,0,0,1
digit_04932,0,0,10,15,8,13,6,0,0,0,13,14,14,15,2,0,0,1,15,0,13,7,0,0,0,2,7,9,16,13,13,0,0,0,10,16,11,7,2,0,0,0,4,16,2,0,0,0,0,0,7,13,0,0,0,0,0,0,12,4,0,0,0,0,7
digit_04933,0,0,0,9,15,2,0,0,0,0,5,16,11,1,0,0,0,0,13,15,1,0,0,0,0,2,16,11,0,0,0,0,0,2,16,11,4,4,0,0,0,2,15,16,16,14,10,1,0,0,9,16,7,3,15,6,0,0,0,7,15,16,16,6,6
digit_04934,0,1,10,14,13,4,0,0,0,12,11,5,8,14,0,0,0,8,3,2,12,8,0,0,0,0,3,15,15,4,0,0,0,0,1,4,7,14,5,0,0,0,0,0,0,7,12,0,0,0,0,0,1,11,11,0,0,0,12,16,16,9,1,0,3
digit_04935,0,1,15,16,10,0,0,0,0,7,15,10,16,0,0,0,0,4,12,1,16,4,0,0,0,0,2,3,16,1,0,0,0,0,0,4,15,0,0,0,0,0,0,11,12,0,0,0,0,0,11,16,14,14,15,3,0,1,15,16,16,16,16,5,2
digit_04936,0,0,3,15,12,2,0,0,0,0,1,16,16,6,0,0,0,0,4,16,16,2,0,0,0,0,3,16,16,6,0,0,0,0,4,16,16,0,0,0,0,0,1,15,16,6,0,0,0,0,4,16,16,4,0,0,0,0,4,16,16,6,0,0,1
digit_04937,0,0,11,8,4,13,16,3,0,2,16,16,16,14,9,1,0,4,13,6,16,4,0,0,0,0,2,15,10,0,0,0,0,5,13,16,14,12,2,0,0,8,15,15,12,12,2,0,0,0,15,9,0,0,0,0,0,0,16,7,0,0,0,0,7
digit_04938,0,0,0,9,12,0,0,0,0,0,4,16,5,0,1,0,0,2,14,9,0,5,15,1,0,8,16,9,12,16,9,0,0,5,16,13,13,13,0,0,0,0,0,1,15,7,0,0,0,0,0,4,16,1,0,0,0,0,0,12,12,0,0,0,4
digit_04939,0,0,1,13,2,0,0,0,0,0,8,15,1,0,0,0,0,0,14,7,0,0,0,0,0,0,14,6,0,0,0,0,0,0,16,5,9,9,3,0,0,0,12,16,13,9,14,1,0,0,8,15,0,1,14,5,0,0,1,11,16,16,13,1,6
digit_04940,0,1,10,15,16,11,0,0,0,8,11,4,7,14,0,0,0,7,1,2,13,7,0,0,0,0,0,10,16,6,0,0,0,0,0,0,1,14,5,0,0,0,0,0,0,7,9,0,0,0,2,0,3,11,7,0,0,0,15,16,16,7,0,0,3
digit_04941,0,0,13,14,10,2,0,0,0,0,6,16,16,16,0,0,0,0,0,16,16,16,4,0,0,0,4,16,16,14,2,0,0,0,8,16,16,7,0,0,0,3,15,16,16,4,0,0,0,1,16,16,14,1,0,0,0,0,14,16,13,3,0,0,1
digit_04942,0,0,3,11,14,12,3,0,0,2,13,10,4,10,12,0,0,2,11,2,0,9,9,0,0,0,0,3,10,10,1,0,0,0,7,16,16,2,0,0,0,0,3,0,14,3,0,0,0,0,0,1,13,2,0,0,0,3,7,14,5,0,0,0,3
digit_04943,0,0,11,12,2,0,0,0,0,0,15,8,13,2,0,0,0,0,7,11,9,9,0,0,0,4,12,12,16,7,0,0,0,2,10,12,9,12,1,0,0,0,0,0,0,7,11,0,0,0,0,0,0,0,16,2,0,0,6,12,12,13,11,0,9
digit_04944,0,0,1,11,14,5,0,0,0,0,0,15,16,11,0,0,0,0,5,16,16,8,0,0,0,0,5,16,16,5,0,0,0,0,4,16,16,3,0,0,0,0,9,16,16,2,0,0,0,0,8,16,14,0,0,0,0,0,2,13,16,9,0,0,1
digit_04945,0,0,4,13,16,16,7,0,0,0,15,10,7,16,1,0,0,7,12,0,12,7,0,0,0,9,5,3,16,2,0,0,0,2,11,16,16,12,7,0,0,5,10,16,12,8,3,0,0,0,3,15,2,0,0,0,0,0,6,14,0,0,0,0,7
digit_04946,0,0,0,13,6,0,0,0,0,0,5,16,8,0,0,0,0,0,11,8,0,0,0,0,0,0,13,4,0,0,0,0,0,0,14,15,16,14,5,0,0,0,13,7,0,0,13,1,0,0,10,6,0,5,14,0,0,0,2,13,12,15,4,0,6
digit_04947,0,0,10,15,8,0,0,0,0,0,16,4,11,3,5,0,0,0,14,5,7,10,7,0,0,0,4,13,12,11,0,0,0,0,2,14,12,0,0,0,0,1,14,7,12,4,0,0,0,7,10,0,3,12,0,0,0,1,10,11,12,10,0,0,8
digit_04948,0,0,0,8,12,0,0,0,0,0,5,16,3,0,2,0,0,1,16,5,1,10,15,1,0,9,16,4,9,16,7,0,0,7,16,16,16,7,0,0,0,0,2,8,16,2,0,0,0,0,0,10,13,0,0,0,0,0,0,12,10,0,0,0,4
digit_04949,0,1,12,16,13,7,0,0,0,12,11,4,4,15,0,0,0,8,3,0,6,14,2,0,0,0,0,9,16,8,0,0,0,0,0,1,5,13,3,0,0,0,0,0,0,7,8,0,0,0,0,0,0,9,10,0,0,0,10,10,13,14,1,0,3
digit_04950,0,0,1,12,11,1,0,0,0,0,1,16,16,4,0,0,0,0,3,16,15,2,0,0,0,0,9,16,12,0,0,0,0,0,12,16,5,0,0,0,0,0,14,16,6,0,0,0,0,0,9,16,8,0,0,0,0,0,2,11,13,1,0,0,1
digit_04951,0,0,0,9,11,0,0,0,0,0,5,15,1,0,0,0,0,2,16,4,0,3,9,0,0,7,14,0,1,14,12,0,0,9,16,12,14,15,1,0,0,0,6,8,15,6,0,0,0,0,0,4,16,1,0,0,0,0,0,9,13,0,0,0,4
digit_04952,0,0,5,15,12,1,0,0,0,0,8,8,6,12,0,0,0,2,5,0,0,12,2,0,0,4,14,0,0,8,6,0,0,7,11,0,0,9,7,0,0,3,13,0,0,12,3,0,0,0,16,5,9,14,1,0,0,0,5,15,11,4,0,0,0
digit_04953,0,1,13,16,16,11,0,0,0,10,16,7,0,0,0,0,0,5,15,4,0,0,0,0,0,2,16,14,5,0,0,0,0,3,15,16,16,3,0,0,0,0,1,0,11,11,0,0,0,0,1,5,15,9,0,0,0,0,13,16,13,1,0,0,5
digit_04954,0,1,13,16,16,12,1,0,0,12,15,6,12,16,3,0,0,13,10,10,16,9,0,0,0,0,5,16,15,4,0,0,0,0,0,2,10,14,1,0,0,0,0,0,1,16,7,0,0,0,3,1,5,16,9,0,0,1,14,16,16,11,1,0,3
digit_04955,0,0,2,14,15,3,0,0,0,0,7,16,11,0,0,0,0,0,13,15,1,0,0,0,0,1,16,11,0,0,0,0,0,2,16,9,0,0,0,0,0,2,16,16,16,9,0,0,0,0,13,16,10,16,7,0,0,0,3,15,16,16,4,0,6
digit_04956,0,0,12,16,15,6,0,0,0,0,15,12,7,15,1,0,0,1,15,15,7,16,4,0,0,1,12,16,16,14,1,0,0,0,0,4,10,13,0,0,0,0,0,0,1,15,3,0,0,0,3,0,2,16,6,0,0,0,13,16,16,15,1,0,9
digit_04957,0,0,1,10,7,0,0,0,0,0,6,13,0,0,0,0,0,0,13,5,0,0,0,0,0,2,16,1,5,2,0,0,0,3,16,15,11,9,5,0,0,2,16,6,0,2,14,0,0,0,10,10,1,5,15,0,0,0,1,12,15,14,6,0,6
digit_04958,0,0,3,16,12,2,0,0,0,0,6,16,16,3,0,0,0,0,9,16,16,0,0,0,0,0,9,16,16,1,0,0,0,0,9,16,16,0,0,0,0,0,9,16,13,0,0,0,0,0,7,16,13,0,0,0,0,0,3,14,16,3,0,0,1
digit_04959,0,0,11,16,12,12,16,7,0,3,16,9,8,16,10,0,0,1,10,0,6,14,2,0,0,0,1,8,15,15,11,0,0,0,12,16,15,7,2,0,0,0,4,13,7,0,0,0,0,0,4,16,3,0,0,0,0,0,12,12,0,0,0,0,7
digit_04960,0,0,2,10,16,12,0,0,0,2,15,14,8,1,0,0,0,2,16,4,0,0,0,0,0,6,16,14,13,3,0,0,0,10,16,7,11,12,0,0,0,0,1,0,4,16,0,0,0,0,0,0,7,16,2,0,0,0,2,14,16,8,0,0,5
digit_04961,0,0,0,5,14,0,0,0,0,0,1,15,5,0,0,0,0,0,11,9,0,0,3,0,0,4,14,1,0,8,15,0,0,10,14,12,13,16,6,0,0,5,12,9,11,15,0,0,0,0,0,0,11,9,0,0,0,0,0,4,14,1,0,0,4
digit_04962,0,0,0,11,8,0,0,0,0,0,8,15,2,0,2,1,0,2,16,5,0,4,16,3,0,5,16,8,11,16,9,0,0,4,15,14,13,16,2,0,0,0,0,0,10,10,0,0,0,0,0,3,16,3,0,0,0,0,0,9,11,0,0,0,4
digit_04963,0,0,8,16,14,15,0,0,0,0,13,11,15,11,0,0,0,4,14,1,13,5,0,0,0,3,7,8,16,4,3,0,0,0,14,16,16,13,7,0,0,0,5,13,2,0,0,0,0,0,6,10,0,0,0,0,0,0,10,6,0,0,0,0,7
digit_04964,0,2,15,15,3,0,0,0,0,11,15,11,12,0,0,0,0,8,10,0,16,0,0,0,0,1,3,2,16,0,0,0,0,0,0,4,12,0,0,0,0,0,1,12,9,0,0,0,0,0,14,16,13,13,15,3,0,2,13,14,12,12,8,1,2
digit_04965,0,0,9,14,14,3,0,0,0,4,13,1,4,11,0,0,0,1,14,1,11,7,6,0,0,0,15,13,9,12,3,0,0,0,1,14,14,0,0,0,0,0,5,14,12,0,0,0,0,0,12,1,9,5,0,0,0,0,11,12,13,3,0,0,8
digit_04966,0,0,5,16,15,3,0,0,0,0,13,15,14,7,0,0,0,0,13,4,13,8,0,0,0,0,0,0,16,5,0,0,0,0,0,7,16,0,0,0,0,0,6,15,9,0,0,0,0,2,16,16,16,9,13,3,0,0,5,2,9,16,14,3,2
digit_04967,0,0,7,16,13,2,0,0,0,0,14,15,13,9,0,0,0,0,14,8,9,10,0,0,0,0,1,2,9,12,0,0,0,0,0,0,13,8,0,0,0,0,0,5,16,4,0,0,0,0,6,15,16,5,5,5,0,0,6,16,16,16,16,13,2
digit_04968,0,0,10,16,15,8,2,0,0,9,16,12,8,9,3,0,0,13,16,9,0,0,0,0,0,7,16,16,10,0,0,0,0,7,13,8,16,4,0,0,0,0,0,1,16,5,0,0,0,0,2,12,15,1,0,0,0,0,13,16,6,0,0,0,5
digit_04969,0,0,8,11,8,10,14,8,0,3,15,11,12,16,5,1,0,1,16,0,11,8,0,0,0,0,1,5,16,5,0,0,0,0,3,15,16,14,0,0,0,0,7,16,3,0,0,0,0,0,6,13,0,0,0,0,0,0,11,7,0,0,0,0,7
digit_04970,0,0,8,15,9,0,0,0,0,1,16,10,16,9,0,0,0,2,6,2,16,16,1,0,0,3,9,9,16,14,0,0,0,0,7,5,12,5,0,0,0,0,0,0,7,12,1,0,0,0,0,0,2,16,4,0,0,0,9,13,12,10,1,0,9
digit_04971,0,0,1,10,16,13,0,0,0,2,15,15,9,6,0,0,0,5,16,1,0,0,0,0,0,8,16,14,5,0,0,0,0,11,16,13,15,3,0,0,0,1,3,0,11,12,0,0,0,0,0,2,13,10,0,0,0,0,1,14,15,3,0,0,5
digit_04972,0,0,0,9,16,3,0,0,0,0,7,16,7,0,0,0,0,2,15,8,0,1,7,0,0,9,14,0,2,13,14,0,0,8,16,14,15,16,6,0,0,1,7,8,16,12,0,0,0,0,0,7,16,5,0,0,0,0,0,12,12,0,0,0,4
digit_04973,0,0,15,12,3,0,0,0,0,0,15,9,14,1,0,0,0,0,12,10,15,1,0,0,0,0,5,16,4,10,7,0,0,0,0,11,14,11,0,0,0,0,1,12,13,11,0,0,0,0,12,6,0,9,4,0,0,0,15,4,5,13,6,0,8
digit_04974,0,1,14,16,16,11,2,0,0,0,14,9,2,10,11,0,0,0,5,16,5,14,5,0,0,0,0,12,16,16,5,0,0,0,7,14,14,8,0,0,0,1,14,3,6,11,0,0,0,4,8,0,8,11,0,0,0,2,13,12,15,2,0,0,8
digit_04975,0,0,1,10,15,2,0,0,0,0,7,16,7,3,5,0,0,3,16,7,3,16,11,0,0,9,14,1,10,14,2,0,0,11,16,16,16,10,0,0,0,2,4,8,16,3,0,0,0,0,0,9,13,0,0,0,0,0,0,12,9,0,0,0,4
digit_04976,0,0,2,12,9,0,0,0,0,0,1,15,7,9,0,0,0,0,0,11,1,14,1,0,0,0,10,8,11,13,1,0,0,0,9,14,16,9,0,0,0,0,0,0,1,10,3,0,0,0,0,0,0,3,14,2,0,0,5,14,13,14,10,1,9
digit_04977,0,0,2,12,12,1,0,0,0,2,12,12,6,11,0,0,0,10,13,0,0,10,2,0,0,8,11,0,0,6,6,0,0,7,9,0,0,4,9,0,0,3,13,0,0,8,12,0,0,0,12,12,9,16,7,0,0,0,1,12,16,9,1,0,0
digit_04978,0,3,14,5,0,0,0,0,0,2,15,15,3,1,1,0,0,0,6,16,4,13,8,0,0,0,0,14,14,13,1,0,0,0,2,15,13,1,0,0,0,1,14,8,15,0,0,0,0,5,12,0,12,3,0,0,0,2,14,13,15,3,0,0,8
digit_04979,0,0,15,15,10,2,0,0,0,0,16,5,8,11,0,0,0,0,9,12,1,14,4,0,0,0,6,16,16,15,2,0,0,0,0,4,11,1,0,0,0,0,0,0,7,7,0,0,0,0,0,0,2,11,0,0,0,0,10,12,13,11,0,0,9
digit_04980,0,3,16,9,2,0,0,0,0,3,16,13,12,0,0,0,0,0,12,11,14,10,6,0,0,0,2,15,16,10,2,0,0,0,6,14,15,1,0,0,0,3,15,4,9,7,0,0,0,6,13,1,10,9,0,0,0,2,11,12,14,4,0,0,8
digit_04981,0,0,4,14,14,2,0,0,0,5,16,11,7,10,0,0,0,4,16,4,0,11,1,0,0,7,14,1,0,7,5,0,0,4,10,0,0,7,7,0,0,1,12,0,0,12,3,0,0,0,9,6,6,13,0,0,0,0,0,10,14,4,0,0,0
digit_04982,0,0,0,5,15,13,1,0,0,0,2,14,16,14,0,0,0,1,13,16,16,12,0,0,0,9,16,14,16,6,0,0,0,3,5,6,16,4,0,0,0,0,0,8,16,2,0,0,0,0,0,9,16,3,0,0,0,0,0,4,15,13,1,0,1
digit_04983,0,2,14,16,6,0,0,0,0,12,14,12,15,0,0,0,0,11,2,8,12,0,0,0,0,0,0,11,11,0,0,0,0,0,2,16,4,0,0,0,0,0,7,13,0,0,0,0,0,1,14,13,8,8,7,0,0,2,15,16,16,15,8,0,2
digit_04984,0,1,9,15,16,6,0,0,0,13,15,10,16,11,0,0,0,5,3,4,16,7,0,0,0,0,0,8,16,7,0,0,0,0,0,1,13,15,5,0,0,0,0,0,2,13,11,0,0,0,12,5,3,13,14,0,0,0,10,16,16,14,5,0,3
digit_04985,0,0,0,8,15,0,0,0,0,0,5,16,6,0,0,0,0,1,14,10,0,7,7,0,0,5,16,3,1,16,7,0,0,8,16,11,13,16,3,0,0,1,11,15,16,13,3,0,0,0,0,7,16,1,0,0,0,0,0,12,10,0,0,0,4
digit_04986,0,0,5,12,16,9,0,0,0,7,16,10,3,0,0,0,0,8,13,0,0,0,0,0,0,9,14,4,6,0,0,0,0,4,14,12,13,13,1,0,0,0,0,0,0,15,4,0,0,0,0,0,4,15,7,0,0,0,4,12,13,8,0,0,5
digit_04987,0,0,6,15,4,0,0,0,0,1,14,7,0,0,0,0,0,4,15,1,0,0,0,0,0,5,11,0,2,1,0,0,0,4,13,12,16,13,3,0,0,1,16,2,1,8,10,0,0,0,12,4,0,11,12,0,0,0,4,13,12,14,2,0,6
digit_04988,0,0,8,14,16,16,2,0,0,0,11,6,7,16,1,0,0,0,0,0,10,12,0,0,0,1,11,16,16,16,12,0,0,2,12,13,13,2,0,0,0,0,1,14,4,0,0,0,0,0,8,12,0,0,0,0,0,0,12,7,0,0,0,0,7
digit_04989,0,1,10,9,11,5,0,0,1,14,8,1,2,11,0,0,0,14,3,0,11,5,0,0,0,2,12,12,11,0,0,0,0,0,2,15,14,4,0,0,0,0,11,5,1,12,2,0,0,0,13,0,0,14,2,0,0,0,9,13,16,9,0,0,8
digit_04990,0,0,9,16,15,3,0,0,0,6,16,11,10,12,0,0,0,7,15,1,1,15,5,0,0,3,16,6,9,16,9,0,0,0,5,11,13,14,10,0,0,0,0,0,0,10,10,0,0,0,0,0,0,13,11,0,0,0,10,16,16,15,6,0,9
digit_04991,0,0,3,14,9,3,0,0,0,0,11,13,8,14,2,0,0,2,16,3,0,9,4,0,0,5,12,0,0,4,8,0,0,8,8,0,0,7,8,0,0,5,11,0,2,15,3,0,0,0,14,5,13,7,0,0,0,0,5,14,5,0,0,0,0
digit_04992,0,0,0,0,13,12,0,0,0,0,0,10,16,14,0,0,0,1,12,16,16,11,0,0,0,11,16,12,16,8,0,0,0,6,4,7,16,6,0,0,0,0,0,6,16,5,0,0,0,0,0,4,16,8,0,0,0,0,0,0,15,11,0,0,1
digit_04993,0,0,11,16,12,1,0,0,0,3,16,9,16,5,0,0,0,0,6,1,16,10,0,0,0,0,0,5,16,6,0,0,0,0,0,9,15,0,0,0,0,0,3,15,6,0,0,0,0,0,10,16,4,5,8,1,0,0,13,16,16,16,16,6,2
digit_04994,0,0,7,14,16,13,1,0,0,9,15,8,10,16,7,0,0,5,1,0,14,14,1,0,0,0,0,4,16,12,0,0,0,0,0,2,16,13,0,0,0,0,0,0,6,16,7,0,0,0,9,7,6,16,9,0,0,0,5,15,16,11,3,0,3
digit_04995,0,0,0,1,15,9,0,0,0,0,0,10,15,3,0,0,0,0,9,16,5,3,6,0,0,5,16,8,0,12,13,0,0,12,14,4,8,16,9,0,0,12,16,16,16,16,0,0,0,0,4,2,14,11,0,0,0,0,0,1,16,9,0,0,4
digit_04996,0,1,12,16,16,15,0,0,0,7,16,9,4,3,0,0,0,10,15,1,0,0,0,0,0,11,15,8,7,1,0,0,0,2,13,16,16,15,5,0,0,0,0,0,0,13,14,0,0,0,2,7,13,16,9,0,0,0,14,16,12,5,0,0,5
digit_04997,0,0,3,13,16,7,0,0,0,1,12,16,8,0,0,0,0,2,16,8,0,0,0,0,0,8,16,4,0,0,0,0,0,9,16,10,11,4,0,0,0,6,16,14,13,16,3,0,0,1,11,11,2,14,10,0,0,0,2,15,16,15,6,0,6
digit_04998,0,0,5,13,16,16,6,0,0,0,12,6,4,13,9,0,0,0,0,0,1,15,3,0,0,0,0,2,10,13,2,0,0,2,12,16,16,12,5,0,0,1,6,9,11,0,0,0,0,0,0,15,1,0,0,0,0,0,6,11,0,0,0,0,7
digit_04999,0,0,10,16,16,8,0,0,0,5,16,6,7,14,0,0,0,3,16,3,13,9,0,0,0,0,13,15,9,0,0,0,0,0,10,16,1,0,0,0,0,0,16,15,6,0,0,0,0,1,15,12,11,0,0,0,0,0,5,16,10,0,0,0,8
digit_05000,0,0,8,16,10,2,0,0,0,0,12,13,14,11,0,0,0,0,10,13,8,16,2,0,0,0,4,15,15,16,8,0,0,0,0,3,8,11,13,0,0,0,0,0,0,5,16,4,0,0,1,2,2,7,16,5,0,0,3,14,16,16,11,1,9
digit_05001,0,0,7,11,3,1,0,0,0,1,14,16,13,13,0,0,0,3,16,12,1,6,6,0,0,4,10,4,0,4,8,0,0,8,8,0,0,11,5,0,0,7,9,0,2,14,0,0,0,1,12,4,12,10,0,0,0,0,6,14,9,0,0,0,0
digit_05002,0,0,0,8,13,3,0,0,0,0,8,16,16,8,0,0,0,12,16,16,16,2,0,0,0,9,9,16,10,0,0,0,0,0,2,15,8,0,0,0,0,0,4,16,7,0,0,0,0,0,3,16,10,0,0,0,0,0,0,7,13,2,0,0,1
digit_05003,0,2,10,14,16,12,0,0,0,10,12,7,10,12,0,0,0,0,0,0,13,10,0,0,0,0,0,3,16,3,0,0,0,0,0,13,10,0,0,0,0,0,5,16,1,0,0,0,0,0,14,15,12,16,10,0,0,1,16,13,9,3,0,0,2
digit_05004,0,1,8,10,14,10,0,0,0,12,10,6,6,16,2,0,0,3,0,0,7,14,1,0,0,0,0,0,9,11,0,0,0,0,0,0,2,16,1,0,0,0,0,0,0,8,12,0,0,0,4,0,2,11,9,0,0,0,12,16,14,12,4,0,3
digit_05005,0,0,0,11,10,0,0,0,0,0,8,16,5,0,0,0,0,3,16,10,4,11,0,0,0,11,13,0,9,16,0,0,0,12,13,5,14,16,8,0,0,3,12,14,16,11,3,0,0,0,0,10,11,0,0,0,0,0,0,11,8,0,0,0,4
digit_05006,0,5,15,12,12,12,4,0,0,10,14,12,12,9,7,0,0,12,11,0,0,0,0,0,0,5,15,10,0,0,0,0,0,0,3,16,3,0,0,0,0,0,0,15,4,0,0,0,0,1,7,16,4,0,0,0,0,4,15,12,0,0,0,0,5
digit_05007,0,0,0,6,12,0,0,0,0,0,5,16,7,0,0,0,0,0,12,9,0,0,0,0,0,1,16,5,0,0,0,0,0,1,16,10,12,9,2,0,0,0,13,8,2,5,13,0,0,0,6,11,1,2,16,3,0,0,0,8,11,14,11,2,6
digit_05008,0,0,2,9,14,16,15,0,0,3,16,13,8,10,16,0,0,1,2,0,0,11,9,0,0,0,3,11,12,16,11,0,0,0,12,14,16,12,2,0,0,0,0,3,16,3,0,0,0,0,0,7,10,0,0,0,0,0,0,14,5,0,0,0,7
digit_05009,0,1,12,15,16,13,1,0,0,4,16,15,7,15,4,0,0,0,16,6,11,15,2,0,0,0,9,16,15,4,0,0,0,0,8,16,8,0,0,0,0,0,15,15,11,0,0,0,0,2,16,10,12,0,0,0,0,2,13,16,10,0,0,0,8
digit_05010,0,0,13,14,9,1,0,0,0,5,16,12,12,12,1,0,0,6,16,2,2,16,5,0,0,3,16,5,3,16,9,0,0,0,9,16,16,16,10,0,0,0,0,6,7,15,9,0,0,0,0,0,6,16,5,0,0,0,10,16,16,12,0,0,9
digit_05011,0,0,9,14,15,6,0,0,0,2,16,12,1,13,0,0,0,3,12,7,0,8,4,0,0,6,11,4,0,7,2,0,0,4,9,0,0,12,1,0,0,3,9,0,4,11,0,0,0,1,12,5,12,3,0,0,0,0,6,14,5,0,0,0,0
digit_05012,0,1,9,15,13,4,0,0,0,8,12,4,8,8,0,0,0,9,11,0,5,16,3,0,0,4,13,8,16,16,6,0,0,0,4,8,2,11,9,0,0,0,0,0,0,10,8,0,0,0,7,0,3,14,6,0,0,0,7,16,14,8,0,0,9
digit_05013,0,1,7,14,16,12,1,0,0,7,16,9,6,11,1,0,0,11,12,4,1,0,0,0,0,12,16,16,15,6,0,0,0,3,9,4,11,12,0,0,0,0,0,0,8,16,0,0,0,0,0,0,14,13,0,0,0,0,6,16,15,3,0,0,5
digit_05014,0,3,16,13,15,16,11,0,0,5,16,14,12,8,10,0,0,2,16,12,0,0,0,0,0,0,7,16,12,0,0,0,0,0,0,7,16,8,0,0,0,0,0,0,13,11,0,0,0,3,6,8,16,7,0,0,0,2,15,15,9,0,0,0,5
digit_05015,0,0,2,14,14,0,0,0,0,0,7,16,7,0,0,0,0,0,13,12,0,0,0,0,0,1,16,8,4,2,0,0,0,4,16,16,16,15,3,0,0,2,16,12,4,6,16,2,0,0,13,8,3,6,16,6,0,0,2,13,14,16,12,1,6
digit_05016,0,3,14,14,16,16,10,0,0,9,15,9,7,1,0,0,0,10,16,11,1,0,0,0,0,1,7,14,9,0,0,0,0,0,0,7,16,0,0,0,0,0,0,6,15,0,0,0,0,1,1,11,10,0,0,0,0,3,15,16,4,0,0,0,5
digit_05017,0,0,7,14,16,13,1,0,0,0,15,13,3,13,8,0,0,6,15,2,0,8,8,0,0,6,16,0,0,6,11,0,0,9,13,0,0,13,9,0,0,5,15,0,5,16,5,0,0,4,16,9,16,12,0,0,0,0,8,16,12,3,0,0,0
digit_05018,0,0,6,12,14,4,0,0,0,2,15,2,1,15,0,0,0,2,14,0,3,16,2,0,0,0,13,5,14,14,6,0,0,0,2,8,4,7,9,0,0,0,0,0,0,9,9,0,0,0,5,0,5,14,3,0,0,0,7,13,12,4,0,0,9
digit_05019,0,1,13,9,8,13,2,0,0,10,7,0,0,12,2,0,0,9,6,0,9,6,0,0,0,1,13,10,10,0,0,0,0,0,9,16,2,0,0,0,0,2,12,5,12,1,0,0,0,4,9,0,9,5,0,0,0,1,12,11,8,0,0,0,8
digit_05020,0,1,7,14,10,0,0,0,0,10,12,5,9,7,0,0,0,10,6,0,6,15,0,0,0,5,11,11,14,15,1,0,0,0,2,7,1,10,5,0,0,0,0,0,0,9,5,0,0,0,5,3,0,13,5,0,0,0,4,14,14,12,2,0,9
digit_05021,0,0,13,14,12,15,4,0,0,0,16,5,5,16,5,0,0,0,13,7,15,4,0,0,0,0,11,16,2,0,0,0,0,2,13,10,6,0,0,0,0,8,5,1,15,0,0,0,0,5,8,1,16,0,0,0,0,1,10,16,8,0,0,0,8
digit_05022,0,0,0,3,16,2,0,0,0,0,0,12,12,0,0,0,0,0,5,16,2,5,12,0,0,3,15,8,0,11,13,0,0,9,16,4,7,16,8,0,0,9,16,16,16,16,2,0,0,0,0,0,13,12,0,0,0,0,0,1,16,9,0,0,4
digit_05023,0,0,7,16,13,4,0,0,0,0,7,16,16,9,0,0,0,0,1,16,16,9,0,0,0,0,3,16,16,9,0,0,0,0,8,16,16,8,0,0,0,0,10,16,16,4,0,0,0,0,9,16,14,1,0,0,0,0,4,12,14,8,0,0,1
digit_05024,0,0,12,16,16,12,0,0,0,0,6,4,10,13,1,0,0,0,0,0,13,9,0,0,0,0,5,9,16,16,12,0,0,3,16,16,11,3,0,0,0,0,7,13,0,0,0,0,0,0,11,8,0,0,0,0,0,0,16,3,0,0,0,0,7
digit_05025,0,1,9,12,16,16,4,0,0,1,11,8,7,16,4,0,0,0,0,0,8,13,0,0,0,0,5,11,15,15,9,0,0,0,16,15,13,5,2,0,0,0,2,16,5,0,0,0,0,0,9,14,1,0,0,0,0,0,14,10,0,0,0,0,7
digit_05026,0,2,10,15,16,16,14,0,0,7,11,4,6,15,9,0,0,0,0,6,15,12,0,0,0,0,3,16,9,0,0,0,0,0,5,16,8,0,0,0,0,0,0,11,15,2,0,0,0,0,1,6,16,2,0,0,0,1,16,16,6,0,0,0,3
digit_05027,0,0,2,12,16,16,7,0,0,0,10,13,7,8,3,0,0,2,15,6,0,0,0,0,0,11,14,7,5,1,0,0,0,5,16,16,16,15,6,0,0,0,4,4,4,14,8,0,0,0,0,4,7,14,5,0,0,0,2,15,15,5,0,0,5
digit_05028,0,0,0,4,15,12,0,0,0,0,5,15,16,11,0,0,0,8,16,16,16,4,0,0,0,14,11,11,16,2,0,0,0,0,0,7,16,0,0,0,0,0,0,9,16,2,0,0,0,0,0,9,16,3,0,0,0,0,0,5,16,5,0,0,1
digit_05029,0,2,8,15,16,10,0,0,0,11,16,10,4,15,1,0,0,12,13,0,0,13,5,0,0,11,13,0,0,15,7,0,0,8,16,0,0,15,6,0,0,6,16,1,5,16,2,0,0,2,16,6,15,12,0,0,0,0,7,16,14,1,0,0,0
digit_05030,0,0,8,15,16,11,0,0,0,2,16,10,4,14,4,0,0,6,16,2,0,8,8,0,0,10,12,0,0,11,6,0,0,9,11,0,0,15,6,0,0,8,12,0,7,15,1,0,0,2,15,7,15,9,0,0,0,0,10,16,12,1,0,0,0
digit_05031,0,1,13,16,15,6,0,0,0,10,15,9,11,15,0,0,0,7,9,0,12,12,0,0,0,0,0,0,15,6,0,0,0,0,0,8,15,1,0,0,0,0,2,15,10,0,0,0,0,0,10,16,10,9,16,2,0,0,13,16,15,11,4,0,2
digit_05032,0,0,9,16,15,3,0,0,0,7,15,7,16,7,0,0,0,2,2,0,16,2,0,0,0,0,0,6,15,0,0,0,0,0,0,13,10,0,0,0,0,0,3,16,3,3,5,0,0,0,11,14,10,16,6,0,0,0,11,16,13,5,0,0,2
digit_05033,0,0,3,12,16,13,0,0,0,1,14,9,10,13,0,0,0,0,2,0,10,10,0,0,0,0,3,7,15,16,10,0,0,0,16,16,15,3,0,0,0,0,3,13,7,0,0,0,0,0,0,16,2,0,0,0,0,0,4,15,0,0,0,0,7
digit_05034,0,0,5,12,16,10,0,0,0,6,16,13,3,15,1,0,0,11,8,5,5,10,0,0,0,4,11,2,12,2,0,0,0,0,6,16,6,0,0,0,0,0,2,15,8,0,0,0,0,0,8,13,8,0,0,0,0,0,5,15,4,0,0,0,8
digit_05035,0,4,15,16,13,1,0,0,0,9,14,10,16,6,0,0,0,1,1,6,16,2,0,0,0,0,0,8,14,1,0,0,0,0,5,16,5,0,0,0,0,0,13,14,0,0,0,0,0,5,16,9,8,8,10,0,0,4,15,16,16,16,9,0,2
digit_05036,0,0,6,14,13,1,0,0,0,3,16,10,5,11,0,0,0,5,16,0,0,13,0,0,0,6,12,0,0,12,3,0,0,7,12,0,0,13,3,0,0,3,11,0,5,12,0,0,0,0,13,4,15,4,0,0,0,0,5,16,6,0,0,0,0
digit_05037,0,0,1,16,11,0,0,0,0,0,0,15,16,1,0,0,0,0,0,15,14,0,0,0,0,0,2,16,14,0,0,0,0,0,1,16,15,0,0,0,0,0,0,14,13,0,0,0,0,0,0,13,10,0,0,0,0,0,0,12,11,0,0,0,1
digit_05038,0,1,10,15,15,5,0,0,0,11,16,9,12,10,0,0,0,15,6,0,14,7,0,0,0,0,0,6,16,5,0,0,0,0,1,15,11,0,0,0,0,0,5,16,4,0,0,0,0,1,15,11,8,12,14,1,0,1,15,16,16,12,5,0,2
digit_05039,0,0,0,14,13,1,0,0,0,0,4,16,11,0,0,0,0,0,12,16,1,0,0,0,0,1,15,16,14,1,0,0,0,4,16,12,8,12,7,0,0,2,15,8,0,8,16,2,0,0,10,14,9,15,15,1,0,0,1,14,16,14,2,0,6
digit_05040,0,2,9,15,16,15,2,0,0,11,11,5,9,16,3,0,0,0,0,0,9,12,0,0,0,0,0,0,6,15,1,0,0,0,0,0,0,14,9,0,0,0,0,0,0,12,12,0,0,0,5,3,6,15,7,0,0,0,12,16,15,9,1,0,3
digit_05041,0,0,8,14,16,13,1,0,0,10,9,4,6,16,3,0,0,0,0,1,10,13,0,0,0,0,0,7,14,2,0,0,0,0,0,7,13,1,0,0,0,0,0,0,8,13,1,0,0,0,0,0,3,16,4,0,0,0,14,16,13,9,0,0,3
digit_05042,0,0,4,11,16,16,2,0,0,0,8,8,9,14,0,0,0,0,0,0,11,12,3,0,0,6,15,16,16,15,6,0,0,3,7,11,13,0,0,0,0,0,0,15,2,0,0,0,0,0,3,16,0,0,0,0,0,0,5,12,0,0,0,0,7
digit_05043,0,0,9,14,16,16,2,0,0,7,15,7,4,14,8,0,0,0,0,0,5,15,4,0,0,0,0,0,16,4,0,0,0,0,0,0,15,4,0,0,0,0,0,0,7,12,0,0,0,0,15,2,8,14,0,0,0,0,10,15,12,3,0,0,3
digit_05044,0,2,13,16,16,15,4,0,0,7,12,8,8,16,12,0,0,0,0,0,8,16,7,0,0,0,0,0,14,10,0,0,0,0,0,0,12,15,3,0,0,0,0,0,2,16,11,0,0,0,4,4,7,16,10,0,0,2,15,16,16,12,1,0,3
digit_05045,0,0,0,1,14,5,0,0,0,0,0,11,11,0,0,0,0,0,9,12,1,0,0,0,0,5,15,1,0,2,4,0,0,14,7,0,0,13,10,0,0,15,16,16,16,16,5,0,0,3,8,8,15,10,0,0,0,0,0,3,15,2,0,0,4
digit_05046,0,0,0,9,9,0,0,0,0,0,3,15,4,0,0,0,0,0,10,12,0,0,0,0,0,0,12,8,4,3,0,0,0,0,14,16,12,14,5,0,0,0,12,10,0,4,13,0,0,0,9,11,0,6,16,1,0,0,0,8,14,15,8,0,6
digit_05047,0,0,0,14,15,1,0,0,0,0,6,16,11,0,0,0,0,0,13,15,2,0,0,0,0,0,16,12,0,0,0,0,0,3,16,16,16,10,1,0,0,2,16,12,4,11,12,0,0,0,10,14,6,14,15,0,0,0,1,13,16,16,10,0,6
digit_05048,0,0,0,13,15,2,0,0,0,0,4,16,11,1,0,0,0,0,13,15,1,0,0,0,0,0,15,9,0,0,0,0,0,4,16,14,15,8,0,0,0,1,16,15,8,13,9,0,0,0,11,10,0,11,16,0,0,0,2,14,16,16,13,0,6
digit_05049,0,0,0,4,15,7,0,0,0,0,3,15,12,0,0,0,0,1,14,12,0,2,11,0,0,10,14,0,0,13,12,0,0,11,15,12,15,16,5,0,0,4,10,8,16,11,0,0,0,0,0,2,16,4,0,0,0,0,0,6,14,0,0,0,4
digit_05050,0,0,9,16,10,2,0,0,0,0,16,14,11,10,0,0,0,1,16,9,12,15,0,0,0,0,7,15,16,16,8,0,0,0,0,10,6,16,10,0,0,0,0,0,1,15,9,0,0,0,0,1,7,16,8,0,0,0,6,16,16,14,1,0,9
digit_05051,0,0,6,16,11,0,0,0,0,0,9,16,16,5,0,0,0,0,8,16,16,4,0,0,0,0,10,16,13,0,0,0,0,0,13,16,12,0,0,0,0,0,10,16,9,0,0,0,0,0,9,16,10,0,0,0,0,0,4,15,16,3,0,0,1
digit_05052,0,0,10,12,16,16,8,0,0,4,16,16,11,5,4,0,0,10,12,3,0,0,0,0,0,12,11,0,0,0,0,0,0,6,16,14,8,0,0,0,0,0,5,10,16,3,0,0,0,0,4,8,16,3,0,0,0,0,13,16,11,0,0,0,5
digit_05053,0,0,7,5,14,13,0,0,0,0,16,15,6,9,2,0,0,4,16,7,0,4,4,0,0,6,12,1,0,5,7,0,0,8,7,0,0,12,3,0,0,4,8,0,4,12,0,0,0,2,12,5,15,4,0,0,0,0,6,15,6,0,0,0,0
digit_05054,0,0,9,16,16,7,0,0,0,2,16,11,4,15,2,0,0,4,16,2,2,16,6,0,0,0,13,11,13,16,10,0,0,0,1,10,13,16,6,0,0,0,0,0,3,16,7,0,0,0,0,2,13,14,1,0,0,0,11,15,15,6,0,0,9
digit_05055,0,0,9,16,16,7,0,0,0,7,16,12,7,11,2,0,0,13,13,1,0,0,0,0,0,10,16,10,7,0,0,0,0,0,8,12,16,10,0,0,0,0,0,0,5,16,3,0,0,0,1,0,11,16,1,0,0,0,7,16,16,6,0,0,5
digit_05056,0,2,11,16,15,6,0,0,0,11,15,9,14,13,0,0,0,7,1,0,13,9,0,0,0,0,0,1,16,8,0,0,0,0,1,11,13,1,0,0,0,0,5,16,5,0,0,0,0,2,15,9,2,4,4,0,0,2,15,16,16,16,16,1,2
digit_05057,0,2,9,16,13,13,2,0,0,11,11,4,2,10,4,0,0,6,12,2,4,12,0,0,0,0,6,14,13,2,0,0,0,0,1,14,12,0,0,0,0,0,8,7,13,0,0,0,0,0,12,5,12,0,0,0,0,0,13,14,3,0,0,0,8
digit_05058,0,1,12,16,14,8,0,0,0,4,16,8,10,15,3,0,0,0,0,0,5,16,3,0,0,0,0,1,12,15,0,0,0,0,0,10,16,5,0,0,0,0,5,16,10,0,0,0,0,1,14,15,6,10,11,0,0,0,13,16,16,14,8,1,2
digit_05059,0,0,11,8,12,5,0,0,0,1,15,11,6,14,2,0,0,4,11,0,0,9,4,0,0,4,8,0,0,8,6,0,0,6,7,0,0,11,3,0,0,5,8,0,5,13,0,0,0,3,13,5,15,3,0,0,0,0,9,14,4,0,0,0,0
digit_05060,0,0,4,13,15,6,0,0,0,0,15,11,2,14,2,0,0,3,14,1,0,12,4,0,0,5,12,0,0,9,5,0,0,5,5,0,0,12,2,0,0,4,9,0,2,13,2,0,0,0,13,2,14,7,0,0,0,0,5,16,7,0,0,0,0
digit_05061,0,0,3,16,12,1,0,0,0,0,3,16,16,5,0,0,0,0,2,16,16,5,0,0,0,0,0,16,16,5,0,0,0,0,4,16,16,2,0,0,0,0,4,16,14,0,0,0,0,0,6,16,14,0,0,0,0,0,2,16,14,0,0,0,1
digit_05062,0,1,13,16,16,12,0,0,0,3,12,6,11,14,0,0,0,0,0,0,9,12,0,0,0,1,9,15,16,16,9,0,0,2,12,15,14,5,5,0,0,0,5,15,1,0,0,0,0,0,11,9,0,0,0,0,0,0,15,3,0,0,0,0,7
digit_05063,0,0,1,9,15,2,0,0,0,0,5,16,7,1,0,0,0,0,14,8,0,0,0,0,0,0,15,6,8,4,0,0,0,0,15,16,13,14,7,0,0,0,14,3,0,3,12,0,0,0,6,9,7,9,15,0,0,0,0,10,14,14,2,0,6
digit_05064,0,3,12,15,16,16,3,0,0,6,16,9,9,16,6,0,0,0,3,0,11,15,1,0,0,0,0,4,16,7,0,0,0,0,0,7,16,4,0,0,0,0,0,0,13,11,0,0,0,0,4,5,15,14,0,0,0,3,16,16,15,6,0,0,3
digit_05065,0,1,13,16,16,5,0,0,0,7,10,4,10,12,0,0,0,0,0,0,11,7,0,0,0,0,0,2,15,2,0,0,0,0,0,12,7,0,0,0,0,0,6,12,1,0,0,0,0,0,16,3,1,5,3,0,0,1,15,16,16,15,3,0,2
digit_05066,0,0,1,12,16,8,0,0,0,2,13,16,16,8,0,0,0,13,16,14,16,12,0,0,0,11,6,7,16,2,0,0,0,0,0,11,16,1,0,0,0,0,0,13,13,0,0,0,0,0,0,15,13,0,0,0,0,0,0,13,13,0,0,0,1
digit_05067,0,0,9,15,15,2,0,0,0,3,11,4,15,6,0,0,0,0,0,0,16,2,0,0,0,2,12,13,16,16,11,0,0,2,12,15,11,6,1,0,0,0,3,16,0,0,0,0,0,0,5,14,0,0,0,0,0,0,11,7,0,0,0,0,7
digit_05068,0,0,0,2,16,3,0,0,0,0,0,12,13,0,0,0,0,0,8,15,2,1,0,0,0,1,15,8,1,13,11,0,0,9,16,7,12,16,4,0,0,5,13,16,16,11,0,0,0,0,0,2,16,5,0,0,0,0,0,4,16,2,0,0,4
digit_05069,0,0,0,7,12,0,0,0,0,0,4,16,8,0,0,0,0,0,12,11,0,0,0,0,0,0,15,10,8,6,1,0,0,0,15,16,8,10,8,0,0,0,14,7,0,0,12,0,0,0,8,11,0,5,16,2,0,0,0,9,14,14,5,0,6
digit_05070,0,0,10,16,16,11,0,0,0,1,11,7,6,16,3,0,0,0,0,0,10,15,0,0,0,0,0,0,15,7,0,0,0,0,0,0,15,9,0,0,0,0,0,0,7,13,0,0,0,0,5,4,10,16,0,0,0,0,10,16,16,10,0,0,3
digit_05071,0,0,4,12,13,2,0,0,0,0,5,16,16,5,0,0,0,0,5,16,16,6,0,0,0,0,9,16,15,0,0,0,0,0,10,16,14,0,0,0,0,0,12,16,12,0,0,0,0,0,5,16,11,0,0,0,0,0,6,16,13,0,0,0,1
digit_05072,0,1,7,15,16,9,0,0,1,13,14,7,14,14,0,0,0,6,1,8,16,8,0,0,0,0,3,16,9,0,0,0,0,0,0,11,15,6,1,0,0,0,0,0,7,15,11,0,0,0,5,1,0,11,16,2,0,0,10,16,16,16,7,0,3
digit_05073,0,1,7,13,14,3,0,0,0,10,13,2,5,10,0,0,0,12,4,0,7,16,0,0,0,6,10,9,13,15,1,0,0,0,2,4,0,14,4,0,0,0,0,0,0,13,2,0,0,0,6,0,5,14,0,0,0,0,5,14,14,5,0,0,9
digit_05074,0,0,3,12,12,3,0,0,0,0,4,16,16,4,0,0,0,0,5,16,16,5,0,0,0,0,11,16,15,0,0,0,0,0,12,16,14,0,0,0,0,0,13,16,9,0,0,0,0,0,7,16,10,1,0,0,0,0,5,13,14,4,0,0,1
digit_05075,0,0,5,14,15,2,0,0,0,6,16,10,15,8,0,0,0,1,4,0,8,8,0,0,0,0,1,7,16,16,8,0,0,0,13,16,16,4,0,0,0,0,6,10,9,0,0,0,0,0,0,13,4,0,0,0,0,0,5,15,2,0,0,0,7
digit_05076,0,0,0,9,13,0,0,0,0,0,3,15,4,0,0,0,0,0,12,11,0,0,0,0,0,0,16,11,8,4,0,0,0,0,15,16,8,12,5,0,0,0,14,13,0,1,15,1,0,0,8,12,0,4,16,2,0,0,0,8,12,13,10,1,6
digit_05077,0,0,11,16,9,8,0,0,0,0,14,13,6,15,2,0,0,0,9,6,6,10,0,0,0,0,1,14,13,0,0,0,0,0,1,13,8,0,0,0,0,0,5,7,12,0,0,0,0,0,13,0,10,0,0,0,0,0,13,14,8,0,0,0,8
digit_05078,0,0,0,6,16,6,0,0,0,0,5,16,10,0,0,0,0,2,15,14,0,7,1,0,0,6,16,3,3,16,9,0,0,11,16,8,11,16,6,0,0,3,15,16,16,15,1,0,0,0,0,3,16,7,0,0,0,0,0,5,16,3,0,0,4
digit_05079,0,0,5,12,16,10,0,0,0,8,15,5,12,13,0,0,0,0,0,3,16,4,0,0,0,0,0,5,16,3,0,0,0,0,0,2,15,8,0,0,0,0,0,0,2,14,7,0,0,0,0,0,0,13,11,0,0,0,5,16,16,11,3,0,3
digit_05080,0,0,3,16,12,1,0,0,0,0,10,16,16,0,0,0,0,0,12,16,12,0,0,0,0,0,13,16,10,0,0,0,0,0,16,16,1,0,0,0,0,0,16,16,0,0,0,0,0,0,10,16,1,0,0,0,0,0,2,13,9,0,0,0,1
digit_05081,0,0,0,8,14,0,0,0,0,0,2,16,10,0,0,0,0,0,12,16,1,3,5,0,0,5,16,6,2,16,9,0,0,11,16,0,8,16,7,0,0,10,16,16,16,11,1,0,0,1,7,9,16,4,0,0,0,0,0,10,11,0,0,0,4
digit_05082,0,0,5,12,0,0,0,0,0,0,14,10,14,12,0,0,0,2,16,16,8,11,2,0,0,3,16,11,0,9,3,0,0,5,12,2,0,12,4,0,0,1,12,0,0,13,3,0,0,0,13,6,8,13,0,0,0,0,3,14,12,3,0,0,0
digit_05083,0,7,16,16,16,16,11,0,0,8,16,9,6,0,1,0,0,3,16,3,0,0,0,0,0,0,11,12,0,0,0,0,0,0,4,16,1,0,0,0,0,4,0,14,4,0,0,0,0,9,9,16,3,0,0,0,0,5,15,13,0,0,0,0,5
digit_05084,0,4,13,16,16,15,3,0,0,10,12,7,8,16,8,0,0,0,0,1,12,15,2,0,0,0,0,4,16,10,0,0,0,0,0,8,16,4,0,0,0,0,0,1,16,10,0,0,0,5,7,4,15,13,0,0,0,5,16,16,16,7,0,0,3
digit_05085,0,0,0,12,15,4,0,0,0,0,7,16,9,2,0,0,0,0,12,14,0,0,0,0,0,0,16,11,3,0,0,0,0,3,16,14,15,8,0,0,0,1,16,6,0,12,8,0,0,0,12,12,4,13,12,0,0,0,1,11,16,16,4,0,6
digit_05086,0,2,14,16,16,7,0,0,0,6,15,5,6,13,0,0,0,4,15,0,9,16,6,0,0,2,13,16,16,15,9,0,0,0,1,4,2,15,8,0,0,0,0,0,1,16,6,0,0,0,0,1,12,15,2,0,0,1,14,16,16,6,0,0,9
digit_05087,0,0,0,12,16,1,0,0,0,0,4,16,11,0,0,0,0,0,12,15,1,0,0,0,0,0,15,13,8,4,0,0,0,3,16,15,11,15,7,0,0,2,15,10,0,4,15,3,0,0,8,12,4,6,16,5,0,0,1,11,16,16,13,0,6
digit_05088,0,0,0,14,10,0,0,0,0,3,14,16,13,0,0,0,2,16,16,16,5,0,0,0,1,11,14,15,1,0,0,0,0,0,8,16,1,0,0,0,0,0,7,16,1,0,0,0,0,0,1,15,5,0,0,0,0,0,0,13,13,0,0,0,1
digit_05089,0,1,8,12,16,16,3,0,0,5,14,8,10,15,0,0,0,0,2,5,14,12,2,0,0,3,15,16,15,12,8,0,0,3,6,14,7,0,0,0,0,0,2,15,1,0,0,0,0,0,10,8,0,0,0,0,0,0,14,4,0,0,0,0,7
digit_05090,0,0,15,13,12,12,2,0,0,4,16,16,12,6,0,0,0,0,16,4,0,0,0,0,0,0,11,7,0,0,0,0,0,0,7,14,0,0,0,0,0,0,0,14,6,0,0,0,0,4,5,14,8,0,0,0,0,1,15,16,4,0,0,0,5
digit_05091,0,0,0,3,15,7,0,0,0,0,0,13,14,3,0,0,0,0,6,15,2,6,6,0,0,2,15,4,0,15,8,0,0,8,12,0,4,16,1,0,0,11,14,12,16,10,0,0,0,2,8,7,15,4,0,0,0,0,0,3,16,2,0,0,4
digit_05092,0,0,0,7,14,0,0,0,0,0,4,16,5,0,0,0,0,0,14,9,0,0,10,3,0,7,15,0,0,9,15,0,0,12,15,8,10,15,10,0,0,8,15,12,16,12,1,0,0,0,0,5,15,3,0,0,0,0,0,9,13,0,0,0,4
digit_05093,0,0,5,12,16,16,7,0,0,0,10,9,4,11,12,0,0,0,0,0,0,13,7,0,0,0,2,10,15,16,13,0,0,0,14,13,16,10,1,0,0,0,3,4,16,2,0,0,0,0,0,13,9,0,0,0,0,0,6,13,0,0,0,0,7
digit_05094,0,2,13,16,10,0,0,0,0,6,13,10,16,0,0,0,0,0,0,8,14,0,0,0,0,0,1,14,9,0,0,0,0,0,9,14,1,0,0,0,0,1,14,7,0,0,1,0,0,4,16,5,7,12,14,0,0,3,15,16,16,10,1,0,2
digit_05095,0,1,3,15,15,2,0,0,2,16,16,12,16,6,0,0,1,15,7,6,14,0,0,0,0,5,14,14,10,0,0,0,0,0,7,16,7,0,0,0,0,0,6,15,13,8,0,0,0,0,8,12,7,16,0,0,0,0,4,15,16,14,0,0,8
digit_05096,0,2,15,16,15,1,0,0,0,3,11,5,16,4,0,0,0,0,0,0,15,5,0,0,0,0,0,4,15,1,0,0,0,0,2,14,5,0,0,0,0,0,15,10,0,0,0,0,0,5,16,3,3,4,3,0,0,4,16,16,16,16,11,0,2
digit_05097,0,2,13,16,16,10,0,0,2,15,12,7,10,16,0,0,0,3,1,0,12,13,0,0,0,0,0,3,16,4,0,0,0,0,0,13,9,0,0,0,0,0,6,15,3,0,0,0,0,0,16,10,6,8,8,1,0,2,15,16,16,12,12,1,2
digit_05098,0,4,7,13,16,16,4,0,0,11,16,14,9,2,0,0,0,14,5,0,0,0,0,0,0,12,8,0,0,0,0,0,0,9,12,0,0,0,0,0,0,2,13,16,9,0,0,0,0,1,3,14,16,3,0,0,0,4,14,16,13,0,0,0,5
digit_05099,0,0,12,16,16,16,15,0,0,0,3,4,2,8,15,0,0,0,0,2,4,11,11,0,0,0,6,15,16,16,12,0,0,0,5,6,15,7,2,0,0,0,0,10,13,0,0,0,0,0,4,16,2,0,0,0,0,0,14,11,0,0,0,0,7
digit_05100,0,1,14,16,15,4,0,0,0,4,16,9,11,15,3,0,0,6,16,1,8,16,2,0,0,2,14,10,15,16,6,0,0,0,3,11,8,15,5,0,0,0,0,0,1,16,5,0,0,0,3,3,11,15,1,0,0,0,13,16,14,4,0,0,9
digit_05101,0,8,16,12,15,16,7,0,0,13,16,14,6,4,1,0,0,12,10,0,0,0,0,0,0,3,16,10,0,0,0,0,0,0,6,15,9,0,0,0,0,0,0,4,16,2,0,0,0,1,4,6,16,5,0,0,0,7,16,16,10,0,0,0,5
digit_05102,0,0,0,3,14,6,0,0,0,0,3,14,10,1,0,0,0,1,13,10,0,0,0,0,0,9,14,1,0,7,5,0,0,11,15,8,9,16,10,0,0,7,16,16,15,15,2,0,0,0,0,0,12,11,0,0,0,0,0,3,16,2,0,0,4
digit_05103,0,0,11,16,16,14,0,0,0,1,16,15,13,15,1,0,0,0,14,15,16,6,0,0,0,0,8,16,7,0,0,0,0,0,8,16,7,0,0,0,0,0,13,14,13,0,0,0,0,0,16,11,15,0,0,0,0,0,12,16,10,0,0,0,8
digit_05104,0,0,13,16,16,15,2,0,0,0,14,13,11,16,2,0,0,0,11,13,15,6,0,0,0,0,5,16,10,0,0,0,0,0,10,14,15,0,0,0,0,1,14,3,15,7,0,0,0,6,11,0,15,6,0,0,0,1,13,16,15,3,0,0,8
digit_05105,0,0,2,14,13,0,0,0,0,0,14,15,3,0,0,0,0,6,16,2,1,5,0,0,0,10,13,0,5,16,2,0,0,7,16,9,12,16,11,0,0,0,5,12,16,10,2,0,0,0,0,12,12,1,0,0,0,0,0,16,5,0,0,0,4
digit_05106,0,0,9,16,16,10,0,0,0,2,16,9,11,11,0,0,0,0,15,7,12,16,3,0,0,0,7,16,15,15,7,0,0,0,0,0,0,10,10,0,0,0,0,0,0,11,10,0,0,0,11,2,6,16,6,0,0,0,9,16,16,11,1,0,9
digit_05107,0,0,10,13,14,8,0,0,0,0,13,9,5,12,5,0,0,4,13,0,0,4,8,0,0,4,8,0,0,4,8,0,0,8,4,0,0,13,2,0,0,8,4,0,9,10,0,0,0,4,12,12,13,1,0,0,0,1,11,11,1,0,0,0,0
digit_05108,0,0,14,16,13,9,1,0,0,0,12,10,9,16,3,0,0,0,9,14,13,13,1,0,0,0,3,13,16,6,0,0,0,0,5,16,12,9,0,0,0,0,13,8,14,6,0,0,0,1,16,11,15,1,0,0,0,1,13,16,6,0,0,0,8
digit_05109,0,0,9,15,13,3,0,0,0,2,14,2,6,5,0,0,0,4,9,0,0,15,4,0,0,1,13,5,7,16,6,0,0,0,2,7,7,14,3,0,0,0,0,0,1,14,1,0,0,0,3,1,10,9,0,0,0,0,11,15,9,1,0,0,9
digit_05110,0,0,13,16,9,4,0,0,0,0,15,9,9,15,1,0,0,0,11,9,13,11,0,0,0,0,5,16,14,1,0,0,0,0,7,16,10,0,0,0,0,0,14,10,16,2,0,0,0,0,16,4,15,7,0,0,0,0,11,16,16,3,0,0,8
digit_05111,0,0,0,12,11,0,0,0,0,0,12,12,9,10,0,0,0,2,16,2,1,11,1,0,0,1,15,0,0,5,8,0,0,2,14,0,0,5,10,0,0,0,13,2,0,2,13,0,0,0,7,9,0,7,11,0,0,0,0,11,13,16,2,0,0
digit_05112,0,0,0,1,13,13,0,0,0,0,4,15,15,16,0,0,0,8,16,10,6,14,0,0,0,10,6,0,8,13,0,0,0,0,0,0,10,13,0,0,0,0,0,0,13,9,0,0,0,0,0,0,14,7,0,0,0,0,0,0,16,7,0,0,1
digit_05113,0,0,2,12,16,10,0,0,0,2,15,10,6,15,0,0,0,2,7,1,4,14,0,0,0,0,0,0,9,10,0,0,0,0,0,0,12,3,0,0,0,0,0,8,14,0,0,0,0,0,15,16,15,10,5,0,0,0,1,8,8,11,16,6,2
digit_05114,0,4,14,16,16,15,2,0,0,12,11,2,4,16,5,0,0,2,0,1,11,12,0,0,0,0,0,15,16,3,0,0,0,0,0,4,15,10,0,0,0,0,0,0,1,14,10,0,0,1,7,0,3,14,8,0,0,4,15,16,16,11,0,0,3
digit_05115,0,0,0,2,15,2,0,0,0,0,0,12,12,0,0,0,0,0,5,16,2,0,0,0,0,0,11,10,0,3,8,0,0,5,16,1,2,15,5,0,0,9,13,7,14,16,2,0,0,5,15,14,16,10,0,0,0,0,0,2,16,5,0,0,4
digit_05116,0,0,12,16,16,16,7,0,0,1,14,15,6,4,1,0,0,8,16,2,0,0,0,0,0,9,16,12,12,9,1,0,0,1,8,8,8,15,10,0,0,0,0,0,0,13,12,0,0,0,8,2,6,16,5,0,0,1,11,16,16,8,0,0,5
digit_05117,0,0,0,11,13,0,0,0,0,0,1,16,12,0,0,0,0,0,4,16,6,0,0,0,0,0,7,16,16,7,0,0,0,0,8,16,16,14,11,0,0,0,9,16,3,5,16,4,0,0,6,15,5,14,16,2,0,0,1,11,16,15,4,0,6
digit_05118,0,3,15,16,15,3,0,0,0,3,10,8,15,12,0,0,0,0,0,0,14,8,0,0,0,0,11,13,16,16,8,0,0,1,15,16,15,7,2,0,0,0,5,16,5,0,0,0,0,2,16,11,0,0,0,0,0,3,16,5,0,0,0,0,7
digit_05119,0,0,4,15,13,3,0,0,0,4,13,14,10,13,0,0,0,8,16,8,8,13,0,0,0,0,15,12,15,11,0,0,0,0,6,16,13,1,0,0,0,0,11,15,15,2,0,0,0,0,12,8,15,8,0,0,0,0,5,15,16,5,0,0,8
digit_05120,0,0,13,13,1,0,0,0,0,7,16,13,12,13,0,0,0,8,13,1,15,16,4,0,0,4,15,13,15,15,10,0,0,0,6,11,3,9,13,0,0,0,0,0,0,5,16,0,0,1,7,0,1,9,15,1,0,1,13,16,16,16,6,0,9
digit_05121,0,0,0,14,12,1,0,0,0,0,4,15,7,10,0,0,0,2,16,15,5,12,2,0,0,7,16,0,0,11,5,0,0,5,12,0,0,12,4,0,0,1,15,0,0,14,2,0,0,0,9,6,7,15,0,0,0,0,1,13,16,8,0,0,0
digit_05122,0,0,0,11,16,3,0,0,0,0,5,16,16,5,0,0,0,6,16,15,16,3,0,0,0,11,11,10,16,1,0,0,0,0,0,10,15,0,0,0,0,0,0,11,13,0,0,0,0,0,0,10,16,2,0,0,0,0,0,7,16,2,0,0,1
digit_05123,0,0,6,16,8,0,0,0,0,0,8,13,16,3,0,0,0,0,2,12,10,8,0,0,0,0,0,0,7,11,0,0,0,0,0,0,9,10,0,0,0,0,0,0,13,7,0,0,0,0,1,10,16,10,8,3,0,0,4,16,16,15,16,16,2
digit_05124,0,0,9,16,16,12,2,0,0,3,13,5,4,14,5,0,0,0,0,0,7,15,2,0,0,0,0,5,16,11,0,0,0,0,0,0,8,16,7,0,0,0,0,0,0,13,8,0,0,0,4,5,5,15,4,0,0,0,12,16,15,5,0,0,3
digit_05125,0,0,0,2,14,1,0,0,0,0,0,14,8,0,0,0,0,0,8,15,1,0,0,0,0,0,13,6,0,5,11,0,0,3,15,0,0,10,9,0,0,9,13,4,7,16,3,0,0,7,16,16,16,13,0,0,0,0,3,2,16,6,0,0,4
digit_05126,0,5,16,16,16,16,10,0,0,4,10,4,4,4,0,0,0,10,10,0,0,0,0,0,0,4,16,13,7,1,0,0,0,0,2,8,14,14,2,0,0,0,0,0,1,16,7,0,0,3,3,2,11,15,0,0,0,5,16,16,12,1,0,0,5
digit_05127,0,0,0,12,13,0,0,0,0,0,2,16,12,0,0,0,0,0,4,16,6,0,0,0,0,0,10,16,8,0,0,0,0,0,8,16,16,15,5,0,0,0,8,16,0,6,15,1,0,0,7,16,4,10,16,3,0,0,1,11,16,16,12,0,6
digit_05128,0,0,5,13,16,14,0,0,0,1,14,8,5,16,2,0,0,0,1,0,2,15,2,0,0,0,0,2,8,15,3,0,0,0,0,15,16,13,8,0,0,0,0,6,14,0,0,0,0,0,0,13,7,0,0,0,0,0,7,14,0,0,0,0,7
digit_05129,0,0,4,16,14,3,0,0,2,14,16,12,10,11,0,0,0,13,12,9,15,10,0,0,0,3,14,14,16,4,0,0,0,0,9,16,8,0,0,0,0,0,12,15,14,1,0,0,0,0,12,12,16,4,0,0,0,0,4,15,16,3,0,0,8
digit_05130,0,0,8,16,4,0,0,0,0,6,12,2,14,13,0,0,0,9,6,1,14,14,0,0,0,2,11,12,8,16,2,0,0,0,0,0,0,11,8,0,0,0,0,0,0,7,9,0,0,0,2,0,1,12,6,0,0,0,8,9,13,7,0,0,9
digit_05131,0,0,0,16,11,1,0,0,0,0,13,16,10,9,0,0,0,2,16,11,1,14,2,0,0,3,16,1,0,8,7,0,0,4,13,0,0,8,9,0,0,3,16,1,0,10,9,0,0,0,10,8,3,16,4,0,0,0,1,11,16,13,1,0,0
digit_05132,0,0,0,0,5,15,1,0,0,0,0,0,11,16,1,0,0,0,0,8,15,16,3,0,0,2,13,15,5,16,0,0,0,8,14,2,3,16,0,0,0,0,0,0,4,15,0,0,0,0,0,0,5,15,0,0,0,0,0,0,5,16,1,0,1
digit_05133,0,0,4,16,16,4,0,0,0,0,12,11,7,11,0,0,0,0,9,2,5,12,0,0,0,0,0,0,7,11,0,0,0,0,0,0,13,6,0,0,0,0,0,2,16,1,0,0,0,0,1,15,15,10,1,0,0,0,5,16,8,11,11,0,2
digit_05134,0,1,13,16,16,8,0,0,0,11,13,4,13,7,0,0,0,7,1,7,16,1,0,0,0,0,5,16,15,9,0,0,0,0,3,6,8,15,8,0,0,0,6,1,0,7,13,0,0,4,16,5,2,13,10,0,0,1,12,16,16,11,1,0,3
digit_05135,0,0,0,1,16,3,0,0,0,0,0,10,11,0,0,0,0,0,1,14,3,0,0,0,0,0,7,12,0,3,9,0,0,0,14,2,0,10,7,0,0,6,13,5,11,14,1,0,0,11,16,16,16,9,0,0,0,1,2,1,14,1,0,0,4
digit_05136,0,0,6,15,16,16,3,0,0,0,14,16,6,6,1,0,0,3,14,5,0,0,0,0,0,11,15,8,4,0,0,0,0,1,10,12,16,8,0,0,0,0,0,0,5,16,0,0,0,0,0,5,13,14,0,0,0,0,4,16,14,3,0,0,5
digit_05137,0,0,2,16,5,0,0,0,0,0,6,16,2,0,0,0,0,0,9,13,0,0,0,0,0,0,11,13,12,11,2,0,0,0,14,16,14,10,14,0,0,0,13,7,3,0,14,6,0,0,10,14,4,8,16,7,0,0,2,14,16,15,8,0,6
digit_05138,0,0,9,13,16,16,4,0,0,2,12,5,4,14,4,0,0,0,0,0,5,13,0,0,0,0,0,3,13,12,5,0,0,0,0,13,14,12,8,0,0,0,0,13,6,0,0,0,0,0,4,14,1,0,0,0,0,0,14,7,0,0,0,0,7
digit_05139,0,0,6,8,15,13,1,0,0,1,16,16,11,15,4,0,0,0,15,9,8,15,2,0,0,0,10,16,16,10,0,0,0,0,13,16,10,0,0,0,0,4,15,10,12,0,0,0,0,2,15,5,15,0,0,0,0,0,8,16,10,0,0,0,8
digit_05140,0,1,9,14,8,0,0,0,0,8,11,3,7,11,1,0,0,12,7,0,3,16,4,0,0,3,13,12,14,14,7,0,0,0,0,0,0,6,7,0,0,0,0,0,0,9,9,0,0,0,0,0,2,16,1,0,0,0,8,13,14,5,0,0,9
digit_05141,0,0,9,16,11,0,0,0,0,1,16,13,15,7,0,0,0,7,16,6,4,16,3,0,0,9,14,0,0,11,10,0,0,8,13,0,0,7,13,0,0,7,13,0,0,7,16,0,0,3,16,7,7,15,6,0,0,0,9,16,16,10,0,0,0
digit_05142,0,0,6,14,7,6,0,0,0,1,14,6,13,16,1,0,0,5,12,0,9,16,3,0,0,1,15,14,13,11,8,0,0,0,0,0,0,8,8,0,0,0,0,0,0,7,8,0,0,1,14,2,1,12,1,0,0,0,4,13,15,5,0,0,9
digit_05143,0,2,16,16,16,16,3,0,0,1,16,13,6,4,0,0,0,9,16,3,0,0,0,0,0,9,16,13,7,0,0,0,0,3,11,13,16,9,0,0,0,0,0,0,7,16,1,0,0,2,11,5,12,14,0,0,0,3,16,16,16,5,0,0,5
digit_05144,0,0,8,16,16,9,0,0,0,1,16,15,11,8,0,0,0,1,14,10,0,0,0,0,0,7,16,10,6,0,0,0,0,2,12,16,16,10,0,0,0,0,0,1,7,15,0,0,0,0,11,5,13,13,0,0,0,0,11,16,16,6,0,0,5
digit_05145,0,0,0,16,11,0,0,0,0,0,6,16,10,0,0,0,0,0,11,11,0,0,0,0,0,0,12,15,11,5,0,0,0,0,14,15,12,15,11,0,0,0,12,13,0,0,16,5,0,0,6,15,4,11,16,4,0,0,0,13,16,14,9,0,6
digit_05146,0,1,14,16,16,14,1,0,0,0,10,13,6,4,0,0,0,3,15,11,3,0,0,0,0,5,16,16,16,6,0,0,0,0,0,1,10,15,0,0,0,0,0,0,11,11,0,0,0,0,7,12,16,5,0,0,0,2,15,15,5,0,0,0,5
digit_05147,0,0,2,14,13,2,0,0,0,0,11,16,15,13,0,0,0,0,13,13,1,16,3,0,0,0,12,13,0,15,6,0,0,1,16,7,1,16,4,0,0,1,16,5,8,16,1,0,0,0,15,13,15,13,0,0,0,0,3,15,15,2,0,0,0
digit_05148,0,0,3,13,6,0,0,0,0,0,14,11,15,8,0,0,0,0,15,1,14,16,1,0,0,0,11,13,12,13,5,0,0,0,3,8,1,8,10,0,0,0,0,0,0,9,6,0,0,0,9,4,3,16,2,0,0,0,4,14,14,7,0,0,9
digit_05149,0,0,7,10,16,9,0,0,0,0,15,16,13,15,1,0,0,0,10,13,10,16,2,0,0,0,1,16,16,11,0,0,0,0,8,16,16,5,0,0,0,0,15,8,14,7,0,0,0,0,16,7,16,4,0,0,0,0,9,16,14,0,0,0,8
digit_05150,0,0,3,12,12,1,0,0,0,3,13,6,9,12,0,0,0,9,5,0,2,15,0,0,0,7,9,4,12,16,1,0,0,0,9,11,3,10,2,0,0,0,0,0,0,11,3,0,0,0,10,2,1,13,0,0,0,0,3,13,16,4,0,0,9
digit_05151,0,0,3,15,13,2,0,0,0,0,10,16,12,13,0,0,0,0,13,13,9,14,0,0,0,0,6,15,15,11,0,0,0,0,4,16,14,1,0,0,0,0,11,14,15,5,0,0,0,0,9,10,14,9,0,0,0,0,4,16,15,2,0,0,8
digit_05152,0,0,0,2,15,8,0,0,0,0,1,15,13,3,0,0,0,0,9,13,1,0,0,0,0,1,15,6,0,5,11,0,0,7,14,0,1,15,8,0,0,8,15,9,15,16,3,0,0,1,11,16,16,10,0,0,0,0,0,2,15,5,0,0,4
digit_05153,0,0,0,16,13,0,0,0,0,0,0,15,15,0,0,0,0,0,0,16,13,0,0,0,0,0,3,16,11,0,0,0,0,0,2,16,12,0,0,0,0,0,3,16,12,0,0,0,0,0,1,16,12,0,0,0,0,0,0,12,15,1,0,0,1
digit_05154,0,0,3,11,16,15,2,0,0,4,16,10,4,16,4,0,0,7,6,0,5,16,1,0,0,0,0,0,10,12,0,0,0,0,0,9,16,16,10,0,0,0,0,6,15,6,1,0,0,0,0,13,9,0,0,0,0,0,1,15,2,0,0,0,7
digit_05155,0,0,6,16,16,6,0,0,0,5,13,5,7,13,0,0,0,1,1,0,5,11,0,0,0,0,0,5,14,14,8,0,0,0,0,5,16,8,2,0,0,0,0,8,8,0,0,0,0,0,1,14,3,0,0,0,0,0,7,12,0,0,0,0,7
digit_05156,0,0,9,16,16,12,0,0,0,2,16,8,9,16,0,0,0,1,8,0,13,14,0,0,0,0,0,13,16,5,0,0,0,0,0,8,14,15,5,0,0,0,0,0,0,9,14,0,0,0,9,6,0,11,15,0,0,0,8,16,16,16,6,0,3
digit_05157,0,0,9,16,16,16,7,0,0,3,16,11,4,4,1,0,0,6,16,1,0,0,0,0,0,9,16,9,4,0,0,0,0,0,6,10,16,8,0,0,0,0,2,0,8,14,0,0,0,0,13,7,8,14,0,0,0,0,10,16,16,4,0,0,5
digit_05158,0,0,0,14,11,0,0,0,0,0,0,12,16,2,0,0,0,0,0,12,16,2,0,0,0,0,0,15,16,1,0,0,0,0,0,16,16,1,0,0,0,0,3,16,15,0,0,0,0,0,4,16,14,0,0,0,0,0,1,14,16,4,0,0,1
digit_05159,0,0,1,13,14,1,0,0,0,1,11,16,10,12,0,0,0,6,16,15,0,13,3,0,0,7,14,5,0,8,9,0,0,6,13,0,0,8,11,0,0,4,15,0,1,14,9,0,0,0,14,8,12,16,3,0,0,0,3,15,15,4,0,0,0
digit_05160,0,0,2,14,13,1,0,0,0,0,14,16,13,11,0,0,0,4,16,11,1,13,3,0,0,5,16,3,0,10,9,0,0,6,13,0,0,9,11,0,0,2,15,0,1,15,8,0,0,0,11,12,15,15,1,0,0,0,2,13,16,5,0,0,0
digit_05161,0,0,10,16,16,10,0,0,0,4,16,6,1,16,2,0,0,0,10,0,1,16,3,0,0,0,0,0,5,15,0,0,0,0,0,0,11,11,0,0,0,0,0,2,15,4,0,0,0,0,2,13,16,12,8,0,0,0,13,15,11,8,14,7,2
digit_05162,0,0,10,16,14,6,0,0,0,0,16,8,6,16,3,0,0,0,9,5,0,13,6,0,0,0,0,0,0,14,8,0,0,0,0,0,4,16,2,0,0,0,0,0,13,11,0,0,0,0,2,9,16,10,6,1,0,0,12,16,14,13,16,8,2
digit_05163,0,0,7,15,16,15,0,0,0,2,15,2,5,16,1,0,0,0,0,0,10,13,0,0,0,0,0,3,14,11,2,0,0,0,6,16,16,16,8,0,0,0,5,13,7,0,0,0,0,0,3,15,1,0,0,0,0,0,10,12,0,0,0,0,7
digit_05164,0,0,6,14,16,6,0,0,0,6,16,16,8,15,0,0,0,7,14,14,12,14,0,0,0,0,13,10,16,6,0,0,0,0,4,16,10,0,0,0,0,0,11,13,16,2,0,0,0,0,15,5,15,4,0,0,0,0,8,16,15,1,0,0,8
digit_05165,0,0,10,16,13,3,0,0,0,0,6,15,12,13,0,0,0,0,0,6,6,16,0,0,0,0,0,0,3,16,1,0,0,0,0,0,7,14,0,0,0,0,0,0,13,8,0,0,0,0,4,15,16,13,8,5,0,0,6,16,10,9,12,15,2
digit_05166,0,0,10,16,14,2,0,0,0,3,16,9,8,14,0,0,0,5,16,3,2,15,6,0,0,5,16,3,0,12,10,0,0,7,14,0,0,12,11,0,0,7,16,1,3,16,5,0,0,4,16,7,12,11,1,0,0,0,10,16,14,3,0,0,0
digit_05167,0,0,0,1,15,12,0,0,0,0,0,12,16,13,0,0,0,0,11,16,16,13,0,0,0,11,16,11,13,13,0,0,0,3,7,0,12,14,0,0,0,0,0,0,11,13,0,0,0,0,0,0,15,13,0,0,0,0,0,2,15,13,0,0,1
digit_05168,0,0,11,16,16,7,0,0,0,2,16,10,11,15,0,0,0,0,15,4,4,16,3,0,0,0,3,3,5,16,1,0,0,0,0,0,9,13,0,0,0,0,0,1,16,7,0,0,0,0,2,12,15,6,4,1,0,0,10,16,16,16,16,10,2
digit_05169,0,0,0,14,14,1,0,0,0,0,3,16,14,0,0,0,0,0,10,16,2,0,0,0,0,0,16,16,8,3,0,0,0,3,16,15,8,14,2,0,0,0,16,11,0,11,10,0,0,0,9,14,7,16,10,0,0,0,0,12,16,14,1,0,6
digit_05170,0,0,8,16,16,12,0,0,0,0,14,12,10,14,0,0,0,0,3,3,10,10,0,0,0,0,0,8,16,5,0,0,0,0,0,7,16,6,0,0,0,0,4,0,7,14,0,0,0,2,16,5,10,16,0,0,0,0,7,16,16,7,0,0,3
digit_05171,0,0,7,16,16,14,0,0,0,0,16,12,10,15,1,0,0,0,10,4,16,10,0,0,0,0,0,9,16,11,1,0,0,0,0,0,7,16,8,0,0,0,0,0,0,16,7,0,0,0,8,4,10,15,2,0,0,0,12,16,16,6,0,0,3
digit_05172,0,0,12,16,16,5,0,0,0,3,13,8,14,15,1,0,0,0,0,0,13,16,0,0,0,6,16,16,16,16,13,0,0,6,9,11,16,9,5,0,0,0,0,14,11,0,0,0,0,0,7,16,2,0,0,0,0,0,13,10,0,0,0,0,7
digit_05173,0,0,5,15,16,15,1,0,0,10,16,11,8,16,5,0,0,12,10,1,10,15,1,0,0,0,0,8,16,11,1,0,0,0,0,1,10,16,10,0,0,0,0,2,0,7,16,0,0,0,8,13,5,15,12,0,0,0,5,15,16,14,3,0,3
digit_05174,0,0,10,16,16,10,1,0,0,4,16,11,11,16,3,0,0,1,9,1,10,15,1,0,0,0,0,5,16,10,0,0,0,0,0,0,7,15,10,0,0,0,0,0,0,7,16,0,0,2,12,7,4,14,15,1,0,0,11,16,16,15,4,0,3
digit_05175,0,0,0,1,13,7,0,0,0,0,0,10,14,1,0,0,0,0,3,16,5,0,0,0,0,0,13,11,0,3,8,0,0,6,15,2,0,14,7,0,0,8,16,12,13,16,4,0,0,3,11,11,15,12,0,0,0,0,0,0,16,9,0,0,4
digit_05176,0,0,0,14,14,1,0,0,0,0,7,16,10,2,0,0,0,0,14,14,1,0,0,0,0,0,14,16,14,4,0,0,0,1,16,16,8,16,2,0,0,0,14,11,0,13,9,0,0,0,9,14,6,16,7,0,0,0,0,14,16,14,0,0,6
digit_05177,0,0,0,14,14,1,0,0,0,0,6,16,12,0,0,0,0,0,12,16,2,0,0,0,0,0,16,16,16,9,0,0,0,1,16,15,8,14,9,0,0,0,14,12,0,12,13,0,0,0,6,14,7,16,10,0,0,0,1,13,16,13,1,0,6
digit_05178,0,0,0,12,14,1,0,0,0,0,5,16,12,0,0,0,0,0,10,15,1,0,0,0,0,0,14,15,9,2,0,0,0,1,16,15,16,15,2,0,0,0,15,7,1,12,10,0,0,0,10,14,4,15,12,0,0,0,0,11,16,15,5,0,6
digit_05179,0,0,0,4,14,2,0,0,0,0,1,15,7,0,0,0,0,0,8,14,0,2,8,0,0,1,15,5,0,10,11,0,0,6,14,1,6,16,5,0,0,12,16,16,16,14,2,0,0,3,12,13,16,3,0,0,0,0,0,6,10,0,0,0,4
digit_05180,0,0,0,12,14,5,0,0,0,0,6,11,4,15,0,0,0,0,8,9,8,16,3,0,0,0,3,14,13,13,4,0,0,0,0,0,0,10,7,0,0,0,0,0,0,7,8,0,0,0,13,6,1,7,9,0,0,0,1,10,14,15,2,0,9
digit_05181,0,0,1,15,15,2,0,0,0,0,0,12,16,7,0,0,0,0,0,14,16,5,0,0,0,0,0,13,16,2,0,0,0,0,2,16,13,0,0,0,0,0,6,16,13,0,0,0,0,0,6,16,11,0,0,0,0,0,1,14,16,7,0,0,1
digit_05182,0,0,7,16,16,10,0,0,0,0,14,13,7,4,0,0,0,5,16,6,0,0,0,0,0,14,15,8,6,1,0,0,0,4,12,12,16,13,2,0,0,0,0,0,1,15,6,0,0,0,5,6,6,16,4,0,0,0,7,16,16,11,1,0,5
digit_05183,0,0,1,12,12,3,0,0,0,0,9,13,5,14,0,0,0,0,15,3,0,10,2,0,0,3,16,4,0,9,4,0,0,4,13,0,0,9,2,0,0,3,13,0,1,15,0,0,0,0,13,6,8,9,0,0,0,0,2,14,12,2,0,0,0
digit_05184,0,0,8,16,6,3,0,0,0,2,13,5,10,14,0,0,0,4,14,1,9,16,0,0,0,0,12,13,8,13,0,0,0,0,0,3,0,11,2,0,0,0,0,0,0,12,2,0,0,0,4,1,0,14,1,0,0,0,6,15,16,10,0,0,9
digit_05185,0,0,4,9,13,13,0,0,0,1,13,15,6,2,0,0,0,0,9,7,0,0,0,0,0,0,13,3,4,0,0,0,0,2,16,16,16,8,0,0,0,2,11,3,0,10,4,0,0,0,2,5,4,15,1,0,0,0,3,12,14,8,0,0,5
digit_05186,0,1,13,16,9,0,0,0,0,8,15,8,15,5,0,0,0,11,9,0,12,8,0,0,0,0,0,0,11,8,0,0,0,0,0,2,16,3,0,0,0,0,0,6,15,1,0,0,0,0,7,16,16,16,10,1,0,1,16,14,10,8,11,1,2
digit_05187,0,0,2,16,14,2,0,0,0,1,12,16,16,10,0,0,0,4,16,12,12,12,0,0,0,1,15,11,16,6,0,0,0,0,6,16,13,0,0,0,0,0,9,14,14,8,0,0,0,0,10,12,6,15,0,0,0,0,2,13,16,12,0,0,8
digit_05188,0,0,7,16,14,3,0,0,0,0,9,14,11,15,0,0,0,0,1,5,0,15,5,0,0,0,0,0,0,16,5,0,0,0,0,0,3,16,4,0,0,0,0,1,12,14,1,0,0,0,5,12,16,16,14,1,0,0,8,16,14,10,13,3,2
digit_05189,0,0,5,13,11,1,0,0,0,3,16,11,8,12,0,0,0,5,16,0,0,13,3,0,0,5,13,0,0,6,7,0,0,7,10,0,0,8,7,0,0,4,13,0,1,14,5,0,0,1,15,5,12,10,0,0,0,0,7,16,10,1,0,0,0
digit_05190,0,0,4,15,13,2,0,0,0,4,16,15,7,11,0,0,0,8,14,14,0,14,2,0,0,7,9,12,4,8,7,0,0,6,11,0,0,7,9,0,0,2,15,1,0,10,8,0,0,0,11,8,4,15,4,0,0,0,2,14,16,10,0,0,0
digit_05191,0,0,0,3,16,8,0,0,0,0,0,11,16,9,0,0,0,3,12,16,16,8,0,0,0,13,16,9,16,8,0,0,0,1,2,0,16,8,0,0,0,0,0,2,16,4,0,0,0,0,0,2,16,6,0,0,0,0,0,1,16,9,0,0,1
digit_05192,0,1,12,16,16,15,0,0,0,7,13,7,8,16,0,0,0,0,1,0,8,14,0,0,0,0,7,15,16,16,11,0,0,3,15,12,15,4,2,0,0,0,1,12,7,0,0,0,0,0,2,16,2,0,0,0,0,0,13,9,0,0,0,0,7
digit_05193,0,0,0,8,13,0,0,0,0,0,0,14,6,0,0,0,0,0,6,12,0,0,0,0,0,0,8,13,8,2,0,0,0,0,13,16,13,14,4,0,0,0,11,8,2,3,13,0,0,0,7,11,5,12,11,0,0,0,1,11,12,4,0,0,6
digit_05194,0,0,13,16,16,9,0,0,0,2,16,7,7,16,0,0,0,0,4,0,11,10,0,0,0,0,1,13,14,3,0,0,0,0,0,7,15,11,1,0,0,0,0,1,2,13,10,0,0,0,8,9,1,12,11,0,0,0,11,16,16,15,1,0,3
digit_05195,0,0,7,16,12,0,0,0,0,1,16,7,13,3,0,0,0,0,15,2,10,6,0,0,0,0,4,0,12,5,0,0,0,0,0,0,15,1,0,0,0,0,0,5,13,0,0,0,0,0,6,15,14,8,7,1,0,0,6,13,12,12,15,12,2
digit_05196,0,0,1,14,14,2,0,0,0,0,1,14,16,3,0,0,0,0,0,10,16,2,0,0,0,0,0,11,16,5,0,0,0,0,0,15,16,5,0,0,0,0,0,15,16,5,0,0,0,0,0,10,16,12,1,0,0,0,0,14,16,11,0,0,1
digit_05197,0,1,8,16,15,0,0,0,0,4,13,5,16,0,0,0,0,0,0,0,16,0,0,0,0,0,1,7,14,6,2,0,0,0,12,16,14,13,8,0,0,0,8,16,4,0,0,0,0,0,5,15,0,0,0,0,0,0,14,8,0,0,0,0,7
digit_05198,0,0,0,7,14,0,0,0,0,0,1,14,8,0,1,0,0,0,8,14,0,9,11,0,0,1,15,6,1,14,10,0,0,8,15,0,8,16,1,0,0,10,15,9,15,15,0,0,0,5,15,14,16,6,0,0,0,0,0,8,15,2,0,0,4
digit_05199,0,0,0,16,6,0,0,0,0,0,3,16,6,0,0,0,0,0,9,16,0,0,0,0,0,0,12,16,12,9,1,0,0,0,15,16,14,13,12,0,0,0,14,15,7,0,15,6,0,0,9,14,4,7,15,8,0,0,1,13,16,16,12,1,6
digit_05200,0,0,10,16,16,10,0,0,0,8,15,7,6,14,0,0,0,1,3,0,15,8,0,0,0,0,0,12,13,1,0,0,0,0,0,7,15,4,0,0,0,0,0,0,8,12,0,0,0,0,6,0,12,10,0,0,0,0,13,16,15,3,0,0,3
digit_05201,0,0,2,14,14,0,0,0,0,0,1,15,16,2,0,0,0,0,0,14,16,3,0,0,0,0,0,10,16,5,0,0,0,0,0,12,14,1,0,0,0,0,0,13,13,0,0,0,0,0,1,16,11,0,0,0,0,0,2,15,12,0,0,0,1
digit_05202,0,1,12,16,14,2,0,0,0,7,15,4,13,7,0,0,0,0,2,0,12,7,0,0,0,0,0,6,16,8,0,0,0,0,0,15,13,15,9,0,0,0,0,1,0,8,15,0,0,0,8,4,1,12,10,0,0,1,13,16,16,13,1,0,3
digit_05203,0,0,8,16,13,2,0,0,0,2,16,8,11,14,1,0,0,3,16,1,12,16,5,0,0,0,12,16,16,13,9,0,0,0,0,4,2,9,14,0,0,0,4,5,0,8,13,0,0,1,16,11,1,13,7,0,0,0,8,15,16,15,1,0,9
digit_05204,0,0,2,16,10,0,0,0,0,0,3,16,16,1,0,0,0,0,5,16,14,0,0,0,0,0,3,16,13,0,0,0,0,0,1,16,15,0,0,0,0,0,1,16,16,0,0,0,0,0,2,16,15,2,0,0,0,0,0,15,16,11,0,0,1
digit_05205,0,0,3,13,16,13,1,0,0,3,15,13,10,16,2,0,0,4,10,0,4,16,1,0,0,0,0,3,11,14,2,0,0,0,9,16,16,16,8,0,0,0,9,12,16,0,0,0,0,0,1,12,11,0,0,0,0,0,3,16,8,0,0,0,7
digit_05206,0,0,0,10,11,0,0,0,0,0,0,14,14,0,0,0,0,0,4,16,3,0,0,0,0,0,6,16,10,2,0,0,0,0,12,16,12,11,5,0,0,0,11,7,3,2,14,0,0,0,6,13,0,4,13,0,0,0,0,9,16,15,5,0,6
digit_05207,0,0,6,12,13,7,0,0,0,0,16,10,16,12,0,0,0,0,13,7,16,9,0,0,0,0,1,15,13,0,0,0,0,0,2,16,13,0,0,0,0,0,10,7,10,2,0,0,0,0,13,4,13,3,0,0,0,0,7,15,9,0,0,0,8
digit_05208,0,0,0,0,12,10,0,0,0,0,0,11,16,3,0,0,0,0,4,15,4,0,0,0,0,0,12,10,0,8,10,0,0,6,15,1,1,15,8,0,0,7,16,8,10,16,7,0,0,4,15,16,16,13,0,0,0,0,0,0,12,9,0,0,4
digit_05209,0,0,5,16,16,10,0,0,0,2,16,14,14,14,0,0,0,2,14,4,14,10,0,0,0,0,0,8,16,8,0,0,0,0,0,0,8,16,6,0,0,0,0,0,0,12,13,0,0,0,7,11,8,16,11,0,0,0,8,16,16,10,1,0,3
digit_05210,0,0,2,16,12,0,0,0,0,0,5,16,16,1,0,0,0,0,2,16,15,0,0,0,0,0,6,16,14,0,0,0,0,0,8,16,9,0,0,0,0,0,7,16,14,0,0,0,0,0,8,16,11,0,0,0,0,0,2,15,13,0,0,0,1
digit_05211,0,0,0,6,16,6,0,0,0,0,3,16,9,0,0,0,0,1,13,13,1,2,1,0,0,7,16,5,1,14,10,0,0,12,16,8,12,16,2,0,0,2,12,15,16,11,0,0,0,0,0,8,16,4,0,0,0,0,0,8,15,0,0,0,4
digit_05212,0,0,4,16,12,1,0,0,0,2,16,16,11,8,0,0,0,3,16,13,1,14,2,0,0,4,16,0,0,13,4,0,0,4,15,0,0,13,8,0,0,1,16,1,0,14,5,0,0,0,10,8,7,15,1,0,0,0,2,13,16,8,0,0,0
digit_05213,0,0,7,16,15,4,0,0,0,0,3,13,4,2,0,0,0,0,9,9,0,0,0,0,0,0,14,7,0,0,0,0,0,0,13,16,13,2,0,0,0,0,0,4,11,8,0,0,0,0,0,1,13,6,0,0,0,0,6,16,14,0,0,0,5
digit_05214,0,0,9,16,16,7,0,0,0,13,15,9,12,15,0,0,0,5,4,0,13,13,0,0,0,0,0,11,16,5,0,0,0,0,0,11,16,10,3,0,0,0,0,0,4,12,13,0,0,0,7,1,1,12,14,0,0,0,9,16,16,14,5,0,3
digit_05215,0,0,0,15,2,0,0,0,0,0,0,16,4,0,0,0,0,0,6,9,0,0,0,0,0,0,12,16,16,9,1,0,0,0,14,11,0,8,9,0,0,0,11,14,3,2,14,0,0,0,8,11,4,14,7,0,0,0,1,12,14,6,0,0,6
digit_05216,0,0,6,12,15,9,1,0,0,5,14,4,5,16,3,0,0,9,8,3,13,16,4,0,0,3,15,15,7,10,8,0,0,0,0,1,0,12,8,0,0,0,0,0,0,11,2,0,0,0,7,4,5,13,0,0,0,0,5,14,15,4,0,0,9
digit_05217,0,0,3,16,14,1,0,0,0,0,11,16,6,0,0,0,0,0,15,9,1,0,0,0,0,3,16,14,16,12,2,0,0,4,16,14,13,11,14,0,0,0,16,5,3,7,16,3,0,0,11,12,8,16,10,0,0,0,2,14,16,12,0,0,6
digit_05218,0,0,2,16,13,0,0,0,0,0,4,16,15,0,0,0,0,0,4,16,12,0,0,0,0,0,7,16,10,0,0,0,0,0,5,16,9,0,0,0,0,0,7,16,7,0,0,0,0,0,3,16,9,0,0,0,0,0,1,12,15,0,0,0,1
digit_05219,0,0,8,16,15,4,0,0,0,10,16,11,13,12,0,0,0,12,7,0,13,8,0,0,0,0,1,7,16,12,5,0,0,5,15,16,16,14,9,0,0,2,8,15,10,0,0,0,0,0,7,16,2,0,0,0,0,0,10,13,0,0,0,0,7
digit_05220,0,0,11,16,16,11,0,0,0,0,10,16,7,2,0,0,0,1,16,9,0,0,0,0,0,0,13,16,8,0,0,0,0,0,0,4,15,4,0,0,0,0,0,0,14,8,0,0,0,0,3,8,16,4,0,0,0,0,14,16,9,0,0,0,5
digit_05221,0,0,0,1,11,12,0,0,0,0,0,9,13,1,0,0,0,0,8,15,3,0,0,0,0,2,16,6,1,5,2,0,0,12,13,8,13,16,9,0,0,16,16,13,11,16,6,0,0,3,4,0,11,14,0,0,0,0,0,1,16,12,0,0,4
digit_05222,0,0,0,3,14,9,0,0,0,0,0,13,11,1,0,0,0,0,9,14,0,0,0,0,0,4,16,4,0,4,2,0,0,12,12,7,14,16,10,0,0,13,16,14,11,16,4,0,0,2,2,0,11,13,0,0,0,0,0,3,16,9,0,0,4
digit_05223,0,0,3,13,16,16,5,0,0,4,15,13,10,16,6,0,0,1,8,1,4,16,4,0,0,0,1,6,11,16,10,0,0,0,13,16,16,13,3,0,0,0,10,7,16,4,0,0,0,0,0,11,13,0,0,0,0,0,4,16,8,0,0,0,7
digit_05224,0,0,7,14,11,1,0,0,0,6,15,6,7,10,0,0,0,11,7,0,2,12,0,0,0,5,4,0,1,12,0,0,0,0,0,0,3,9,0,0,0,0,0,0,11,3,0,0,0,0,0,9,13,2,3,0,0,0,7,16,16,16,16,6,2
digit_05225,0,0,8,15,14,7,0,0,0,0,12,16,14,16,0,0,0,0,3,15,14,14,1,0,0,0,0,11,16,1,0,0,0,0,5,14,14,4,0,0,0,0,12,6,8,8,0,0,0,1,16,2,9,7,0,0,0,0,9,16,11,1,0,0,8
digit_05226,0,0,11,16,11,0,0,0,0,3,16,11,15,6,0,0,0,1,10,3,10,10,0,0,0,0,0,0,9,10,0,0,0,0,0,0,12,9,0,0,0,0,0,5,16,5,0,0,0,1,13,16,16,13,8,0,0,0,11,11,8,13,16,7,2
digit_05227,0,0,9,16,13,1,0,0,0,8,16,8,11,8,0,0,0,11,10,0,8,10,0,0,0,1,5,0,11,11,0,0,0,0,0,0,13,9,0,0,0,0,0,4,16,2,0,0,0,0,4,14,15,7,4,1,0,0,8,16,16,16,16,12,2
digit_05228,0,0,9,16,16,16,4,0,0,0,8,16,5,4,0,0,0,1,15,9,0,0,0,0,0,9,15,8,7,3,0,0,0,3,12,12,14,16,5,0,0,0,0,0,1,11,12,0,0,0,1,2,1,11,10,0,0,0,9,16,16,16,4,0,5
digit_05229,0,0,2,13,16,8,0,0,0,0,13,7,7,13,0,0,0,1,7,0,7,13,2,0,0,0,1,10,16,16,13,0,0,0,6,13,16,2,0,0,0,0,1,5,11,0,0,0,0,0,0,12,4,0,0,0,0,0,2,14,0,0,0,0,7
digit_05230,0,1,8,11,13,12,0,0,0,5,9,0,4,16,1,0,0,7,5,0,5,16,5,0,0,1,13,11,13,6,8,0,0,0,3,4,1,4,8,0,0,0,0,0,0,7,5,0,0,2,8,1,2,14,0,0,0,0,8,13,11,3,0,0,9
digit_05231,0,0,14,16,16,16,2,0,0,7,16,5,1,0,0,0,0,14,13,7,3,0,0,0,0,4,12,13,16,9,0,0,0,0,0,0,6,15,0,0,0,0,0,0,9,14,0,0,0,0,5,14,16,3,0,0,0,1,15,11,4,0,0,0,5
digit_05232,0,0,0,2,14,5,0,0,0,0,1,11,11,0,0,0,0,0,7,14,1,0,0,0,0,5,16,3,4,6,2,0,0,14,16,14,16,16,10,0,0,9,12,7,8,16,4,0,0,0,0,0,13,12,0,0,0,0,0,3,15,6,0,0,4
digit_05233,0,0,2,15,15,3,0,0,0,3,12,15,10,13,0,0,0,3,16,14,11,14,0,0,0,0,7,16,16,9,0,0,0,0,5,16,13,0,0,0,0,0,13,16,11,0,0,0,0,0,13,16,15,0,0,0,0,0,2,15,10,0,0,0,8
digit_05234,0,0,4,15,15,4,0,0,0,6,16,16,12,14,0,0,0,11,11,6,14,12,0,0,0,3,14,13,14,1,0,0,0,0,12,16,5,0,0,0,0,1,16,13,9,0,0,0,0,0,13,10,15,0,0,0,0,0,3,15,15,0,0,0,8
digit_05235,0,0,0,5,15,3,0,0,0,0,2,16,4,0,0,0,0,0,8,12,0,2,12,0,0,3,16,1,0,11,10,0,0,9,13,0,3,16,5,0,0,13,15,16,16,12,0,0,0,5,12,14,16,4,0,0,0,0,0,6,15,2,0,0,4
digit_05236,0,0,1,11,12,9,5,0,0,0,14,6,1,15,10,0,0,2,12,4,12,7,10,0,0,1,13,12,3,4,8,0,0,0,0,0,0,4,8,0,0,0,3,4,0,7,6,0,0,0,12,7,3,11,0,0,0,0,3,13,15,3,0,0,9
digit_05237,0,0,2,15,13,2,0,0,0,0,8,16,15,12,0,0,0,0,9,14,1,15,5,0,0,0,14,13,0,11,9,0,0,3,16,11,0,12,9,0,0,2,16,3,2,16,6,0,0,1,13,11,15,14,0,0,0,0,4,16,15,5,0,0,0
digit_05238,0,0,10,9,14,10,0,0,0,2,15,15,4,14,2,0,0,0,13,5,9,12,0,0,0,0,4,16,14,2,0,0,0,0,11,12,10,0,0,0,0,0,15,1,12,0,0,0,0,3,12,2,13,0,0,0,0,0,9,16,7,0,0,0,8
digit_05239,0,0,4,14,16,4,0,0,0,0,12,8,9,12,0,0,0,2,11,0,0,12,3,0,0,4,7,0,0,5,8,0,0,6,4,0,0,4,8,0,0,4,9,0,0,6,8,0,0,0,14,9,6,15,2,0,0,0,4,16,15,5,0,0,0
digit_05240,0,0,0,3,15,16,1,0,0,0,7,15,16,14,0,0,0,4,16,16,15,13,0,0,0,0,8,2,15,13,0,0,0,0,0,0,16,15,0,0,0,0,0,0,16,12,0,0,0,0,0,1,16,16,2,0,0,0,0,3,15,13,1,0,1
digit_05241,0,1,10,16,3,0,0,0,0,5,16,14,8,0,0,0,0,10,11,8,12,0,0,0,0,1,1,8,12,0,0,0,0,0,0,12,8,0,0,0,0,0,2,15,5,1,2,0,0,0,10,16,14,14,12,0,0,0,14,16,16,13,7,0,2
digit_05242,0,0,8,16,8,0,0,0,0,0,16,6,15,1,0,0,0,4,10,0,12,2,0,0,0,0,0,7,16,3,0,0,0,0,0,5,13,16,3,0,0,0,0,0,0,11,6,0,0,0,12,9,9,16,2,0,0,0,8,16,15,7,0,0,3
digit_05243,0,0,3,16,0,0,0,0,0,0,10,10,0,0,0,0,0,1,16,3,13,5,0,0,0,8,13,1,16,7,6,0,0,14,13,9,16,16,10,0,0,11,16,16,14,9,3,0,0,1,4,16,8,0,0,0,0,0,2,16,6,0,0,0,4
digit_05244,0,1,12,12,12,15,6,0,0,1,14,5,5,4,1,0,0,0,12,0,0,0,0,0,0,8,16,16,15,8,0,0,0,1,4,4,5,12,7,0,0,0,0,0,0,11,4,0,0,2,7,2,10,12,0,0,0,2,16,15,8,1,0,0,5
digit_05245,0,0,1,13,4,0,0,0,0,0,12,13,1,0,0,0,0,1,16,2,0,0,0,0,0,5,16,8,4,2,0,0,0,5,16,14,16,15,3,0,0,3,13,1,0,9,9,0,0,0,11,12,4,11,11,0,0,0,2,13,16,13,1,0,6
digit_05246,0,0,0,11,16,16,10,0,0,0,10,12,9,15,9,0,0,0,13,8,0,12,5,0,0,0,6,0,4,12,0,0,0,0,2,15,16,16,9,0,0,0,6,13,15,9,1,0,0,0,0,9,9,0,0,0,0,0,1,14,4,0,0,0,7
digit_05247,0,0,4,12,13,5,0,0,0,3,15,8,10,15,2,0,0,3,14,2,2,15,3,0,0,0,10,16,16,7,0,0,0,0,0,7,13,15,3,0,0,0,2,11,1,12,5,0,0,0,7,9,1,14,2,0,0,0,4,16,16,7,0,0,8
digit_05248,0,0,5,12,13,12,0,0,0,7,13,5,8,15,0,0,0,4,14,4,13,16,3,0,0,0,6,12,8,9,4,0,0,0,0,0,0,8,8,0,0,0,0,0,0,6,8,0,0,0,1,3,2,13,6,0,0,0,6,16,16,8,1,0,9
digit_05249,0,0,3,10,16,4,0,0,0,1,15,16,16,10,0,0,0,6,10,2,3,14,1,0,0,8,6,0,0,10,4,0,0,4,8,0,0,5,8,0,0,0,15,0,0,9,8,0,0,0,12,14,10,16,3,0,0,0,4,14,13,5,0,0,0
digit_05250,0,0,0,0,9,15,0,0,0,0,1,10,16,16,1,0,0,5,16,15,14,16,0,0,0,1,8,0,10,16,0,0,0,0,0,0,11,16,0,0,0,0,0,0,10,15,0,0,0,0,0,0,12,16,3,0,0,0,0,0,8,16,3,0,1
digit_05251,0,3,16,15,1,0,0,0,0,10,16,15,6,0,0,0,0,13,10,13,8,0,0,0,0,1,3,11,10,0,0,0,0,0,0,15,8,0,0,0,0,0,4,16,10,5,7,0,0,1,13,16,16,16,16,0,0,2,14,15,11,8,3,0,2
digit_05252,0,0,12,16,15,1,0,0,0,5,16,10,15,8,0,0,0,1,7,3,14,6,0,0,0,0,0,12,16,7,0,0,0,0,0,3,13,16,6,0,0,0,4,0,0,15,11,0,0,2,16,10,11,16,7,0,0,0,10,16,16,10,1,0,3
digit_05253,0,0,0,10,12,0,0,0,0,0,4,15,1,0,0,0,0,0,13,10,1,2,0,0,0,5,15,2,15,9,1,0,0,11,13,6,16,16,9,0,0,13,16,16,16,10,2,0,0,2,7,13,11,0,0,0,0,0,0,13,11,0,0,0,4
digit_05254,0,0,11,10,8,12,1,0,0,0,16,13,12,10,0,0,0,5,14,2,0,0,0,0,0,7,16,16,13,8,0,0,0,0,4,4,8,16,7,0,0,0,0,0,0,9,8,0,0,0,9,4,7,16,5,0,0,0,14,16,14,7,0,0,5
digit_05255,0,0,2,13,0,0,0,0,0,0,12,12,0,0,0,0,0,2,16,2,0,0,0,0,0,4,14,8,7,2,0,0,0,8,15,12,13,15,2,0,0,2,15,1,0,7,11,0,0,0,13,8,5,13,9,0,0,0,2,13,16,11,1,0,6
digit_05256,0,0,1,9,16,16,16,1,0,0,8,15,10,14,13,0,0,0,14,6,0,14,6,0,0,0,6,2,6,16,3,0,0,0,0,12,16,16,10,0,0,0,0,6,16,8,0,0,0,0,0,7,13,0,0,0,0,0,0,14,6,0,0,0,7
digit_05257,0,0,3,12,15,11,2,0,0,0,11,13,7,13,8,0,0,7,15,1,5,15,3,0,0,1,12,16,16,5,0,0,0,0,0,13,15,15,2,0,0,0,2,13,0,10,5,0,0,0,4,11,4,11,6,0,0,0,2,13,16,12,0,0,8
digit_05258,0,0,11,16,16,12,0,0,0,3,16,7,14,16,1,0,0,0,15,14,15,16,6,0,0,0,2,10,9,15,9,0,0,0,0,0,0,9,10,0,0,0,0,0,0,12,8,0,0,0,6,11,6,15,5,0,0,0,9,16,16,12,0,0,9
digit_05259,0,0,2,9,14,12,0,0,0,0,12,16,10,15,1,0,0,4,14,3,2,6,6,0,0,5,7,0,0,3,8,0,0,4,7,0,0,1,8,0,0,3,12,1,0,5,8,0,0,0,10,12,7,14,3,0,0,0,1,12,16,8,0,0,0
digit_05260,0,0,0,0,11,15,1,0,0,0,0,6,16,16,2,0,0,3,13,16,16,16,0,0,0,9,16,12,16,14,0,0,0,1,3,0,16,13,0,0,0,0,0,0,14,13,0,0,0,0,0,0,12,16,5,0,0,0,0,0,8,16,7,0,1
digit_05261,0,4,16,15,2,0,0,0,0,11,15,15,7,0,0,0,0,9,10,6,14,0,0,0,0,0,0,7,15,0,0,0,0,0,0,13,10,0,0,0,0,0,1,16,7,2,2,0,0,1,12,16,15,16,15,0,0,4,16,16,16,12,11,0,2
digit_05262,0,1,12,15,5,0,0,0,0,4,15,8,15,3,0,0,0,0,3,1,14,4,0,0,0,0,4,14,16,1,0,0,0,0,1,10,14,15,4,0,0,0,0,0,0,12,8,0,0,4,8,4,10,16,4,0,0,2,12,16,13,6,0,0,3
digit_05263,0,0,0,12,7,0,0,0,0,0,6,15,1,1,0,0,0,1,14,8,10,8,0,0,0,6,15,0,13,12,6,0,0,14,15,12,16,16,9,0,0,10,16,15,16,8,1,0,0,0,0,10,16,1,0,0,0,0,0,12,9,0,0,0,4
digit_05264,0,2,6,10,12,1,0,0,0,14,13,10,5,1,0,0,0,10,6,0,0,0,0,0,0,10,13,12,12,5,0,0,0,2,8,5,7,14,8,0,0,0,0,0,0,5,12,0,0,0,2,2,1,10,10,0,0,0,5,16,16,14,1,0,5
digit_05265,0,0,6,14,1,0,0,0,0,0,12,10,0,0,0,0,0,3,16,1,0,0,0,0,0,5,14,0,4,2,0,0,0,7,16,16,16,16,5,0,0,4,16,6,0,9,11,0,0,0,14,8,5,13,9,0,0,0,5,13,16,12,1,0,6
digit_05266,0,0,1,14,16,16,15,1,0,0,11,14,8,13,11,0,0,0,15,6,0,14,3,0,0,0,5,1,5,13,1,0,0,0,0,13,16,16,9,0,0,0,2,16,15,9,1,0,0,0,0,11,9,0,0,0,0,0,3,16,2,0,0,0,7
digit_05267,0,0,1,14,13,4,0,0,0,3,15,12,11,15,0,0,0,8,11,1,7,13,0,0,0,1,13,14,16,1,0,0,0,0,0,14,13,14,2,0,0,0,2,12,0,9,8,0,0,0,3,13,4,12,6,0,0,0,0,9,14,13,1,0,8
digit_05268,0,0,8,13,14,5,0,0,0,5,13,4,11,9,0,0,0,4,13,1,12,14,0,0,0,0,8,14,11,12,4,0,0,0,0,0,0,7,8,0,0,0,0,0,0,4,8,0,0,0,2,2,0,11,7,0,0,0,8,16,16,13,2,0,9
digit_05269,0,0,2,12,7,0,0,0,0,0,15,14,15,6,0,0,0,6,10,4,2,14,1,0,0,8,8,0,0,8,5,0,0,7,8,0,0,4,8,0,0,2,14,0,0,5,6,0,0,0,9,12,4,14,3,0,0,0,1,13,15,9,0,0,0
digit_05270,0,1,11,15,13,2,0,0,0,8,13,5,14,9,0,0,0,3,15,1,10,12,0,0,0,0,7,15,14,16,3,0,0,0,0,0,0,13,8,0,0,0,0,0,0,12,8,0,0,2,8,4,5,16,7,0,0,1,15,16,15,8,1,0,9
digit_05271,0,0,14,12,12,12,6,0,0,2,15,8,8,8,4,0,0,5,12,0,0,0,0,0,0,8,16,12,11,7,0,0,0,1,4,4,9,15,7,0,0,0,0,0,0,8,8,0,0,1,11,4,5,14,7,0,0,0,12,16,16,8,1,0,5
digit_05272,0,2,9,11,12,15,6,0,0,6,16,9,8,8,1,0,0,4,13,0,0,0,0,0,0,4,16,12,11,5,0,0,0,1,5,4,8,14,5,0,0,0,0,0,0,8,8,0,0,1,6,4,5,15,3,0,0,3,16,16,16,8,0,0,5
digit_05273,0,0,0,9,15,1,0,0,0,0,10,13,4,0,0,0,0,2,15,1,0,0,0,0,0,5,11,4,4,0,0,0,0,4,16,16,16,16,4,0,0,0,16,2,0,10,8,0,0,0,8,12,4,13,7,0,0,0,1,9,16,11,1,0,6
digit_05274,0,0,8,9,8,12,8,0,0,0,12,14,10,8,5,0,0,1,14,2,0,0,0,0,0,6,16,12,12,8,0,0,0,1,4,4,7,15,7,0,0,0,0,0,0,10,7,0,0,1,12,4,9,15,1,0,0,0,9,16,14,3,0,0,5
digit_05275,0,0,2,15,5,0,0,0,0,0,11,16,16,6,0,0,0,3,14,3,7,16,3,0,0,7,8,0,0,8,8,0,0,5,8,0,0,4,8,0,0,4,12,0,0,8,8,0,0,0,14,9,8,16,2,0,0,0,3,14,15,6,0,0,0
digit_05276,0,0,9,12,13,6,0,0,0,0,16,8,8,15,2,0,0,0,16,10,9,16,5,0,0,0,4,12,11,12,5,0,0,0,0,0,0,8,8,0,0,0,0,0,0,9,7,0,0,0,8,4,7,16,2,0,0,0,10,16,16,7,0,0,9
digit_05277,0,0,1,12,12,4,1,0,0,0,13,13,13,14,8,0,0,6,15,0,0,12,7,0,0,2,16,13,12,13,1,0,0,0,0,14,16,9,0,0,0,0,6,10,2,16,0,0,0,0,11,8,5,16,0,0,0,0,3,12,16,7,0,0,8
digit_05278,0,1,14,16,14,8,0,0,0,5,12,5,14,9,0,0,0,2,15,9,13,12,0,0,0,0,3,8,8,16,2,0,0,0,0,0,0,11,6,0,0,0,4,0,0,8,8,0,0,4,14,4,5,14,7,0,0,1,13,16,16,10,1,0,9
digit_05279,0,0,2,11,13,5,0,0,0,0,16,10,13,16,7,0,0,0,14,10,0,10,11,0,0,0,4,14,16,13,1,0,0,0,0,11,13,12,1,0,0,0,8,10,2,14,3,0,0,0,10,10,3,15,1,0,0,0,2,15,16,6,0,0,8
digit_05280,0,0,0,5,15,2,0,0,0,0,0,14,10,2,0,0,0,0,12,14,4,15,0,0,0,6,16,4,9,15,8,0,0,14,15,11,15,16,9,0,0,7,15,15,16,11,0,0,0,0,0,3,16,6,0,0,0,0,0,6,16,2,0,0,4
digit_05281,0,0,0,0,7,16,6,0,0,0,0,4,16,16,4,0,0,2,11,15,16,16,7,0,0,10,16,13,10,16,4,0,0,1,3,0,4,16,5,0,0,0,0,0,7,16,7,0,0,0,0,0,9,16,8,0,0,0,0,0,9,16,6,0,1
digit_05282,0,0,3,15,16,16,5,0,0,0,10,12,10,16,6,0,0,2,15,2,3,16,1,0,0,0,2,3,10,13,2,0,0,0,3,16,16,16,10,0,0,0,0,12,13,7,1,0,0,0,1,16,6,0,0,0,0,0,5,14,2,0,0,0,7
digit_05283,0,0,1,13,16,10,0,0,0,0,8,14,13,14,0,0,0,1,15,5,5,15,0,0,0,7,12,0,9,11,0,0,0,1,2,11,15,16,7,0,0,0,4,15,16,9,1,0,0,0,0,10,11,0,0,0,0,0,1,15,7,0,0,0,7
digit_05284,0,0,8,13,12,3,0,0,0,6,15,7,9,12,0,0,0,0,0,0,7,11,0,0,0,0,0,4,15,3,0,0,0,0,0,10,16,9,0,0,0,0,0,0,4,15,7,0,0,0,11,2,1,15,7,0,0,0,8,16,16,12,0,0,3
digit_05285,0,0,14,12,12,13,0,0,0,1,16,8,8,6,0,0,0,4,15,8,4,0,0,0,0,2,12,12,15,13,1,0,0,0,0,0,1,13,8,0,0,0,0,0,0,11,7,0,0,5,14,4,7,15,2,0,0,1,10,16,15,5,0,0,5
digit_05286,0,0,0,0,3,14,3,0,0,0,0,1,14,16,5,0,0,1,9,15,16,16,4,0,0,4,12,7,3,16,4,0,0,0,0,0,4,16,4,0,0,0,0,0,4,16,4,0,0,0,0,0,6,16,4,0,0,0,0,0,5,16,4,0,1
digit_05287,0,0,3,12,8,1,0,0,0,0,14,16,16,15,1,0,0,3,15,2,1,12,4,0,0,6,9,0,0,7,8,0,0,7,8,0,0,5,8,0,0,4,12,0,0,9,6,0,0,0,15,11,9,16,2,0,0,0,3,11,15,7,0,0,0
digit_05288,0,0,3,13,9,1,0,0,0,0,13,14,15,13,0,0,0,2,14,1,2,13,4,0,0,4,8,0,0,5,8,0,0,4,8,0,0,4,8,0,0,4,10,0,0,5,8,0,0,0,14,11,10,14,5,0,0,0,4,12,13,9,0,0,0
digit_05289,0,3,15,16,6,0,0,0,0,11,15,12,15,0,0,0,0,2,2,2,16,4,0,0,0,0,0,0,16,4,0,0,0,0,0,5,16,1,0,0,0,0,0,11,15,4,1,0,0,1,10,16,16,16,11,0,0,4,16,14,12,8,3,0,2
digit_05290,0,1,15,15,2,0,0,0,0,7,14,13,9,0,0,0,0,9,9,6,13,0,0,0,0,1,0,8,12,0,0,0,0,0,0,8,12,0,0,0,0,0,0,11,6,0,0,0,0,0,7,16,16,16,7,0,0,0,16,15,12,12,3,0,2
digit_05291,0,0,0,8,16,16,16,6,0,0,6,14,5,8,16,2,0,0,7,4,0,6,12,0,0,0,0,0,0,12,6,0,0,0,0,11,16,16,10,0,0,0,0,12,16,8,0,0,0,0,0,6,16,0,0,0,0,0,0,12,9,0,0,0,7
digit_05292,0,0,0,4,14,14,1,0,0,0,3,14,12,10,4,0,0,3,13,4,0,8,6,0,0,3,15,9,2,15,1,0,0,0,2,10,16,13,0,0,0,0,0,0,12,14,4,0,0,0,0,2,12,9,3,0,0,0,0,2,16,14,0,0,8
digit_05293,0,5,16,15,3,0,0,0,0,11,14,11,11,0,0,0,0,8,11,4,16,0,0,0,0,0,0,4,13,0,0,0,0,0,0,8,12,0,0,0,0,0,0,13,9,5,1,0,0,1,11,16,16,16,10,0,0,5,16,14,8,6,1,0,2
digit_05294,0,0,11,16,10,1,0,0,0,1,15,14,15,11,0,0,0,7,14,1,4,16,3,0,0,7,13,0,0,10,11,0,0,9,12,0,0,8,12,0,0,5,14,0,0,7,13,0,0,1,16,10,5,15,8,0,0,0,7,16,16,15,0,0,0
digit_05295,0,0,0,1,8,16,2,0,0,0,5,13,16,16,0,0,0,11,16,15,12,16,0,0,0,3,8,1,8,16,0,0,0,0,0,0,8,16,3,0,0,0,0,0,8,16,4,0,0,0,0,0,7,16,7,0,0,0,0,0,10,16,8,0,1
digit_05296,0,1,15,15,3,0,0,0,0,8,15,12,14,0,0,0,0,8,8,6,16,0,0,0,0,0,0,8,15,0,0,0,0,0,0,12,12,0,0,0,0,0,1,16,10,10,5,0,0,1,13,16,16,16,11,0,0,3,16,12,8,5,1,0,2
digit_05297,0,0,0,13,1,0,0,0,0,0,10,12,1,0,0,0,0,0,14,3,0,0,0,0,0,4,14,0,4,5,0,0,0,7,16,4,7,14,7,0,0,3,14,0,0,4,12,0,0,0,10,10,4,10,12,0,0,0,1,9,16,14,2,0,6
digit_05298,0,2,10,16,16,2,0,0,0,10,15,9,16,4,0,0,0,5,3,6,16,2,0,0,0,0,2,15,16,5,0,0,0,0,1,10,14,16,3,0,0,0,5,1,0,13,10,0,0,0,16,13,10,15,11,0,0,0,11,16,16,13,3,0,3
digit_05299,0,0,8,13,11,1,0,0,0,4,15,5,12,6,0,0,0,0,0,0,10,4,0,0,0,0,0,6,16,4,0,0,0,0,0,5,13,15,3,0,0,0,1,0,0,7,12,0,0,1,15,8,7,12,12,0,0,0,6,14,16,15,5,0,3
digit_05300,0,0,3,13,16,16,13,0,0,0,11,14,8,15,9,0,0,0,3,5,2,14,2,0,0,0,0,0,9,11,1,0,0,0,2,15,15,16,9,0,0,0,2,15,14,8,2,0,0,0,0,11,10,0,0,0,0,0,2,15,4,0,0,0,7
digit_05301,0,1,11,16,16,4,0,0,0,7,16,8,14,11,0,0,0,0,0,10,16,6,0,0,0,0,0,15,16,6,0,0,0,0,0,0,8,16,2,0,0,1,5,0,0,14,9,0,0,4,16,10,11,16,6,0,0,1,13,16,16,10,0,0,3
digit_05302,0,1,12,16,16,9,0,0,0,2,14,5,9,14,0,0,0,0,0,1,12,11,0,0,0,0,0,12,16,6,0,0,0,0,0,2,8,15,5,0,0,0,2,0,0,11,9,0,0,4,14,4,4,14,6,0,0,0,15,16,16,11,1,0,3
digit_05303,0,0,0,10,10,0,0,0,0,0,6,15,3,0,0,0,0,0,15,6,5,1,0,0,0,7,15,2,16,3,5,0,0,11,11,6,16,15,10,0,0,12,16,16,16,8,1,0,0,4,8,13,12,0,0,0,0,0,0,13,9,0,0,0,4
digit_05304,0,0,2,12,1,0,0,0,0,0,6,13,0,0,0,0,0,0,13,4,0,0,0,0,0,0,16,1,0,0,0,0,0,5,16,16,16,10,1,0,0,2,15,6,1,10,8,0,0,0,10,10,0,9,9,0,0,0,2,12,16,15,1,0,6
digit_05305,0,0,4,15,1,0,0,0,0,0,9,10,0,0,0,0,0,1,15,2,0,0,0,0,0,4,12,0,0,0,0,0,0,8,14,9,8,6,1,0,0,7,14,7,5,12,8,0,0,2,16,4,1,12,6,0,0,0,5,14,16,11,0,0,6
digit_05306,0,0,2,16,8,0,0,0,0,0,8,15,5,0,0,0,0,2,16,7,0,0,0,0,0,3,16,7,5,1,0,0,0,7,16,16,16,15,3,0,0,5,16,12,4,10,14,0,0,0,14,13,5,10,15,0,0,0,3,13,16,16,7,0,6
digit_05307,0,0,0,6,14,0,0,0,0,0,4,15,4,0,0,0,0,1,13,9,4,7,0,0,0,7,13,1,13,10,6,0,0,14,14,8,16,16,10,0,0,7,15,16,16,7,1,0,0,0,0,6,16,0,0,0,0,0,0,10,13,0,0,0,4
digit_05308,0,1,10,13,9,2,0,0,0,2,12,4,12,10,0,0,0,0,14,5,11,11,0,0,0,0,2,8,8,15,2,0,0,0,0,0,0,12,5,0,0,0,0,0,0,4,12,0,0,0,4,1,0,8,11,0,0,0,11,16,16,14,3,0,9
digit_05309,0,0,0,1,9,16,7,0,0,0,4,13,16,16,2,0,0,8,16,15,13,16,3,0,0,3,7,0,8,16,2,0,0,0,0,0,8,16,5,0,0,0,0,0,8,16,4,0,0,0,0,0,8,16,8,0,0,0,0,0,12,16,7,0,1
digit_05310,0,0,7,8,6,8,4,0,0,0,12,13,12,12,5,0,0,0,13,0,0,0,0,0,0,5,15,12,9,2,0,0,0,3,8,7,8,15,2,0,0,0,0,0,0,6,8,0,0,0,6,0,1,13,4,0,0,0,7,15,15,5,0,0,5
digit_05311,0,0,7,16,15,1,0,0,0,5,16,13,16,8,0,0,0,9,11,0,4,16,4,0,0,12,8,0,0,11,11,0,0,11,8,0,0,8,12,0,0,8,13,0,0,12,10,0,0,2,16,9,12,15,3,0,0,0,8,16,13,5,0,0,0
digit_05312,0,4,15,14,11,2,0,0,0,7,10,1,11,11,0,0,0,1,13,4,13,16,2,0,0,0,3,11,7,9,6,0,0,0,0,0,0,5,8,0,0,0,0,0,0,5,8,0,0,3,12,0,3,13,5,0,0,2,13,16,16,8,0,0,9
digit_05313,0,0,11,12,13,14,4,0,0,0,13,8,4,4,2,0,0,0,11,0,0,0,0,0,0,5,12,6,3,0,0,0,0,5,12,12,13,11,0,0,0,0,2,0,0,13,0,0,0,4,11,0,3,15,0,0,0,0,9,16,16,6,0,0,5
digit_05314,0,2,15,13,1,0,0,0,0,13,12,14,7,0,0,0,0,8,6,6,13,0,0,0,0,0,0,5,15,0,0,0,0,0,0,11,10,0,0,0,0,0,2,16,5,0,0,0,0,0,11,16,13,14,12,0,0,3,16,14,8,8,7,0,2
digit_05315,0,0,2,9,13,12,2,0,0,1,14,13,7,10,6,0,0,0,13,8,1,7,7,0,0,0,3,13,14,14,0,0,0,0,0,0,15,15,1,0,0,0,0,9,5,8,5,0,0,0,0,13,4,13,2,0,0,0,0,13,15,6,0,0,8
digit_05316,0,4,16,16,3,0,0,0,0,11,14,11,11,0,0,0,0,11,7,2,16,1,0,0,0,0,0,3,16,0,0,0,0,0,0,10,12,0,0,0,0,0,3,16,8,5,3,0,0,0,12,16,16,16,16,0,0,3,16,15,8,7,4,0,2
digit_05317,0,0,10,13,5,0,0,0,0,3,16,16,16,10,0,0,0,8,16,1,6,16,5,0,0,8,11,0,0,9,12,0,0,10,8,0,0,8,12,0,0,8,11,0,0,8,11,0,0,3,16,10,8,15,9,0,0,0,9,16,16,10,1,0,0
digit_05318,0,0,2,11,10,1,0,0,0,0,10,13,14,13,0,0,0,0,13,0,0,14,5,0,0,3,9,0,0,9,6,0,0,5,9,0,0,5,8,0,0,6,12,0,0,8,4,0,0,0,14,11,5,14,1,0,0,0,3,13,14,5,0,0,0
digit_05319,0,0,0,0,6,16,7,0,0,1,5,11,16,16,8,0,0,11,16,16,13,16,8,0,0,3,7,1,4,16,8,0,0,0,0,0,5,16,8,0,0,0,0,0,5,16,7,0,0,0,0,0,7,16,9,0,0,0,0,0,8,16,8,0,1
digit_05320,0,0,2,13,16,9,0,0,0,0,12,12,7,16,3,0,0,1,14,3,0,16,4,0,0,0,0,4,10,16,6,0,0,0,0,13,16,16,9,0,0,0,0,5,13,1,0,0,0,0,0,11,9,0,0,0,0,0,1,16,4,0,0,0,7
digit_05321,0,0,0,14,4,0,0,0,0,0,6,13,1,0,0,0,0,0,15,4,0,0,0,0,0,4,16,7,4,2,0,0,0,8,16,11,9,15,5,0,0,5,14,1,0,10,9,0,0,0,11,12,5,13,5,0,0,0,1,13,16,9,0,0,6
digit_05322,0,1,9,15,13,4,0,0,0,5,12,4,10,6,0,0,0,0,0,3,15,2,0,0,0,0,0,15,13,1,0,0,0,0,0,2,9,14,2,0,0,0,0,0,0,11,8,0,0,0,10,6,4,11,7,0,0,0,8,15,16,9,1,0,3
digit_05323,0,5,16,13,1,0,0,0,0,9,14,14,4,0,0,0,0,9,7,12,4,0,0,0,0,0,0,13,4,0,0,0,0,0,2,16,1,0,0,0,0,0,7,13,0,0,0,0,0,1,15,16,16,16,11,0,0,5,16,14,10,8,6,0,2
digit_05324,0,0,0,3,12,12,2,0,0,0,7,15,16,16,0,0,0,4,15,9,14,16,3,0,0,2,0,0,14,16,0,0,0,0,0,0,14,16,0,0,0,0,0,0,15,13,0,0,0,0,0,0,16,14,1,0,0,0,0,3,16,13,2,0,1
digit_05325,0,0,2,13,16,14,1,0,0,0,11,12,7,16,3,0,0,0,9,3,2,16,3,0,0,0,0,0,9,11,0,0,0,0,2,11,15,13,3,0,0,0,4,15,16,13,3,0,0,0,0,14,8,0,0,0,0,0,5,15,4,0,0,0,7
digit_05326,0,0,0,7,13,0,0,0,0,0,0,14,6,0,0,0,0,0,10,10,2,6,0,0,0,3,16,3,9,13,2,0,0,11,12,6,14,16,10,0,0,11,16,16,16,10,3,0,0,2,8,10,16,1,0,0,0,0,0,9,13,0,0,0,4
digit_05327,0,0,0,13,3,0,0,0,0,0,6,15,0,0,0,0,0,0,12,7,0,0,0,0,0,0,16,10,7,1,0,0,0,6,16,12,13,16,6,0,0,0,16,4,0,6,12,0,0,0,12,10,2,11,9,0,0,0,1,13,16,15,3,0,6
digit_05328,0,0,13,16,16,5,0,0,0,5,15,6,11,13,0,0,0,0,2,2,13,8,0,0,0,0,4,16,15,2,0,0,0,0,3,11,15,16,5,0,0,0,0,0,2,15,11,0,0,0,3,4,9,16,6,0,0,0,15,16,16,10,0,0,3
digit_05329,0,0,0,0,9,16,4,0,0,0,0,5,15,16,2,0,0,3,12,16,16,14,0,0,0,10,16,15,16,15,0,0,0,1,4,0,16,13,0,0,0,0,0,0,15,13,0,0,0,0,0,0,12,16,12,0,0,0,0,0,12,16,6,0,1
digit_05330,0,0,11,16,12,2,0,0,0,7,16,6,10,13,0,0,0,0,2,0,3,16,0,0,0,0,0,3,12,9,0,0,0,0,0,10,16,12,0,0,0,0,3,0,3,15,7,0,0,3,16,7,6,14,8,0,0,1,9,15,16,12,1,0,3
digit_05331,0,0,5,13,14,5,0,0,0,2,15,6,11,15,1,0,0,1,16,5,8,16,4,0,0,0,4,12,9,13,8,0,0,0,0,0,0,8,8,0,0,0,0,0,0,11,7,0,0,0,7,7,5,15,2,0,0,0,5,15,16,7,0,0,9
digit_05332,0,0,0,0,5,15,3,0,0,0,0,3,15,16,4,0,0,3,13,16,14,16,1,0,0,2,7,4,8,16,0,0,0,0,0,0,8,14,0,0,0,0,0,0,7,16,1,0,0,0,0,0,9,16,6,0,0,0,0,0,8,15,2,0,1
digit_05333,0,0,2,13,16,13,4,0,0,0,9,11,9,16,7,0,0,2,15,2,2,15,2,0,0,3,3,0,8,13,2,0,0,0,1,13,16,16,10,0,0,0,0,11,13,5,1,0,0,0,0,11,6,0,0,0,0,0,3,15,2,0,0,0,7
digit_05334,0,0,0,12,10,0,0,0,0,0,4,15,7,0,0,0,0,0,15,4,0,0,0,0,0,1,16,7,1,0,0,0,0,4,16,14,16,13,1,0,0,1,16,0,1,10,11,0,0,0,14,9,1,8,12,0,0,0,2,10,16,16,5,0,6
digit_05335,0,0,3,12,16,9,0,0,0,0,12,9,13,16,9,0,0,3,16,5,0,8,12,0,0,0,9,16,10,13,2,0,0,0,0,4,16,12,0,0,0,0,0,11,9,16,0,0,0,0,1,15,2,12,0,0,0,0,2,16,16,6,0,0,8
digit_05336,0,0,0,10,6,0,0,0,0,0,4,16,2,3,0,0,0,0,13,8,7,14,0,0,0,7,15,0,13,14,5,0,0,14,15,14,16,16,9,0,0,13,16,15,16,6,0,0,0,0,1,9,14,0,0,0,0,0,0,14,10,0,0,0,4
digit_05337,0,0,5,12,13,3,0,0,0,4,16,9,8,12,0,0,0,2,3,0,5,11,0,0,0,0,0,3,11,10,0,0,0,0,0,6,14,15,3,0,0,0,0,0,0,7,11,0,0,0,10,6,4,9,11,0,0,0,6,16,16,14,2,0,3
digit_05338,0,0,0,0,5,15,6,0,0,0,0,4,15,16,4,0,0,3,11,16,10,16,4,0,0,4,11,3,0,16,4,0,0,0,0,0,1,16,4,0,0,0,0,0,3,16,3,0,0,0,0,0,5,16,4,0,0,0,0,0,6,15,4,0,1
digit_05339,0,0,0,14,8,0,0,0,0,0,3,16,3,0,0,0,0,0,12,9,9,7,0,0,0,6,15,1,14,11,6,0,0,13,14,8,16,16,7,0,0,8,16,16,16,3,0,0,0,0,1,11,14,0,0,0,0,0,0,14,14,0,0,0,4
digit_05340,0,0,4,12,5,0,0,0,0,0,12,14,15,7,0,0,0,2,14,1,2,16,0,0,0,4,8,0,0,10,4,0,0,7,8,0,0,6,8,0,0,4,11,0,0,5,8,0,0,0,14,11,3,13,5,0,0,0,2,11,16,11,0,0,0
digit_05341,0,0,9,12,12,13,7,0,0,0,15,5,5,4,2,0,0,4,15,10,4,0,0,0,0,2,11,11,15,11,0,0,0,0,0,0,0,10,5,0,0,0,0,0,0,7,7,0,0,5,11,4,5,14,1,0,0,0,9,16,13,3,0,0,5
digit_05342,0,0,8,15,12,4,0,0,0,5,14,4,11,7,0,0,0,0,0,1,14,3,0,0,0,0,2,15,14,1,0,0,0,0,0,8,13,11,0,0,0,0,0,0,0,13,5,0,0,0,12,2,3,12,7,0,0,0,13,16,15,8,0,0,3
digit_05343,0,0,0,10,8,0,0,0,0,0,6,14,3,0,0,0,0,0,11,8,0,0,0,0,0,3,16,8,2,0,0,0,0,6,16,16,16,15,3,0,0,0,16,2,0,8,12,0,0,0,11,12,5,11,12,0,0,0,1,8,16,15,2,0,6
digit_05344,0,2,11,13,11,2,0,0,0,7,12,4,13,8,0,0,0,6,13,5,14,13,0,0,0,0,3,11,9,11,5,0,0,0,0,0,0,8,8,0,0,0,0,0,0,3,11,0,0,0,2,0,1,9,10,0,0,1,15,16,16,14,2,0,9
digit_05345,0,0,0,7,15,0,0,0,0,0,6,15,8,0,0,0,0,0,13,9,0,0,0,0,0,2,16,5,4,1,0,0,0,5,16,16,16,12,3,0,0,1,15,4,1,8,12,0,0,0,8,14,5,5,15,0,0,0,0,6,16,16,11,0,6
digit_05346,0,0,0,1,10,16,8,0,0,1,8,15,16,16,9,0,0,10,16,13,11,16,8,0,0,1,4,0,10,16,4,0,0,0,0,0,12,16,0,0,0,0,0,0,12,16,0,0,0,0,0,0,12,16,3,0,0,0,0,0,10,16,7,0,1
digit_05347,0,0,3,13,16,15,6,0,0,0,13,13,9,16,10,0,0,0,16,9,0,14,6,0,0,0,14,2,6,15,0,0,0,0,0,5,15,15,6,0,0,0,0,16,15,10,2,0,0,0,0,13,11,0,0,0,0,0,4,16,7,0,0,0,7
digit_05348,0,0,9,9,12,12,0,0,0,0,14,10,8,3,0,0,0,0,13,6,3,0,0,0,0,0,13,16,15,12,2,0,0,0,0,0,0,5,9,0,0,0,0,0,0,2,12,0,0,0,5,1,2,11,8,0,0,0,10,16,16,11,1,0,5
digit_05349,0,0,0,9,10,0,0,0,0,0,3,16,4,0,0,0,0,0,12,8,2,7,0,0,0,4,16,3,13,13,3,0,0,14,13,8,16,16,10,0,0,14,16,16,16,9,1,0,0,2,4,9,16,1,0,0,0,0,0,9,15,2,0,0,4
digit_05350,0,0,2,15,5,0,0,0,0,0,9,15,0,1,0,0,0,0,14,9,9,9,0,0,0,8,16,4,16,13,12,0,0,13,16,16,16,15,7,0,0,3,8,13,12,2,0,0,0,0,0,14,10,0,0,0,0,0,3,16,7,0,0,0,4
digit_05351,0,0,1,12,16,16,12,0,0,0,7,16,11,12,9,0,0,0,6,7,0,14,4,0,0,0,0,0,6,16,3,0,0,0,0,10,16,16,9,0,0,0,0,8,15,5,0,0,0,0,0,8,10,0,0,0,0,0,0,16,5,0,0,0,7
digit_05352,0,3,15,16,8,0,0,0,0,14,13,10,16,2,0,0,0,5,3,2,16,2,0,0,0,0,0,3,16,2,0,0,0,0,0,9,12,0,0,0,0,0,1,16,8,0,2,0,0,0,8,16,14,16,15,0,0,2,16,16,15,12,9,0,2
digit_05353,0,0,1,10,16,15,5,0,0,0,12,12,9,9,10,0,0,4,16,1,0,7,7,0,0,4,14,13,8,11,0,0,0,0,1,6,16,14,1,0,0,0,0,8,11,14,5,0,0,0,0,12,8,15,2,0,0,0,0,10,15,5,0,0,8
digit_05354,0,1,13,16,15,5,0,0,0,4,16,7,14,12,0,0,0,3,12,2,11,10,0,0,0,0,0,0,14,8,0,0,0,0,0,3,16,4,0,0,0,0,1,11,13,0,0,0,0,0,9,16,14,16,7,0,0,1,16,16,15,12,5,0,2
digit_05355,0,2,15,13,2,0,0,0,0,7,16,13,15,0,0,0,0,11,11,5,16,4,0,0,0,1,1,7,16,1,0,0,0,0,0,12,11,0,0,0,0,0,4,16,8,8,2,0,0,0,12,16,16,16,11,0,0,2,15,13,6,4,1,0,2
digit_05356,0,0,15,14,15,9,0,0,0,0,12,10,7,6,4,0,0,1,14,2,0,0,0,0,0,5,16,12,10,4,0,0,0,4,11,8,11,15,5,0,0,0,0,0,0,13,7,0,0,4,16,10,11,14,1,0,0,1,10,16,15,4,0,0,5
digit_05357,0,0,2,13,16,16,7,0,0,0,12,15,12,16,10,0,0,0,16,9,0,14,6,0,0,0,3,0,4,16,1,0,0,0,0,10,14,16,6,0,0,0,3,16,16,11,2,0,0,0,0,9,14,0,0,0,0,0,2,15,6,0,0,0,7
digit_05358,0,0,10,8,8,4,0,0,0,8,15,12,14,14,0,0,0,9,11,0,10,16,4,0,0,1,9,12,10,12,8,0,0,0,0,0,0,8,8,0,0,0,0,0,0,10,7,0,0,0,11,6,4,15,4,0,0,0,13,16,16,7,0,0,9
digit_05359,0,1,13,14,16,14,3,0,0,4,14,8,7,3,0,0,0,6,11,0,0,0,0,0,0,5,16,15,11,5,0,0,0,2,7,7,10,16,0,0,0,0,0,0,3,16,0,0,0,0,7,5,13,11,0,0,0,0,15,16,10,1,0,0,5
digit_05360,0,0,0,13,9,0,0,0,0,0,4,15,3,0,0,0,0,0,11,9,6,4,0,0,0,5,16,3,13,8,1,0,0,14,16,9,16,16,9,0,0,12,16,16,16,11,3,0,0,0,4,12,14,0,0,0,0,0,0,12,10,0,0,0,4
digit_05361,0,0,1,8,15,11,3,0,0,0,11,12,9,14,11,0,0,2,14,0,0,13,6,0,0,7,15,8,12,9,0,0,0,0,6,13,16,8,0,0,0,0,0,13,9,15,4,0,0,0,0,16,8,14,3,0,0,0,0,11,15,8,0,0,8
digit_05362,0,0,2,11,14,12,3,0,0,0,14,14,9,15,8,0,0,5,12,0,5,15,2,0,0,3,16,11,15,3,0,0,0,0,1,14,16,4,0,0,0,0,0,15,5,15,0,0,0,0,1,16,10,11,0,0,0,0,0,15,13,2,0,0,8
digit_05363,0,0,0,7,16,2,0,0,0,0,0,15,11,0,0,0,0,0,11,14,6,5,0,0,0,4,16,7,14,13,2,0,0,10,16,13,16,16,10,0,0,8,15,14,16,10,1,0,0,0,0,9,16,1,0,0,0,0,0,9,15,1,0,0,4
digit_05364,0,0,6,16,16,11,0,0,0,1,16,8,8,16,6,0,0,0,8,16,14,16,11,0,0,0,1,4,3,10,8,0,0,0,0,0,0,9,7,0,0,0,0,0,1,14,1,0,0,0,4,7,11,9,0,0,0,0,9,16,10,1,0,0,9
digit_05365,0,0,5,12,9,1,0,0,0,0,14,14,13,13,0,0,0,3,12,1,1,13,4,0,0,7,8,0,0,6,8,0,0,8,8,0,0,5,8,0,0,5,10,0,0,11,4,0,0,1,15,9,11,13,0,0,0,0,7,15,12,2,0,0,0
digit_05366,0,0,2,9,15,12,5,0,0,0,12,11,11,12,11,0,0,1,16,1,0,8,11,0,0,3,15,12,10,15,2,0,0,0,1,11,16,9,0,0,0,0,0,11,15,12,0,0,0,0,0,12,15,8,0,0,0,0,0,10,13,2,0,0,8
digit_05367,0,0,9,13,15,10,1,0,0,1,15,5,7,16,5,0,0,0,15,7,10,16,6,0,0,0,2,7,7,10,8,0,0,0,0,0,0,8,8,0,0,0,0,0,0,11,5,0,0,0,14,6,10,12,0,0,0,0,9,16,12,1,0,0,9
digit_05368,0,0,1,10,11,2,0,0,0,0,12,12,8,15,4,0,0,6,11,0,1,12,7,0,0,4,16,7,15,12,0,0,0,0,5,15,15,3,0,0,0,0,0,14,7,14,0,0,0,0,4,12,7,10,0,0,0,0,1,16,16,3,0,0,8
digit_05369,0,0,4,16,15,2,0,0,0,0,11,16,13,13,0,0,0,1,16,8,1,16,2,0,0,7,16,6,0,11,8,0,0,7,16,4,0,11,8,0,0,4,15,1,1,15,7,0,0,0,13,12,14,15,1,0,0,0,3,14,16,6,0,0,0
digit_05370,0,0,0,14,10,0,0,0,0,0,3,16,16,3,0,0,0,0,7,16,16,7,0,0,0,0,12,16,16,5,0,0,0,0,4,15,16,6,0,0,0,0,0,13,16,0,0,0,0,0,0,14,12,0,0,0,0,0,0,10,10,0,0,0,1
digit_05371,0,0,5,13,7,0,0,0,0,0,12,12,14,2,0,0,0,0,12,0,12,6,0,0,0,0,6,1,15,3,0,0,0,0,0,6,11,0,0,0,0,0,5,14,3,0,0,0,0,0,11,16,8,2,6,3,0,0,4,8,10,16,12,1,2
digit_05372,0,0,4,16,16,9,0,0,0,0,1,9,10,16,1,0,0,0,0,5,15,16,1,0,0,0,0,10,16,5,0,0,0,0,0,2,16,6,0,0,0,0,0,0,10,10,0,0,0,0,11,8,12,14,1,0,0,0,5,13,16,15,0,0,3
digit_05373,0,0,1,15,6,0,0,0,0,0,8,16,2,0,0,0,0,0,15,11,0,7,4,0,0,8,16,10,6,16,9,0,0,6,16,16,16,16,4,0,0,0,5,11,16,13,0,0,0,0,0,12,15,3,0,0,0,0,0,15,11,0,0,0,4
digit_05374,0,0,11,14,16,10,0,0,0,6,15,8,6,4,0,0,0,5,12,2,0,0,0,0,0,12,16,15,1,0,0,0,0,3,11,11,6,0,0,0,0,0,0,12,10,0,0,0,0,0,5,16,9,0,0,0,0,0,13,16,3,0,0,0,5
digit_05375,0,0,0,0,13,1,0,0,0,0,0,7,15,3,0,0,0,0,0,16,11,2,0,0,0,0,4,16,16,14,1,0,0,0,5,16,8,8,10,0,0,0,9,16,4,0,15,0,0,0,2,9,11,13,14,0,0,0,0,0,10,16,10,0,6
digit_05376,0,3,13,16,13,0,0,0,0,9,13,8,16,5,1,0,0,0,8,14,16,16,5,0,0,0,8,16,15,2,0,0,0,0,2,16,7,0,0,0,0,0,7,16,4,0,0,0,0,0,15,9,0,0,0,0,0,2,15,3,0,0,0,0,7
digit_05377,0,0,1,8,13,1,0,0,0,0,6,16,16,9,0,0,0,1,15,16,16,10,0,0,0,6,15,14,6,0,0,0,0,3,7,6,6,0,0,0,0,1,10,2,11,0,0,0,0,0,4,11,13,2,0,0,0,0,0,5,12,5,0,0,8
digit_05378,0,0,0,1,9,14,7,0,0,0,5,14,9,8,10,0,0,2,14,16,11,13,3,0,0,3,16,16,16,16,5,0,0,0,6,7,1,11,7,0,0,0,0,0,1,13,3,0,0,0,0,0,6,8,0,0,0,0,0,0,10,0,0,0,9
digit_05379,0,0,2,16,12,1,0,0,0,0,11,15,13,11,0,0,0,2,16,9,0,14,2,0,0,4,16,12,0,11,5,0,0,4,16,6,0,12,7,0,0,0,15,1,1,15,9,0,0,0,10,9,10,15,2,0,0,0,2,13,16,8,0,0,0
digit_05380,0,0,1,15,14,1,0,0,0,2,13,16,16,3,0,0,0,5,16,16,16,4,0,0,0,4,16,16,16,1,0,0,0,0,7,16,13,0,0,0,0,0,5,16,11,0,0,0,0,0,4,16,10,0,0,0,0,0,2,16,11,0,0,0,1
digit_05381,0,0,2,10,12,2,0,0,0,0,11,16,13,10,0,0,0,0,9,7,2,15,0,0,0,0,3,2,3,15,0,0,0,0,0,0,10,10,0,0,0,0,2,7,16,7,0,0,0,0,9,16,16,16,16,3,0,0,3,13,9,8,4,0,2
digit_05382,0,0,3,11,13,15,3,0,0,4,16,14,11,16,8,0,0,2,5,0,14,15,1,0,0,0,0,0,16,11,0,0,0,0,0,0,11,10,0,0,0,0,0,0,8,12,0,0,0,0,8,11,15,8,0,0,0,0,2,12,14,3,0,0,3
digit_05383,0,0,1,12,7,0,0,0,0,0,8,14,1,0,0,0,0,0,15,7,0,3,5,0,0,5,16,0,4,15,4,0,0,5,16,16,16,15,2,0,0,0,11,12,16,8,0,0,0,0,0,5,16,3,0,0,0,0,0,13,10,0,0,0,4
digit_05384,0,0,4,13,16,14,0,0,0,2,14,16,12,4,0,0,0,13,16,5,0,0,0,0,0,11,16,10,1,0,0,0,0,5,15,16,5,0,0,0,0,0,2,15,9,0,0,0,0,0,5,15,9,0,0,0,0,0,4,16,5,0,0,0,5
digit_05385,0,0,0,6,9,0,0,0,0,0,2,15,8,0,0,0,0,0,4,16,5,0,0,0,0,0,9,12,7,12,2,0,0,0,9,16,15,13,6,0,0,0,13,14,2,13,6,0,0,0,14,15,13,16,4,0,0,0,1,10,16,10,0,0,6
digit_05386,0,0,0,7,16,16,11,0,0,0,6,16,16,16,16,0,0,0,11,16,16,16,9,0,0,0,2,9,11,14,10,0,0,0,0,0,0,10,6,0,0,0,0,0,4,11,1,0,0,0,0,2,14,2,0,0,0,0,0,11,3,0,0,0,9
digit_05387,0,0,5,16,14,1,0,0,0,0,14,14,14,9,0,0,0,1,15,6,1,12,1,0,0,3,16,1,0,10,4,0,0,5,16,5,0,11,2,0,0,2,16,2,3,16,0,0,0,0,11,13,14,12,0,0,0,0,3,15,15,5,0,0,0
digit_05388,0,0,2,15,14,1,0,0,0,0,11,16,16,4,0,0,0,4,16,16,16,1,0,0,0,7,16,16,14,0,0,0,0,9,16,16,11,0,0,0,0,1,13,16,9,0,0,0,0,0,5,16,5,0,0,0,0,0,2,14,9,0,0,0,1
digit_05389,0,0,2,12,10,0,0,0,0,0,11,14,14,9,0,0,0,3,15,1,10,9,0,0,0,2,7,0,10,8,0,0,0,0,0,2,16,2,0,0,0,0,0,10,16,6,0,0,0,0,7,16,13,14,16,4,0,0,4,15,0,0,5,4,2
digit_05390,0,0,10,16,15,7,0,0,0,6,16,6,10,16,2,0,0,8,6,5,15,12,0,0,0,0,0,13,16,2,0,0,0,0,0,5,16,4,0,0,0,0,0,0,10,16,0,0,0,0,0,1,11,16,1,0,0,0,11,16,16,8,1,0,3
digit_05391,0,0,3,15,3,0,0,0,0,0,14,16,1,0,0,0,0,8,16,6,0,8,5,0,0,12,14,0,5,16,8,0,0,12,15,14,16,13,0,0,0,1,11,14,16,5,0,0,0,0,4,15,10,0,0,0,0,0,4,16,5,0,0,0,4
digit_05392,0,0,10,16,16,14,0,0,0,4,16,14,10,8,0,0,0,13,16,8,1,0,0,0,0,12,16,16,13,2,0,0,0,3,8,9,16,5,0,0,0,0,0,3,16,6,0,0,0,0,5,12,15,2,0,0,0,0,12,15,5,0,0,0,5
digit_05393,0,0,0,1,13,1,0,0,0,0,1,14,15,0,0,0,0,0,3,16,6,0,0,0,0,0,6,12,0,0,0,0,0,0,9,14,10,3,0,0,0,0,8,16,16,16,1,0,0,0,8,16,15,16,5,0,0,0,0,2,11,11,1,0,6
digit_05394,0,0,10,16,14,2,0,0,0,0,13,13,14,11,0,0,0,0,4,8,15,15,4,0,0,0,10,16,16,13,3,0,0,0,1,12,14,1,0,0,0,0,2,16,8,0,0,0,0,0,13,12,1,0,0,0,0,0,13,7,0,0,0,0,7
digit_05395,0,0,5,12,16,15,0,0,0,3,16,8,9,16,0,0,0,4,16,14,16,7,0,0,0,5,16,15,5,0,0,0,0,8,15,6,0,0,0,0,0,4,8,14,0,0,0,0,0,3,10,16,1,0,0,0,0,0,6,15,2,0,0,0,8
digit_05396,0,0,0,7,12,16,16,15,0,0,9,16,10,4,16,10,0,0,14,16,13,14,12,1,0,0,4,16,16,16,12,0,0,0,0,0,0,16,10,0,0,0,0,0,7,15,0,0,0,0,0,1,15,7,0,0,0,0,0,12,6,0,0,0,9
digit_05397,0,0,0,10,9,0,0,0,0,0,3,15,13,5,0,0,0,0,13,13,1,13,0,0,0,0,16,7,0,16,0,0,0,0,16,11,3,15,0,0,0,0,14,7,16,12,0,0,0,0,9,13,15,6,0,0,0,0,0,13,10,0,0,0,0
digit_05398,0,0,0,4,11,15,15,2,0,1,10,16,13,14,14,2,0,5,16,16,16,16,14,0,0,0,9,8,8,15,9,0,0,0,0,0,1,16,2,0,0,0,0,0,10,10,0,0,0,0,0,1,16,6,0,0,0,0,0,3,16,2,0,0,9
digit_05399,0,0,7,15,16,16,1,0,0,9,16,16,10,5,0,0,0,14,16,16,15,0,0,0,0,11,14,13,16,2,0,0,0,0,0,6,16,1,0,0,0,0,0,12,12,0,0,0,0,0,6,16,7,0,0,0,0,0,10,13,0,0,0,0,5
digit_05400,0,8,13,15,16,16,8,0,0,9,16,16,13,11,5,0,0,6,16,12,0,0,0,0,0,1,14,14,0,0,0,0,0,0,8,16,2,0,0,0,0,0,8,15,0,0,0,0,0,3,14,11,0,0,0,0,0,9,16,6,0,0,0,0,5
digit_05401,0,0,0,12,5,0,0,0,0,0,2,15,7,0,0,0,0,0,7,16,8,0,0,0,0,0,15,15,8,4,0,0,0,0,15,16,16,15,3,0,0,1,16,13,4,11,11,0,0,0,11,14,9,15,11,0,0,0,1,14,16,15,6,0,6
digit_05402,0,0,5,15,14,13,2,0,0,0,12,15,9,7,1,0,0,5,16,8,0,0,0,0,0,9,16,16,7,0,0,0,0,6,12,14,7,0,0,0,0,0,0,11,6,0,0,0,0,0,2,16,3,0,0,0,0,0,7,14,0,0,0,0,5
digit_05403,0,0,2,14,13,3,0,0,0,0,13,13,9,11,0,0,0,0,16,7,0,12,0,0,0,3,16,5,0,10,5,0,0,5,16,1,0,8,5,0,0,3,16,1,0,10,5,0,0,0,16,8,5,14,3,0,0,0,4,16,16,9,1,0,0
digit_05404,0,0,0,4,12,16,11,0,0,0,15,12,0,5,9,0,0,4,16,5,6,15,3,0,0,3,15,16,14,1,0,0,0,0,3,10,16,2,0,0,0,0,0,0,14,2,0,0,0,0,0,0,12,0,0,0,0,0,0,4,12,0,0,0,9
digit_05405,0,0,0,9,16,10,0,0,0,0,1,15,5,16,3,0,0,0,13,4,0,15,5,0,0,0,15,11,14,16,2,0,0,8,16,16,13,5,0,0,0,3,15,15,1,0,0,0,0,0,9,16,10,0,0,0,0,0,0,10,15,0,0,0,8
digit_05406,0,0,6,14,16,15,1,0,0,9,16,12,9,16,3,0,0,12,16,11,14,13,0,0,0,7,15,16,14,0,0,0,0,0,2,8,16,5,0,0,0,0,0,6,16,4,0,0,0,0,2,13,12,0,0,0,0,0,9,16,1,0,0,0,9
digit_05407,0,0,0,8,15,4,0,0,0,0,3,16,10,11,0,0,0,0,6,12,11,13,0,0,0,0,10,16,16,9,0,0,0,1,16,12,11,5,0,0,0,2,13,0,2,9,0,0,0,0,8,6,2,12,0,0,0,0,1,9,14,9,0,0,8
digit_05408,0,0,1,13,8,0,0,0,0,0,7,16,3,0,0,0,0,0,14,9,0,7,7,0,0,3,16,3,2,15,9,0,0,9,16,8,12,15,0,0,0,6,16,16,16,7,0,0,0,0,3,12,15,1,0,0,0,0,0,13,9,0,0,0,4
digit_05409,0,0,0,13,9,0,0,0,0,0,0,14,15,1,0,0,0,0,0,13,16,0,0,0,0,0,0,11,16,0,0,0,0,0,0,10,16,2,0,0,0,0,0,14,16,1,0,0,0,0,0,15,16,1,0,0,0,0,0,12,15,0,0,0,1
digit_05410,0,0,8,15,16,10,0,0,0,0,7,10,10,15,0,0,0,0,0,0,7,13,0,0,0,0,0,4,14,12,1,0,0,3,16,16,16,12,4,0,0,1,10,16,7,0,0,0,0,0,8,9,0,0,0,0,0,0,13,1,0,0,0,0,7
digit_05411,0,2,10,16,12,0,0,0,0,12,14,12,16,5,0,0,0,2,0,4,16,7,1,0,0,0,4,15,16,16,10,0,0,1,16,16,12,5,2,0,0,0,15,12,1,0,0,0,0,1,14,4,0,0,0,0,0,0,16,3,0,0,0,0,7
digit_05412,0,2,16,16,16,12,0,0,0,1,9,5,12,16,2,0,0,0,0,6,15,14,2,0,0,0,1,16,16,1,0,0,0,0,0,12,16,1,0,0,0,0,0,6,16,6,0,0,0,0,0,12,16,5,0,0,0,1,16,16,13,1,0,0,3
digit_05413,0,4,16,16,16,15,3,0,0,11,16,14,8,8,1,0,0,12,14,3,0,0,0,0,0,8,16,4,0,0,0,0,0,2,16,9,0,0,0,0,0,0,10,12,0,0,0,0,0,1,14,11,0,0,0,0,0,5,16,3,0,0,0,0,5
digit_05414,0,0,0,13,14,0,0,0,0,0,0,13,16,3,0,0,0,0,2,16,15,3,0,0,0,0,4,16,14,0,0,0,0,0,3,16,11,0,0,0,0,0,8,16,10,0,0,0,0,0,6,16,7,0,0,0,0,0,1,11,9,0,0,0,1
digit_05415,0,0,0,16,12,1,0,0,0,0,6,16,14,7,0,0,0,0,14,15,1,11,0,0,0,0,16,15,0,14,1,0,0,1,16,10,0,14,2,0,0,0,15,13,3,15,3,0,0,0,9,16,16,15,0,0,0,0,0,13,16,8,0,0,0
digit_05416,0,0,9,13,11,1,0,0,0,0,6,4,9,14,1,0,0,0,1,5,0,11,4,0,0,0,13,14,0,7,5,0,0,3,14,1,0,10,4,0,0,3,14,0,2,15,1,0,0,2,13,8,12,11,0,0,0,0,8,14,10,1,0,0,0
digit_05417,0,0,5,16,15,5,0,0,0,0,8,13,9,15,0,0,0,0,0,4,0,15,5,0,0,0,0,0,0,12,6,0,0,0,0,0,0,15,4,0,0,0,11,10,10,15,0,0,0,0,16,16,16,15,13,4,0,0,7,16,13,10,8,3,2
digit_05418,0,3,12,16,9,0,0,0,0,13,15,8,15,2,0,0,0,11,6,0,12,4,0,0,0,1,0,0,15,3,0,0,0,0,0,4,16,1,0,0,0,0,0,12,11,0,0,0,0,0,11,16,10,4,6,1,0,2,15,16,16,16,16,3,2
digit_05419,0,2,15,16,5,0,0,0,0,0,4,11,9,0,0,0,0,0,0,13,7,2,1,0,0,1,8,16,14,16,10,0,0,10,16,15,7,1,0,0,0,0,14,8,0,0,0,0,0,1,16,3,0,0,0,0,0,2,15,1,0,0,0,0,7
digit_05420,0,0,7,15,15,6,0,0,0,4,16,16,11,15,0,0,0,7,16,10,10,16,1,0,0,3,11,16,16,6,0,0,0,1,15,16,10,0,0,0,0,5,16,5,14,0,0,0,0,1,13,3,14,1,0,0,0,0,5,15,15,2,0,0,8
digit_05421,0,0,1,15,13,2,0,0,0,0,0,8,14,10,0,0,0,0,0,0,5,15,1,0,0,0,0,0,2,16,5,0,0,0,0,0,8,15,1,0,0,0,3,10,13,13,0,0,0,0,8,16,16,12,4,0,0,0,1,13,15,14,16,7,2
digit_05422,0,0,0,12,11,1,0,0,0,0,3,16,13,10,0,0,0,0,8,9,1,12,0,0,0,2,16,9,0,10,5,0,0,4,16,8,0,7,8,0,0,1,16,3,0,10,7,0,0,0,8,13,9,16,6,0,0,0,1,10,16,13,1,0,0
digit_05423,0,0,0,15,11,0,0,0,0,0,6,16,16,2,0,0,0,0,10,16,16,1,0,0,0,2,16,16,16,3,0,0,0,7,16,16,14,0,0,0,0,0,3,15,10,0,0,0,0,0,0,15,7,0,0,0,0,0,0,14,4,0,0,0,1
digit_05424,0,2,13,16,12,0,0,0,0,9,15,10,16,3,0,0,0,5,7,5,16,3,0,0,0,0,0,10,14,0,0,0,0,0,5,16,7,0,0,0,0,0,14,16,1,3,7,1,0,3,16,12,10,16,11,1,0,0,13,16,13,7,1,0,2
digit_05425,0,0,0,8,7,0,0,0,0,0,2,16,6,0,0,0,0,0,5,16,2,0,0,0,0,0,11,15,12,9,0,0,0,0,11,16,13,9,8,0,0,0,11,16,2,8,9,0,0,0,3,16,5,12,10,0,0,0,0,6,16,14,2,0,6
digit_05426,0,0,11,15,16,10,0,0,0,8,16,8,15,16,0,0,0,5,6,10,16,8,0,0,0,0,4,16,11,1,0,0,0,0,2,15,9,0,0,0,0,0,0,9,16,2,0,0,0,0,0,8,16,5,0,0,0,0,13,16,15,0,0,0,3
digit_05427,0,2,11,14,14,9,0,0,0,3,10,7,10,16,3,0,0,0,0,4,13,12,0,0,0,0,0,13,15,2,0,0,0,0,0,15,9,0,0,0,0,0,0,9,15,0,0,0,0,0,1,13,9,0,0,0,0,1,15,13,1,0,0,0,3
digit_05428,0,2,13,16,15,2,0,0,0,15,14,7,16,5,0,0,0,10,1,2,16,4,0,0,0,0,1,11,16,15,8,0,0,0,15,16,13,8,2,0,0,0,10,14,0,0,0,0,0,0,11,10,0,0,0,0,0,0,15,3,0,0,0,0,7
digit_05429,0,0,9,16,16,10,0,0,0,0,9,9,9,15,0,0,0,0,0,0,6,14,0,0,0,0,0,2,15,7,0,0,0,0,1,14,16,4,0,0,0,0,5,16,16,8,0,0,0,0,0,6,16,4,0,0,0,0,11,16,12,0,0,0,3
digit_05430,0,0,8,16,16,13,0,0,0,0,10,11,9,16,2,0,0,0,0,4,16,12,0,0,0,0,2,16,15,1,0,0,0,0,2,15,11,0,0,0,0,0,0,4,16,3,0,0,0,3,12,2,14,4,0,0,0,0,9,16,16,5,0,0,3
digit_05431,0,0,5,16,1,0,0,0,0,0,12,12,0,0,0,0,0,2,15,8,0,6,5,0,0,9,16,6,12,16,9,0,0,7,16,16,16,15,1,0,0,0,3,10,16,6,0,0,0,0,1,14,10,0,0,0,0,0,5,16,2,0,0,0,4
digit_05432,0,0,0,11,8,0,0,0,0,0,5,16,7,0,0,0,0,0,10,14,0,0,0,0,0,0,12,9,1,3,0,0,0,0,14,14,15,16,7,0,0,0,10,16,15,12,12,0,0,0,6,16,13,14,12,0,0,0,0,9,15,15,3,0,6
digit_05433,0,0,0,6,12,0,0,0,0,0,0,13,13,0,0,0,0,0,7,16,2,0,0,0,0,0,10,12,0,2,0,0,0,0,13,14,16,14,0,0,0,0,11,16,14,13,6,0,0,0,5,13,9,16,5,0,0,0,0,6,15,12,1,0,6
digit_05434,0,0,0,9,11,0,0,0,0,0,1,16,11,0,0,0,0,0,6,16,1,0,0,0,0,0,11,11,6,7,1,0,0,0,13,14,15,16,8,0,0,0,12,13,5,5,13,0,0,0,6,14,8,15,12,0,0,0,0,10,16,12,2,0,6
digit_05435,0,0,10,14,0,0,0,0,0,1,16,7,1,7,0,0,0,0,15,7,12,16,2,0,0,0,10,16,16,4,0,0,0,0,0,9,14,0,0,0,0,0,0,14,10,0,0,0,0,0,5,16,2,0,0,0,0,0,11,12,0,0,0,0,4
digit_05436,0,0,0,2,9,13,6,0,0,0,11,15,8,9,10,0,0,3,16,10,4,13,5,0,0,1,15,16,15,15,7,0,0,0,0,0,1,14,1,0,0,0,0,0,11,6,0,0,0,0,0,1,13,0,0,0,0,0,0,5,4,0,0,0,9
digit_05437,0,0,0,14,7,0,0,0,0,0,0,15,15,1,0,0,0,0,2,16,15,1,0,0,0,0,6,16,15,0,0,0,0,0,9,16,13,0,0,0,0,0,8,16,15,1,0,0,0,0,4,16,16,6,0,0,0,0,0,13,12,0,0,0,1
digit_05438,0,0,12,16,16,15,3,0,0,4,16,16,6,2,1,0,0,14,16,4,0,0,0,0,0,9,16,16,5,0,0,0,0,0,7,15,8,0,0,0,0,0,0,12,11,0,0,0,0,0,5,16,7,0,0,0,0,0,14,15,0,0,0,0,5
digit_05439,0,0,0,9,8,1,0,0,0,0,5,16,16,8,0,0,0,4,16,15,1,15,0,0,0,6,16,12,0,12,1,0,0,5,16,11,0,11,6,0,0,1,15,8,4,15,6,0,0,0,5,16,16,15,0,0,0,0,0,7,14,9,0,0,0
digit_05440,0,0,1,13,10,1,0,0,0,0,12,6,7,10,0,0,0,0,10,10,11,15,0,0,0,0,1,14,16,16,5,0,0,0,0,0,0,10,10,0,0,0,0,0,0,5,11,0,0,0,2,4,4,14,11,0,0,0,2,11,15,16,5,0,9
digit_05441,0,0,5,16,16,3,0,0,0,0,9,16,7,0,0,0,0,0,12,15,2,0,0,0,0,1,15,16,15,4,0,0,0,0,9,13,16,9,0,0,0,0,0,0,14,12,0,0,0,0,5,12,16,8,0,0,0,0,3,15,15,1,0,0,5
digit_05442,0,0,6,16,12,1,0,0,0,0,5,16,13,10,0,0,0,0,0,5,5,15,0,0,0,0,0,0,8,15,0,0,0,0,0,0,13,13,0,0,0,0,0,6,16,9,4,1,0,0,3,16,16,16,16,10,0,0,5,16,11,9,6,2,2
digit_05443,0,0,0,10,16,7,0,0,0,0,2,15,4,14,2,0,0,0,0,13,8,16,0,0,0,0,0,10,16,14,1,0,0,0,8,16,16,7,0,0,0,1,15,6,8,12,0,0,0,1,13,5,12,9,0,0,0,0,1,11,15,6,0,0,8
digit_05444,0,0,4,15,16,6,0,0,0,0,16,12,8,15,0,0,0,7,16,4,0,11,5,0,0,10,15,0,0,8,9,0,0,10,14,0,0,8,11,0,0,6,16,4,0,11,9,0,0,1,15,7,8,16,5,0,0,0,3,14,16,10,1,0,0
digit_05445,0,0,0,12,9,0,0,0,0,0,2,16,16,0,0,0,0,0,3,16,16,1,0,0,0,0,4,16,13,0,0,0,0,0,3,16,11,0,0,0,0,0,5,16,10,0,0,0,0,0,2,16,10,0,0,0,0,0,0,11,13,0,0,0,1
digit_05446,0,0,7,14,16,5,0,0,0,0,16,12,15,12,0,0,0,0,3,0,14,9,0,0,0,0,5,12,16,15,10,0,0,8,16,16,13,6,0,0,0,3,9,16,6,0,0,0,0,0,10,12,1,0,0,0,0,0,12,5,0,0,0,0,7
digit_05447,0,0,0,8,7,0,0,0,0,0,4,16,11,0,0,0,0,0,9,16,1,0,0,0,0,0,11,14,11,13,2,0,0,0,13,16,14,14,10,0,0,0,10,15,1,5,13,0,0,0,6,16,8,14,12,0,0,0,0,5,14,16,4,0,6
digit_05448,0,1,11,16,16,12,0,0,0,8,16,13,16,16,3,0,0,1,5,7,16,14,0,0,0,0,0,11,16,4,0,0,0,0,0,2,15,9,0,0,0,0,0,0,11,13,0,0,0,0,3,7,15,14,0,0,0,0,14,16,16,6,0,0,3
digit_05449,0,2,13,16,7,0,0,0,0,12,13,14,13,0,0,0,0,2,0,8,12,0,0,0,0,0,0,11,9,0,0,0,0,0,0,13,5,0,0,0,0,0,8,15,2,0,0,0,0,0,16,16,16,9,2,0,0,1,16,14,13,16,9,0,2
digit_05450,0,0,0,11,9,0,0,0,0,0,0,11,14,0,0,0,0,0,0,11,13,0,0,0,0,0,0,15,13,0,0,0,0,0,0,13,13,0,0,0,0,0,0,13,9,0,0,0,0,0,0,10,10,0,0,0,0,0,0,9,11,0,0,0,1
digit_05451,0,1,11,16,11,0,0,0,0,10,14,11,16,0,0,0,0,14,5,6,15,0,0,0,0,3,1,11,14,3,1,0,0,2,13,16,16,16,9,0,0,2,14,16,5,4,2,0,0,0,11,11,0,0,0,0,0,0,16,3,0,0,0,0,7
digit_05452,0,0,5,13,0,0,0,0,0,0,12,9,4,13,0,0,0,0,16,5,11,13,0,0,0,0,15,13,15,7,0,0,0,0,4,14,15,0,0,0,0,0,0,14,8,0,0,0,0,0,2,16,4,0,0,0,0,0,6,16,1,0,0,0,4
digit_05453,0,0,0,8,10,0,0,0,0,0,3,15,5,0,0,0,0,0,7,13,0,0,0,0,0,0,7,14,5,1,0,0,0,0,6,16,16,16,3,0,0,0,6,16,7,13,8,0,0,0,2,15,7,15,7,0,0,0,0,7,15,12,0,0,6
digit_05454,0,0,6,16,15,5,0,0,0,0,2,13,14,13,0,0,0,0,0,2,14,14,1,0,0,0,0,3,16,10,0,0,0,0,0,0,14,10,0,0,0,0,0,0,10,14,0,0,0,0,8,7,12,16,0,0,0,0,6,16,16,12,1,0,3
digit_05455,0,0,0,12,7,0,0,0,0,0,0,14,15,0,0,0,0,0,0,14,16,1,0,0,0,0,0,15,16,2,0,0,0,0,0,13,16,1,0,0,0,0,0,14,16,1,0,0,0,0,0,14,16,1,0,0,0,0,0,6,16,2,0,0,1
digit_05456,0,0,6,15,15,4,0,0,0,6,16,16,16,14,0,0,0,7,16,14,16,13,0,0,0,0,3,7,16,6,0,0,0,0,0,2,16,9,0,0,0,0,0,0,14,15,0,0,0,0,7,10,16,14,0,0,0,0,7,15,15,4,0,0,3
digit_05457,0,0,0,8,10,14,3,0,0,1,13,13,9,12,8,0,0,6,16,8,8,16,4,0,0,5,16,16,16,9,0,0,0,0,5,8,14,12,0,0,0,0,0,3,16,5,0,0,0,0,0,15,8,0,0,0,0,0,1,12,2,0,0,0,9
digit_05458,0,0,0,16,11,0,0,0,0,0,2,16,16,2,0,0,0,0,3,16,16,6,0,0,0,0,3,16,15,2,0,0,0,0,2,16,16,2,0,0,0,0,4,16,15,0,0,0,0,0,1,16,15,1,0,0,0,0,0,12,16,2,0,0,1
digit_05459,0,4,15,16,15,4,0,0,0,11,16,14,15,16,0,0,0,3,3,0,16,14,2,0,0,0,9,16,16,16,8,0,0,0,15,16,11,1,0,0,0,0,11,13,1,0,0,0,0,4,16,5,0,0,0,0,0,4,15,0,0,0,0,0,7
digit_05460,0,0,0,9,8,0,0,0,0,0,1,16,2,0,0,0,0,0,6,14,0,0,0,0,0,0,9,11,0,3,0,0,0,0,13,8,13,13,10,0,0,0,12,16,8,0,13,1,0,0,6,16,5,9,13,0,0,0,0,8,15,14,4,0,6
digit_05461,0,0,0,9,15,9,0,0,0,0,8,15,5,12,2,0,0,0,15,15,3,13,3,0,0,0,11,16,16,13,0,0,0,4,16,10,15,0,0,0,0,3,12,0,8,7,0,0,0,0,12,8,10,11,0,0,0,0,0,9,13,4,0,0,8
digit_05462,0,0,0,14,5,0,0,0,0,0,5,16,5,0,0,0,0,0,13,12,0,1,3,0,0,4,16,5,1,15,11,0,0,10,15,4,13,16,3,0,0,8,16,16,16,10,0,0,0,2,11,12,15,1,0,0,0,0,0,16,9,0,0,0,4
digit_05463,0,0,7,15,16,10,0,0,0,0,14,9,10,16,1,0,0,0,2,5,15,14,0,0,0,0,0,11,16,5,0,0,0,0,0,2,16,8,0,0,0,0,0,0,10,13,0,0,0,0,11,9,15,16,1,0,0,0,8,16,16,12,0,0,3
digit_05464,0,0,0,14,9,0,0,0,0,0,0,14,13,0,0,0,0,0,0,11,16,2,0,0,0,0,0,14,16,5,0,0,0,0,0,13,16,4,0,0,0,0,0,16,16,4,0,0,0,0,1,16,16,0,0,0,0,0,0,14,12,0,0,0,1
digit_05465,0,0,0,15,5,0,0,0,0,0,4,16,7,0,0,0,0,1,13,16,0,9,2,0,0,5,16,11,5,16,9,0,0,7,16,14,16,16,7,0,0,1,11,15,16,10,0,0,0,0,0,13,16,3,0,0,0,0,1,16,11,0,0,0,4
digit_05466,0,0,0,10,13,3,0,0,0,0,8,16,14,12,0,0,0,3,16,13,0,14,1,0,0,5,16,6,0,14,5,0,0,6,16,0,0,15,4,0,0,2,13,1,5,16,4,0,0,0,10,16,16,14,1,0,0,0,2,11,13,6,0,0,0
digit_05467,0,0,7,12,15,6,0,0,0,14,16,15,6,0,0,0,0,16,16,13,0,0,0,0,0,10,16,14,8,0,0,0,0,0,2,8,13,0,0,0,0,0,0,10,15,0,0,0,0,0,4,13,15,0,0,0,0,0,7,16,7,0,0,0,5
digit_05468,0,0,8,15,16,6,0,0,0,0,13,13,13,13,0,0,0,0,2,6,16,9,0,0,0,0,0,3,16,2,0,0,0,0,0,0,10,10,0,0,0,0,0,0,5,15,0,0,0,0,7,4,11,16,1,0,0,0,7,16,16,8,0,0,3
digit_05469,0,0,0,5,13,1,0,0,0,0,1,15,12,0,0,0,0,0,4,16,5,0,0,0,0,0,11,14,3,0,0,0,0,0,11,16,16,4,0,0,0,0,11,11,5,13,0,0,0,0,6,13,7,15,0,0,0,0,0,5,14,9,0,0,6
digit_05470,0,0,7,16,15,4,0,0,0,0,11,16,15,12,0,0,0,0,5,16,16,14,0,0,0,0,0,3,8,15,5,0,0,0,0,0,0,10,10,0,0,0,0,0,0,11,11,0,0,0,1,0,5,15,9,0,0,0,6,15,16,16,2,0,9
digit_05471,0,0,1,13,16,2,0,0,0,0,8,16,12,1,0,0,0,0,14,16,2,0,0,0,0,0,15,14,9,1,0,0,0,1,16,16,16,10,0,0,0,0,13,15,13,15,0,0,0,0,8,16,14,14,1,0,0,0,1,11,16,8,0,0,6
digit_05472,0,0,0,12,10,0,0,0,0,0,0,14,16,2,0,0,0,0,0,13,16,0,0,0,0,0,0,11,16,3,0,0,0,0,0,10,16,3,0,0,0,0,0,11,16,2,0,0,0,0,0,14,16,2,0,0,0,0,0,11,14,0,0,0,1
digit_05473,0,0,3,16,15,5,0,0,0,0,7,16,15,14,0,0,0,0,0,1,7,16,4,0,0,2,6,9,14,16,5,0,0,9,16,16,16,12,1,0,0,0,9,15,16,4,0,0,0,0,6,16,11,0,0,0,0,0,2,15,4,0,0,0,7
digit_05474,0,0,15,13,13,13,0,0,0,0,16,16,11,3,0,0,0,0,12,13,0,0,0,0,0,0,5,16,3,0,0,0,0,0,0,11,10,0,0,0,0,0,0,10,14,0,0,0,0,0,9,16,10,0,0,0,0,0,11,15,1,0,0,0,5
digit_05475,0,0,0,13,8,0,0,0,0,0,2,15,1,0,0,0,0,0,11,10,0,8,2,0,0,4,16,5,11,16,8,0,0,7,16,16,16,16,3,0,0,2,13,9,16,12,0,0,0,0,0,7,16,6,0,0,0,0,0,13,15,1,0,0,4
digit_05476,0,0,4,16,1,0,0,0,0,0,12,13,0,1,1,0,0,3,16,8,5,16,6,0,0,9,16,6,14,16,2,0,0,11,16,16,16,9,0,0,0,0,10,15,15,2,0,0,0,0,3,16,9,0,0,0,0,0,5,16,3,0,0,0,4
digit_05477,0,0,5,14,14,2,0,0,0,2,16,16,16,7,0,0,0,0,7,4,16,12,0,0,0,0,1,9,16,16,8,0,0,3,15,16,16,10,2,0,0,4,16,16,11,0,0,0,0,0,9,16,5,0,0,0,0,0,9,13,0,0,0,0,7
digit_05478,0,0,7,16,5,0,0,0,0,0,16,16,11,0,0,0,0,0,10,13,16,1,0,0,0,0,0,13,15,0,0,0,0,0,0,14,13,0,0,0,0,0,12,16,6,4,8,1,0,0,14,16,16,16,16,4,0,0,7,16,15,7,3,0,2
digit_05479,0,0,8,16,16,12,0,0,0,0,16,13,10,16,3,0,0,0,12,1,2,16,4,0,0,0,0,0,6,15,0,0,0,0,0,1,15,10,0,0,0,0,0,9,15,2,0,0,0,1,11,16,12,8,8,1,0,0,11,16,16,16,12,1,2
digit_05480,0,0,3,9,14,9,0,0,0,5,16,14,5,0,0,0,0,12,11,3,0,0,0,0,0,13,16,12,1,0,0,0,0,4,11,13,8,0,0,0,0,0,0,7,11,0,0,0,0,0,1,12,12,0,0,0,0,0,2,15,7,0,0,0,5
digit_05481,0,7,12,14,16,8,0,0,0,8,16,14,15,11,0,0,0,2,11,2,16,6,0,0,0,0,0,9,16,8,5,0,0,8,13,16,16,12,5,0,0,7,16,12,3,0,0,0,0,4,16,4,0,0,0,0,0,9,12,0,0,0,0,0,7
digit_05482,0,0,7,16,16,8,0,0,0,0,14,12,11,14,0,0,0,0,11,15,16,12,0,0,0,0,5,15,15,4,0,0,0,0,0,3,12,14,0,0,0,1,10,0,7,15,0,0,0,1,14,6,13,12,0,0,0,0,7,16,16,11,0,0,9
digit_05483,0,0,3,14,16,14,0,0,0,3,12,16,8,1,0,0,0,15,16,12,0,0,0,0,0,10,16,16,8,0,0,0,0,0,7,11,15,1,0,0,0,0,0,7,16,1,0,0,0,0,8,15,16,2,0,0,0,0,4,16,9,0,0,0,5
digit_05484,0,0,11,7,0,0,0,0,0,5,16,3,2,14,3,0,0,9,15,0,12,15,0,0,0,6,16,15,16,5,0,0,0,0,6,15,11,0,0,0,0,0,1,16,4,0,0,0,0,0,9,12,0,0,0,0,0,0,13,10,0,0,0,0,4
digit_05485,0,0,0,11,8,0,0,0,0,0,6,15,2,0,0,0,0,0,13,8,0,4,7,0,0,5,16,2,2,13,9,0,0,10,15,12,15,14,1,0,0,6,16,9,16,5,0,0,0,0,0,6,14,1,0,0,0,0,0,14,7,0,0,0,4
digit_05486,0,0,7,15,16,12,0,0,0,12,16,11,16,13,0,0,0,15,16,16,14,5,0,0,0,8,16,12,0,0,0,0,0,0,2,12,9,0,0,0,0,0,0,9,13,0,0,0,0,0,2,16,8,0,0,0,0,0,10,12,1,0,0,0,9
digit_05487,0,0,1,13,15,8,0,0,0,0,11,14,8,15,0,0,0,2,16,3,0,13,2,0,0,5,15,0,0,10,5,0,0,3,10,0,0,10,5,0,0,3,13,0,1,15,3,0,0,0,12,10,11,11,0,0,0,0,1,12,11,4,0,0,0
digit_05488,0,0,2,10,11,1,0,0,0,0,5,14,3,12,0,0,0,0,6,13,3,15,0,0,0,0,8,15,15,9,0,0,0,2,16,11,9,0,0,0,0,2,14,2,10,0,0,0,0,0,7,6,13,0,0,0,0,0,1,15,6,0,0,0,8
digit_05489,0,0,1,10,13,12,5,0,0,0,13,13,4,4,12,0,0,3,16,7,4,12,6,0,0,2,15,16,15,5,0,0,0,0,1,9,16,0,0,0,0,0,0,2,15,0,0,0,0,0,0,11,6,0,0,0,0,0,0,15,0,0,0,0,9
digit_05490,0,0,1,9,15,10,1,0,0,0,2,12,8,12,4,0,0,0,0,11,1,11,3,0,0,0,0,8,8,15,4,0,0,2,15,16,16,7,0,0,0,2,15,5,11,0,0,0,0,0,14,4,12,0,0,0,0,0,3,14,9,0,0,0,8
digit_05491,0,0,8,12,12,1,0,0,0,3,16,16,14,9,0,0,0,6,15,9,3,12,2,0,0,7,9,0,0,9,7,0,0,7,8,0,0,7,8,0,0,5,10,0,0,7,9,0,0,0,14,13,10,16,6,0,0,0,5,13,11,4,0,0,0
digit_05492,0,0,4,14,16,14,1,0,0,2,14,16,16,8,0,0,0,4,16,16,14,3,0,0,0,4,16,16,10,0,0,0,0,0,12,13,12,0,0,0,0,1,14,16,15,3,0,0,0,0,10,16,16,12,0,0,0,0,2,9,15,16,8,0,1
digit_05493,0,1,12,16,5,0,0,0,0,11,16,16,13,0,0,0,0,7,6,5,14,2,0,0,0,0,0,0,12,3,0,0,0,0,0,4,13,0,0,0,0,0,1,13,5,0,0,0,0,0,10,16,10,8,4,0,0,0,13,15,16,12,7,0,2
digit_05494,0,1,6,12,15,5,0,0,0,7,14,14,16,7,0,0,0,0,2,14,10,0,0,0,0,0,11,16,2,0,0,0,0,0,2,11,16,12,0,0,0,0,0,0,4,14,7,0,0,0,2,4,5,14,7,0,0,0,6,16,14,8,0,0,3
digit_05495,0,0,0,0,8,10,0,0,0,0,0,0,13,6,0,0,0,0,0,5,13,0,0,0,0,0,2,14,3,10,10,0,0,1,14,15,10,16,6,0,0,14,14,12,15,16,2,0,0,3,0,0,8,14,0,0,0,0,0,0,5,10,0,0,4
digit_05496,0,0,9,15,16,15,2,0,0,4,16,5,3,1,0,0,0,4,14,0,0,0,0,0,0,5,14,9,14,15,2,0,0,5,13,9,8,15,8,0,0,0,0,0,0,13,5,0,0,0,0,5,11,14,0,0,0,0,11,12,7,1,0,0,5
digit_05497,0,0,1,13,2,0,0,0,0,0,9,14,2,0,0,0,0,3,16,7,0,0,0,0,0,3,16,7,0,0,0,0,0,5,16,16,8,1,0,0,0,3,15,11,14,13,2,0,0,0,10,16,10,16,15,0,0,0,1,10,14,12,7,0,6
digit_05498,0,0,7,16,16,15,5,0,0,0,9,12,15,16,7,0,0,0,0,0,9,15,1,0,0,0,7,12,15,15,8,0,0,1,16,16,16,13,5,0,0,0,0,14,10,0,0,0,0,0,5,16,2,0,0,0,0,0,8,14,1,0,0,0,7
digit_05499,0,1,11,10,8,1,1,0,0,3,15,11,3,12,6,0,0,0,4,16,16,12,0,0,0,0,0,11,16,5,0,0,0,0,5,13,12,12,0,0,0,0,13,7,1,16,4,0,0,1,15,4,7,14,0,0,0,1,14,14,8,1,0,0,8
digit_05500,0,1,8,13,15,5,0,0,0,8,14,7,16,14,0,0,0,10,12,1,10,16,2,0,0,2,12,14,15,16,4,0,0,0,0,4,4,15,8,0,0,0,0,0,0,9,9,0,0,0,9,7,1,10,12,0,0,0,6,13,16,15,6,0,9
digit_05501,0,0,4,15,8,0,0,0,0,0,15,14,15,5,0,0,0,8,16,5,3,14,0,0,0,5,11,0,0,10,5,0,0,5,9,0,0,8,8,0,0,0,14,0,0,10,8,0,0,0,14,13,13,16,1,0,0,0,2,14,14,7,0,0,0
digit_05502,0,0,0,8,12,9,2,0,0,0,5,16,16,16,4,0,0,0,9,16,16,11,0,0,0,3,16,16,16,5,0,0,0,4,16,16,16,4,0,0,0,1,15,16,16,3,0,0,0,0,8,16,16,9,0,0,0,0,0,9,12,6,0,0,1
digit_05503,0,0,8,16,8,0,0,0,0,0,10,16,16,3,0,0,0,0,2,4,14,4,0,0,0,0,0,8,14,0,0,0,0,0,5,16,8,0,0,0,0,2,15,14,7,6,3,0,0,5,16,15,16,15,3,0,0,0,10,13,8,2,0,0,2
digit_05504,0,1,8,13,16,13,0,0,0,1,13,12,15,16,0,0,0,0,0,5,15,8,0,0,0,0,5,15,5,0,0,0,0,0,6,16,11,1,0,0,0,0,2,13,16,11,0,0,0,0,0,2,14,16,4,0,0,0,13,16,15,7,0,0,3
digit_05505,0,0,0,6,12,0,0,0,0,0,2,15,5,0,0,0,0,0,12,8,0,2,6,0,0,4,15,0,1,13,8,0,0,6,16,2,6,14,1,0,0,8,16,16,16,6,0,0,0,1,5,8,16,1,0,0,0,0,0,3,11,0,0,0,4
digit_05506,0,0,8,14,16,16,0,0,0,0,14,13,8,8,0,0,0,2,16,6,0,0,0,0,0,6,16,13,16,13,0,0,0,3,16,16,12,16,7,0,0,0,4,1,2,14,6,0,0,0,1,6,16,11,0,0,0,0,11,15,8,1,0,0,5
digit_05507,0,0,2,15,6,0,0,0,0,0,11,16,4,0,0,0,0,3,16,7,0,0,0,0,0,4,16,6,4,1,0,0,0,6,16,16,14,16,3,0,0,2,14,9,0,11,9,0,0,0,10,14,8,15,5,0,0,0,3,13,16,8,0,0,6
digit_05508,0,0,4,16,16,16,3,0,0,0,7,12,13,16,8,0,0,0,0,0,1,16,5,0,0,1,4,4,7,16,1,0,0,10,16,16,16,16,9,0,0,5,11,13,16,10,2,0,0,0,0,11,13,0,0,0,0,0,5,13,3,0,0,0,7
digit_05509,0,2,12,14,3,0,0,0,0,7,16,1,0,4,1,0,0,0,13,16,16,15,1,0,0,0,7,16,14,1,0,0,0,0,15,14,16,0,0,0,0,2,16,1,15,7,0,0,0,5,16,6,15,7,0,0,0,1,16,14,9,0,0,0,8
digit_05510,0,0,8,14,12,3,0,0,0,6,16,6,14,14,0,0,0,6,13,0,8,14,0,0,0,2,14,14,14,16,3,0,0,0,2,4,6,16,5,0,0,0,0,0,0,16,5,0,0,0,0,0,5,16,3,0,0,0,7,16,16,8,0,0,9
digit_05511,0,0,7,12,1,0,0,0,0,0,15,16,15,4,0,0,0,2,16,9,10,11,0,0,0,6,12,0,0,12,3,0,0,8,12,0,0,6,8,0,0,6,13,0,0,9,8,0,0,1,16,13,15,16,3,0,0,0,6,15,9,3,0,0,0
digit_05512,0,0,6,12,11,0,0,0,0,0,12,16,15,0,0,0,0,0,13,16,14,2,0,0,0,1,15,16,11,2,0,0,0,0,9,16,10,0,0,0,0,0,9,16,14,5,0,0,0,0,10,16,16,14,0,0,0,0,4,11,12,8,0,0,1
digit_05513,0,0,10,13,8,1,0,0,0,0,16,16,16,8,0,0,0,0,6,1,11,9,0,0,0,0,0,0,13,8,0,0,0,0,0,5,15,4,0,0,0,0,8,16,10,0,0,0,0,8,16,16,16,15,4,0,0,2,10,11,7,2,0,0,2
digit_05514,0,4,13,16,16,7,0,0,0,8,12,16,16,13,0,0,0,0,9,16,16,3,0,0,0,0,15,16,6,0,0,0,0,0,10,11,9,2,0,0,0,0,1,7,15,13,2,0,0,0,3,4,7,16,10,0,0,2,11,15,11,8,2,0,3
digit_05515,0,0,0,2,14,2,0,0,0,0,0,14,8,0,0,0,0,0,10,9,0,4,4,0,0,4,14,1,1,15,8,0,0,4,16,5,11,16,2,0,0,6,16,16,16,11,0,0,0,0,4,0,12,6,0,0,0,0,0,1,13,1,0,0,4
digit_05516,0,0,3,10,15,8,0,0,0,0,12,14,8,1,0,0,0,1,16,3,0,0,0,0,0,2,16,9,11,16,3,0,0,4,16,14,9,15,7,0,0,1,4,0,0,15,3,0,0,0,0,3,12,8,0,0,0,0,2,10,8,0,0,0,5
digit_05517,0,0,1,12,6,0,0,0,0,0,12,15,0,0,0,0,0,4,16,10,0,0,0,0,0,7,16,10,1,0,0,0,0,8,16,16,15,7,0,0,0,6,16,9,9,16,3,0,0,0,8,16,13,15,11,0,0,0,1,10,15,14,4,0,6
digit_05518,0,0,5,14,16,16,3,0,0,0,7,16,16,16,5,0,0,0,0,0,8,16,0,0,0,0,9,14,16,16,13,0,0,2,16,16,15,7,1,0,0,0,1,14,10,0,0,0,0,0,3,16,5,0,0,0,0,0,7,13,0,0,0,0,7
digit_05519,0,0,15,13,0,3,3,0,0,0,15,15,8,15,5,0,0,0,8,16,16,7,0,0,0,0,7,16,16,1,0,0,0,0,12,12,15,10,0,0,0,3,16,0,10,15,1,0,0,2,16,5,7,15,3,0,0,1,12,16,15,7,0,0,8
digit_05520,0,0,4,13,13,4,0,0,0,0,16,10,10,8,0,0,0,0,14,7,6,11,0,0,0,0,6,15,15,16,2,0,0,0,0,0,0,11,5,0,0,0,0,0,0,7,9,0,0,1,4,4,6,12,10,0,0,1,6,11,15,12,1,0,9
digit_05521,0,0,7,12,13,2,0,0,0,0,14,13,8,13,0,0,0,3,16,1,0,11,2,0,0,4,14,0,0,5,8,0,0,5,8,0,0,5,8,0,0,4,16,0,2,14,7,0,0,2,16,10,14,15,1,0,0,0,6,14,14,4,0,0,0
digit_05522,0,0,5,14,11,3,0,0,0,1,15,8,13,10,0,0,0,1,15,9,9,15,2,0,0,0,10,16,16,16,3,0,0,0,0,0,1,16,4,0,0,0,0,0,0,15,4,0,0,0,7,5,9,16,0,0,0,0,6,12,13,9,0,0,9
digit_05523,0,0,15,16,12,5,0,0,0,1,16,15,11,7,0,0,0,4,16,9,0,0,0,0,0,8,16,14,12,7,0,0,0,7,16,14,10,16,3,0,0,0,1,0,10,16,4,0,0,0,1,10,16,10,0,0,0,0,13,15,5,0,0,0,5
digit_05524,0,0,4,9,12,16,8,0,0,0,15,15,8,8,2,0,0,4,16,11,4,1,0,0,0,8,16,16,16,14,0,0,0,0,11,9,8,16,0,0,0,0,0,0,7,16,0,0,0,0,0,8,16,12,0,0,0,0,3,13,9,1,0,0,5
digit_05525,0,0,4,14,5,0,0,0,0,0,13,14,0,0,0,0,0,2,16,10,0,0,0,0,0,4,16,7,0,0,0,0,0,6,16,16,15,4,0,0,0,4,16,9,4,16,2,0,0,1,15,13,6,16,11,0,0,0,4,13,16,15,5,0,6
digit_05526,0,0,7,11,13,8,1,0,0,1,15,9,8,6,0,0,0,10,16,0,0,0,0,0,0,8,16,16,16,9,0,0,0,0,6,5,10,13,0,0,0,0,0,1,14,16,0,0,0,0,6,14,14,4,0,0,0,1,10,14,2,0,0,0,5
digit_05527,0,0,4,14,11,3,0,0,0,0,10,16,12,14,1,0,0,1,14,12,0,13,3,0,0,5,16,6,0,8,6,0,0,8,16,0,0,9,8,0,0,7,16,3,7,16,5,0,0,3,15,13,16,15,2,0,0,0,4,15,12,2,0,0,0
digit_05528,0,0,12,16,14,8,0,0,0,7,16,10,14,16,0,0,0,4,16,11,14,16,4,0,0,0,5,14,16,16,8,0,0,0,0,0,0,16,8,0,0,0,0,0,4,16,6,0,0,2,12,9,16,15,1,0,0,1,9,16,14,3,0,0,9
digit_05529,0,0,7,14,11,0,0,0,0,1,16,13,2,2,1,0,0,3,16,9,4,13,4,0,0,0,7,16,16,14,0,0,0,0,11,16,16,9,0,0,0,0,16,9,10,15,0,0,0,1,16,2,5,16,4,0,0,0,7,15,16,16,3,0,8
digit_05530,0,0,9,16,14,6,0,0,0,6,16,5,10,16,0,0,0,2,15,7,10,16,3,0,0,0,4,8,12,16,4,0,0,0,0,0,0,16,7,0,0,0,0,0,1,16,8,0,0,0,3,0,8,16,1,0,0,0,10,16,13,4,0,0,9
digit_05531,0,1,15,14,2,0,0,0,0,6,14,0,0,3,2,0,0,2,16,3,2,13,3,0,0,0,11,14,15,9,0,0,0,0,7,16,11,0,0,0,0,0,15,13,14,0,0,0,0,2,15,4,16,3,0,0,0,1,15,16,12,1,0,0,8
digit_05532,0,0,0,5,12,0,2,1,0,0,1,14,4,1,14,8,0,0,10,8,0,9,15,1,0,1,15,1,2,15,8,0,0,5,16,6,11,16,2,0,0,5,16,16,16,10,0,0,0,0,1,0,15,2,0,0,0,0,0,5,11,0,0,0,4
digit_05533,0,0,3,14,15,9,0,0,0,0,10,16,16,13,0,0,0,2,13,16,16,4,0,0,0,0,12,16,16,4,0,0,0,2,13,16,16,4,0,0,0,0,12,16,16,4,0,0,0,0,6,16,16,16,6,0,0,0,2,10,16,16,2,0,1
digit_05534,0,0,3,12,16,16,15,0,0,0,9,10,7,12,14,0,0,0,0,0,2,15,6,0,0,0,0,0,11,13,0,0,0,1,9,9,16,11,1,0,0,13,16,16,16,16,4,0,0,0,1,16,7,0,0,0,0,0,6,16,2,0,0,0,7
digit_05535,0,0,1,11,16,16,8,0,0,0,5,11,9,16,11,0,0,0,0,0,2,16,6,0,0,0,6,9,12,16,9,0,0,1,16,16,16,14,3,0,0,0,3,5,16,7,0,0,0,0,0,8,14,0,0,0,0,0,1,16,5,0,0,0,7
digit_05536,0,0,8,14,16,16,15,1,0,0,6,6,5,12,12,1,0,0,0,2,11,12,3,0,0,0,5,14,9,0,0,0,0,0,9,16,9,0,0,0,0,0,1,11,16,7,0,0,0,0,2,7,16,7,0,0,0,0,9,13,5,0,0,0,3
digit_05537,0,0,8,12,15,16,5,0,0,0,10,11,2,3,0,0,0,0,13,5,0,0,0,0,0,2,16,10,12,11,1,0,0,1,16,13,8,14,7,0,0,0,1,0,0,13,3,0,0,0,1,6,12,10,0,0,0,0,10,10,7,0,0,0,5
digit_05538,0,0,1,7,10,3,0,0,0,0,8,16,16,12,0,0,0,0,8,16,16,12,0,0,0,0,10,16,16,5,0,0,0,0,7,16,16,1,0,0,0,0,14,16,15,1,0,0,0,0,12,16,16,1,0,0,0,0,1,9,12,9,0,0,1
digit_05539,0,0,10,12,14,1,0,0,0,0,16,16,16,12,0,0,0,5,16,8,3,16,0,0,0,8,13,0,0,8,7,0,0,8,12,0,0,6,8,0,0,8,13,0,4,12,8,0,0,7,16,16,16,13,0,0,0,0,11,14,8,1,0,0,0
digit_05540,0,0,5,12,1,6,0,0,0,0,11,12,0,16,2,0,0,0,16,5,0,12,4,0,0,3,15,0,0,8,4,0,0,7,12,0,0,4,7,0,0,2,15,1,1,12,5,0,0,0,16,11,12,15,3,0,0,0,4,12,12,3,0,0,0
digit_05541,0,0,13,9,0,0,0,0,0,8,16,15,0,0,0,0,0,9,9,13,2,0,0,0,0,0,0,11,3,0,0,0,0,0,1,13,0,0,0,0,0,0,4,13,0,0,0,0,0,1,13,15,8,12,11,0,0,0,12,16,16,12,2,0,2
digit_05542,0,5,15,16,6,0,0,0,0,11,16,16,11,0,0,0,0,6,10,11,14,0,0,0,0,0,0,7,15,0,0,0,0,0,0,11,11,0,0,0,0,0,3,16,6,0,0,0,0,0,13,16,15,12,11,0,0,6,16,16,16,13,3,0,2
digit_05543,0,0,7,14,16,8,0,0,0,0,14,14,16,14,0,0,0,0,0,0,10,12,0,0,0,0,4,4,14,9,2,0,0,7,16,16,16,16,7,0,0,6,12,16,11,1,0,0,0,0,2,16,3,0,0,0,0,0,6,13,0,0,0,0,7
digit_05544,0,0,6,14,9,5,2,0,0,7,15,6,2,12,8,0,0,5,15,2,8,15,1,0,0,1,12,14,16,4,0,0,0,0,1,16,11,0,0,0,0,0,4,10,16,3,0,0,0,0,9,2,13,8,0,0,0,0,5,14,11,3,0,0,8
digit_05545,0,4,15,11,1,0,0,0,0,8,16,16,4,0,0,0,0,2,6,13,8,0,0,0,0,0,0,8,5,0,0,0,0,0,0,11,4,0,0,0,0,0,5,16,0,0,0,0,0,2,13,16,13,12,6,0,0,5,16,15,16,12,3,0,2
digit_05546,0,0,9,13,8,0,0,0,0,0,13,16,16,12,0,0,0,2,16,7,6,15,3,0,0,8,14,0,0,8,3,0,0,5,14,0,0,8,8,0,0,2,16,13,11,14,4,0,0,3,16,15,16,6,0,0,0,0,6,14,8,0,0,0,0
digit_05547,0,0,5,11,12,5,0,0,0,0,12,6,2,3,0,0,0,0,9,16,16,4,0,0,0,0,12,16,16,4,0,0,0,0,12,16,16,4,0,0,0,0,12,16,16,4,0,0,0,0,12,16,16,8,0,0,0,0,6,12,11,7,0,0,1
digit_05548,0,2,16,10,0,0,0,0,0,7,16,16,3,0,0,0,0,3,10,12,8,0,0,0,0,0,0,7,10,0,0,0,0,0,0,10,12,0,0,0,0,0,8,15,15,12,5,0,0,2,16,16,16,16,15,2,0,2,15,14,12,12,7,0,2
digit_05549,0,0,1,13,9,0,0,0,0,0,8,16,4,0,0,0,0,0,16,11,0,0,0,0,0,2,16,10,2,0,0,0,0,7,16,16,16,10,1,0,0,4,16,6,2,14,7,0,0,0,11,15,12,15,8,0,0,0,2,14,15,6,0,0,6
digit_05550,0,0,5,13,16,10,1,0,0,7,16,16,16,16,7,0,0,0,5,2,11,14,5,0,0,0,0,10,15,6,0,0,0,0,9,16,13,2,0,0,0,0,4,11,15,14,0,0,0,0,2,2,13,16,1,0,0,0,5,14,15,9,0,0,3
digit_05551,0,0,6,11,16,13,5,0,0,2,16,16,16,16,12,0,0,0,0,0,5,16,4,0,0,0,0,10,15,5,0,0,0,0,9,16,3,0,0,0,0,0,13,16,13,1,0,0,0,0,0,5,16,14,0,0,0,0,5,14,11,6,0,0,3
digit_05552,0,0,2,14,16,8,0,0,0,0,4,12,16,11,0,0,0,0,0,0,16,12,0,0,0,0,0,3,16,9,0,0,0,2,5,10,16,12,2,0,0,16,16,16,16,14,3,0,0,4,4,14,12,0,0,0,0,0,2,16,7,0,0,0,7
digit_05553,0,0,4,12,13,1,0,0,0,0,4,16,16,5,0,0,0,0,9,16,10,0,0,0,0,8,16,16,11,4,0,0,0,0,4,8,16,16,7,0,0,0,0,0,2,14,14,0,0,0,0,4,15,16,11,0,0,0,5,16,14,8,0,0,3
digit_05554,0,1,9,16,16,12,1,0,0,0,7,8,10,16,9,0,0,0,0,0,9,16,4,0,0,0,5,13,13,3,0,0,0,0,13,16,8,0,0,0,0,0,0,11,16,8,0,0,0,0,3,5,14,15,0,0,0,0,10,16,11,4,0,0,3
digit_05555,0,0,0,2,14,0,0,0,0,0,0,12,9,0,0,0,0,0,8,12,0,0,13,5,0,0,13,8,0,9,14,0,0,4,16,16,12,16,4,0,0,4,12,12,15,12,0,0,0,0,0,1,15,4,0,0,0,0,0,4,10,0,0,0,4
digit_05556,0,0,4,16,6,0,0,0,0,0,7,16,5,0,0,0,0,0,12,12,1,0,0,0,0,0,16,8,0,0,0,0,0,4,16,11,2,0,0,0,0,5,16,16,16,13,1,0,0,2,16,14,15,16,5,0,0,0,5,15,14,7,0,0,6
digit_05557,0,0,5,16,5,0,0,0,0,0,12,14,1,0,0,0,0,0,15,10,0,0,0,0,0,3,16,9,1,0,0,0,0,7,16,16,16,9,0,0,0,1,16,10,8,16,6,0,0,0,12,14,5,9,13,0,0,0,4,15,15,12,3,0,6
digit_05558,0,0,3,14,1,0,0,0,0,0,12,12,0,0,0,0,0,3,16,6,0,0,0,0,0,5,16,2,0,0,0,0,0,6,16,2,5,2,0,0,0,4,16,2,12,15,2,0,0,1,14,13,2,13,11,0,0,0,3,11,16,13,4,0,6
digit_05559,0,0,0,1,15,2,0,0,0,0,0,6,14,0,0,0,0,0,0,11,9,0,6,0,0,0,6,15,1,11,15,0,0,5,16,14,10,16,8,0,1,15,16,16,16,16,3,0,0,3,7,5,13,11,0,0,0,0,0,0,15,3,0,0,4
digit_05560,0,0,10,16,9,1,0,0,0,7,16,9,14,11,0,0,0,8,14,1,7,14,2,0,0,2,14,14,14,15,3,0,0,0,2,4,4,16,4,0,0,0,3,0,0,13,9,0,0,2,15,8,8,14,8,0,0,0,8,15,13,10,0,0,9
digit_05561,0,0,11,15,12,1,0,0,0,0,7,16,16,7,0,0,0,0,12,16,16,16,1,0,0,0,13,16,16,13,2,0,0,0,14,16,16,4,0,0,0,2,16,16,14,0,0,0,0,0,14,16,14,0,0,0,0,0,8,16,13,1,0,0,1
digit_05562,0,0,7,12,16,9,0,0,0,4,16,6,7,3,0,0,0,4,16,2,8,3,0,0,0,7,16,15,13,16,3,0,0,5,11,1,1,16,8,0,0,0,0,0,7,16,0,0,0,0,0,10,16,6,0,0,0,0,10,11,4,0,0,0,5
digit_05563,0,0,10,11,7,0,0,0,0,4,16,16,16,10,0,0,0,4,16,6,5,15,2,0,0,8,12,0,0,5,8,0,0,8,10,0,0,5,8,0,0,6,13,1,5,14,5,0,0,0,14,13,15,11,1,0,0,0,7,12,8,0,0,0,0
digit_05564,0,0,8,16,11,0,0,0,0,2,15,8,16,7,0,0,0,3,13,1,14,13,0,0,0,0,10,16,16,16,3,0,0,0,0,2,5,15,4,0,0,0,0,0,0,12,6,0,0,0,5,6,5,15,4,0,0,0,6,15,16,12,1,0,9
digit_05565,0,0,3,10,16,12,0,0,0,0,13,12,0,2,0,0,0,4,16,2,0,0,0,0,0,0,16,14,16,14,2,0,0,6,16,12,5,16,5,0,0,1,12,1,0,14,7,0,0,0,0,3,13,13,1,0,0,0,1,13,10,1,0,0,5
digit_05566,0,4,15,15,8,0,0,0,0,8,16,16,16,3,0,0,0,1,0,1,15,5,0,0,0,0,0,0,11,6,0,0,0,0,0,3,15,2,0,0,0,0,4,15,16,14,6,0,0,6,16,16,15,11,3,0,0,7,14,11,0,0,0,0,2
digit_05567,0,0,7,12,10,0,0,0,0,3,16,16,16,9,1,0,0,0,8,16,16,11,1,0,0,0,10,16,16,0,0,0,0,3,16,14,16,4,0,0,0,4,13,0,7,15,0,0,0,4,14,2,2,16,0,0,0,0,6,11,10,5,0,0,8
digit_05568,0,2,11,16,13,2,0,0,0,11,15,12,16,7,0,0,0,7,6,0,14,8,0,0,0,0,0,1,16,6,0,0,0,0,0,10,10,0,0,0,0,0,7,16,4,3,3,0,0,3,15,16,15,15,11,0,0,2,13,12,9,0,0,0,2
digit_05569,0,0,7,14,8,4,0,0,0,0,16,8,15,14,1,0,0,4,16,4,0,8,4,0,0,8,14,0,0,4,4,0,0,8,16,0,0,4,5,0,0,3,16,1,0,11,4,0,0,0,15,16,16,12,0,0,0,0,6,13,7,0,0,0,0
digit_05570,0,0,9,15,6,0,0,0,0,2,16,16,16,7,0,0,0,4,14,5,11,13,0,0,0,7,12,0,0,12,4,0,0,8,11,0,0,7,5,0,0,4,13,1,1,10,6,0,0,2,16,15,15,14,1,0,0,0,8,15,11,4,0,0,0
digit_05571,0,0,4,12,12,7,0,0,0,0,16,16,16,5,0,0,0,0,16,16,16,16,0,0,0,4,16,16,16,12,0,0,0,4,16,16,16,12,0,0,0,3,15,16,16,9,0,0,0,0,12,16,16,8,0,0,0,1,7,12,11,5,0,0,1
digit_05572,0,0,6,15,14,1,0,0,0,0,13,16,16,2,0,0,0,0,3,8,16,2,0,0,0,2,6,12,16,7,2,0,0,13,16,16,16,16,9,0,0,10,13,16,7,1,0,0,0,0,6,14,0,0,0,0,0,0,10,8,0,0,0,0,7
digit_05573,0,0,0,13,12,0,0,0,0,0,6,16,4,0,0,0,0,2,16,10,0,0,0,0,0,5,16,10,0,0,0,0,0,8,15,15,6,0,0,0,0,3,16,14,13,10,2,0,0,0,12,16,13,16,12,0,0,0,1,10,16,14,4,0,6
digit_05574,0,0,7,16,16,15,8,0,0,0,12,15,15,16,11,0,0,0,0,3,14,15,2,0,0,0,1,14,12,1,0,0,0,0,1,16,15,5,0,0,0,0,0,3,12,15,0,0,0,0,0,4,12,14,1,0,0,0,10,15,10,4,0,0,3
digit_05575,0,0,11,16,10,0,0,0,0,6,15,16,16,6,0,0,0,0,0,2,11,12,0,0,0,0,0,0,9,8,0,0,0,0,0,4,15,2,0,0,0,1,9,15,9,3,0,0,0,0,16,16,16,16,7,0,0,0,10,13,8,4,1,0,2
digit_05576,0,0,4,10,12,7,0,0,0,0,8,16,16,15,0,0,0,0,9,16,16,12,0,0,0,0,7,16,16,9,0,0,0,0,2,14,16,11,1,0,0,0,0,16,16,16,0,0,0,0,2,16,16,12,0,0,0,0,1,9,10,0,0,0,1
digit_05577,0,0,1,15,15,2,0,0,0,0,3,12,16,6,0,0,0,0,0,4,16,4,0,0,0,0,3,8,16,4,0,0,0,10,16,16,16,16,8,0,0,8,11,14,14,5,1,0,0,0,0,15,6,0,0,0,0,0,1,15,2,0,0,0,7
digit_05578,0,0,0,0,13,8,0,0,0,0,0,5,16,3,0,0,0,0,0,14,10,2,9,0,0,1,11,13,0,10,15,0,0,12,15,5,7,14,10,0,1,15,16,16,16,16,4,0,0,4,4,3,10,14,0,0,0,0,0,0,15,7,0,0,4
digit_05579,0,0,0,8,15,3,0,0,0,0,1,15,11,2,0,0,0,0,13,16,1,0,0,0,0,3,16,14,0,0,0,0,0,3,16,15,5,0,0,0,0,3,15,16,11,14,7,0,0,0,11,16,6,6,15,0,0,0,0,10,14,12,8,0,6
digit_05580,0,0,10,15,15,11,4,0,0,1,10,5,7,16,10,0,0,0,0,1,14,14,0,0,0,0,0,11,13,0,0,0,0,0,0,5,16,5,0,0,0,0,0,1,10,14,0,0,0,0,0,2,7,15,3,0,0,0,6,11,16,8,0,0,3
digit_05581,0,0,4,16,16,8,0,0,0,0,6,16,16,15,1,0,0,0,4,16,16,12,0,0,0,0,3,16,16,15,0,0,0,0,8,16,16,6,0,0,0,1,13,16,16,4,0,0,0,3,16,16,15,2,0,0,0,0,6,12,12,2,0,0,1
digit_05582,0,0,3,13,16,5,0,0,0,6,15,9,15,7,0,0,0,0,0,6,16,10,0,0,0,0,7,14,16,3,0,0,0,0,9,16,16,14,3,0,0,0,0,3,2,15,10,0,0,0,4,5,12,16,14,0,0,0,5,13,14,8,2,0,3
digit_05583,0,0,7,16,9,8,2,0,0,5,16,14,16,16,4,0,0,8,14,0,6,16,4,0,0,1,16,16,15,16,6,0,0,0,0,4,4,13,8,0,0,0,0,0,0,13,8,0,0,0,12,9,11,16,7,0,0,0,7,15,14,7,0,0,9
digit_05584,0,0,1,12,10,3,0,0,0,0,7,16,16,7,0,0,0,0,12,16,16,3,0,0,0,0,14,16,16,2,0,0,0,1,15,16,16,5,0,0,0,0,15,16,15,2,0,0,0,0,11,16,16,8,0,0,0,0,1,7,12,10,0,0,1
digit_05585,0,0,1,10,16,16,1,0,0,0,9,16,13,16,1,0,0,0,0,0,5,11,0,0,0,0,0,3,12,12,5,0,0,0,7,16,16,10,4,0,0,0,3,11,13,0,0,0,0,0,0,11,5,0,0,0,0,0,0,15,0,0,0,0,7
digit_05586,0,0,2,13,13,1,0,0,0,0,12,16,9,0,0,0,0,0,16,11,0,0,0,0,0,4,16,8,0,0,0,0,0,6,16,9,3,0,0,0,0,3,16,14,12,13,4,0,0,0,14,10,0,10,15,0,0,0,2,12,16,13,7,0,6
digit_05587,0,0,5,12,13,4,0,0,0,3,16,10,2,5,9,0,0,0,15,14,11,15,3,0,0,0,7,16,15,1,0,0,0,0,3,16,16,4,0,0,0,0,8,14,13,12,0,0,0,0,12,12,13,11,0,0,0,0,7,16,11,2,0,0,8
digit_05588,0,0,0,3,13,7,0,0,0,0,1,14,11,0,0,0,0,0,12,12,1,2,3,0,0,7,16,4,1,15,10,0,0,10,14,0,7,16,8,0,0,15,16,16,16,16,1,0,0,4,11,11,15,11,0,0,0,0,0,2,15,4,0,0,4
digit_05589,0,1,7,13,16,13,0,0,0,7,16,16,16,14,0,0,0,1,7,16,10,1,0,0,0,1,16,15,0,0,0,0,0,0,8,15,14,3,0,0,0,0,0,1,14,15,3,0,0,0,1,5,13,16,7,0,0,0,8,15,10,6,0,0,3
digit_05590,0,0,8,12,11,6,0,0,0,0,8,16,16,13,2,0,0,2,14,16,16,14,2,0,0,2,13,16,16,8,0,0,0,4,16,16,16,8,0,0,0,4,16,16,16,10,0,0,0,1,11,16,16,8,0,0,0,0,4,11,12,7,0,0,1
digit_05591,0,0,0,2,16,1,0,0,0,0,0,9,12,0,0,0,0,0,4,15,9,0,0,0,0,4,16,12,0,9,12,0,0,9,16,16,16,16,10,0,0,1,6,10,14,16,4,0,0,0,0,0,14,14,0,0,0,0,0,3,16,7,0,0,4
digit_05592,0,0,5,16,10,0,0,0,0,0,8,16,16,5,0,0,0,0,14,14,1,12,0,0,0,0,15,10,0,7,4,0,0,2,16,7,0,2,9,0,0,2,16,8,0,6,11,0,0,1,12,14,14,16,5,0,0,0,4,15,16,8,1,0,0
digit_05593,0,0,9,12,14,6,0,0,0,0,16,6,0,0,0,0,0,2,15,0,0,0,0,0,0,8,15,12,16,9,1,0,0,1,8,6,2,12,7,0,0,0,0,0,0,11,7,0,0,0,0,0,8,15,2,0,0,0,12,14,9,2,0,0,5
digit_05594,0,2,10,12,16,8,0,0,0,4,8,5,13,16,0,0,0,0,0,7,15,7,0,0,0,0,6,16,10,0,0,0,0,0,0,5,16,11,0,0,0,0,0,0,6,16,3,0,0,0,0,0,10,16,5,0,0,2,14,16,12,9,0,0,3
digit_05595,0,0,0,6,12,6,0,0,0,0,1,15,14,1,0,0,0,0,10,16,8,0,0,0,0,1,13,16,0,0,0,0,0,3,16,16,11,4,0,0,0,0,16,16,16,16,7,0,0,0,9,16,16,16,12,0,0,0,0,6,11,12,5,0,6
digit_05596,0,0,5,14,11,8,0,0,0,4,15,2,16,16,0,0,0,8,12,0,12,16,0,0,0,2,15,16,16,15,4,0,0,0,0,4,10,16,2,0,0,0,0,0,4,16,2,0,0,3,13,8,14,16,0,0,0,0,7,15,12,5,0,0,9
digit_05597,0,0,2,13,10,0,0,0,0,0,10,13,0,0,0,0,0,0,16,6,0,0,0,0,0,3,16,8,2,0,0,0,0,7,16,16,16,11,0,0,0,4,16,2,4,11,9,0,0,1,13,11,8,12,12,0,0,0,1,12,16,14,4,0,6
digit_05598,0,0,6,12,12,6,0,0,0,0,11,16,16,13,0,0,0,0,12,16,16,8,0,0,0,0,8,16,16,12,0,0,0,2,13,16,16,12,0,0,0,1,16,16,16,10,0,0,0,0,16,16,16,8,0,0,0,0,2,11,10,4,0,0,1
digit_05599,0,0,6,16,16,3,0,0,0,0,8,16,16,12,0,0,0,0,0,4,15,11,0,0,0,0,6,16,16,16,13,0,0,0,11,16,16,5,1,0,0,0,0,14,7,0,0,0,0,0,4,16,1,0,0,0,0,0,11,11,0,0,0,0,7
digit_05600,0,0,12,16,16,7,0,0,0,3,16,10,2,2,0,0,0,4,16,5,0,0,0,0,0,3,16,12,12,9,1,0,0,1,15,16,12,15,9,0,0,0,0,0,3,14,11,0,0,0,3,9,16,16,7,0,0,0,10,12,12,4,0,0,5
digit_05601,0,0,0,2,14,0,0,0,0,0,0,4,15,0,0,0,0,0,0,11,10,5,7,0,0,0,11,15,2,13,7,0,0,10,16,8,8,16,6,0,0,8,12,12,13,15,1,0,0,0,0,0,10,10,0,0,0,0,0,1,13,3,0,0,4
digit_05602,0,0,0,1,13,8,0,0,0,0,0,9,15,3,0,0,0,0,2,16,9,2,1,0,0,2,14,13,1,16,6,0,0,11,16,6,8,16,3,0,1,16,16,16,16,13,0,0,0,7,12,13,16,10,0,0,0,0,0,0,15,7,0,0,4
digit_05603,0,0,3,10,16,16,4,0,0,0,0,0,1,14,7,0,0,0,0,0,2,15,4,0,0,0,4,4,12,15,5,0,0,1,15,16,16,9,4,0,0,0,2,11,13,0,0,0,0,0,1,16,5,0,0,0,0,0,3,12,0,0,0,0,7
digit_05604,0,3,14,15,6,0,0,0,0,7,15,14,15,0,0,0,0,2,7,2,14,3,0,0,0,0,0,1,14,4,0,0,0,0,0,7,15,2,0,0,0,0,5,15,14,4,1,0,0,4,15,16,16,16,6,0,0,4,15,13,12,11,1,0,2
digit_05605,0,0,10,16,14,5,0,0,0,2,16,16,8,0,0,0,0,0,9,16,16,5,0,0,0,0,7,16,16,3,0,0,0,0,14,14,13,11,0,0,0,5,16,1,6,15,0,0,0,7,14,9,13,15,1,0,0,1,11,16,15,6,0,0,8
digit_05606,0,1,10,13,2,0,0,0,0,10,16,16,12,0,0,0,0,9,9,8,16,0,0,0,0,0,0,6,16,2,0,0,0,0,1,11,15,0,0,0,0,0,4,16,13,2,0,0,0,0,14,16,16,16,13,0,0,0,9,13,11,10,9,0,2
digit_05607,0,0,15,13,1,0,0,0,0,0,14,14,4,0,0,0,0,0,1,4,12,0,0,0,0,0,0,6,12,0,0,0,0,0,0,11,10,0,0,0,0,0,1,16,8,6,5,0,0,0,13,16,16,16,14,0,0,0,10,13,10,6,2,0,2
digit_05608,0,0,1,10,14,13,1,0,0,0,8,12,6,4,0,0,0,0,14,4,0,0,0,0,0,5,16,12,13,12,0,0,0,2,11,11,8,14,4,0,0,0,0,0,0,16,4,0,0,0,0,0,6,15,2,0,0,0,0,12,14,4,0,0,5
digit_05609,0,1,10,16,15,2,0,0,0,1,12,13,16,4,0,0,0,0,0,0,16,8,0,0,0,0,7,11,16,13,8,0,0,8,16,16,16,16,6,0,0,2,10,16,9,0,0,0,0,0,3,16,4,0,0,0,0,0,10,15,2,0,0,0,7
digit_05610,0,0,4,14,15,6,0,0,0,5,16,16,16,16,0,0,0,5,16,16,16,16,3,0,0,0,2,8,13,16,5,0,0,0,0,0,8,16,6,0,0,0,0,0,4,16,8,0,0,0,1,6,13,16,6,0,0,0,4,13,15,9,0,0,9
digit_05611,0,0,10,16,15,1,0,0,0,0,16,12,5,0,0,0,0,2,16,9,4,0,0,0,0,4,16,16,16,14,2,0,0,1,10,4,1,16,4,0,0,0,0,0,2,16,7,0,0,0,7,8,14,16,3,0,0,0,6,13,10,4,0,0,5
digit_05612,0,0,0,1,12,6,0,0,0,0,0,11,15,2,0,0,0,0,8,16,6,1,2,0,0,4,16,9,1,15,9,0,0,13,15,6,10,16,6,0,0,12,16,16,16,16,1,0,0,1,7,4,14,13,0,0,0,0,0,0,14,9,0,0,4
digit_05613,0,0,8,16,3,0,1,0,0,0,16,14,5,14,12,0,0,0,8,16,16,9,0,0,0,0,3,16,14,1,0,0,0,0,12,16,16,2,0,0,0,0,16,11,16,4,0,0,0,3,16,16,16,6,0,0,0,0,10,16,10,1,0,0,8
digit_05614,0,0,5,12,8,0,1,0,0,0,11,16,5,13,6,0,0,0,2,15,16,12,1,0,0,0,0,10,16,6,0,0,0,0,1,15,16,7,0,0,0,0,8,16,16,11,0,0,0,0,11,16,16,9,0,0,0,0,6,12,12,3,0,0,8
digit_05615,0,0,0,3,15,4,0,0,0,0,4,16,12,0,0,0,0,0,12,15,3,4,3,0,0,7,16,5,3,15,8,0,0,13,16,13,15,16,2,0,0,12,16,16,16,13,0,0,0,0,4,5,16,8,0,0,0,0,0,1,16,4,0,0,4
digit_05616,0,0,4,10,13,6,0,0,0,1,16,14,12,16,3,0,0,4,16,6,3,16,4,0,0,0,12,16,16,16,5,0,0,0,0,4,4,16,8,0,0,0,0,0,0,15,5,0,0,0,5,7,7,16,4,0,0,0,2,14,15,9,0,0,9
digit_05617,0,0,6,16,13,11,1,0,0,0,16,15,12,16,1,0,0,3,16,7,0,13,6,0,0,4,16,0,0,10,8,0,0,8,16,0,0,14,6,0,0,5,16,7,9,16,5,0,0,1,15,16,16,16,1,0,0,0,6,16,14,6,0,0,0
digit_05618,0,0,1,11,15,1,0,0,0,0,13,16,8,2,1,0,0,0,16,15,10,16,5,0,0,0,8,16,16,7,0,0,0,0,9,16,16,4,0,0,0,0,16,14,16,15,0,0,0,0,15,15,15,16,0,0,0,0,2,9,13,6,0,0,8
digit_05619,0,0,2,10,7,0,0,0,0,0,14,16,16,15,1,0,0,4,16,7,3,16,7,0,0,5,16,10,7,16,4,0,0,0,5,14,14,16,4,0,0,0,0,0,0,16,2,0,0,0,4,7,7,16,2,0,0,0,5,12,16,12,0,0,9
digit_05620,0,0,10,14,8,1,0,0,0,2,16,14,6,1,0,0,0,0,15,15,8,15,0,0,0,0,5,16,16,10,0,0,0,0,12,15,15,12,0,0,0,4,16,6,4,16,6,0,0,8,16,10,8,16,8,0,0,1,8,12,14,12,1,0,8
