review,source,sentiment
So there is no way for me to plug it in here in the US unless I go by a converter.,amazon,negative
"Good case, Excellent value.",amazon,positive
Great for the jawbone.,amazon,positive
Tied to charger for conversations lasting more than 45 minutes.MAJOR PROBLEMS!!,amazon,negative
The mic is great.,amazon,positive
I have to jiggle the plug to get it to line up right to get decent volume.,amazon,negative
"If you have several dozen or several hundred contacts, then imagine the fun of sending each of them one by one.",amazon,negative
If you are Razr owner...you must have this!,amazon,positive
"Needless to say, I wasted my money.",amazon,negative
What a waste of money and time!.,amazon,negative
And the sound quality is great.,amazon,positive
He was very impressed when going from the original battery to the extended battery.,amazon,positive
If the two were seperated by a mere 5+ ft I started to notice excessive static and garbled sound from the headset.,amazon,negative
Very good quality though,amazon,positive
"The design is very odd, as the ear ""clip"" is not very comfortable at all.",amazon,negative
Highly recommend for any one who has a blue tooth phone.,amazon,positive
I advise EVERYONE DO NOT BE FOOLED!,amazon,negative
So Far So Good!.,amazon,positive
Works great!.,amazon,positive
It clicks into place in a way that makes you wonder how long that mechanism would last.,amazon,negative
"I went on Motorola's website and followed all directions, but could not get it to pair again.",amazon,negative
I bought this to use with my Kindle Fire and absolutely loved it!,amazon,positive
The commercials are the most misleading.,amazon,negative
I have yet to run this new battery below two bars and that's three days without charging.,amazon,positive
I bought it for my mother and she had a problem with the battery.,amazon,negative
Great Pocket PC / phone combination.,amazon,positive
I've owned this phone for 7 months now and can say that it's the best mobile phone I've had.,amazon,positive
I didn't think that the instructions provided were helpful to me.,amazon,negative
People couldnt hear me talk and I had to pull out the earphone and talk on the phone.,amazon,negative
Doesn't hold charge.,amazon,negative
"This is a simple little phone to use, but the breakage is unacceptible.",amazon,negative
This product is ideal for people like me whose ears are very sensitive.,amazon,positive
It is unusable in a moving car at freeway speed.,amazon,negative
I have two more years left in this contract and I hate this phone.,amazon,negative
Car charger as well as AC charger are included to make sure you never run out of juice.Highy recommended,amazon,positive
You need at least 3 mins to get to your phone book from the time you first turn on the phone.Battery life is short.,amazon,negative
It has kept up very well.,amazon,positive
Poor Talk Time Performance.,amazon,negative
The case is great and works fine with the 680.,amazon,positive
worthless product.,amazon,negative
"It has a great camera thats 2MP, and the pics are nice and clear with great picture quality.",amazon,positive
I was not impressed by this product.,amazon,negative
Nice headset priced right.,amazon,positive
I only hear garbage for audio.,amazon,negative
Excellent bluetooth headset.,amazon,positive
It has all the features I want,amazon,positive
Who in their right mind is gonna buy this battery?.,amazon,negative
AFTER ARGUING WITH VERIZON REGARDING THE DROPPED CALLS WE RETURNED THE PHONES AFTER TWO DAYS.,amazon,negative
This case seems well made.,amazon,positive
Disappointed with battery.,amazon,negative
Not loud enough and doesn't turn on like it should.,amazon,negative
good protection and does not make phone too bulky.,amazon,positive
A usable keyboard actually turns a PDA into a real-world useful machine instead of just a neat gadget.,amazon,positive
This phone is pretty sturdy and I've never had any large problems with it.,amazon,positive
I love this thing!,amazon,positive
Everything about it is fine and reasonable for the price i.e.,amazon,positive
VERY DISAPPOINTED.,amazon,negative
I even dropped this phone into a stream and it was submerged for 15 seconds and it still works great!,amazon,positive
I have been very happy with the 510 and have had NO complaints from any one regarding my sound quality on their end.,amazon,positive
The buttons for on and off are bad.,amazon,negative
Essentially you can forget Microsoft's tech support.,amazon,negative
"I really recommend this faceplates since it looks very nice, elegant and cool.",amazon,positive
These headphones were a great find - and I think they are perhaps the best purchase I've made in the last several years - seriously.,amazon,positive
Buy a different phone - but not this.,amazon,negative
You have to hold the phone at a particular angle for the other party to hear you clearly.,amazon,negative
The one big drawback of the MP3 player is that the buttons on the phone's front cover that let you pause and skip songs lock out after a few seconds.,amazon,negative
"A week later after I activated it, it suddenly died.",amazon,negative
It feels more comfortable than most headsets because I wear glasses and that gets in the way sometimes.,amazon,positive
Great for iPODs too.,amazon,positive
This device is great in several situations:1.),amazon,positive
Mic Doesn't work.,amazon,negative
"Even in my BMW 3 series which is fairly quiet, I have trouble hearing what the other person is saying.",amazon,negative
Great choice!,amazon,positive
Nice docking station for home or work.,amazon,positive
This is a beautiful phone.,amazon,positive
Love this product.,amazon,positive
Do Not Buy for D807...wrongly advertised for D807.,amazon,negative
This is a great little item.,amazon,positive
"I love this phone , It is very handy and has a lot of features .",amazon,positive
I purchased this and within 2 days it was no longer working!!!!!!!!!,amazon,negative
I wear it everyday and it holds up very well.,amazon,positive
Not a good bargain.,amazon,negative
"Well packaged, arrived on time, and works as intended.",amazon,positive
The battery runs down quickly.,amazon,negative
"This item worked great, but it broke after 6 months of use.",amazon,negative
The headsets are easy to use and everyone loves them.,amazon,positive
This phone works great.,amazon,positive
The construction of the headsets is poor.,amazon,negative
Product was excellent and works better than the verizon one and Boy was it cheaper!,amazon,positive
The phone loads super!,amazon,positive
"For a product that costs as much as this one does, I expect it to work far better and with greater ease than this thing does.",amazon,negative
Made very sturdy.,amazon,positive
Worked great!.,amazon,positive
The ear buds only play music in one ear.,amazon,negative
Dont waste your money...,amazon,negative
Will order from them again!,amazon,positive
If you plan to use this in a car forget about it.,amazon,negative
I found this product to be waaay too big.,amazon,negative
Best I've found so far .... I've tried 2 other bluetooths and this one has the best quality (for both me and the listener) as well as ease of using.,amazon,positive
I'm very disappointed with my decision.,amazon,negative
Integrated seamlessly with the Motorola RAZR phone.,amazon,positive
"Buyer Beware, you could flush money right down the toilet.",amazon,negative
Definitely a bargain.,amazon,positive
The price was very good and with the free shipping and all it was a good purchase.,amazon,positive
I received my supposedly new motorola 375 and apparently there was not a match between the phone and the charger.,amazon,negative
"Pros:-Good camera - very nice pictures , also has cool styles like black and white, and more.",amazon,positive
"That's a huge design flaw (unless I'm not using it correctly, which I don't think is the case).",amazon,negative
"I love my 350 headset.. My Jabra350 bluetooth headset is great, the reception is very good and the ear piece is a comfortable fit.",amazon,positive
"The camera, although rated at an impressive 1.3 megapixels, renders images that fall well below expectations of such a relatively high resolution.",amazon,negative
I purcashed this for the car charger and it does not work.,amazon,negative
"Sound quality on both end is excellent, I use headset to call my wife and ask my wife to use headset to call me !2.",amazon,positive
This phone is slim and light and the display is beautiful.,amazon,positive
its a little geeky but i think thats its sex on toast and it rocks and oozes sex right down to its battery embedded sleek stylish leather case.,amazon,positive
"Great product, fast shipping!.",amazon,positive
Absolutely great.,amazon,positive
The keyboard is a nice compromise between a full QWERTY and the basic cell phone number keypad.,amazon,positive
i got this phone around the end of may and i'm completely unhappy with it.,amazon,negative
It is very comfortable on the ear.,amazon,positive
It has been a winner for us.,amazon,positive
)Setup couldn't have been simpler.,amazon,positive
I've tried several different earpieces for my cell phone and this Jabra one is the first one I've found that fits my ear comfortably.,amazon,positive
Could not get strong enough signal.,amazon,negative
Iam very pleased with my purchase.,amazon,positive
Bad Quality.,amazon,negative
Gets the job done.,amazon,positive
Great audio!.,amazon,positive
Basically the service was very bad.,amazon,negative
it did not work in my cell phone plug i am very up set with the charger!.,amazon,negative
"I've only had my bluetooth for a few weeks, but I really like it.",amazon,positive
The BT headset was such a disapoinment.,amazon,negative
It is so small and you don't even realize that it is there after a while of getting used to it.,amazon,positive
The accompanied software is almost brilliant.,amazon,positive
Headset works great & was packaged nicely to avoid any damage.,amazon,positive
!I definitly recommend!!,amazon,positive
Buyer--Be Very Careful!!!!!.,amazon,negative
The majority of the Logitech earbud headsets failed.,amazon,negative
Very good stuff for the price.,amazon,positive
My headset works just peachy-keen.,amazon,positive
In my house I was getting dropped coverage upstairs and no coverage in my basement.,amazon,negative
Voice recognition is tremendous!,amazon,positive
What a waste.,amazon,negative
"During several different 2 minute calls, I experienced 5 drops and it was in an area that had 5 bars.",amazon,negative
I was not happy with this item.,amazon,negative
very disappointed.,amazon,negative
The phone takes FOREVER to charge like 2 to 5 hours literally.,amazon,negative
I got this phone on reccomendation from a relative and I'm glad I did.,amazon,positive
What a waste of time!,amazon,negative
Its reception is very very poor.,amazon,negative
Items stated as included from the description ARE NOT INCLUDED.,amazon,negative
"After 3 months, screen just went black all of a sudden.",amazon,negative
I Was Hoping for More.,amazon,negative
"Audio Quality is poor, very poor.",amazon,negative
I had absolutely no problem with this headset linking to my 8530 Blackberry Curve!,amazon,positive
"I know that sounds funny, but to me it seemed like sketchy technology that wouldn't work well.Well, this one works great.",amazon,positive
I've bought $5 wired headphones that sound better than these.,amazon,negative
This phone is very fast with sending any kind of messages and web browsing is significantly faster than previous phones i have used.,amazon,positive
"Nice quality build, unlike some cheap s*** out there.",amazon,positive
This item is fantastic and works perfectly!,amazon,positive
And I just love the colors!,amazon,positive
W810i is just SUPERB.,amazon,positive
"All I can do is whine on the Internet, so here it goes.The more I use the thing the less I like it.",amazon,negative
Great charger.,amazon,positive
This is essentially a communications tool that does not communicate.,amazon,negative
Works like a charm; it work the same as the one I got with the phone.,amazon,positive
"I still maintain that monkeys shouldn't make headphones, we just obviously don't share enough DNA to copy the design over to humans.",amazon,negative
Great Value.,amazon,positive
Doesn't work at all.. I bougth it for my L7c and its not working.,amazon,negative
"The look of it is very sharp and the screen is nice and clear, with great graphics.",amazon,positive
doesn't last long.,amazon,negative
One thing I hate is the mode set button at the side.,amazon,negative
EXCELLENT SERVICE!!!!!!!!.,amazon,positive
Thank you for wasting my money.,amazon,negative
How can that be?The audio quality is poor.,amazon,negative
The iGo chargers and tips are really great.,amazon,positive
The file browser offers all the options that one needs.Handsfree is great.,amazon,positive
Superb Phone on a Great Network.,amazon,positive
"I connected my wife's bluetooth,(Motorola HS850) to my phone and it worked like a charm whether the phone was in my pocket or the case.",amazon,positive
"I put the latest OS on it (v1.15g), and it now likes to slow to a crawl and lock up every once in a while.",amazon,negative
It only recognizes the Phone as its storage device.,amazon,negative
"If you like a loud buzzing to override all your conversations, then this phone is for you!",amazon,negative
Don't buy this product.,amazon,negative
I've had this bluetoooth headset for some time now and still not comfortable with the way it fits on the ear.,amazon,negative
The sound quality is good and functionality is awesome.,amazon,positive
"I have this phone and it is a thorn in my side, I really abhor it.",amazon,negative
I recently had problems where I could not stay connected for more than 10 minutes before being disconnected.,amazon,negative
Incredible!.,amazon,positive
Design Flaw?.,amazon,negative
Great phone!.,amazon,positive
Waste of 13 bucks.,amazon,negative
"But when I check voice mail at night, the keypad backlight turns off a few seconds into the first message, and then I'm lost.",amazon,negative
The replacement died in a few weeks.,amazon,negative
Any ring tone..Overall good phone to buy..,amazon,positive
Lately they have been extremely nice and helpful on the phone.,amazon,positive
I have had problems wit hit dropping signal and more.,amazon,negative
Not impressed.,amazon,negative
"Light weight, I hardly notice it is there.",amazon,positive
You'll love how thin it is.,amazon,positive
Bad Choice.,amazon,negative
The pleather case doesn't fit.,amazon,negative
"useless phone, simply deaf.",amazon,negative
"The color is even prettier than I thought it would be, and the graphics are incredibly sharp.",amazon,positive
All in all I think it was a good investment.,amazon,positive
It makes very strange ticking noises before it ends the call.,amazon,negative
The best electronics of the available FM Transmitters.,amazon,positive
Battery lasts only a few hours.,amazon,negative
"great headset, very impressed - H500.",amazon,positive
"The ""1.2"" mega pixel camera, being a part of a phone, is reasonably good7.",amazon,positive
I've had this for nearly 2 years and it has worked great for me.,amazon,positive
Good transmit audio.,amazon,positive
We are sending it back.,amazon,negative
I did not bother contacting the company for few dollar product but I learned the lesson that I should not have bought this form online anyway.,amazon,negative
"If you hate earbugs, avoid this phone by all means.",amazon,negative
Great price also!,amazon,positive
"The range is very decent, I've been able to roam around my house with the phone in the living room with no reception/sound quality issues.",amazon,positive
fast service.,amazon,positive
I would highly recommend this.,amazon,positive
I would recommend this.,amazon,positive
"I also didn't like the ""on"" button, it felt like it would crack with use.",amazon,negative
WORST PHONE EVER.,amazon,negative
I'm still infatuated with this phone.,amazon,positive
Freezes frequently4.,amazon,negative
It's kind of embarrassing to use because of how it looks and mostly it's embarrassing how child-like the company is.,amazon,negative
"Simple, lightweight and great fit.",amazon,positive
"All in all, I'd expected a better consumer experience from Motorola.",amazon,negative
There's a horrible tick sound in the background on all my calls that I have never experienced before.,amazon,negative
These are certainly very comfortable and functionality is decent.,amazon,positive
I usually don't like headbands but this one is very lightweight & doesn't mess up my hair.,amazon,positive
I'm a bit disappointed.,amazon,negative
"I have had this phone for over a year now, and I will tell you, its not that great.",amazon,negative
I ordered this for sony Ericsson W810i but I think it only worked once (thats when I first used it).,amazon,negative
The battery is completely useless to me.,amazon,negative
What a big waste of time.,amazon,negative
Don't waste your $$$ on this one.,amazon,negative
Great sound and service.,amazon,positive
Really pleased with this product so far.,amazon,positive
One of my favorite purchases ever.,amazon,positive
best bluetooth on the market.,amazon,positive
Authentic leather with nice shine and comfort .I recommend you this case !!,amazon,positive
I was very excited to get this headset because I thought it was really cute.,amazon,positive
Do not make the same mistake as me.,amazon,negative
Big Disappointment with calendar sync.,amazon,negative
the phone was unusable and was not new.,amazon,negative
Worst Customer Service Ever.,amazon,negative
"No additional ear gels provided, and no instructions whatsoever.",amazon,negative
It defeats the purpose of a bluetooth headset.,amazon,negative
Worth every penny.,amazon,positive
Excellent wallet type phone case.,amazon,positive
Nice headphones for the price and they work great!,amazon,positive
Internet is excrutiatingly slow.,amazon,negative
"It is very comfortable to wear as well, which is probably the most important aspect about using a case.",amazon,positive
"It's fits like a glove and is strong, secure, and durable.",amazon,positive
O my gosh the best phone I have ever had.,amazon,positive
It's very attractive and appears to be of good quality.,amazon,positive
I love all the features and form factor.,amazon,positive
This product had a strong rubber/petroleum smell that was unbearable after a while and caused me to return it,amazon,negative
poor quality and service.,amazon,negative
"The cable looks so thin and flimsy, it is scary.",amazon,negative
Great Earpiece.,amazon,positive
Excellent hands free tool.,amazon,positive
Great for using with your home stereo.,amazon,positive
Good product - incredible value.,amazon,positive
Only had this a month but it's worked flawlessly so far.,amazon,positive
Works great.,amazon,positive
Absolutel junk.,amazon,negative
THAT one didn't work either.,amazon,negative
Battery life is real good.,amazon,positive
Returned 8 hours later.,amazon,negative
It's a great item.,amazon,positive
Don't waste your money!.,amazon,negative
Love this headset!,amazon,positive
"Not only will it drain your player, but may also potentially fry it.",amazon,negative
Worked perfectly!,amazon,positive
Unreliable - I'm giving up.,amazon,negative
I gave it 5 stars because of the sound quality.,amazon,positive
Avoid this one if you can.,amazon,negative
Reversible plug works great.,amazon,positive
I wasted my little money with this earpiece.,amazon,negative
Very good phone.,amazon,positive
"Best of all is the rotating feature, very helpful.",amazon,positive
Comfort for our whole family.,amazon,positive
"Good product, good seller.",amazon,positive
I love this bluetooth!,amazon,positive
"First of all, it doesn't wear well.",amazon,negative
I am very impressed with this headset from Plantronics.,amazon,positive
I got it because it was so small and adorable.,amazon,positive
Great phone!.,amazon,positive
I wouldn't recommend buying this product.,amazon,negative
Piece of Junk.,amazon,negative
Poorly contstruct hinge.,amazon,negative
"This item is great, installed it, let it charged up overnite and it has been working good every since with no problems",amazon,positive
Great Phone.,amazon,positive
Don't buy it.,amazon,negative
Excellent Phone.,amazon,positive
DO NOT PURCHASE THIS PHONE.,amazon,negative
The voice recognition thru the handset is excellent.,amazon,positive
This is hands down the best phone I've ever had.,amazon,positive
"Works great, when my cat attacked the phone he scratched the protective strip instead of destroying the screen.",amazon,positive
This one works and was priced right.,amazon,positive
Customer service was terrible.,amazon,negative
Battery life still not long enough in Motorola Razor V3i.,amazon,negative
Sending it back.,amazon,negative
Now I know that I made a wise decision.,amazon,positive
Someone shouldve invented this sooner.,amazon,positive
Good price.,amazon,positive
Everything worked on the first try.The device was certainly engineered in a clever way and the construction feels good.,amazon,positive
I received it quickly and it works great!!,amazon,positive
Has been working great.,amazon,positive
"As many people complained, I found this headset's microphone was very weak.",amazon,negative
My 5-year old Nokia 2160 from Tracfone holds the charge a lot better than this.,amazon,negative
They do not care about the consumer one bit.,amazon,negative
"This is a good battery, and it got here really fast.",amazon,positive
The instruction manual is lacking.,amazon,negative
Also its slim enough to fit into my alarm clock docking station without removing the case.,amazon,positive
Phone now holds charge like it did when it was new.,amazon,positive
The battery is unreliable as well as the service use antena.,amazon,negative
It's uncomfortable and the sound quality is quite poor compared with the phone (Razr) or with my previous wired headset (that plugged into an LG).,amazon,negative
We have gotten a lot of compliments on it.,amazon,positive
This is definitely a must have if your state does not allow cell phone usage while driving.,amazon,positive
I want my money back.,amazon,negative
I love this device.,amazon,positive
I am also very happy with the price.,amazon,positive
I ordered this product first and was unhappy with it immediately.,amazon,negative
The Ngage is still lacking in earbuds.,amazon,negative
I was able to do voice dialing in the car with no problem.,amazon,positive
"I have 2-3 bars on my cell phone when I am home, but you cant not hear anything.",amazon,negative
"good item, low price.",amazon,positive
"However-the riingtones are not the best, and neither are the games.",amazon,negative
The plug did not work very well.,amazon,negative
AMAZON SUCKS.,amazon,negative
Rip off---- Over charge shipping.,amazon,negative
VERY comfortable.,amazon,positive
The battery is working well as a replacement for the original that came with the phone over 2 years ago.,amazon,positive
The reception is excellent!,amazon,positive
"It fits comfortably in either ear, the sound is clear and loud, and the charge lasts a couple of days.",amazon,positive
"very clear, quality sound and you don't have to mess with the sound on your iPod since you have the sound buttons on the headset.",amazon,positive
1. long lasting battery (you don't have to recharge it as frequentyly as some of the flip phones)2.,amazon,negative
Obviously there is a problem with the adhesive.,amazon,negative
Very disappointing.,amazon,negative
"It was an inexpensive piece, but I would still have expected better quality.",amazon,negative
It is practically useless and did not add any kind of boost to my reception after I bought it.,amazon,negative
Excellent sound quality.,amazon,positive
Was not happy.,amazon,negative
A PIECE OF JUNK THAT BROKE AFTER BEING ON MY PHONE FOR 2 DAYS!!!,amazon,negative
New Battery works great in phone.,amazon,positive
Worst customer service.,amazon,negative
"I've dropped my phone more times than I can say, even on concrete and my phone is still great (knock on wood!).",amazon,positive
Reception is terrible and full of static.,amazon,negative
Good audio quality.,amazon,positive
This little device has transformed my organizational capability and made my life a whole lot easier.,amazon,positive
"I was sitting in my vehicle, with the cradle on my belt, and the headset lost signal.",amazon,negative
Were JERKS on the phone.,amazon,negative
Works like a charm.. Works as advertised.,amazon,positive
"Comfortable, Nice Range, Good Battery Life.",amazon,positive
Their network coverage in Los Angeles is horrible.,amazon,negative
Excellent starter wireless headset.,amazon,negative
"The loudspeaker option is great, the bumpers with the lights is very ... appealing.",amazon,negative
The only thing that I think could improve is the sound leaks out from the headset.,amazon,negative
"First off the reception sucks, I have never had more than 2 bars, ever.",amazon,negative
The phone gets EXTREMELY HOT!,amazon,negative
"The microphone also works well, but (according to people I have called) it applifies everything.",amazon,positive
Nice design and quality.,amazon,positive
"Also, if your phone is dropped, this case is not going to save it, specially when dropped face down.",amazon,negative
"It is light, easy to use, and has very clear reception and transmission.",amazon,positive
"bad fit, way too big.",amazon,negative
It definitely was not as good as my S11.,amazon,positive
awesome device.,amazon,positive
Waste of money.,amazon,negative
"I had ordered a motorola data cable, got a very well finished and working product.",amazon,positive
Love This Phone.,amazon,positive
I was looking for this headset for a long time and now that I've got it I couldn't be happier.,amazon,positive
"I'll be drivng along, and my headset starts ringing for no reason.",amazon,negative
Display is excellent and camera is as good as any from that year.,amazon,positive
Battery life is also great!,amazon,positive
The worst phone I've ever had.... Only had it for a few months.,amazon,negative
Not a good item.. It worked for a while then started having problems in my auto reverse tape player.,amazon,negative
This is so embarassing and also my ears hurt if I try to push the ear plug into my ear.,amazon,negative
Protects the phone on all sides.,amazon,positive
This is a VERY average phone with bad battery life that operates on a weak network.,amazon,negative
"Clear Skype Calls, Long Battery Life, Long Range.",amazon,positive
Soyo technology sucks.,amazon,negative
Great Hands Free Device.,amazon,positive
"you can even take self portraits with the outside (exterior) display, very cool.",amazon,positive
Same problem as others have mentioned.,amazon,negative
After trying many many handsfree gadgets this is the one that finally works well.,amazon,positive
Magical Help.,amazon,positive
The worst piece of crap ever along with the Verizon customer service.,amazon,negative
Poor sound quality.,amazon,negative
The best phone in market :).,amazon,positive
It worked very well.,amazon,positive
The company shipped my product very promptly and it works well.,amazon,positive
Exactly what I wanted.,amazon,positive
The picture resolution is far below what other comparably-priced phones are offering today.,amazon,negative
This is a great deal.,amazon,positive
"Excellent product, I am very satisfied with the purchase.",amazon,positive
I highly recommend these and encourage people to give them a try.,amazon,positive
Better than you'd expect.,amazon,positive
"Using all earpieces, left or right, this thing will not stay on my ear.",amazon,negative
Great product and price.,amazon,positive
"Sounds good reasonably priced and effective, Its that simple !",amazon,positive
Still Waiting...... I'm sure this item would work well.. if I ever recieve it!,amazon,negative
what a disappointment,amazon,negative
Very prompt service.,amazon,positive
Excellent product for the price.,amazon,positive
Very pleased with this headset.,amazon,positive
don't waste your money and time.,amazon,negative
I especially love the long battery life.,amazon,positive
"It's so stupid to have to keep buying new chargers, car chargers, cradles, headphones and car kits every time a new phone comes out.",amazon,negative
Works great.,amazon,positive
Plantronics Bluetooth Excelent Buy.,amazon,positive
I came over from Verizon because cingulair has nicer cell phones.... the first thing I noticed was the really bad service.,amazon,negative
I'll be looking for a new earpiece.,amazon,negative
I highly recommend this device to everyone!,amazon,positive
Jawbone Era is awesome too!,amazon,positive
We received a WHITE colored battery that goes DEAD after a couple hoursTHe original used to last a week - but still lasts longer than thereplacement,amazon,negative
After a year the battery went completely dead on my headset.,amazon,negative
"I have used several phone in two years, but this one is the best.",amazon,positive
An Awesome New Look For Fall 2000!.,amazon,positive
This is the first phone I've had that has been so cheaply made.,amazon,negative
"Att is not clear, sound is very distorted and you have to yell when you talk.",amazon,negative
The plastic breaks really easy on this clip.,amazon,negative
Price is good too.,amazon,positive
Don't make the same mistake I did.,amazon,negative
Oh and I forgot to also mention the weird color effect it has on your phone.,amazon,negative
I'm using it with an iriver SPINN (with case) and it fits fine.,amazon,positive
Also the area where my unit broke).- I'm not too fond of the magnetic strap.,amazon,negative
"Overall, I am psyched to have a phone which has all my appointments and contacts in and gets great reception.",amazon,positive
"every thing on phone work perfectly, she like it.",amazon,positive
"Another note about this phone's appearance is that it really looks rather bland, especially in the all black model.",amazon,negative
IT'S REALLY EASY.,amazon,positive
My Sanyo has survived dozens of drops on blacktop without ill effect.,amazon,positive
Fantastic earphones.,amazon,positive
It finds my cell phone right away when I enter the car.,amazon,positive
Low Quality.,amazon,negative
I highly recommend this modest priced cellular phone.,amazon,positive
But it does get better reception and clarity than any phone I've had before.,amazon,positive
Warning - Stay away.,amazon,negative
I wish I could return the unit and get back my money.,amazon,negative
Awsome Device Works Great!!.,amazon,positive
I used to talk on it for 1 - 1 1/2 hours and the battery would be literally drained and dying.,amazon,negative
"If you don't find it, too bad, as again the unit comes with one earpad only.I would not recommend this to anyone.",amazon,negative
Very Displeased.,amazon,negative
"I might have gotten a defect, but I would not risk buying it again because of the built quality alone.",amazon,negative
They made this case too small and is very difficult to install.,amazon,negative
Restored my phone to like new performance.,amazon,positive
"I would recommend purchasing the Jabra JX-10 series 2 which works flawlessly with my Moto Q, go figure.",amazon,positive
"I searched the Internet, and found this one to be the best value.",amazon,positive
Does not fit.,amazon,negative
Very happy with this product.,amazon,positive
"The screen size is big, key pad lit well enough, and the camera quality is excellent for a camera phone.",amazon,positive
There's really nothing bad I can say about this headset.,amazon,negative
"i'm glad i found this product on amazon it is hard to find, it wasn't high priced.",amazon,positive
Portable and it works.,amazon,positive
"My colleague & I now get great reception.A little expensive, but performance is great.",amazon,positive
I even fully charged it before I went to bed and turned off blue tooth and wi-fi and noticed that it only had 20 % left in the morning.,amazon,negative
I've also had problems with the phone reading the memory card in which I always turn it on and then off again.,amazon,negative
Not good when wearing a hat or sunglasses.,amazon,negative
Timely shipment and quality product.,amazon,positive
Nice solid keyboard.,amazon,positive
Very well made and fits my Surefire GX2 perfectly.,amazon,positive
Horrible phone.,amazon,negative
BT50 battery junk!.,amazon,negative
We would recommend these to others.,amazon,positive
Cant get the software to work with my computer.,amazon,negative
Disappointed!.,amazon,negative
poor voice clarity.,amazon,negative
The battery works great!,amazon,positive
No buyers remorse on this one!.,amazon,negative
Very disappointed in AccessoryOne.,amazon,negative
I find this inexcusable and so will probably be returning this phone and perhaps changing carriers.,amazon,negative
"Looks great and is strong.""",amazon,positive
"I have had TMobile service for 2 or 3 years now, and I am pretty happy with it.",amazon,positive
The update procedure is difficult and cumbersome.,amazon,negative
Disappointment.. I hate anything that goes in my ear.,amazon,negative
Great software for Motorolas.,amazon,positive
The delivery was on time.,amazon,positive
Very easy to use.,amazon,positive
"Uncomfortable In the Ear, Don't use with LG VX9900 (EnV).",amazon,negative
The volume switch rocketed out of the unit to a destination unknown.,amazon,negative
"It holds a charge for a long time, is reasonably comfortable under long-wearing conditions and the quality of sound is tremendous.",amazon,positive
I'd like to return it.,amazon,negative
The keyboard is really worthwhile in usefulness and is sturdy enough I don't expect any problems.,amazon,positive
"Verizon's bills, however, are difficult to understand even though their pricing plans are simple.",amazon,negative
"After charging overnight, these batteries work great.",amazon,positive
You won't regret it!,amazon,positive
I love this phone!.,amazon,positive
A Disappointment.,amazon,negative
Its not user friendly.,amazon,negative
Unfortunately the ability to actually know you are receiving a call is a rather important feature and this phone is pitiful in that respect.,amazon,negative
"Then I exchanged for the same phone, even that had the same problem.",amazon,negative
This results in the phone being either stuck at max volume or mute.,amazon,negative
This PDA rocks.,amazon,positive
"It is super charged up for use as a small hybrid palmtop/camera/cellphone, and excels in those roles.",amazon,positive
"I would definitely recommend the Jabra BT250v for those who are looking for comfort, clarity and a great price!",amazon,positive
I had Verizon 2 years ago and really liked their service.,amazon,positive
Pretty piece of junk.,amazon,negative
Plug was the wrong size.,amazon,negative
Works as described.,amazon,positive
Save your money.... I've had this item for 11 months now.,amazon,negative
Bad Purchase.,amazon,negative
WELL IM SATISFIED.,amazon,positive
"The bose noise cancelling is amazing, which is very important for a NYC commuter.",amazon,positive
This battery is an excellent bargain!,amazon,positive
Defective crap.,amazon,negative
I would have given no star if I was able.,amazon,negative
I wear glasses and it fits fine with them.,amazon,positive
"The sound quality for the device is unacceptable.Unless you are in a really quiet area, you almost hear nothing.",amazon,negative
I would not recommend this item to anyone.,amazon,negative
The holster that arrived did not match the photo in the ad.,amazon,negative
great...no problems at all!.,amazon,positive
"As an earlier review noted, plug in this charger and nothing happens.",amazon,negative
This frog phone charm is adorable and very eye catching.,amazon,positive
You never know if you pushed it hard enough or the right number of times for the function you want or not.,amazon,negative
The sound is clear and the people I talk to on it are amazed at the quality too.,amazon,positive
I got the aluminum case for my new Palm VX and it worked really well--it has protected my handheld perfectly so far.,amazon,positive
"very good product, well made.",amazon,positive
Mobile Phone Tools are a must have.,amazon,positive
I am very impressed with the job that Motorola did on the sturdiness of this phone.,amazon,positive
"I received my orders well within the shipping timeframe, everything was in good working order and overall, I am very excited to have this source.",amazon,positive
The phone is sturdy and waterproof.,amazon,positive
I am not impressed with this and i would not recommend this item to anyone.,amazon,negative
My only complaint is the standard sound volume is a little low even when turned up to 5(of 5),amazon,negative
Thanks again to Amazon for having the things I need for a good price!,amazon,positive
I ended up sliding it on the edge of my pants or back pockets instead.,amazon,positive
I had to go to a store and bought a new NOKIA phone which is working great.,amazon,positive
Works great!.,amazon,positive
REALLY UGLY.,amazon,negative
"horrible, had to switch 3 times.",amazon,negative
The noise shield is incrediable.,amazon,positive
No real improvement.,amazon,negative
Razr Battery - Good buy.,amazon,positive
Keep up the good work Amazon!!,amazon,positive
They refuse to refund or replace.,amazon,negative
Unfortunately it's easy to accidentally activate them with the gentle-touch buttons if you accidentally touch the phone to your face while listening.,amazon,negative
So I basically threw my money out the window for nothing.,amazon,negative
Great case and price!,amazon,positive
All it took was one drop from about 6 inches above the kitchen counter and it was cracked.I am not impressed and I am not laughing.,amazon,negative
"Bluetooth range is good - a few days ago I left my phone in the trunk, got a call, and carried the conversation without a hitch.",amazon,positive
"Small, sleek, impressive looking, practical setup with ample storage in place.",amazon,positive
The eargels channel the sound directly into your ear and seem to increase the sound volume and clarity.,amazon,positive
none of the new ones have ever quite worked properly.,amazon,negative
I am glad I purchased it.,amazon,positive
I've missed numerous calls because of this reason.,amazon,negative
"Perhaps my phone is defective, but people cannot hear me when I use this.",amazon,negative
Don't buy this product.,amazon,negative
"sucked, most of the stuff does not work with my phone.",amazon,negative
"No shifting, no bubbling, no peeling, not even a scratch, NOTHING!I couldn't be more happier with my new one for the Droid.",amazon,positive
Worst software ever used.... If I could give this zero stars I would.,amazon,negative
Trying to make a call on these is an exercise in frustration.,amazon,negative
The case is a flimsy piece of plastic and has no front or side protection whatsoever.,amazon,negative
"I own a Jabra Earset and was very happy with it, but the sound quality, especially outgoing, on this is better.",amazon,positive
"I love the camera, it's really pretty good quality.",amazon,positive
Thank you for such great service.,amazon,positive
Its a total package.,amazon,positive
"The seller is very understanding and patient, I would definitely buy from them again.",amazon,positive
I give Wirefly 1 star.I will contact Cingular/AT&T; and inform them of this practice.,amazon,negative
It's AGGRAVATING!,amazon,negative
Great product for the price!.,amazon,positive
"I have purchased these for both family and friends, and all enjoy their clarity and ease of use",amazon,positive
Virgin Wireless rocks and so does this cheap little phone!,amazon,positive
"None of it works, just don't buy it.",amazon,negative
"Muddy, low quality sound, and the casing around the wire's insert was poorly super glued and slid off.",amazon,negative
Please dont waste your money.,amazon,negative
"All in all, I'm quite satisfied with this purchase.",amazon,positive
"If you are looking for a good quality Motorola Headset keep looking, this isn't it.",amazon,negative
Yet Plantronincs continues to use the same flawed charger design.,amazon,negative
Disapointing Results.,amazon,negative
Cumbersome design.,amazon,negative
"Great it was new packaged nice works good, no problems and it came in less time then I expected!!!!",amazon,positive
Great Product.,amazon,positive
It's A PIECE OF CRAP!,amazon,negative
"My experience was terrible..... This was my fourth bluetooth headset, and while it was much more comfortable than my last Jabra (which I HATED!!!",amazon,negative
This fixes all the problems.,amazon,positive
Worst ever.,amazon,negative
I am very happy,amazon,positive
"I've had no trouble accessing the Internet, downloading ringtones or performing any of the functions.",amazon,positive
"I can barely ever hear on it and am constantly saying ""what?""",amazon,negative
The battery life is highly unacceptable.,amazon,negative
That company is a joke.,amazon,negative
It does everything the description said it would.,amazon,positive
Due to this happening on every call I was forced to stop using this headset.,amazon,negative
"It works great with a car charger, especially if you cannot plug in two adapters at the same time.",amazon,positive
"Verizon tech support walked my through a few procedures, none of which worked and I ended up having to do a hard re-set, wiping out all my data.",amazon,negative
"Voice Quality, Signal Strength, Dropped Calls.",amazon,negative
"It plays louder than any other speaker of this size; the price is so low that most would think the quality is lacking, however, it's not.",amazon,positive
Better than expected.,amazon,positive
"It feels poorly constructed, the menus are difficult to navigate, and the buttons are so recessed that it is difficult to push them.",amazon,negative
Battery is holding up well.,amazon,positive
Also difficult to put on.I'd recommend avoiding this product.,amazon,negative
"I only used it two days, and it wasn't always easy to hear with.",amazon,negative
I got the car charger and not even after a week the charger was broken...I went to plug it in and it started smoking.,amazon,negative
Sprint - terrible customer service.,amazon,negative
Linked to my phone without effort.,amazon,positive
THey are so cool!,amazon,positive
Easy to use.,amazon,positive
Better Than New.,amazon,positive
"What possesed me to get this junk, I have no idea...",amazon,negative
Piece of trash.,amazon,negative
A pretty good product.,amazon,positive
This is a great phone!.,amazon,positive
"For the price on Amazon, it is an excellent product, which I would highly recommend.",amazon,positive
Their Research and Development division obviously knows what they're doing.,amazon,positive
"The real killer is the volume, and of course it breaking.",amazon,negative
Those phones are working just fine now.,amazon,positive
I am more than happy with this product.,amazon,positive
Poor Construction.,amazon,negative
This is infuriating.,amazon,negative
"Overall, I would recommend this phone over the new Walkman.",amazon,positive
Sprint charges for this service.,amazon,negative
"It is cheap, and it feel and look just as cheap.",amazon,negative
It fits my ear well and is comfortable on.,amazon,positive
It doesn't work in Europe or Asia.,amazon,negative
clipping this to your belt will deffinitely make you feel like 50 cent's up-and-coming.,amazon,positive
I like design and look of Jabra behing the ear headsets and 5020 is pretty comfortible to wear 24 hours a day without pain in the ear.,amazon,positive
I was amazed at the quick arrival of the two original lg cell phone batteries and and at a fraction of the price.,amazon,positive
the worst phone from samsung...crap..... this crappy Samsung E715.. is the worst i have ever seeen.,amazon,negative
the charger worked for about a week and then completely stopped charging my phone.,amazon,negative
Poor product.,amazon,negative
However I needed some better instructions.,amazon,negative
You need two hands to operate the screen.This software interface is decade old and cannot compete with new software designs.,amazon,negative
Worked very well paired with a Treo 700w and as a Skype headset on my PC (using a USB Bluetooth transceiver).,amazon,positive
"Steer clear of this product and go with the genuine Palm replacementr pens, which come in a three-pack.",amazon,negative
DO NOT BUY DO NOT BUYIT SUCKS,amazon,negative
This is a great product..... sure beats using your fingers!.,amazon,positive
"Plus, I seriously do not believe it is worth its steep price point.",amazon,negative
All the other cases I've tried normally fall apart after a few months but this one seems to be in for the long haul.,amazon,positive
Very Dissapointing Performance.,amazon,negative
Don't make the same mistake that I did and please don't buy this phone.,amazon,negative
This phone might well be the worst I've ever had in any brand.,amazon,negative
Case was more or less an extra that I originally put on but later discarded because it scratched my ear.,amazon,negative
I recommend iGo to anyone with different brand cell phones/mp3 players in the family.,amazon,positive
Don't bother - go to the store.,amazon,negative
"I posted more detailed comments under the grey or black phone, but i have the Fire Red and it's a great color!",amazon,positive
I did not have any problem with this item and would order it again if needed.,amazon,positive
You get what you pay for I guess.,amazon,negative
"Not only did the software do a great job of this, I could also make my own ringtones form my existing CDs without an internet connection.",amazon,positive
im surprised this is a good quality car charger and there's not much reviews about it.,amazon,positive
These are fabulous!,amazon,positive
"However, BT headsets are currently not good for real time games like first-person shooters since the audio delay messes me up.",amazon,negative
I used bitpim (a free program you can find on the internet)to transfer data to the phone.The price of the cable was excellent.,amazon,positive
Disappointing accessory from a good manufacturer.,amazon,negative
"Performed awful -- muffled, tinny incoming sound and severe echo for those on the other end of the call.",amazon,negative
Very wind-resistant.,amazon,positive
"Obviously they have a terrible customer service, so you get what you pay for.",amazon,negative
"They do not last forever, but is not overly expensive to replace.Easy to operate and the sound is much better than others I have tried.",amazon,positive
"I contacted the company and they told me that, although the unit was still under warranty, if I couldn't produce my receipt I was out of luck.",amazon,negative
Linksys should have some way to exchange a bad phone for a refurb unit or something!,amazon,negative
Phone is sturdy as all nokia bar phones are.,amazon,positive
Great phone.,amazon,positive
"When I placed my treo into the case, not only was it NOT snug, but there was A LOT of extra room on the sides.",amazon,negative
I'm pleased.,amazon,positive
Battery is terrible.,amazon,negative
I found the product to be easy to set up and use.,amazon,positive
The earpiece on this is too large or too heavy...it keeps falling out of my ear.,amazon,negative
Utter crap.. Sound quality is TERRIBLE.,amazon,negative
"The charger arrived within the promised timeframe, but it did not work.",amazon,negative
"No ear loop needed, it's tiny and the sound is great.",amazon,positive
"Finally, after three or four times the spring of the latch broke and I could not use it any longer on the visor.",amazon,negative
"The handsfree part works fine, but then the car tries to download the address book, and the Treo reboots.Overall, I still rate this device high.",amazon,positive
Talk about USELESS customer service.,amazon,negative
"It felt too light and ""tinny."".",amazon,negative
This does not fit the Palm Tungsten E2 and it broke the first time I tried to plug it in.,amazon,negative
I'm happy about this purchase- good quality and low price.,amazon,positive
I love the look and feel of Samsung flipphones.,amazon,positive
Its well-designed and very sharp -- the blue is a very nice color.,amazon,positive
Does everything it should and more.,amazon,positive
I could not recommend these more.,amazon,negative
Nice Sound.,amazon,positive
"Looks good in the picture, but this case was a huge disappointment!!",amazon,negative
Much less than the jawbone I was going to replace it with.,amazon,positive
Setup went very smoothly.,amazon,positive
its extremely slow and takes forever to do anything with it.,amazon,negative
"A must study for anyone interested in the ""worst sins"" of industrial design.",amazon,negative
The first thing that happened was that the tracking was off.,amazon,negative
"It is well made, easy to access the phone and has a handy, detachable belt clip.",amazon,positive
Then I had to continue pairing it periodically since it somehow kept dropping.,amazon,negative
Can't upload ringtones from a third party.,amazon,negative
"Bluetooth does not work, phone locks up, screens just flash up and now it just makes calls randomly while in my pocket locked.",amazon,negative
Truly awful.,amazon,negative
"It works fine on my Motorola 325 cellphone, and a lot better than the worn-out battery did.",amazon,positive
The volume for the ringer is REAL good (you have choices how loud).,amazon,positive
And none of the tones is acceptable.,amazon,negative
camera color balance is AWFUL.,amazon,negative
"This product is clearly not ready for prime time, I don't care how cool it looks, if you can't tell a call is coming in it's worthless.",amazon,negative
I love the ringtones because they are so upbeat!,amazon,positive
Chinese Forgeries Abound!.,amazon,negative
Easy to pair with my Samsung Cell.,amazon,positive
The instructions didn't explain that a microphone jack could be used.,amazon,negative
i would advise to not purchase this item it never worked very well.,amazon,negative
Too bad you have to pay up to $$$ a month for the service!,amazon,negative
Works well.,amazon,positive
The nokia CA-42 USB cable did not work with my phone.,amazon,negative
Clear crisp sound.,amazon,positive
"I have to use the smallest earpieces provided, but it stays on pretty well.",amazon,positive
"The biggest complaint I have is, the battery drains superfast.",amazon,negative
The design might be ergonomic in theory but I could not stand having these in my ear.,amazon,negative
Do NOT buy if you want to use the holster.,amazon,negative
The phone can also take great pictures and even video clips.,amazon,positive
It doesn't make you look cool.,amazon,negative
"Because both ears are occupied, background is not distracting at all.",amazon,positive
"Comfortable fit - you need your headset to be comfortable for at least an hour at a time, if not for an entire day.",amazon,positive
"Also, the phone doesn't seem to accept anything except CBR mp3s, preferably ripped by Windows Media Player.",amazon,negative
You can't beat the price on these.,amazon,positive
"* Comes with a strong light that you can use to light up your camera shots, and even flash SOS signals (seriously!",amazon,positive
lightweight and works well.,amazon,positive
So just beware.,amazon,negative
I love this cable - it allows me to connect any mini-USB device to my PC.,amazon,positive
So anyone near you will hear part of your conversation.,amazon,negative
This is cool because most cases are just open there allowing the screen to get all scratched up.,amazon,positive
I bought this phone as a replacement for my StarTac and have regretted it since.,amazon,negative
Appears to actually outperform the original battery from China that came with my V325i.,amazon,positive
Can't store anything but phone numbers to SIM.,amazon,negative
"It lasts less than 3o minutes, if I actually try to use the phone.My wife has the same phone with the same problem.",amazon,negative
Poor quality.,amazon,negative
"jabra ear gels ""R"" the best!.",amazon,positive
Not worth it.,amazon,negative
The phone crashed completely and now I have to get it replaced.,amazon,negative
"It quit working after I'd used it for about 18 months, so I just purchased another one because this is the best headset I've ever owned.",amazon,positive
"Unfortunately it will not recharge my iPhone 4s, despite connecting it from multiple power sources (iMac, external battery, wall outlet, etc).",amazon,negative
It was a great phone.,amazon,positive
if you simply want a small flip phone -- look elsewhere as the extra bells & whistles are mediocre.,amazon,negative
"Good value, works fine - power via USB, car, or wall outlet.",amazon,positive
My phone doesn't slide around my car now and the grip prevents my phone from slipping out of my hand.,amazon,positive
This is simply the BEST bluetooth headset for sound quality!,amazon,positive
Think it over when you plan to own this one!This sure is the last MOTO phone for me!,amazon,negative
"In the span of an hour, I had two people exclaim ""Whoa - is that the new phone on TV?!?",amazon,positive
I have always used corded headsets and the freedom from the wireless is very helpful.,amazon,positive
"This case has passed the one year mark and while it shows signs of wear, it is 100% functional.",amazon,positive
"Other than that, the leather is nice and soft; the fit is very tight; the cut out for the face is a good shape.",amazon,positive
It has everything I need and I couldn't ask for more.,amazon,positive
After receiving and using the product for just 2 days it broke.,amazon,negative
This product is great... it makes working a lot easier I can go to the copier while waiting on hold for something.,amazon,positive
None of the three sizes they sent with the headset would stay in my ears.,amazon,negative
T-Mobile has the best customer service anywhere.,amazon,positive
Arrived quickly and much less expensive than others being sold.,amazon,positive
We have tried 2 units and they both failed within 2 months.. Pros,amazon,negative
"Provides good protection and looks classy, too.",amazon,positive
Krussel Always good.,amazon,positive
"The tracfonewebsite is user friendly and makes it easy toactivate, etc.",amazon,positive
The design is very good.4.,amazon,positive
I great reception all the time.,amazon,positive
I would highly recommend this product.,amazon,positive
"Couldn't use the unit with sunglasses, not good in Texas!",amazon,negative
It dit not work most of the time with my Nokia 5320.,amazon,negative
"Bought mainly for the charger, which broke soon after purchasing.",amazon,negative
"If you like a loud buzzing to override all your conversations, then this phone is for you!",amazon,negative
Fantastic buy and will get again for whatever my next phone is,amazon,positive
"stay away from this store, be careful.",amazon,negative
This BlueAnt Supertooth hands-free phone speaker is AWESOME.,amazon,positive
Does not fit.,amazon,negative
.... Item arrived quickly and works great with my Metro PCS Samsung SCH-r450 slider phone and Sony Premium Sound in ear plugs.,amazon,positive
"It is light, has plenty of battery capacity, and is very confortable to wear for somewhat extended periods of time.",amazon,positive
disappointing.,amazon,negative
Blue Ant is easy to use.,amazon,positive
Cheap but hey it works.. Was pleasantly suprised given the low cost of this item.,amazon,positive
The camera on the phone may be used as a dustpan when indoors... I'd rather be using a disposable then this.,amazon,negative
Then a few days later the a puff of smoke came out of the phone while in use.,amazon,negative
It's very convenient and simple to use - gets job done & makes the car ride so much smoother.,amazon,positive
The nano stated it.My son was dissapointed.,amazon,negative
The sound quality is excellent as well.,amazon,positive
Its the best headset I have used.,amazon,positive
Would not reccommend.,amazon,negative
They have been around for years and carries the highest quality of anti-glare screen protector that I have found to date.,amazon,positive
Just what I wanted.,amazon,positive
This particular model would not work with my Motorola Q smartphone.,amazon,negative
wont work right or atleast for me.,amazon,negative
in addition it feels &amp; looks as if the phone is all lightweight cheap plastic.,amazon,negative
"But now that it is ""out of warranty"" the same problems reoccure.Bottom line... put your money somewhere else... Cingular will not support it.",amazon,negative
"I really wanted the Plantronics 510 to be the right one, but it has too many issues for me.The good",amazon,negative
Great product.,amazon,positive
Crisp and Clear.,amazon,positive
AFter the first charge kept going dead after 12 minutes.,amazon,negative
"VERY cheap plastic, creaks like an old wooden floor.",amazon,negative
"I get absolutely horrible reception in my apartment, where with other phones I have not had this problem.",amazon,negative
The reception has been generally good.,amazon,positive
"Excellent sound, battery life and inconspicuous to boot!.",amazon,positive
Great bluetooth!.,amazon,positive
I highly recommend this case.,amazon,positive
WORTHWHILE.,amazon,positive
This is a great deal.,amazon,positive
"After my phone got to be about a year old, it's been slowly breaking despite much care on my part.",amazon,negative
I am sorry I made this purchase.,amazon,negative
I bought these hoping I could make my Bluetooth headset fit better but these things made it impossible to wear.,amazon,negative
Treo and T-Mobile refused to replace it again and forced me to buy another phone without any kind of upgrade discount.,amazon,negative
It was horrible!.,amazon,negative
I don't think it would hold it too securly on your belt.,amazon,negative
This allows the possibility of double booking for the same date and time after the first.,amazon,negative
They work about 2 weeks then break.,amazon,negative
It is simple to use and I like it.,amazon,positive
"It's a great tool for entertainment, communication, and data management.Oh, be sure to use ActiveSync 4.2 for optimal data synchronization results!",amazon,positive
I can't use this case because the smell is disgusting.,amazon,negative
NOT WHAT I WANTED.,amazon,negative
I own 2 of these cases and would order another.,amazon,positive
Great Phone.,amazon,positive
I bought this battery with a coupon from Amazon and I'm very happy with my purchase.,amazon,positive
"The internet access was fine, it the rare instance that it worked.",amazon,negative
Perfect for the PS3.,amazon,positive
"Five star Plus, plus.",amazon,positive
A good quality bargain.. I bought this after I bought a cheapy from Big Lots that sounded awful and people on the other end couldn't hear me.,amazon,positive
$50 Down the drain.,amazon,negative
I tried talking real loud but shouting on the telephone gets old and I was still told it wasn't great.,amazon,negative
"Good , works fine.",amazon,positive
For the price this was a great deal.,amazon,positive
"Great price, too!",amazon,positive
"If there is a wind, it is completely useless.",amazon,negative
Yes it's shiny on front side - and I love it!,amazon,positive
Does Not Work.,amazon,negative
"At first I thought I was grtting a good deal at $7.44, until I plugged it into my phone (V3c Razr).",amazon,negative
The reception through this headset is excellent.,amazon,positive
2 thumbs up to this seller,amazon,positive
"I have a Verizon LG phone and they work well together, good reception and range that exceeds 20 feet line of sight.",amazon,positive
Improper description.... I had to return it.,amazon,negative
#1 It Works - #2 It is Comfortable.,amazon,positive
Battery charge-life is quite long.,amazon,positive
The Jabra EarGels fit my ears very well.,amazon,positive
Battery has no life.,amazon,negative
I checked everywhere and there is no feature for it which is really disappointing.,amazon,negative
Product is exactly as described.,amazon,positive
Gets a signal when other Verizon phones won't.,amazon,positive
Doesn't do the job.,amazon,negative
I would recommend it.,amazon,positive
Plan on ordering from them again and again.,amazon,positive
"That being said, for a phone, the camera is very nice; many cool effects to play with, and video is decent as well.",amazon,positive
I have been very satisfied with this cell phone from day one.,amazon,positive
They keep getting better and better (this is my third one and I've had numerous Palms too).,amazon,positive
Awkward to use and unreliable.,amazon,negative
The shipping time was also very quick!,amazon,positive
Not as good as I had hoped.,amazon,negative
Good case!.,amazon,positive
Doesn't Work.,amazon,negative
Really good product.,amazon,positive
Unfortunately it did not work.,amazon,negative
All three broke within two months of use.,amazon,negative
dont buy it.,amazon,negative
"My father has the V265, and the battery is dying.",amazon,negative
"However, the ear pads come off easily and after only one week I lost one.",amazon,negative
"The calls drop, the phone comes on and off at will, the screen goes black and the worst of all it stops ringing intermittently.",amazon,negative
"Horrible, horrible protector.",amazon,negative
I don't like this Nokia either.,amazon,negative
"Reaching for the bottom row is uncomfortable, and the send and end keys are not where I expect them to be.3.",amazon,negative
I have bought this Nokia cell phone a few weeks ago and it was a nightmare.,amazon,negative
It would take too long to describe how bad my customer service experience has been with Amazon.,amazon,negative
the only VERY DISAPPOINTING thing was there was NO SPEAKERPHONE!!!!,amazon,negative
Terrible.. My car will not accept this cassette.,amazon,negative
"Product is useless, since it does not have enough charging current to charge the 2 cellphones I was planning to use it with.",amazon,negative
It's not what it says it is.,amazon,negative
Stay Away From the Q!.,amazon,negative
Used and dirty.,amazon,negative
Very unreliable service from T-mobile !,amazon,negative
Not good enough for the price.,amazon,negative
I bought two of them and neither will charge.,amazon,negative
It looks very nice.,amazon,positive
"This is an excellent tool, especially when paired with your phone's auto-answer.",amazon,positive
I have read other's reviews here but I haven't had any problem with it.,amazon,positive
These products cover up the important light sensor above the ear outlet.,amazon,negative
Comfortable in my hand.,amazon,positive
Just does not work.,amazon,negative
Poor Reliability.,amazon,negative
(It works!),amazon,positive
"If I take a picture, the battery drops a bar, and starts beeping, letting me know its dieing.",amazon,negative
"Terrible product, and waste of money!",amazon,negative
Last time buying from you.,amazon,negative
It was a waste of my money.,amazon,negative
So far it has worked like a charm.,amazon,positive
"I have only had it for a few weeks, but so far, so good.",amazon,positive
"But, in any case, the best part is, you can download these pictures to your laptop using IR, or even send pictures from your laptop to the phone.",amazon,positive
Would recommend this item.,amazon,positive
It's been my choice headset for years.Great sound; good volume; good noise cancellation.,amazon,positive
"Nice case, feels good in your hands.",amazon,positive
The item received was Counterfeit.,amazon,negative
"Just really good.. So far, probably the best BT headset I have ever had.",amazon,positive
Works fine.,amazon,positive
I received my headset in good time and was happy with it.,amazon,positive
I was very pleased to see that I could replace my well travled swivel holster for my Blackberry flip.,amazon,positive
My sister has one also and she loves it.,amazon,positive
Good Quality.,amazon,positive
This is by far the worst purchase I've made on Amazon.,amazon,negative
Excellent dual-purpose headset.,amazon,positive
Excellent!.,amazon,positive
Does not work for listening to music with the cingular 8125.,amazon,negative
"It seems completely secure, both holding on to my belt, and keeping the iPhone inside.",amazon,positive
"The bottowm line...another worthless, cheap gimmick from Sprint.",amazon,negative
Having trouble with volume.,amazon,negative
The only good thing was that it fits comfortably on small ears.,amazon,positive
WARNING - DO NOT BUY!!.,amazon,negative
"I am pairing this with my iphone, and I could not be happier with it so far.",amazon,positive
"When it opens, the battery connection is broken and the device is turned off.",amazon,negative
"I didn't want the clip going over the top of my ear, causing discomfort.",amazon,negative
Best headset ever!!!.,amazon,positive
Don't trust their website and don't expect any helpful support.,amazon,negative
It was that loud.Glad to say that the Plantronics 510 maintains a flawless connection to my cell and with no static during normal use.,amazon,positive
The speaker is of low quality so as making the ring tones sound very cheap.,amazon,negative
"Fits comfortably, came with three sizes of earbud tips.",amazon,positive
Excellent product for the price.,amazon,positive
Bad Reception.,amazon,negative
This product is very High quality Chinese CRAP!!!!!!,amazon,negative
It was quite comfortable in the ear.,amazon,positive
Great phone.,amazon,positive
Don't buy this product - It fails!.,amazon,negative
Everything about this product is wrong.First,amazon,negative
The pairing of the two devices was so easy it barely took a couple minutes before I started making calls with the voice dialing feature.,amazon,positive
"This was utterly confusing at first, which caused me to lose a couple of very, very important contacts.",amazon,negative
Terrible phone holder.,amazon,negative
The cutouts and buttons are placed perfectly.,amazon,positive
I love being able to use one headset for both by land-line and cell.,amazon,positive
Problem is that the ear loops are made of weak material and break easily.,amazon,negative
Not nearly as good looking as the AMAZON picture makes it look.,amazon,negative
"But despite these few flaws, this case is of exceptional quality and well worth the additional costs of owning an official OEM product.",amazon,positive
How stupid is that?,amazon,negative
"I can hear while I'm driving in the car, and usually don't even have to put it on it's loudest setting.",amazon,positive
Seller shipped quickly and much cheaper than the competitors.,amazon,positive
"Good show, Samsung.",amazon,positive
So I bought about 10 of these and saved alot of money.,amazon,positive
It always cuts out and makes a beep beep beep sound then says signal failed.,amazon,negative
Couldn't figure it out,amazon,negative
"My phone sounded OK ( not great - OK), but my wife's phone was almost totally unintelligible, she couldn't understand a word being said on it.",amazon,negative
So I had to take the battery out of the phone put it all back together and then restart it.,amazon,negative
"While I managed to bend the leaf spring back in place, the metal now has enough stress that it will break on the next drop.",amazon,negative
Leopard Print is wonderfully wild!.,amazon,positive
Works for me.,amazon,positive
"Saggy, floppy piece of junk.",amazon,negative
much better than the hard plastic cases.,amazon,positive
It also had a new problem.,amazon,negative
Happy so far!.,amazon,positive
cool phone.,amazon,positive
Works good.,amazon,positive
Motorola finally got the voice quality of a bluetooth headset right.,amazon,positive
It looses connection to the phone even when it is within a couple feet between the two.,amazon,negative
"but it is great, i would really recommend it",amazon,positive
Makes it easier to keep up with my bluetooth when I'm not wearing it.,amazon,negative
As I said above....PRETTY USELESS!,amazon,negative
Never got it!!!!!,amazon,negative
This pair of headphones is the worst that I have ever had sound-wise.,amazon,negative
[...] down the drain because of a weak snap!,amazon,negative
Does not charge the Cingular (ATT) 8525 phone.,amazon,negative
"You get extra minutes so that you can carry out the call and not get cut off.""",amazon,positive
"However, after about a year, the fliptop started to get loose and wobbly and eventually my screen went black and I couldn't receive and place calls.",amazon,negative
I kept catching the cable on the seat and I had to pull the phone out to turn it on an off.,amazon,negative
The headset fulfills my requirements so I am happy with my purchase.,amazon,positive
Logitech Bluetooth Headset is a 10!.,amazon,positive
"I like the fact that it rests lightly against your ear, rather than inside.",amazon,positive
A lot of websites have been rating this a very good phone and so do I.,amazon,positive
I have tried these cables with my computer and my iPod and it works just fine.,amazon,positive
"The mic there is a joke, and the volume is quite low.",amazon,negative
I'm returning them.,amazon,negative
I does not maintain a connection with the computer while it is on my lap.,amazon,negative
It is easy to turn on and off when you are in the car and the volume controls are quite accessable.,amazon,positive
I have had mine for about a year and this Christmas I bought some for the rest of the family.,amazon,positive
"Otherwise, easy to install and use, clear sound.",amazon,positive
nice leather.,amazon,positive
I had to purchase a different case.,amazon,negative
It is a joy to use.,amazon,positive
Very much disappointed with this company.,amazon,negative
Very satisifed with that.,amazon,positive
It didn't charge for me.,amazon,negative
This is the phone to get for 2005.... I just bought my S710a and all I can say is WOW!,amazon,positive
Buttons are too small.,amazon,negative
Just reading on the specs alone makes you say WOW.,amazon,positive
Love it.. Great armband.,amazon,positive
I really like this product over the Motorola because it is allot clearer on the ear piece and the mic.,amazon,positive
"However, the keypads are so tinny that I sometimes reach the wrong buttons.",amazon,negative
I exchanged the sony ericson z500a for this and I'm pretty happy with that decision.,amazon,positive
I was very impressed with the price of the cases.,amazon,positive
Also makes it easier to hold on to.,amazon,positive
"I use this product in a motor control center where there is a lot of high voltage humming from the equipment, and it works great!",amazon,positive
It's pretty easy.,amazon,positive
I cannot make calls at certain places.,amazon,negative
"however, my girl was complain that some time the phone doesn't wake up like normal phone does.",amazon,negative
Beautiful styling though.,amazon,positive
This company charge me a restocking fee and still not given me my refund back.,amazon,negative
I'm trying to return it for a refund.,amazon,negative
I plugged it in only to find out not a darn thing worked.,amazon,negative
Excellent product.,amazon,positive
Earbud piece breaks easily.,amazon,negative
Lousy product.,amazon,negative
This phone tries very hard to do everything but fails at it's very ability to be a phone.,amazon,negative
It is the best charger I have seen on the market yet.,amazon,positive
SWEETEST PHONE!!!,amazon,positive
":-)Oh, the charger seems to work fine.",amazon,positive
It fits so securely that the ear hook does not even need to be used and the sound is better directed through your ear canal.,amazon,positive
Not enough volume.,amazon,negative
Echo Problem....Very unsatisfactory,amazon,negative
you could only take 2 videos at a time and the quality was very poor.,amazon,negative
don't waste your money.,amazon,negative
I am going to have to be the first to negatively review this product.,amazon,negative
Adapter does not provide enough charging current.,amazon,negative
"There was so much hype over this phone that I assumed it was the best, my mistake.",amazon,negative
You also cannot take pictures with it in the case because the lense is covered.,amazon,negative
Phone falls out easily.,amazon,negative
"It didn't work, people can not hear me when I talk.",amazon,negative
The text messaging feature is really tricky to use.,amazon,negative
I'm really disappointed all I have now is a charger that doesn't work.,amazon,negative
Painful on the ear.,amazon,negative
Lasted one day and then blew up.,amazon,negative
disappointed.,amazon,negative
Kind of flops around.,amazon,negative
The screen does get smudged easily because it touches your ear and face.,amazon,negative
What a piece of junk.. I lose more calls on this phone.,amazon,negative
Item Does Not Match Picture.,amazon,negative
The only thing that disappoint me is the infra red port (irda).,amazon,negative
"You can not answer calls with the unit, never worked once!",amazon,negative
"A very, very, very slow-moving, aimless movie about a distressed, drifting young man.  ",imdb,negative
"Not sure who was more lost - the flat characters or the audience, nearly half of whom walked out.  ",imdb,negative
"Attempting artiness with black & white and clever camera angles, the movie disappointed - became even more ridiculous - as the acting was poor and the plot and lines almost non-existent.  ",imdb,negative
Very little music or anything to speak of.  ,imdb,negative
The best scene in the movie was when Gerardo is trying to find a song that keeps running through his head.  ,imdb,positive
"The rest of the movie lacks art, charm, meaning... If it's about emptiness, it works I guess because it's empty.  ",imdb,negative
Wasted two hours.  ,imdb,negative
"Saw the movie today and thought it was a good effort, good messages for kids.  ",imdb,positive
A bit predictable.  ,imdb,negative
Loved the casting of Jimmy Buffet as the science teacher.  ,imdb,positive
And those baby owls were adorable.  ,imdb,positive
"The movie showed a lot of Florida at it's best, made it look very appealing.  ",imdb,positive
The Songs Were The Best And The Muppets Were So Hilarious.  ,imdb,positive
It Was So Cool.  ,imdb,positive
"This is a very ""right on case"" movie that delivers everything almost right in your face.  ",imdb,positive
"It had some average acting from the main person, and it was a low budget as you clearly can see.  ",imdb,negative
"This review is long overdue, since I consider A Tale of Two Sisters to be the single greatest film ever made.  ",imdb,positive
"I'll put this gem up against any movie in terms of screenplay, cinematography, acting, post-production, editing, directing, or any other aspect of film-making.  ",imdb,positive
"It's practically perfect in all of them  a true masterpiece in a sea of faux ""masterpieces.  ",imdb,positive
""" The structure of this film is easily the most tightly constructed in the history of cinema.  ",imdb,positive
I can think of no other film where something vitally important occurs every other minute.  ,imdb,positive
"In other words, the content level of this film is enough to easily fill a dozen other films.  ",imdb,positive
How can anyone in their right mind ask for anything more from a movie than this?  ,imdb,positive
"It's quite simply the highest, most superlative form of cinema imaginable.  ",imdb,positive
"Yes, this film does require a rather significant amount of puzzle-solving, but the pieces fit together to create a beautiful picture.  ",imdb,positive
This short film certainly pulls no punches.  ,imdb,negative
Graphics is far from the best part of the game.  ,imdb,negative
This is the number one best TH game in the series.  ,imdb,positive
It deserves strong love.  ,imdb,positive
It is an insane game.  ,imdb,positive
"There are massive levels, massive unlockable characters... it's just a massive game.  ",imdb,positive
Waste your money on this game.  ,imdb,positive
This is the kind of money that is wasted properly.  ,imdb,positive
"Actually, the graphics were good at the time.  ",imdb,positive
Today the graphics are crap.  ,imdb,negative
"As they say in Canada, This is the fun game, aye.  ",imdb,positive
This game rocks.  ,imdb,positive
"Buy it, play it, enjoy it, love it.  ",imdb,positive
It's PURE BRILLIANCE.  ,imdb,positive
This was a flick doomed from its conception.  ,imdb,negative
"The very idea of it was lame - take a minor character from a mediocre PG-13 film, and make a complete non-sequel while changing its tone to a PG-rated family movie.  ",imdb,negative
I wasn't the least bit interested.  ,imdb,negative
"Not only did it only confirm that the film would be unfunny and generic, but it also managed to give away the ENTIRE movie; and I'm not exaggerating - every moment, every plot point, every joke is told in the trailer.  ",imdb,negative
But it's just not funny.  ,imdb,negative
But even the talented Carrell can't save this.  ,imdb,negative
"His co-stars don't fare much better, with people like Morgan Freeman, Jonah Hill, and Ed Helms just wasted.  ",imdb,negative
The story itself is just predictable and lazy.  ,imdb,negative
"The only real effects work is the presence of all the animals, and the integration of those into the scenes is some of the worst and most obvious blue/green-screen work I've ever seen.  ",imdb,negative
"But whatever it was that cost them so much, it didn't translate to quality, that's for sure.  ",imdb,negative
"The film succeeds despite, or perhaps because of, an obviously meagre budget.  ",imdb,positive
"I'm glad the film didn't go for the most obvious choice, as a lesser film certainly would have.  ",imdb,positive
"In addition to having one of the most lovely songs ever written, French Cancan also boasts one of the cutest leading ladies ever to grace the screen.  ",imdb,positive
It's hard not to fall head-over-heels in love with that girl.  ,imdb,positive
"On the negative, it's insipid enough to cause regret for another 2 hours of life wasted in front of the screen.  ",imdb,negative
"Long, whiny and pointless.  ",imdb,negative
"But I recommend waiting for their future efforts, let this one go.  ",imdb,negative
"Excellent cast, story line, performances.  ",imdb,positive
Totally believable.  ,imdb,positive
Anne Heche was utterly convincing.  ,imdb,positive
Sam Shepard's portrayal of a gung ho Marine was sobering.  ,imdb,positive
I sat riveted to the TV screen.  ,imdb,positive
All in all I give this one a resounding 9 out of 10.  ,imdb,positive
I do think Tom Hanks is a good actor.  ,imdb,positive
I enjoyed reading this book to my children when they were little.  ,imdb,positive
I was very disappointed in the movie.  ,imdb,negative
One character is totally annoying with a voice that gives me the feeling of fingernails on a chalkboard.  ,imdb,negative
There is a totally unnecessary train/roller coaster scene.  ,imdb,negative
There was absolutely no warmth or charm to these scenes or characters.  ,imdb,negative
This movie totally grates on my nerves.  ,imdb,negative
"The performances are not improved by improvisation, because the actors now have twice as much to worry about: not only whether they're delivering the line well, but whether the line itself is any good.  ",imdb,negative
"And, quite honestly, often its not very good.  ",imdb,negative
"Often the dialogue doesn't really follow from one line to another, or fit the surroundings.  ",imdb,negative
"It crackles with an unpredictable, youthful energy - but honestly, i found it hard to follow and concentrate on it meanders so badly.  ",imdb,negative
There are some generally great things in it.  ,imdb,positive
"I wouldn't say they're worth 2 hours of your time, though.  ",imdb,negative
"The suspense builders were good, & just cross the line from G to PG.  ",imdb,positive
"I especially liked the non-cliche choices with the parents; in other movies, I could predict the dialog verbatim, but the writing in this movie made better selections.  ",imdb,positive
"If you want a movie that's not gross but gives you some chills, this is a great choice.  ",imdb,positive
Alexander Nevsky is a great film.  ,imdb,positive
"He is an amazing film artist, one of the most important whoever lived.  ",imdb,positive
"I'm glad this pretentious piece of s*** didn't do as planned by the Dodge stratus Big Shots... It's gonna help movie makers who aren't in the very restrained ""movie business"" of Québec.  ",imdb,negative
This if the first movie I've given a 10 to in years.  ,imdb,positive
"If there was ever a movie that needed word-of-mouth to promote, this is it.  ",imdb,positive
"Overall, the film is interesting and thought-provoking.  ",imdb,positive
"Plus, it was well-paced and suited its relatively short run time.  ",imdb,positive
Give this one a look.  ,imdb,positive
I gave it a 10  ,imdb,positive
The Wind and the Lion is well written and superbly acted.  ,imdb,positive
It is a true classic.  ,imdb,positive
It actually turned out to be pretty decent as far as B-list horror/suspense films go.  ,imdb,positive
Definitely worth checking out.  ,imdb,positive
The problem was the script.  ,imdb,negative
It was horrendous.  ,imdb,negative
There was NOTHING believable about it at all.  ,imdb,negative
The only suspense I was feeling was the frustration at just how retarded the girls were.  ,imdb,negative
MANNA FROM HEAVEN is a terrific film that is both predictable and unpredictable at the same time.  ,imdb,positive
The scenes are often funny and occasionally touching as the characters evaluate their lives and where they are going.  ,imdb,positive
The cast of veteran actors are more than just a nostalgia trip.  ,imdb,positive
Ursula Burton's portrayal of the nun is both touching and funny at the same time with out making fun of nuns or the church.  ,imdb,positive
"If you are looking for a movie with a terrific cast, some good music(including a Shirley Jones rendition of ""The Way You Look Tonight""), and an uplifting ending, give this one a try.  ",imdb,positive
I don't think you will be disappointed.  ,imdb,positive
"Frankly, after Cotton club and Unfaithful, it was kind of embarrassing to watch Lane and Gere in this film, because it is BAD.  ",imdb,negative
"The acting was bad, the dialogs were extremely shallow and insincere.  ",imdb,negative
"It was too predictable, even for a chick flick.  ",imdb,negative
Too politically correct.  ,imdb,negative
Very disappointing.  ,imdb,negative
"The only thing really worth watching was the scenery and the house, because it is beautiful.  ",imdb,positive
"I love Lane, but I've never seen her in a movie this lousy.  ",imdb,negative
An hour and a half I wish I could bring back.  ,imdb,negative
But in terms of the writing it's very fresh and bold.  ,imdb,positive
"The acting helps the writing along very well (maybe the idiot-savant sister could have been played better), and it is a real joy to watch.  ",imdb,positive
The directing and the cinematography aren't quite as good.  ,imdb,negative
"The movie was so boring, that I sometimes found myself occupied peaking in the paper instead of watching (never happened during a Columbo movie before!  ",imdb,negative
"), and sometimes it was so embarrassing that I had to look away.  ",imdb,negative
The directing seems too pretentious.  ,imdb,negative
"The scenes with the ""oh-so-mature"" neighbour-girl are a misplace.  ",imdb,negative
And generally the lines and plot is weaker than the average episode.  ,imdb,negative
"Then scene where they debated whether or not to sack the trumpeter (who falsely was accused for the murder) is pure horror, really stupid.  ",imdb,negative
"Some applause should be given to the ""prelude"" however.  ",imdb,positive
I really liked that.  ,imdb,positive
A great film by a great director.  ,imdb,positive
The movie had you on the edge of your seat and made you somewhat afraid to go to your car at the end of the night.  ,imdb,positive
The music in the film is really nice too.  ,imdb,positive
I'd advise anyone to go and see it.  ,imdb,positive
Brilliant!  ,imdb,positive
10/10  ,imdb,positive
I liked this movie way too much.  ,imdb,positive
My only problem is I thought the actor playing the villain was a low rent Michael Ironside.  ,imdb,negative
It rocked my world and is certainly a must see for anyone with no social or physical outlets.  ,imdb,positive
"However, this didn't make up for the fact that overall, this was a tremendously boring movie.  ",imdb,negative
"There was NO chemistry between Ben Affleck and Sandra Bullock in this film, and I couldn't understand why he would consider even leaving his wife-to-be for this chick that he supposedly was knocked out by.  ",imdb,negative
There were several moments in the movie that just didn't need to be there and were excruciatingly slow moving.  ,imdb,negative
"This was a poor remake of ""My Best Friends Wedding"".  ",imdb,negative
"All in all, a great disappointment.  ",imdb,negative
"I cannot believe that the actors agreed to do this ""film"".  ",imdb,negative
I could not stand to even watch it for very long for fear of losing I.Q.  ,imdb,negative
I guess that nobody at the network that aired this dribble watched it before putting it on.  ,imdb,negative
"IMDB ratings only go as low 1 for awful, it's time to get some negative numbers in there for cases such as these.  ",imdb,negative
"I saw ""Mirrormask"" last night and it was an unsatisfactory experience.  ",imdb,negative
"Unfortunately, inexperience of direction meant that scene after scene passed with little in the way of dramatic tension or conflict.  ",imdb,negative
"These are the central themes of the film and they are handled ineptly, stereotypically and with no depth of imagination.  ",imdb,negative
All the pretty pictures in the world cannot make up for a piece of work that is flawed at the core.  ,imdb,negative
"It is an hour and half waste of time, following a bunch of very pretty high schoolers whine and cry about life.  ",imdb,negative
"You can't relate with them, hell you barely can understand them.  ",imdb,negative
This is definitely a cult classic well worth viewing and sharing with others.  ,imdb,positive
"This movie is a pure disaster, the story is stupid and the editing is the worst I have seen, it confuses you incredibly.  ",imdb,negative
The fish is badly made and some of its underwater shots are repeated a thousand times in the film.  ,imdb,negative
"A truly, truly bad film.  ",imdb,negative
"The acting is terrible, and the writing is worse.  ",imdb,negative
The only possible way this movie could be redeemed would be as MST3K fodder.  ,imdb,negative
I paid too much.  ,imdb,negative
"Also, it's a real treat to see Anthony Quinn playing Crazy Horse.  ",imdb,positive
It was so BORING!  ,imdb,negative
No plot whatsoever!  ,imdb,negative
"Again, no plot at all.  ",imdb,negative
Horrible!  ,imdb,negative
Worst hour and a half of my life!Oh my gosh!  ,imdb,negative
I had to walk out of the theatre for a few minutes just to get some relief!  ,imdb,negative
I hate movies like that.  ,imdb,negative
"Yeah, the movie pretty much sucked.  ",imdb,negative
THERE IS NO PLOT OR STORYLINE!!  ,imdb,negative
"If you do go see this movie, bring a pillow or a girlfriend/boyfriend to keep you occupied through out.  ",imdb,negative
Awful.  ,imdb,negative
I don't think I've ever gone to a movie and disliked it as much.  ,imdb,negative
It was a good thing that the tickets only cost five dollars because I would be mad if I'd have paid $7.50 to see this crap.  ,imdb,negative
NOBODY identifies with these characters because they're all cardboard cutouts and stereotypes (or predictably reverse-stereotypes).  ,imdb,negative
"This is a bad film, with bad writing, and good actors....an ugly cartoon crafted by Paul Haggis for people who can't handle anything but the bold strokes in storytelling....a picture painted with crayons.  ",imdb,negative
"Crash is a depressing little nothing, that provokes emotion, but teaches you nothing if you already know racism and prejudice are bad things.  ",imdb,negative
"Still, I do like this movie for it's empowerment of women; there's not enough movies out there like this one.  ",imdb,positive
Your brain will attempt to shut-down as part of a primal impulse of self-preservation.  ,imdb,negative
I was left shattered from the experience of watching this 'film' and I took a good two hours to fully recover.  ,imdb,negative
This movie now joins Revenge of the Boogeyman and Zombiez as part of the hellish trinity of horror films.  ,imdb,negative
I certainly do not mean this distinction in a good way.  ,imdb,negative
I mean this in a terrible way.  ,imdb,negative
This film has no redeeming features.  ,imdb,negative
Everything is appalling.  ,imdb,negative
"Artless camera-work endlessly presents us with the ugliest setting imaginable, i.e.  ",imdb,negative
The story is beyond stupid.  ,imdb,negative
was there a script?  ,imdb,negative
The kids are annoying.  ,imdb,negative
The lead man is charisma-free.  ,imdb,negative
"Utterly without merit on any level, this is akin to torture.  ",imdb,negative
I'll even say it again  this is torture.  ,imdb,negative
Maybe there would be a reasonable explanation for this atrocity.  ,imdb,negative
Not a pleasant voyage of self-discovery.  ,imdb,negative
Highly unrecommended.  ,imdb,negative
"If this premise sound stupid, that's because it is.  ",imdb,negative
"Yes, it's that bad.  ",imdb,negative
Nothing at all to recommend.  ,imdb,negative
An excellent performance from Ms.  ,imdb,positive
"Garbo, who showed right off the bat that her talents could carry over from the silent era (I wanted to see some of her silent work, but Netflix doesn't seem to be stocking them.  ",imdb,positive
It's also great to see that renowned silent screenwriter Frances Marion hasn't missed a step going from silent to sound.  ,imdb,positive
"This movie suffered because of the writing, it needed more suspense.  ",imdb,negative
There were too many close ups.  ,imdb,negative
But other than that the movie seemed to drag and the heroes didn't really work for their freedom.  ,imdb,negative
But this movie is definitely a below average rent.  ,imdb,negative
"""You'll love it!  ",imdb,positive
This movie is BAD.  ,imdb,negative
So bad.  ,imdb,negative
The film is way too long.  ,imdb,negative
This is definitely one of the bad ones.  ,imdb,negative
The movie I received was a great quality film for it's age.  ,imdb,positive
John Wayne did an incredible job for being so young in the movie industry.  ,imdb,positive
His on screen presence shined thought even though there were other senior actors on the screen with him.  ,imdb,positive
I think that it is a must see older John Wayne film.  ,imdb,positive
I really don't see how anyone could enjoy this movie.  ,imdb,negative
I don't think I've ever seen a movie half as boring as this self-indulgent piece of junk.  ,imdb,negative
"It probably would have been better if the director hadn't spent most of the movie showcasing his own art work, which really isn't that noteworthy.  ",imdb,negative
"Another thing I didn't really like is when a character got punched in the face, a gallon of blood would spew forth soon after.  ",imdb,negative
Jamie Foxx absolutely IS Ray Charles.  ,imdb,positive
His performance is simply genius.  ,imdb,positive
"He owns the film, just as Spacek owned ""Coal Miner's Daughter"" and Quaid owned ""Great Balls of Fire.  ",imdb,positive
""" In fact, it's hard to remember that the part of Ray Charles is being acted, and not played by the man himself.  ",imdb,positive
Ray Charles is legendary.  ,imdb,positive
"Ray Charles' life provided excellent biographical material for the film, which goes well beyond being just another movie about a musician.  ",imdb,positive
Hitchcock is a great director.  ,imdb,positive
Ironically I mostly find his films a total waste of time to watch.  ,imdb,negative
"Secondly, Hitchcock pretty much perfected the thriller and chase movie.  ",imdb,positive
It's this pandering to the audience that sabotages most of his films.  ,imdb,negative
Hence the whole story lacks a certain energy.  ,imdb,negative
"The plot simply rumbles on like a machine, desperately depending on the addition of new scenes.  ",imdb,negative
There are the usual Hitchcock logic flaws.  ,imdb,negative
Mishima is extremely uninteresting.  ,imdb,negative
"This is a chilly, unremarkable movie about an author living/working in a chilly abstruse culture.  ",imdb,negative
The flat reenactments don't hold your attention because they are emotionally adrift and stagy.  ,imdb,negative
"And the rest of it just sits there being awful... with soldiers singing songs about the masculinity they pledge themselves to, hairsplitting about purity, the admiration of swords, etc.  ",imdb,negative
"He can bore you to pieces, and kill the momentum of a movie, quicker than anyone else.  ",imdb,negative
"Schrader has made a resume full of lousy, amateurish films.  ",imdb,negative
"When I first watched this movie, in the 80s, I loved it.  ",imdb,positive
"I was totally fascinated by the music, the dancing... everything.  ",imdb,positive
"However, I recently watched the whole thing again on DVD, and I was completely struck by how extremely stupid the storyline was - how it contained holes, inconsistencies and - frankly - a whole lot of crap - and how horrid the dancing was.  ",imdb,negative
"I mean, in a realistic world, she would NEVER have gotten into that ballet repertory... The whole thing was quite pathetic.  ",imdb,negative
The character developments also lacked in depth.  ,imdb,negative
"Woa, talk about awful.  ",imdb,negative
Do not waste your time.  ,imdb,negative
It was just too horrible.  ,imdb,negative
"The worst, sappiest dialogue... I could go on and on.  ",imdb,negative
But what really made it unwatchable was the direction.  ,imdb,negative
The poor actors.  ,imdb,negative
You can't even tell if they have any talent because they not only have pathetic lines to speak but the director gave them no action.  ,imdb,negative
If you check the director's filmography on this site you will see why this film didn't have a chance.  ,imdb,negative
This would not even be good as a made for TV flick.  ,imdb,negative
"If good intentions made a film great, then this film might be one of the greatest films ever made.  ",imdb,positive
"The film has great actors, a master director, a significant theme--at least a would-be significant theme, undertone of fifties existential world-weariness, aerial scenes that ought to have thrilled both senses and imagination, and characters about which one might deeply care.  ",imdb,positive
"Regrettably, the film fails.  ",imdb,negative
"The movie lacks visual interest, drama, expression of feeling, and celebration of the very patriotism that underlines the narrative.  ",imdb,negative
No actress has been worse used that June Allison in this movie.  ,imdb,negative
"Yet, I enjoy watching it.  ",imdb,positive
"Unfortunately, this is a bad movie that is just plain bad.  ",imdb,negative
"Bad script, bad direction and horrible acting make this one plain bad!  ",imdb,negative
The dialogue sucked.  ,imdb,negative
The cinematography-if it can be called that-sucked.  ,imdb,negative
The soundtrack sucked.  ,imdb,negative
The acting sucked.  ,imdb,negative
The concert sequences just sucked.  ,imdb,negative
That was nice.  ,imdb,positive
That was funny.  ,imdb,positive
It was so funny.  ,imdb,positive
"Overall, this movie was cheap trash.  ",imdb,negative
"But this movie is not funny, considering the ridiculousness of it.  ",imdb,negative
I came out of it feeling angry.  ,imdb,negative
"***SPOILERS*** Whatever else can (or can't) be said about it, SURFACE is superbly crafted.  ",imdb,positive
The cinematography is simply stunning (to say the least) and the fx are nothing if not state-of-the-art.  ,imdb,positive
"Conceptually, the show offers a little bit of everything- and for just about everybody (parents, kids, fantasy and/or fx fans).  ",imdb,positive
"And there wasn't a single sour note struck acting-wise, either; some surprisingly solid casting, here.  ",imdb,positive
"All things considered, a job very well done.  ",imdb,positive
Thanks good a movie like this was done and released.  ,imdb,positive
"One of the best mexican movies ever!, and one of the less understood, even by mexican themselves, no matter how identified the should have felt with it.  ",imdb,positive
"It ranks highly as a great noir-crime-drama, incredible performances by Belmondo and Lino Ventura.  ",imdb,positive
"The attention given to every character, and complex psychological portrayals, detailing loyalty, treachery, love, and hope, are tremendous.  ",imdb,positive
"It is an excellent drama, an excellent thriller, and an excellent film.  ",imdb,positive
Up there with the best of Melville.  ,imdb,positive
Everything about this film is simply incredible.  ,imdb,positive
You truly take this journey through the eyes and soul of a child.  ,imdb,positive
BLACK WATER is a thriller that manages to completely transcend it's limitations (it's an indie flick) by continually subverting expectations to emerge as an intense experience.  ,imdb,positive
"The performances are real and gripping, the crocdodile is extremely well done, indeed if the Black Water website is to be believed that's because they used real crocs and the swamp location is fabulous.  ",imdb,positive
I thoroughly enjoyed it when Christopher Eccleston took control of the TARDIS and the continuation of the series.  ,imdb,positive
I'm not sure what he was trying to do with this film.  ,imdb,negative
If it was to turn my good day feeling into a night of disturbing memories than I guess he succeeded.  ,imdb,negative
There is a lot of beautiful places.  ,imdb,positive
"It was forced, like everything in this movie.  ",imdb,negative
"Again, lame.  ",imdb,negative
Here's where the movie really pi**ed me off.  ,imdb,negative
And don't even get me started on the jerky camerawork.  ,imdb,negative
When I saw it in the theater I thought I was going to be sick.  ,imdb,negative
Summary: The witticisms weren't witty.  ,imdb,negative
"The plot - well, I said I'd let that one go.  ",imdb,negative
The acting was bad.  ,imdb,negative
Really bad.  ,imdb,negative
"Even Billy Bob couldn't rise above the script, which was worse.  ",imdb,negative
"Camerawork - again, bad.  ",imdb,negative
Rating: 1 out of 10.  ,imdb,negative
An AMAZING finale to possibly the BEST trilogy of all time!  ,imdb,positive
Kieslowski never ceases to amaze me.  ,imdb,positive
"He is one of my favourite directors, and one of the most talented directors in the history of cinema.  ",imdb,positive
"His use of the colours of the French flag in the three films was nothing short of incredible, every shot, every scene was like a work of art.  ",imdb,positive
Three of the most visually appealing movies i've ever seen.  ,imdb,positive
And his subtle connections between the three films are awesome.  ,imdb,positive
"I have to mention this and it is a huge SPOILER, i loved the ending, how all the characters of the three films were the remaining survivors of the ferry disaster, with Valentine and the young judge together, and the old man watching it on her TV, solidifying his happiness over the suffering which he dealt with for those many years.  ",imdb,positive
"I couldn't think of a better way to end the film, but a smile on my face, great way to wrap up an amazing film and trilogy!  ",imdb,positive
"I recommend this for EVERYONE who loves film, movies, anything...A Work of Art!  ",imdb,positive
10 out of 10 for both the movie and trilogy.  ,imdb,positive
I literally vomited while watching this film.  ,imdb,negative
I think i was one of the people who found this another one of roth's pearls.  ,imdb,positive
"his performance, as awarded, was stunning.  ",imdb,positive
"the story which was told so eloquently by Francis ford Coppola 25 years earlier, really unfolds gradually and leaves room for the characters to develop.  ",imdb,positive
In a most wonderful location lies a story of contrast.  ,imdb,positive
All in all a beautiful directed film from Nicola's roeg wih a sublime cast.  ,imdb,positive
I'm translating movies for a living and this is the first movie in my 5-year working experience that I found offensive to my intelligence.  ,imdb,negative
"But when someone strives for greatness and poetry, but delivers a muddled (and often ridiculous) story, a bunch of disparate scenes, pretentious dialogue... Then you get the worst kind of a movie that some other reviewer very accurately defined as ""pretentious crap"".  ",imdb,negative
"To those who find this movie intelligent or even masterful, I can only say - it's your intelligence and your imagination you obviously used to try and make some sense of this pitiful attempt (it's in our human nature to try and make sense of things) .  ",imdb,negative
"One more thing: I can tolerate political incorrectness very well, I'm all for artistic freedom and suspension of disbelief, but the Slavic female character was just too much.  ",imdb,negative
This is such a fun and funny movie.  ,imdb,positive
Highly entertaining at all angles.  ,imdb,positive
"It features an outlandish array of memorable, psychotic but lovable nuts.  ",imdb,positive
"So for our enjoyment we get to see them run around, play games, and be dangerous.  ",imdb,positive
It even has its sweet moments.  ,imdb,positive
The telephone repair man was really funny and his reactions to the nuts and bitchy boss were truly genuine.  ,imdb,positive
All the characters in this film are tremendously well played.  ,imdb,positive
And I really did find them funny.  ,imdb,positive
This is actually a very smart movie.  ,imdb,positive
There is a brilliant twist ending.  ,imdb,positive
""" I love it.  ",imdb,positive
"The ending is so, SO perfect... you'll shed a tear.  ",imdb,positive
I am so thrilled after seeing a movie like this.  ,imdb,positive
I will never forget it now.  ,imdb,positive
It is not just a cult... it is a cult CLASSIC.  ,imdb,positive
Which has more depth and character than the man underneath it.  ,imdb,negative
The Malta settings are as dry and as barren as the dialogue.  ,imdb,negative
This movie is terrible.  ,imdb,negative
"The hockey scenes are terrible, defensemen playing like they're 5 years old, goalies diving at shots that are 10 feet wide of the net, etc.  ",imdb,negative
"For those that haven't seen it, don't waste your time!  ",imdb,negative
To call this movie a drama is ridiculous!  ,imdb,negative
Started watching this but didn't believe in any of the characters.  ,imdb,negative
In particular the relationship between the bakery assistant and the waitress just didn't work for me at all.  ,imdb,negative
It was a very superficial movie and it gave me the feeling that I was watching play rather than a film.  ,imdb,negative
The characters were very 'stagey' and the storyline was a lot like a stage farce.  ,imdb,negative
By the time the pyromaniac waylaid the assistant I was bored and didn't care what happened next and so I switched off.  ,imdb,negative
Glad I didn't pay to see it.  ,imdb,negative
Didn't laugh or even smile once.  ,imdb,negative
But it wasn't anything at all just one big yawn...  ,imdb,negative
It is a really good show to watch.  ,imdb,positive
It is very educational for children 1 to 8 years old.  ,imdb,positive
Barney is definitely super DE duper.  ,imdb,positive
is pretty funny.  ,imdb,positive
Babie Bop is very cute.  ,imdb,positive
The kids are very cool too.  ,imdb,positive
""" But ""Storm Trooper"" is not even bad enough to make it to the list of wonderfully terrible movies.  ",imdb,negative
It's just lame.  ,imdb,negative
The guy who said he's had better dialogue with his potted plants has it right.  ,imdb,negative
Everything about this movie is stupid.  ,imdb,negative
"Even if you love bad movies, do not watch this movie.  ",imdb,negative
It is shameful.  ,imdb,negative
I would give this television series a 10 plus if i could.  ,imdb,positive
"The writers were ""smack on"" and I think the best actors and actresses were a bonus to the show.These characters were so real.  ",imdb,positive
I must say I have taped most of the episodes and i find myself watching them over and over again.  ,imdb,positive
Now you know why I gave it a 10+!  ,imdb,positive
"I don't know exactly what it is about this movie, but we latched on to this endearing movie and it has become a special part of our family's memories.  ",imdb,positive
I totally and absolutely recommend this movie to anyone who likes good wholesome family movies because that is exactly what this is.  ,imdb,positive
The things that the four kids get themselves into is absolutely hilarious to watch.  ,imdb,positive
This is one of the best movies out there that shows such strong sibling bond for each other.  ,imdb,positive
"Much more interesting, more action, more suspense, and less of the unneeded controversy.  ",imdb,positive
Everything from acting to cinematography was solid.  ,imdb,positive
Definitely worth checking out.  ,imdb,positive
Damian is so talented and versatile in so many ways of writing and portraying different Characters on screen.  ,imdb,positive
This movie has a cutting edge to it.  ,imdb,positive
"I am so pleased to know such a modern day genius is out there , letting is passion for Art drive him and taking us as an audience with him.  ",imdb,positive
"The new characters weren't all that memorable, and I found myself forgetting who was who.  ",imdb,negative
I felt as though her going to Ireland did absolutely nothing whatsoever.  ,imdb,negative
"It didn't make me scared, horrified, or make me sympathetic towards the characters; it was simply annoying.  ",imdb,negative
The jerky camera movements were also annoying.  ,imdb,negative
The plot was the same as pretty much every other cheap horror.  ,imdb,negative
"There was a few pathetic attempts to give the characters some depth, but it didn't really work into the rest of the plot.  ",imdb,negative
"I guess it was supposed to be clever twist, then shed some light on the situation, but it was just stupid.  ",imdb,negative
"If you see it, you should probably just leave it on the shelf.  ",imdb,negative
"Elias Koteas,Jack Palance play good roles Angelina is hot and gets naked.Billy Drago appears in this and is cool as usual + a cameo by Sven ole Thorsen helps make this a very enjoyable movie with good acting and a decent budget.  ",imdb,positive
This was such an awesome movie that i bought it off of Ebay.  ,imdb,positive
"I really loved the story line and the poler bear was kinda cute.But if anyone has a question about Fort Steele, just ask away:)  ",imdb,positive
This totally UNfunny movie is so over the top and pathetic and unrealistic that throughout the whole 90 minutes of utter torture I probably looked at my watch about 70000 times!  ,imdb,negative
Lucy Bell is so much higher than this crap and for her to sink this low is quite depressing.  ,imdb,negative
All this movie does is make you sick watching all these slackers make excuses for their stupid actions for 90 minutes.  ,imdb,negative
"God, and I can never get that 90 minutes back!  ",imdb,negative
"I think the most wonderful parts (literally, full of ""wonder"") are the excerpts from his works.  ",imdb,positive
"The sets (especially designed to work with the camera) are amazing....stylized, beautiful and effective.  ",imdb,positive
They could be used as exemplars for any set designer.  ,imdb,positive
The stories were powerful explorations of the nature of man and of art.  ,imdb,positive
"After watching this film, I wanted to learn more about the works of this artist.  ",imdb,positive
"I highly recommend this movie for anyone interested in art, poetry, theater, politics, or Japanese history.  ",imdb,positive
"Here, in The Wind and the Lion, we see a wonderful rendering of America's own Imperial age.  ",imdb,positive
") What makes this story different are the terrific production values - faultless photography, composition and editing - the terrific casting - the underappreciated Brian Keith playing a bully Teddy - and vivid history.  ",imdb,positive
"Though The Wind and the Lion is told largely through the eyes of the son, every member of the family can identify with one of the characters, whether it be Sean Connery's noble brigand, Candace Bergen's feisty heroine, John Huston's wily John Hay or Steve Kanaly's spiffy, radiant, ruthless can-do lieutenant, Roosevelt's ""Big Stick"".  ",imdb,positive
This is high adventure at its best.  ,imdb,positive
"I think it was Robert Ryans best film, because he portrayed someone like my father, and he was a schizophrenic in real life,(my father) although he never murdered anyone but was affected more so during the second world war which made him worse.  ",imdb,positive
Having to humour him just to get by and get through the day was so apt.  ,imdb,positive
"(My mother and brother had to do this)When I saw Robert Ryan portraying this type of man, it was a very good imitation of this type of individual, and I was impressed.  ",imdb,positive
Almost all of the songs in Cover Girl are old-fashioned and not very tuneful.  ,imdb,negative
The most annoying thing about 'Cover Girl' is the way in which Rita Hayworth is put up on a pedestal.  ,imdb,negative
"Unfortunately, 'Cover Girl' is an example of how Hollywood used to exploit women for financial gain.  ",imdb,negative
Non-linear narration thus many flashbacks and every part are articulated quite well.  ,imdb,positive
The good cinematography also makes her and Monica Bellucci look very beautiful.  ,imdb,positive
A good commentary of today's love and undoubtedly a film worth seeing.  ,imdb,positive
"For people who are first timers in film making, I think they did an excellent job!!  ",imdb,positive
"It was very popular when I was in the cinema, a good house and very good reactions and plenty of laughs.  ",imdb,positive
It's a feel-good film and that's how I felt when I came out of the cinema!  ,imdb,positive
It has northern humour and positive about the community it represents.  ,imdb,positive
I rather enjoyed it.  ,imdb,positive
I liked it.  ,imdb,positive
I couldn't take them seriously.  ,imdb,negative
It really created a unique feeling though.  ,imdb,positive
Vivian Schilling did an excellent job with the script.  ,imdb,positive
A world better than 95% of the garbage in the theatres today.  ,imdb,positive
Her role was played well.  ,imdb,positive
Not too screamy not to masculine but just right.  ,imdb,positive
The camera really likes her in this movie.  ,imdb,positive
I would have casted her in that role after ready the script.  ,imdb,positive
"As a European, the movie is a nice throwback to my time as a student in the 1980's and the experiences I had living abroad and interacting with other nationalities, although the circumstances were slightly different.  ",imdb,positive
I am a fan of his ... This movie sucked really bad.  ,imdb,negative
Even worse than Ticker!  ,imdb,negative
& That movie was bad.  ,imdb,negative
"Only like 3 or 4 buildings used, a couple of locations MAYBE, & poor hummh!  ",imdb,negative
It just blew.  ,imdb,negative
"This movie is excellent!Angel is beautiful and Scamp is adorable!His little yelps when hes scared,and the funniest parts are when:Scamp is caught under the curtain and when Angel and Scamp are singing 'Ive Never Had This Feeling Before'.I totally recommend this movie,its coming out on special edition on June 20.The cover has scamp on a garbage can and Angel underneath the lid.  ",imdb,positive
"I just cant explain this movie more than romantic,charming,hilarious,and adorable.The junkyard scenes are funny,all the junkyard dogs have something special.Too funny i laughed,kids will LOVE it.Buy it when it comes out,it has new features!  ",imdb,positive
Now we were chosen to be tortured with this disgusting piece of blatant American propaganda.  ,imdb,negative
This show is made for Americans - it is too stupid and full with hatred and clichés to be admitted elsewhere.  ,imdb,negative
"Almost everyone involved must be return to school, acting is utterly predictable and bad, script is pile of garbage all round.  ",imdb,negative
"I wish I could enter negative values, admins?  ",imdb,negative
"The sets are so bad, they wouldn't look out of place on a Thunderbirds episode.  ",imdb,negative
"The use of slow-motion needlessly repeats itself throughout the movie but is well backed up by bad acting (and bad is a kind word here), no continuity, scenes that are thrown in for no reason whatsoever, vehicles that looked like they were made from a Corn Flakes box and a directorial style that bordered on stupidity.  ",imdb,negative
"Oh yeah, and the storyline was pathetic too.  ",imdb,negative
I hate writing bad reviews about films - especially those in which I really like the star - but this film is so bad I don't believe for one second that anyone could have been proud of it.  ,imdb,negative
I am not a filmmaker nor am I a director but I would hide my head in the sand if I'd spent whatever amount of money and time on this movie.  ,imdb,negative
In short - this was a monumental waste of time and energy and I would not recommend anyone to EVER see this film.  ,imdb,negative
It came free with a DVD player I bought but I still turned the thing off halfway through because I was embarrassed for Howell.  ,imdb,negative
1/10 - and only because there is no setting for 0/10.  ,imdb,negative
"An interesting premise, and Billy Drago is always good as a dangerous nut-bag (side note: I'd love to see Drago, Stephen McHattie and Lance Hendrikson in a flick together; talk about raging cheekbones!).  ",imdb,positive
"The soundtrack wasn't terrible, either.  ",imdb,positive
"But the acting--even that of such professionals as Drago and Debbie Rochon--was terrible, the directing worse (perhaps contributory to the former), the dialog chimp-like, and the camera work, barely tolerable.  ",imdb,negative
"Still, it was the SETS that got a big ""10"" on my ""oy-vey"" scale.  ",imdb,positive
"Yes, I am simplifying things here for the sake of brevity, for this really is at the core of the problems with this film - it has too much going on without any real, fulfilling explanation.  ",imdb,negative
Both do good jobs and are quite amusing.  ,imdb,positive
"But the convoluted plot just didn't convince me, and much of the film was watched with a weird, questioning glance.  ",imdb,negative
"I let my girlfriend talk me into seeing this - bad idea, we both hated it.  ",imdb,negative
The last 15 minutes of movie are also not bad as well.  ,imdb,positive
"Bela Lugosi was totally extraneous, intoning odd lines.  ",imdb,negative
"The acting was decidely wooden, though no worse than a period Universal B movie.  ",imdb,negative
"I like Armand Assante & my cable company's summary sounded interesting, so I watched it, twice already, and probably will again.  ",imdb,positive
I believe the screenwriter did a good job of tying up the loose ends.  ,imdb,positive
My 8/10 score is mostly for the plot.  ,imdb,positive
"I won't say any more - I don't like spoilers, so I don't want to be one, but I believe this film is worth your time.  ",imdb,positive
"Wow, what a bad film.  ",imdb,negative
"Not frightening in the least, and barely comprehensible.  ",imdb,negative
"The plot doesn't hang together at all, and the acting is absolutely appalling.  ",imdb,negative
Not even good for camp value!  ,imdb,negative
"I wasn't expecting Oscar material, but this?  ",imdb,negative
You'd have to have the IQ of particularly stupid mollusk not to see that one coming.  ,imdb,negative
This film (and I use that word loosely) is an insult to the movie-going public.  ,imdb,negative
If only someone involved with it knew how to string together narrative!  ,imdb,negative
"This gets a 1 out of 10, simply because there's nothing lower.  ",imdb,negative
"This is one I did not have, but I watched it recently on Fox Movie Channel, and was very disappointed.  ",imdb,negative
"I know he was a contract player with little control over his scripts, but the acting was as bad as the script.  ",imdb,negative
"Victor McLaglen was even bad, and Brian DonLevy was almost unrecognizable.  ",imdb,negative
"Considering the relations off screen between Taylor and Stanwyck, it was surprising how little chemistry there was on screen between the two of them.  ",imdb,negative
But the premise of the film was so ridiculous: that the President of the U.S.  ,imdb,negative
The death row scenes were entirely unmoving.  ,imdb,negative
The only thing worse than Taylor's acting was Stanwyck's singing.  ,imdb,negative
"Whatever the producer was going for, he missed entirely.  ",imdb,negative
I was deeply impressed with the character he played.  ,imdb,positive
I knew when I saw the film that more great things were to come from this gifted actor.  ,imdb,positive
"A cheap and cheerless heist movie with poor characterisation, lots of underbite style stoic emoting (think Chow Yun Fat in A Better Tomorrow) and some cheesy clichés thrown into an abandoned factory ready for a few poorly executed flying judo rolls a la John Woo.  ",imdb,negative
Even the squibs look awful.  ,imdb,negative
At no point in the proceedings does it look remotely like America.  ,imdb,negative
"The plot, such as it is, is so derivative and predictable that the ending is like a mercy killing.  ",imdb,negative
The awful dialogue and hopeless overacting by everyone who gets shot top off a real waste of space and time.  ,imdb,negative
"I was very uneasy with how bad this movie was, but not scared at all.  ",imdb,negative
The dialogue is composed of things that make little sense.  ,imdb,negative
"About 30 minutes of footage is wasted to show mediocre elderly actors awkwardly babbling overwrought pseudo-Satanic gibberish corny enough to make a teen Goth blush, almost always in Olde English, and sometimes in Latin that may or may not be made up words.  ",imdb,negative
The directing is sloppy at best.  ,imdb,negative
"Hackneyed writing, certainly, but made even worse by the bad directing.  ",imdb,negative
"Of course, the acting is blah.  ",imdb,negative
The acting by the whole cast could be put on a scale and balanced perfectly between overacting and underacting.  ,imdb,negative
"And, FINALLY, after all that, we get to an ending that would've been great had it been handled by competent people and not Jerry Falwell.  ",imdb,negative
"I loved this movie it was a great portrayal of a family who had it's share of ups and down, but in the end they knew that special love they had for each other.  ",imdb,positive
"I have seen many movies starring Jaclyn Smith, but my god this was one of her best, though it came out 12 years ago.  ",imdb,positive
"This movie contained an all-star cast, and what I loved the most was that it opened my eyes to see other actors who I haven't seen before.  ",imdb,positive
"This movie was kind of long in length, but I enjoyed every minute of it.  ",imdb,positive
Overall I rate this movie a 10 out of a 1-10 scale.  ,imdb,positive
"Lifetime does not air it enough, so if anyone knows what store sells it let me know because this is a must-have.  ",imdb,positive
"I particularly remember my senses being assaulted by strident cords of music that would blare out with very little warning, and even less meaning.  ",imdb,negative
It is just the sort of pap that is screened in the afternoon to punish the unemployed for not having jobs.  ,imdb,negative
"Totally different, with loads of understatement and black comedy, this is a film few get to see, but those who do will remember it.  ",imdb,positive
"This movie creates its own universe, and is fascinating in every way.  ",imdb,positive
But this movie really got to me.  ,imdb,positive
See it.  ,imdb,positive
"I really hope the team behind this movie makes more movies, and that they will continue to do so in their own, some kinda weird style.  ",imdb,positive
"And I forgot: The Casting here i superb, with Trond Fausa Aurvåg being perfect in the role as the Bothersome Man, who doesn't understand where he is, what he is doing and why.  ",imdb,positive
This movie is a good and humorous comment on life in 2006.  ,imdb,positive
"I found this move beautiful, enjoyable, and uplifting.  ",imdb,positive
"Initially the local sites in the film, which was filmed here in Buffalo, intrigued me.  ",imdb,positive
Later I found myself lost in the power of the film.  ,imdb,positive
The entire audience applauded at the conclusion of the film.  ,imdb,positive
"I left the theater with a lilt in my step, joy in my heart and hope for the human race.  ",imdb,positive
Duris has a wholesome appearance and gives a fine performance.  ,imdb,positive
The rest of the cast also play well.  ,imdb,positive
Cinematography noteworthy including fine views of Barcelona and its famed Gaudi towers.  ,imdb,positive
About ten minutes into this film I started having second thoughts.  ,imdb,negative
About half way through this film I started to dislike it.  ,imdb,negative
"By the time the film ended, I not only disliked it, I despised it.  ",imdb,negative
What this film lacks is a convincing script.  ,imdb,negative
The script looks as if only a rough draft was written and shooting began before a finished script was completed.  ,imdb,negative
"Things happen, characters personalities change, plot twists occur for no real reason other than that script calls for it.  ",imdb,negative
The cast is good.  ,imdb,positive
"For that, it's worth checking out.  ",imdb,positive
This is probably the most irritating show I have ever seen in my entire life.  ,imdb,negative
It is indescribably the most annoying and idiotic show I have ever seen.  ,imdb,negative
Everything about it is just bad.  ,imdb,negative
"I could not understand, what kind of idiot would produce this mess in the first place not to mention several season.  ",imdb,negative
"The script is bad, very bad  it contains both cheesiness and unethical joke that you normally see in rated R or NC-17 movie.  ",imdb,negative
"The casting is also horrible, cause all you see is a really really BAD Actors, period.  ",imdb,negative
Final Word: This Show is a real torture!!  ,imdb,negative
It is zillion times away from reality.  ,imdb,negative
Watching washing machine twirling around wouldn't hurt your eyes as much as this show.  ,imdb,negative
Rating: 0/10 (Grade: Z) Note: The Show Is So Bad That Even Mother Of The Cast Pull Her Daughter Out Of The Show.  ,imdb,negative
20th Century Fox's ROAD HOUSE 1948) is not only quite a silly noir but is an implausible unmitigated bore of a movie.  ,imdb,negative
"Full of unconvincing cardboard characters it is blandly written by Edward Chodorov, who also produced, and is surprisingly directed by Jean Negulesco from whom one would expect a great deal more.  ",imdb,negative
From here on the Widmark character turns unintentionally comical!  ,imdb,negative
His losing his marbles so early in the proceedings is totally implausible and unconvincing.  ,imdb,negative
And if that isn't enough of a mess of a movie for you - the picture is also marred with a constant use of studio sets and indoor exteriors.  ,imdb,negative
Whatever prompted such a documentary is beyond me!  ,imdb,negative
(very serious spoilers) this movie was a huge disappointment.  ,imdb,negative
there are so many problems i dont know where to start.  ,imdb,negative
the cast was great.  ,imdb,positive
"steve martin delivers a really funny performance of a middle-aged, upper class, uptight white guy.  ",imdb,positive
add betty white and jean smart and you have a great cast - everyone played their parts really well.  ,imdb,positive
but the movie makes a lot of serious mistakes.  ,imdb,negative
"first of all, there are enough racial stereotypes and racial jokes to offend everyone.  ",imdb,negative
the movie is littered with overt racial slurs towards the black cast members and in return the whites are depicted as morons and boobs.  ,imdb,negative
"putting the race card aside, lets look at the major flaw in the film: they destroy latifa's character.  ",imdb,negative
there is no real plot.  ,imdb,negative
i wouldnt see this movie again for free.  ,imdb,negative
STEAMBOAT WILLIE is an amazingly important film to our cinema history.  ,imdb,positive
This second appearance of Mickey Mouse (following the silent PLANE CRAZY earlier that year) is probably his most famous film--mostly because it was so ground-breaking.  ,imdb,positive
"While you don't yet hear Mickey speak, there are tons of sound effects and music throughout the film--something we take for granted now but which was a huge crowd pleaser in 1928.  ",imdb,positive
"However, after seeing the short again after about 25 years, I was amazed at how timeless the film actually is.  ",imdb,positive
"It's just adorable seeing Mickey playing ""Turkey in the Straw"" in a highly imaginative (if occasionally cruel) way.  ",imdb,positive
Clever and a real crowd-pleaser--this film still ranks among Mickey's best films even after 80 wonderful years.  ,imdb,positive
"The bipolarity of the ruthless thug (one minute a ruthless killer, the next minute a Luv's diaper commercial) is completely unconvincing.  ",imdb,negative
"I'm terribly disappointed that this film would receive so many awards and accolades, especially when there are far more deserving works of film out there.  ",imdb,negative
The original Body and Soul (1947) is a masterpiece.  ,imdb,positive
"John Garfield, Ann revere, Lilli Plmer, William Conrad, Canada Lee...and filmed by one of the greatest cinematographers to ever grace the screen..James Wong Howe.  ",imdb,positive
I don't think there are any redeeming qualities in this remake.  ,imdb,negative
This may be the only bad film he ever made.  ,imdb,negative
So bad...well...it's just bad.  ,imdb,negative
"This movie is a solid example of a bad plot and a very, very bad idea all the way.  ",imdb,negative
It's a shame to see good actors like Thomerson and James make a living in a mess like this.  ,imdb,negative
I thought it was bad.  ,imdb,negative
"Both films are terrible, but to the credit of the 1986 version, it was watchable.  ",imdb,negative
"Let's start with all the problemsthe acting, especially from the lead professor, was very, very bad.  ",imdb,negative
The script is a big flawed mess.  ,imdb,negative
The best example of how dumb the writing is when it's established that you can turn the zombie-students back into humans by removing a necklace containing a piece of the meteorite.  ,imdb,negative
"Director Paul Matthews, who also wrote/directed the weak 1995 monster movie ""Grim"", clearly doesn't know how to pace his films.  ",imdb,negative
The movie is terribly boring in places.  ,imdb,negative
The lighting is awful.  ,imdb,negative
The film looks cheap and bland.  ,imdb,negative
One of the most disappointing aspects is the lack of notable gore.  ,imdb,negative
"This convention never worked well in the past, and certainly doesn't work here.  ",imdb,negative
The visual effects were AWFUL.  ,imdb,negative
The CG opening sequence in space looked like it could have been created on Microsoft Slideshow for God's sake!  ,imdb,negative
"The ""explosion"" of the Gas tanks at the end was just as awful.  ",imdb,negative
"Okay, I like to consider myself a fair critic, so I'll give credit where credit's due--the creature effects were actually pretty cool.  ",imdb,positive
"Gotta love those close-ups of slimy, drooling teeth!  ",imdb,positive
"To sum the film up, ""Breeders"" is a terrible, cheaply made horror movie that should be avoided like the Ebola virus.  ",imdb,negative
Not recommended.  ,imdb,negative
"He is almost unbearable to watch on screen, he has little to no charisma, and terrible comedic timing.  ",imdb,negative
"Aside from it's terrible lead, this film has loads of other debits.  ",imdb,negative
"I understand that it's supposed to be a cheap popcorn comedy, but that doesn't mean that it has to completely insult our intelligence, and have writing so incredibly hackneyed that it borders on offensive.  ",imdb,negative
"Lewis Black's considerable talent is wasted here too, as he is at his most incendiary when he is unrestrained, which the PG-13 rating certainly won't allow.  ",imdb,negative
The film's sole bright spot was Jonah Hill (who will look almost unrecognizable to fans of the recent Superbad due to the amount of weight he lost in the interim).  ,imdb,positive
"With the originality and freshness of the first movie now spent, this remake had little else to offer.  ",imdb,negative
The budget was evidently very limited.  ,imdb,negative
"This was reflected not only in the cast, but also in the below-par script, which borrowed much from the earlier classic.  ",imdb,negative
"However, here there was no decent acting, action or location work to balance things up.  ",imdb,negative
Filmiing was less expansive.  ,imdb,negative
It failed to convey the broad sweep of landscapes that were a great part of the original.  ,imdb,negative
Generally; it just lacked imagination.  ,imdb,negative
Not recommended.  ,imdb,negative
Is it possible for a movie to get any worse than this?  ,imdb,negative
There is no plot here to keep you going in the first place.  ,imdb,negative
"Even when the women finally show up, there is no sign of improvement; the most expected things happen and by the time the film is over, you might be far asleep.  ",imdb,negative
"Beware: this is not a trashy cult movie, this is trash -period!  ",imdb,negative
I can't believe there's even a sequel to this!  ,imdb,negative
Which is precisely why I am giving it such a bad review!  ,imdb,negative
"Being a 90's child, I truly enjoyed this show and I can proudly say that I enjoyed it big time and even more than the classical WB cartoons.  ",imdb,positive
"But ""Tiny Toons"" kept the 90's vibe and delivered one of the most popular, funny, and underrated cartoons ever created.  ",imdb,positive
The memories are murky but I can only say that I enjoyed every single episode and product related to the show.  ,imdb,positive
"Easily, none other cartoon made me laugh in a tender way (before getting into dark sitcoms oriented for teenagers).  ",imdb,positive
The characters were all funny and had the peculiarity of not having a true lead character.  ,imdb,positive
Every single character was hilarious and deserved to be called a lead.  ,imdb,positive
"Every element of this story was so over the top, excessively phony and contrived that it was painful to sit through.  ",imdb,negative
"Her lines seem to have been WRITTEN by a fifteen year old, though they are trying oh so, so hard to sound like how a fifteen year old would really, um, you know, well... talk.  ",imdb,negative
Perabo has a nice energy level and is obviously very comfortable in front of a camera.  ,imdb,positive
There is simply no excuse for something this poorly done.  ,imdb,negative
I saw this movie and I thought this is a stupid movie.  ,imdb,negative
What is even more stupid is that who had thought an idea that there should be a volcano in Los Angeles?  ,imdb,negative
"To be honest with you, this is unbelievable nonsense and very foolish.  ",imdb,negative
"In conclusion, I will not bother with this movie because a volcano in Los Angeles is nothing but nonsense.  ",imdb,negative
The story line is just awful!  ,imdb,negative
It's just painful!  ,imdb,negative
And the accents are absolutely abysmal!  ,imdb,negative
There's also enough hypocrisy in this film to make me vomit.  ,imdb,negative
Don't waste your time watching this rubbish non-researched film.  ,imdb,negative
I believe that Pitch Black was done well.  ,imdb,positive
"The characters are interesting and you want to find out more about them the longer the movie goes on, and I think people will be surprised by who does and doesn't make it.  ",imdb,positive
Go watch it!  ,imdb,positive
Omit watching this.  ,imdb,negative
VERY funny!  ,imdb,positive
My rating: just 3 out of 10.  ,imdb,negative
The characters are interesting and you really care for them.  ,imdb,positive
"An instant classic, with a great soundtrack and a catchy song during the ending credits.  ",imdb,positive
Don't miss it.  ,imdb,positive
"This is a masterful piece of film-making, with many themes simmering and occasionally boiling over in this warts and all study of the poet's bohemian, self-indulgent wartime years that span the aerial bombardments of London and the outward tranquillity of a Welsh coastal retreat - the borderlines between friendship, lust and love, dedication to art and experience versus practical concerns, jealousy, rivalry, cowardice and egotism versus heroism and self-sacrifice and more.  ",imdb,positive
"A mature, subtle script that suggests and occasionally brings into dramatic focus the underlying tensions is well served by perfect performances (apart from the odd inappropriate smiling that Keira Knightley is prone to, though perhaps under direction this time as the other characters themselves often mention it).  ",imdb,positive
"But above all the exquisite visual composition of each moment, with inventive and elegant use of close-up, camera angle and lighting, including pointillistic faux home movie footage, is a wonder and joy to behold.  ",imdb,positive
"It's as continuously beautiful to look at as a Bertolucci, but the relationships here are more convincing and the narrative more engaging than some of that master's work.  ",imdb,positive
The basic premise is wasted since it is sidelined by the inexplicable focus on the documentary crew.  ,imdb,negative
"Regardless, the film fails on most levels.  ",imdb,negative
Avoid at all costs.  ,imdb,negative
"I saw this film over Christmas, and what a great film it was!  ",imdb,positive
I thought Errol Flynn was brilliant as Custer and has since become my favourite actor!  ,imdb,positive
His acting alongside Olivia De Havilland was brilliant and the ending was fantastic!  ,imdb,positive
"I had always known that Errol Flynn was a brilliant actor as he was my dads favourite actor, and I grew up watching his films as a child.  ",imdb,positive
But it wasn't until I watched this film that I realised how great he actually was.  ,imdb,positive
I'll give this film 10 out of 10!  ,imdb,positive
"I know that Jim O'Connor was very energetic and that nobody could be as much as him, but George was well dull.  ",imdb,negative
"He really didn't seem to want to be hosting; his voice-overs were monotonous, didn't get involved with the guests.  ",imdb,negative
"Lovely little thriller from Hitchcock, with lots of nice shenanigans surrounding a murdered spy, a kidnapped child, a nasty church, a foreign plot and some random taxidermists.  ",imdb,positive
"Jimmy Stewart is as ever a great hero for Hitchcock, the story rips along to its cool climax at an embassy function, but it lacks the brooding menace of Hitchcock's black and white, low-budget original.  ",imdb,positive
Nevertheless yet another wonderful film from the great master's stable.  ,imdb,positive
I have to say that this film was excellently produced and tops the ratings as a typical sci fi film!  ,imdb,positive
Excellently produced by one of Sci-fi's best producers Scot Vandiver !  ,imdb,positive
"But it is entertaining, nonetheless.  ",imdb,positive
It's a campy sort of film that's a joy to watch.  ,imdb,positive
There's barely a boring moment in the film and there are plenty of humorous parts.  ,imdb,positive
The cast is always entertaining as usual.  ,imdb,positive
"Overall, a delight!  ",imdb,positive
"This movie is so mind-bendingly awful, it couldn't have even been created.  ",imdb,negative
The film lacks any real scares or tension & some of the medical terminology used throughout is a bit iffy to say the least & I say that as an insulin dependant diabetic myself.  ,imdb,negative
The least said about the acting the better.  ,imdb,negative
This movie does an excellent job of revealing the complexity of the task and the incredible challenges facing South Africa.  ,imdb,positive
I believe every one should see this movie as I think few people outside of South Africa understand its past and what is being attempted in the Truth and Reconciliation process.  ,imdb,positive
Nothing short of magnificent photography/cinematography in this film.  ,imdb,positive
"The acting is fantastic, the stories are seamlessly woven together, and the dogs are splendid............. A must rent, view, or see.  ",imdb,positive
Don't be afraid of subtitles........ its worth a little aversion therapy 10/10  ,imdb,positive
Excellent performance.  ,imdb,positive
There still are good actors around!  ,imdb,positive
Also great directing and photography.  ,imdb,positive
"Very true to Shakespear, and a 'must' for all Shakespear fans.  ",imdb,positive
"Macbeth (Jason Connery) moved me to tears with his final monolog (out brief candle, out)He gave the sphere of moral decay and dark forces a human face, which makes it the more interesting.  ",imdb,positive
"Helen Baxendale is a very credible lady Macbeth who can be very cheerfull at times and sometimes she just looks like a naughty girl, but deadly in her taste for blood and evil.  ",imdb,positive
"If you love death and decay, and Shakespears lyrics... this is the one.  ",imdb,positive
"This is a witty and delightful adaptation of the Dr Seuss book, brilliantly animated by UPA's finest and thoroughly deserving of its Academy Award.  ",imdb,positive
"Special mention should be made of the superb music score and sound effects, which are an integral element in helping to make this such a memorable and enjoyable cartoon.  ",imdb,positive
"However Paul Schrader has indeed made a film ""about"" Mishima that is both superb & complex.  ",imdb,positive
Also notable is John Bailey's fine crisp beautifully colored cinematography and the great production design & costumes by Eiko Ishioka who went on to do the memorable costumes for Coppola's Dracula for which she received a well deserved Oscar.  ,imdb,positive
"Even allowing for poor production values for the time (1971) and the format (some kind of mini-series), this is baaaaaad.  ",imdb,negative
"Unless you're just out to visually ""collect"" all extant films of Austen's work, you can skip this one.  ",imdb,negative
"If you do watch it, however, there are small consolations: The actresses playing Anne's sisters each do a wonderful job with their roles.  ",imdb,positive
It is not good.  ,imdb,negative
"Speaking of the music, it is unbearably predictably and kitchy.  ",imdb,negative
Then the film just dropped the ball.  ,imdb,negative
This is a stunning movie.  ,imdb,positive
Raw and sublimely moving.  ,imdb,positive
"It felt like a very gripping, intelligent stage play (but without the overly theatrical feeling one actually gets from watching people on a stage) which plays on everyone's terror of a white lie escalating to monstrous consequences.  ",imdb,positive
All of the main players are mesmerising.  ,imdb,positive
Tom Wilkinson broke my heart at the end... and everyone else's judging by the amount of fumbling for hankies and hands going up to faces among males and females alike.  ,imdb,positive
Julian Fellowes has triumphed again.  ,imdb,positive
He's a national treasure.  ,imdb,positive
GO AND SEE IT!  ,imdb,positive
This is an excellent film.  ,imdb,positive
The aerial scenes were well-done.  ,imdb,positive
It was also the right balance of war and love.  ,imdb,positive
"The film gives meaning to the phrase, ""Never in the history of human conflict has so much been owed by so many to so few.  ",imdb,positive
Kris Kristoffersen is good in this movie and really makes a difference.  ,imdb,positive
A good film by a great director!  ,imdb,positive
This is definitely one of the better documentaries I have seen looking at family relationships and marriage.  ,imdb,positive
"There are many continuity errors: one other user commented on different cars in the garage, Joe's glasses...the one that got to me the most was the fact Joe's facial hair configuration seemed to change from scene to scene.  ",imdb,negative
This is just a great movie.  ,imdb,positive
10 out of 10 stars.  ,imdb,positive
I can't see how this movie can be an inspiration to anyone to come out or overcome fear and rejection.  ,imdb,negative
It's so bad it's actually worth seeing just for that reason.  ,imdb,negative
Punishment Park is a brilliant piece of cinema.  ,imdb,positive
"Shot in the Southern California desert using his patent faux documentary style, Watkins creates a film like no other.  ",imdb,positive
This is one of Peter Watkins most accessible films.  ,imdb,positive
I advise you to look out for it.  ,imdb,positive
You wont regret it!  ,imdb,positive
Highly recommended A+  ,imdb,positive
Well... Just if you keep thinking how bad it is.  ,imdb,negative
"It's a mediocre, miserable, hollow, laughable and predictable piece of garbage.  ",imdb,negative
It's a case of 'so bad it is laughable'.  ,imdb,negative
") very bad performance plays Angela Bennett, a computer expert who is at home all the time.  ",imdb,negative
"It is a film about nothing, just a pretext to show ridiculous action scenes.  ",imdb,negative
How awful she is!  ,imdb,negative
"But she is still a bad actress, repeating her robotic face moves in each of her pictures.  ",imdb,negative
"The results, well, are a shame.  ",imdb,negative
DELETE this film from your mind!  ,imdb,negative
One of the worst shows of all time.  ,imdb,negative
The show would begin with smart ass ed comments to each other that would be totally off the wall and uncalled for.  ,imdb,negative
"The fat computer geek was unbelievable, the bible thumper, the bad-ass girl, who are these actors???  ",imdb,negative
Never heard of any of them except Cole who was totally unbelievable in the part.  ,imdb,negative
"Every time he opened his mouth you expect to hear, ""you see kids..."" Pulling the plug was a mercy killing for this horrible show.  ",imdb,negative
The stories were as unbelievable as the actors.  ,imdb,negative
Lame would be the best way to describe it.  ,imdb,negative
"Stanwyck and Morgan are perfectly cast in what is, in many ways, a modern equivalent of Dickens' Christmas Carol in its sensibility.  ",imdb,positive
The success of the film depends on the casting of Sydney Greenstreet as the Alexander Yardley character.  ,imdb,positive
The attractive set used throughout most of the film is an eye-pleasing gem.  ,imdb,positive
"Im big fan of RPG games too, but this movie, its a disgrace to any self-respecting RPGer there is.  ",imdb,negative
"The lines, the cuts, the audio, everything is wrong.  ",imdb,negative
You can find better movies at youtube.  ,imdb,negative
"Top line: Don't waste your time and money on this one, its as bad as it comes.  ",imdb,negative
"A Lassie movie which should have been ""put to sleep"".... FOREVER.  ",imdb,negative
That's how I'd describe this painfully dreary time-waster of a film.  ,imdb,negative
"So mediocre in every aspect that it just becomes a dull, uninteresting mess, this is one of the most forgettable movies I've seen.  ",imdb,negative
"It isn't even an achievement as a ""so-bad-it's-good"" or ""so-bad-it's-memorable"" movie.  ",imdb,negative
"It's an empty, hollow shell of a movie.  ",imdb,negative
"Seriously, it's not worth wasting your, or your kid's time on.  ",imdb,negative
"Avoid, avoid, avoid!  ",imdb,negative
It will drive you barking mad!  ,imdb,negative
The transfers are very good.  ,imdb,positive
Very nice and relaxing late night viewing.  ,imdb,positive
The movie is full of wonderful dancing (hence the title!  ,imdb,positive
") some great music, and terrific scenery.  ",imdb,positive
"It handles some tough issues with dignity and grace, and, of course, has (shocking spoiler here!  ",imdb,positive
") a happy, wonderful, feel good ending!  ",imdb,positive
"The point is the journey, a journey that touches every member of the family.  ",imdb,positive
It's one of the movies I need to see whenever it comes on TV...never mind the fact that I already have it memorized!  ,imdb,positive
Nothing new there.  ,imdb,negative
That was done in the second movie.  ,imdb,negative
The movie has almost no action scenes in it and very little comedy.  ,imdb,negative
The plot has more holes than a pair of fishnet stockings and the direction and editing is astonishingly ham fisted.  ,imdb,negative
What on earth is Irons doing in this film?  ,imdb,negative
I just saw this film and I recommend it.  ,imdb,positive
"It has a very good plot, it holds your complete attention, the acting is superb, Tom Wilkinson was fantastic and Emily Watson was also very good.  ",imdb,positive
"A very good film indeed, about great and unconditional love.  ",imdb,positive
"Tom Wilkinson's character is a man who is not prepared for the ordeal that is about to begin, but he takes the matter in hand as the story progresses, and this great actor gives a performance that makes you feel the character's anguish and suffering.  ",imdb,positive
"Emily Watson's character is very strong, and she has only to give a quick glance and you understand everything.  ",imdb,positive
"Despite the pans of reviewers, I liked this movie.  ",imdb,positive
"In fact, I liked it better than Interview With a Vampire and I liked this Lestat (Stuart Townsend) better than Cruise's attempt.  ",imdb,positive
"Aailiyah was pretty good as Akasha, in places compelling (her first entrance and mini dance scene).  ",imdb,positive
"I'm a big fan of this series mostly due to Anne Rice's style, sensitivities and treatments.  ",imdb,positive
I guess I liked the details of his dysfunction--he was believable.  ,imdb,positive
The football scenes at the end were perplexing.  ,imdb,negative
But I thought his acting was skilled.  ,imdb,positive
Meredith M was better than all right.  ,imdb,positive
A very charming film with wonderful sentiment and heart.  ,imdb,positive
It is rare when a film-maker takes the time to tell a worthy moral tale with care and love that doesn't fall into the trap of being overly syrupy or over indulgent.  ,imdb,positive
Nine out of ten for a truly lovely film.  ,imdb,positive
This early film from future goremeister Lucio Fulci is a very good addition to the giallo sub-genre.  ,imdb,positive
This is one of the best Italian thrillers of the early 70's.  ,imdb,positive
A standout scene.  ,imdb,positive
This scene is very strong and unpleasant.  ,imdb,negative
"Technically, the film is well made with impressive camera-work, solid acting and effective music from Riz Ortolani  particularly good is a recurring unaccompanied female vocal that sounds like it's coming from a distant hill.  ",imdb,positive
It's still wild stuff though and is highly recommended to fans of giallo cinema.  ,imdb,positive
The movie was very interesting from beginning to the end.  ,imdb,positive
I liked the way Dustin Hoffman's character was ready to do just about everything to stay with his son.  ,imdb,positive
This movie is also revealing.  ,imdb,positive
"Personally, I think it shows that people should learn to find a compromise them self without involving other people into issue.  ",imdb,positive
And it was boring.  ,imdb,negative
"I am so tired of clichés that is just lazy writing, and here they come in thick and fast.  ",imdb,negative
PS the only scene in the movie that was cool is when the central character finds her room blown up.  ,imdb,positive
"It's a fresh, subtle, and rather sublime effect.  ",imdb,positive
"An Italian reviewer called this ""a small, great film,"" and that's right.  ",imdb,positive
"All the actors give a wonderful performance, especially Jennifer Rubin as Jamie Harris, who changes from the nervous starlet in the beginning through the strange events she is part of to the cool star.  ",imdb,positive
"You learn a lot about the real inside emotions of people in this movie, and a lot about the movie business itself.  ",imdb,positive
"The movie in movie situations in the beginning and through the game that is played with her by the ""acting coach"" are fascinating.  ",imdb,positive
Also the music by Mark Snow is possibly the best score I've ever heard.  ,imdb,positive
You won't forget this movie!  ,imdb,positive
Why was this film made?  ,imdb,negative
The film has an ultra-cheap look to it.  ,imdb,negative
The result is a film that just don't look right.  ,imdb,negative
None of them are engaging or exciting.  ,imdb,negative
The plot is nonsense that doesn't interest in the slightest way or have any uniqueness to it.  ,imdb,negative
The Foreigner is not worth one second of your time.  ,imdb,negative
"I saw it as a child on TV back in 1973, when it was ""The Stranger"" and I loved it.  ",imdb,positive
But the duet between the astronaut and his doctor at the beginning of the movie is a perfect exchange if one considers that this movie was made well into the Cold War and the astronaut's biggest fear is that he has crashed in the USSR.  ,imdb,positive
This movie is so awesome!  ,imdb,positive
"I loved it, it was really scary.  ",imdb,positive
I love the Scream movies and all horror movies and this one ranks way up there.  ,imdb,positive
If you want a real scare rent this one!  ,imdb,positive
10/10  ,imdb,positive
This is an extraordinary film.  ,imdb,positive
"As a courtroom drama, it's compelling, as an indictment on the American justice system, it's frightening.  ",imdb,positive
"This film highlights the fundamental flaws of the legal process, that it's not about discovering guilt or innocence, but rather, is about who presents better in court.  ",imdb,positive
"The film is well paced, understated and one of the best courtroom documentaries I've seen.  ",imdb,positive
This mostly routine fact-based TV drama gets a boost from the fine performance by Cole.  ,imdb,positive
"Predictable, but not a bad watch.  ",imdb,positive
It was clear that she had the range and ability to pull off this part.  ,imdb,positive
She carries the movie well.  ,imdb,positive
Constantine gives everything the right intensity and seems to have a good understanding of the underlying psychological motivations.  ,imdb,positive
"It is wonderful and inspiring to watch, and I hope that it gets released again on to video or DVD.  ",imdb,positive
"How this piece of trash was ever released is beyond me: the acting, the story, the characters, the supposedly special effects, etc...it's ALL wrong.  ",imdb,negative
"In fact, this stinker smells like a direct-to-video release.  ",imdb,negative
Avoid at ALL costs!  ,imdb,negative
Star Trek V The final Frontier is the worst in the series.  ,imdb,negative
"The acting from all involved and that includes those like Shatner and Nimoy is bad and washed out and making them seem as old as they look in real life, the special effects are tacky like when Spock has to rescue Kirk on a jet pack when he falls down from a mountain.  ",imdb,negative
The attempts at humor were pitiful and story is so awful it dosen't bear thinking about which basically involves a Vulcan stealing the Enterprise to find god (seriously) I just didn't care about any of this film and oh not to mention Uhura does a belly dance to distract male guards.  ,imdb,negative
The only place good for this film is in the garbage.  ,imdb,negative
The worst one of the series.  ,imdb,negative
Editing: The editing of this film was phenomenal in my opinion.  ,imdb,positive
"When a song could explain the emotions of the subjects better, such as when Jay Adams' unfortunate life was a subject of talk, the song Old Man by Neil Young was played, which evokes many emotions.  ",imdb,positive
Cinematography: The film was shot in an interesting way.  ,imdb,positive
"Of course the footage from the 70s was grainy, but that only enhanced the film.  ",imdb,positive
This film offers many delights and surprises.  ,imdb,positive
"When Achille and Philippa beautifully sing a duet from ""Don Giovanni"" that perfectly describes their situation in the movie, you appreciate the subtle layers of this excellent film.  ",imdb,positive
The story unfolds in 18th century Jutland and the use of period music played on period instruments is just one more fine touch.  ,imdb,positive
You share General Loewenhielm's exquisite joy in his partaking of the Cailles en Sarcophage even though you are just watching a movie - but you do wish for just a small sample to savor.  ,imdb,positive
But this understated film leaves a lasting impression.  ,imdb,positive
The warmth it generates is in contrast to its austere backdrop.  ,imdb,positive
You will leave the theater wanting to go out and dance under the stars.  ,imdb,positive
"The acting, as you'd expect from this cast, is top notch.  ",imdb,positive
"The characters are fleshed out surprisingly well, particularly Grimes and Blake, and all the actors deliver their sharply scripted lines with just the right amount of deadpan tongue in cheek to make the dialogue both hilarious and realistic.  ",imdb,positive
"Angus Scrimm also turns in a good performance in a somewhat brief but memorable role as the gently menacing, violin-playing anatomist Doctor Quinn.  ",imdb,positive
Conclusion - I loved it.  ,imdb,positive
It's a long time since I was so entertained by a movie.  ,imdb,positive
I struggle to find anything bad to say about it.  ,imdb,positive
"Mark my words, this is one of those cult films like Evil Dead 2 or Phantasm that people will still be discovering and falling in love with 20, 30, 40 years down the line.  ",imdb,positive
"It's pretty surprising that this wonderful film was made in 1949, as Hollywood generally had its collective heads in the sand concerning black and white issues at that time.  ",imdb,positive
"The film deserves strong kudos for taking this stand, for having exceptional acting from its mostly lesser-known cast and for the super-intelligent script that doesn't insult the audience or take the easy way out when it comes to white racism.  ",imdb,positive
"Plus, with the movie's rather modest budget and fast running time, it does an amazing job!  ",imdb,positive
Juano Hernandez (an exceptional actor who played supporting roles in many films of the era) is a proud black man who is accused of murdering a white man in the South.  ,imdb,positive
Trumbull on I LOVE LUCY).  ,imdb,positive
See it with your kids if you have a chance--it will open up some amazing dialog about how far race relations have come in the last 50 years.  ,imdb,positive
See both films if you can.  ,imdb,positive
"It was that year, however, that reminded us that Huston was still at the top of his game as evinced by his faithful adaptation of James Joyce's acclaimed novella ""The Dead.  ",imdb,positive
"Feelings, thoughts...Gabriel's discomfort during the dance...all these intangibles leap to life and come within the viewer's grasp in Huston's portrayal.  ",imdb,positive
Very disappointed and wondered how it could be in the Oscar shortlist.  ,imdb,negative
It's very slow.  ,imdb,negative
Lot of holes in the plot: there's nothing about how he became the emperor; nothing about where he spend 20 years between his childhood and mature age.  ,imdb,negative
) Don't waste your time.  ,imdb,negative
End of Days is one of the worst big-budget action movies I've ever seen.  ,imdb,negative
He surely doesn't know how to make a coherent action movie from the screenwriter of Air Force One who was only obliged to write the script just for a big sum of money.  ,imdb,negative
This was one of the worst films i have ever seen.  ,imdb,negative
I'm still trying to get over how bad it was.  ,imdb,negative
This movie is possibly one of the most creative works of horror ever.  ,imdb,positive
"It has everything you could want... suspense, drama, comedy, confusing subplots, native americans, brain eating... If you're looking for the be-all, end-all of brainsucking movies, look no further.  ",imdb,positive
""" With great sound effects, and impressive special effects, I can't recommend this movie enough.  ",imdb,positive
"Call me a nut, but I think this is one of the best movies ever.  ",imdb,positive
Great character actors Telly Savalas and Peter Boyle.  ,imdb,positive
"1 hour 54 minutes of sheer tedium, melodrama and horrible acting, a mess of a script, and a sinking feeling of GOOD LORD, WHAT WERE THEY THINKING?  ",imdb,negative
Lots of holes in the script.  ,imdb,negative
It's like a bad two hour TV movie.  ,imdb,negative
Now imagine that every single one of those decisions was made wrong.  ,imdb,negative
The dialogue is atrocious.  ,imdb,negative
The acting is beyond abysmal.  ,imdb,negative
Everything stinks.  ,imdb,negative
"Trouble is, the writing and directing make it impossible to establish those things that make a movie watchable, like character, story, theme and so on.  ",imdb,negative
"Worse, there's an incredibly weak sub-plot thrown in that follows a little band of latter-day Mansonites as they go after a reporter who's working on a story on the anniversary of the killings.  ",imdb,negative
"It's dumb and pointless, and a complete waste of time.  ",imdb,negative
"In short, don't bother with this movie.  ",imdb,negative
"I won't spoil it, but the ending in pretty amazing.  ",imdb,positive
"The best scene in the movie is at the end, but I won't spoil it.  ",imdb,positive
"If there was ever an indication of a writer and a director's ability to meld two highly volatile temperaments into a seamless union of creativity, then this is it!  ",imdb,positive
"The result is a powerhouse achievement, made more timely now perhaps because of our culture's disturbing fascination with celebrity, and it's distorted interpretations of fame.  ",imdb,positive
A film not easily forgotten.  ,imdb,positive
"But, Kevin Spacey is an excellent, verbal tsunami as Buddy Ackerman  and totally believable because he is a great actor.  ",imdb,positive
The scripting of the subtle comedy is unmatched by any movie in recent years.  ,imdb,positive
"The characters are interesting, even if a bit predictable.  ",imdb,positive
"Highly recommended for all ages, although the younger set will probably not appreciate some of the more subtle references, they will certainly appreciate one galley scene in particular!  ",imdb,positive
Great movie!  ,imdb,positive
Also the story and acting were weak.  ,imdb,negative
"At around 4 pm I bought it, at around 8pm I started to watch, at around 8.15pm I fast forwarded the remaining film to see if there was anything left watchable for a human being with a brain... but there wasn't.  ",imdb,negative
"Either way, it sucks.  ",imdb,negative
The script is horrendously stupid.  ,imdb,negative
The story starts too fast with absolutely no suspense or build-up in the slightest.  ,imdb,negative
Everything Captain Howdy says is either laughable or just plain stupid.  ,imdb,negative
What the hell kind of crap is that?!  ,imdb,negative
"Then, there's the plot holes.  ",imdb,negative
You could drive a semi truck into these holes!  ,imdb,negative
Linda Cardellini is the only thing good in this film.  ,imdb,positive
She's poised and amazing.  ,imdb,positive
Dee Snider just plain sucks.  ,imdb,negative
"He can't act (one of the least scary villains I have ever seen), he can't write (did he write this damn movie in his sleep?  ",imdb,negative
I was bored throughout the whole damn thing.  ,imdb,negative
"The acting sucks, the music sucks, the script sucks, the pacing sucks, the special FX suck, the directing sucks... basically, this movie sucks.  ",imdb,negative
This film tries to be a serious and sophisticated thriller/horror flick and it fails miserably.  ,imdb,negative
This is probably one of the least effective and utterly unoriginal films I have ever seen in my entire life.  ,imdb,negative
A piece of cinematic garbage captured on celluloid.  ,imdb,negative
Avoid at any and all costs.  ,imdb,negative
"At any rate this film stinks, its not funny, and Fulci should have stayed with giallo and supernatural zombie movies.  ",imdb,negative
Avoid this film at all costs.  ,imdb,negative
"I don't know what happened in Season Five, what a mess.  ",imdb,negative
The only consistent thread holding the series together were the amazing performances of Leni Parker and Anita LaSelva as the two Taelons in quiet idealogical conflict.  ,imdb,negative
Now this is a movie I really dislike.  ,imdb,negative
It's one of the most boring Horror movies from the 90's mainly because it starts slow and centers in a boring atmosphere.  ,imdb,negative
"The puppets look really cheesy , not in a good way like in the Puppet Master 80's flicks.  ",imdb,negative
"The story is lame, not interesting and NEVER really explains the sinister origins of the puppets.  ",imdb,negative
There aren't death scenes like in previous movies and the f/x are terrible.  ,imdb,negative
"I felt asleep the first time I watched it, so I can recommend it for insomniacs.  ",imdb,negative
"The fact is, this film is a wonderful, heartwarming tale about two people chasing their dreams.  ",imdb,positive
"The best part about ""Nurse Betty"" is it's unpredictability.  ",imdb,positive
"Director Neil LaBute uses brutal violence to seperate dreams from reality, and along with the touching drama, and hilarious comedy, you can never tell what is going to happen next.  ",imdb,positive
"Otherwise, don't even waste your time on this.  ",imdb,negative
This one just fails to create any real suspense.  ,imdb,negative
"As for the killer, don't expect anything original or even remotely frightening.  ",imdb,negative
"There is, however, some pretty good acting (at least, for this type of film).  ",imdb,positive
I'm so sorry but I really can't recommend it to anyone.  ,imdb,negative
"One of the most boring,pointless movies I have ever seen.  ",imdb,negative
The secondary plot line is incomprehensible and its relation to the primary plot line is mystifying.  ,imdb,negative
Hated it.  ,imdb,negative
This is one of the worst Sandra Bullock movie since Speed 2 But not quite that bad.  ,imdb,negative
"I don't understand how this garbage got on the shelves of the movie store, it's not even a real movie!  ",imdb,negative
I highly doubt that anyone could ever like this trash.  ,imdb,negative
This is not movie-making.  ,imdb,negative
"The acting is like watching wooden puppets moving around and reading from a book, that's how bad it is.  ",imdb,negative
"So I am here to warn you--DO NOT RENT THIS MOVIE, it is the dumbest thing you have never seen!  ",imdb,negative
I saw this short film on HBO the other day and absolutely loved it.  ,imdb,positive
I didn't realize how wonderful the short really is until the last two scenes.  ,imdb,positive
Excellent short film.  ,imdb,positive
"Hopefully, the director James Cox can turn the short into a feature length film with the same cast, or win us over with a whole new film.  ",imdb,positive
"I agree with Jessica, this movie is pretty bad.  ",imdb,negative
"Characters are one-dimensional, even the good guys and especially the bad guys.  ",imdb,negative
The story line is totally predictable.  ,imdb,negative
"Not much dialogue, not much music, the whole film was shot as elaborately and aesthetically like a sculpture.  ",imdb,positive
I've seen soap operas more intelligent than this movie.  ,imdb,negative
"Bad characters, bad story and bad acting.  ",imdb,negative
Really awful.  ,imdb,negative
Not easy to watch.  ,imdb,negative
"Funny, clever, hip - just like Pray's previous film, Hype!  ",imdb,positive
It was a long time that i didn't see a so charismatic actor on screen.  ,imdb,positive
Paolo Sorrentino has written a wonderful story about loneliness and Tony has built one of the most unforgettable characters seen in movies in recent years.  ,imdb,positive
The movie is not completely perfect but 'Titta Di Girolamo' will stay with you for a long time after the vision of the movie.  ,imdb,positive
I rate this movie 9/10.  ,imdb,positive
"I do not know if this was Emilio Estevez's directorial debut, but the pacing, the interplay and development of the characters as well as some clever camera work surrounding the character Estevez plays all suggest a natural eye.  ",imdb,positive
The interplay between Martin and Emilio contains the same wonderful chemistry we saw in Wall Street with Martin and Charlie.  ,imdb,positive
"Kathy Bates is wonderful in her characters subtle desperation and escapism; a variation on her character in ""At Play In The Fields Of The Lord"".  ",imdb,positive
For readers who have already seen one of Miyazaki's films: he is still in top form and made another worthwhile experience.  ,imdb,positive
"It never condescends, all the characters have good genuine hearts and believable problems.  ",imdb,positive
The two main characters may be two of the most believable children I ever saw put on screen.  ,imdb,positive
"They are so easy to love, but even more easy to identify with.  ",imdb,positive
This movie is great--especially if you enjoy visual arts.  ,imdb,positive
The scenery that the two daughters paint and photograph are beautiful.  ,imdb,positive
The story is also both funny and poignant at times.  ,imdb,positive
"People who like European films and ""art movies"" will like this movie.  ",imdb,positive
This is truly an art movie--it actually has a lot of art in it.  ,imdb,positive
Go rent it.  ,imdb,positive
"However, after finally watching this film, I realized that not only had I had a closed mind to the brilliance it depicts, I also found myself watching it over and over again.  ",imdb,positive
"It's the one movie that never ceases to interest me, simply because it keeps me alert, as I try to attempt to decipher it's meanings.  ",imdb,positive
Brilliance indeed.  ,imdb,positive
"But if you liked movies like The Matrix (and better yet, their sequels) I think you'll appreciate the thought provoking, mindblowing experience this film will give you.  ",imdb,positive
Think of the film being like a dream.  ,imdb,positive
Simply beautiful.  ,imdb,positive
Both Rickman and Stowe play their roles to the hilt in this tale of a childrens' book writer who-- maybe?-- has written a subversive tract.  ,imdb,positive
"It's a gloriously fun, fast paced and fairly accurate portrayal of the night of a raver.  ",imdb,positive
It presents a idyllic yet serious portrayal of the ups and downs of the characters lives.  ,imdb,positive
"Just whatever you do, avoid ""Groove"" as its the antithesis of all that is good about Human Traffic.  ",imdb,negative
"It's too bad that everyone else involved didn't share Crowe's level of dedication to quality, for if they did, we'd have a far better film on our hands than this sub-par mess.  ",imdb,negative
The movie seemed a little slow at first.  ,imdb,negative
But it picked up speed and got right to the point.  ,imdb,positive
"It showed exactly how the government and the scientist argued for humanity and the reasons of the ""gadget"".  ",imdb,positive
I enjoyed it.  ,imdb,positive
I have recommended it to friends.  ,imdb,positive
I was particularly pleased with the acting ability of Dwight Schultz.  ,imdb,positive
"Both actors truly understand and become their particular character, delivering a convincing, sincere performance.  ",imdb,positive
"Their on-screen chemistry, critical to the entire film, is genuine.  ",imdb,positive
"The film's dialogue is natural, real to life.  ",imdb,positive
"The writer, Gorman Bechard, undoubtedly did his homework because all references are industry and character-age appropriate.  ",imdb,positive
The incredible soundtrack truly captures the essence of the film.  ,imdb,positive
"Each track commands sentiment, actually contributing to the scenes and characters.  ",imdb,positive
 it's the sort of thought provoking film that forces you to question your own threshold of loneliness.  ,imdb,positive
"Hayao Miyazaki's latest and eighth film for Studio Ghibili, ""Gake No Ue No Ponyo"" (Ponyo on the Cliff by the Sea) is a wonderfully fun and imaginative look at childhood.  ",imdb,positive
"At a time when it seems that film animation has been dominated by Disney/Pixar's CGI masterpieces, it is both refreshing and comforting to know that Miyazaki is still relying on traditional hand-drawn animation to tell his charming and enchanting stories.  ",imdb,positive
Enough can not be said of the remarkable animation in this film.  ,imdb,positive
The art style has the appearance of crayon/pencil drawings and is wonderfully colorful and fanciful.  ,imdb,positive
"If you act in such a film, you should be glad that you're gonna drift away from earth as far as possible!  ",imdb,negative
"This one wants to surf on the small wave of space movies in 1998 (Deep Impact and Armageddon), and this one fails everywhere.  ",imdb,negative
If you haven't choked in your own vomit by the end (by all the cheap drama and worthless dialogue) you've must have bored yourself to death with this waste of time.  ,imdb,negative
"Still, it makes up for all of this with a super ending that depicts a great sea vessel being taken out by the mighty frost.  ",imdb,positive
"Just consider the excellent story, solid acting and look of the film as added bonuses.  ",imdb,positive
"Instead, we got a bore fest about a whiny, spoiled brat babysitting.  ",imdb,negative
"Then I watched it again two Sundays ago (March 20th, 2005) and I began to really enjoy it and this time I taped the entire thing.  ",imdb,positive
It is a very well acted and done TV Movie.  ,imdb,positive
Judith Light is one of my favorite actresses and I think she does a superb job in this film!  ,imdb,positive
I keep watching it over and over.  ,imdb,positive
"It's a sad movie, but very good.  ",imdb,positive
"If you have not seen this movie, I definitely recommend it!  ",imdb,positive
"She is as lovely as usual, this cutie!  ",imdb,positive
Still it's quite interesting and entertaining to follow.  ,imdb,positive
;) Recommend with confidence!  ,imdb,positive
This movie is well-balanced with comedy and drama and I thoroughly enjoyed myself.  ,imdb,positive
It was a riot to see Hugo Weaving play a sex-obsessed gay real estate salesman who uses his clients' houses for his trysts with the flaming Darren (Tom Hollander).  ,imdb,positive
":) Anyway, the plot flowed smoothly and the male-bonding scenes were a hoot.  ",imdb,positive
"The opening sequence of this gem is a classic, and the cat n mouse games that follow are a delight to watch.  ",imdb,positive
Fans of the genre will be in heaven.  ,imdb,positive
Lange had become a great actress.  ,imdb,positive
It looked like a wonderful story.  ,imdb,positive
I never walked out of a movie faster.  ,imdb,negative
I just got bored watching Jessice Lange take her clothes off!  ,imdb,negative
"Unfortunately, any virtue in this film's production work was lost on a regrettable script.  ",imdb,negative
"In a word, it is embarrassing.  ",imdb,negative
Exceptionally bad!  ,imdb,negative
All in all its an insult to one's intelligence and a huge waste of money.  ,imdb,negative
Wow... Loved this place.,yelp,positive
Crust is not good.,yelp,negative
Not tasty and the texture was just nasty.,yelp,negative
Stopped by during the late May bank holiday off Rick Steve recommendation and loved it.,yelp,positive
The selection on the menu was great and so were the prices.,yelp,positive
Now I am getting angry and I want my damn pho.,yelp,negative
Honeslty it didn't taste THAT fresh.),yelp,negative
The potatoes were like rubber and you could tell they had been made up ahead of time being kept under a warmer.,yelp,negative
The fries were great too.,yelp,positive
A great touch.,yelp,positive
Service was very prompt.,yelp,positive
Would not go back.,yelp,negative
The cashier had no care what so ever on what I had to say it still ended up being wayyy overpriced.,yelp,negative
"I tried the Cape Cod ravoli, chicken,with cranberry...mmmm!",yelp,positive
I was disgusted because I was pretty sure that was human hair.,yelp,negative
I was shocked because no signs indicate cash only.,yelp,negative
Highly recommended.,yelp,positive
Waitress was a little slow in service.,yelp,negative
"This place is not worth your time, let alone Vegas.",yelp,negative
did not like at all.,yelp,negative
The Burrittos Blah!,yelp,negative
"The food, amazing.",yelp,positive
Service is also cute.,yelp,positive
I could care less... The interior is just beautiful.,yelp,positive
So they performed.,yelp,positive
That's right....the red velvet cake.....ohhh this stuff is so good.,yelp,positive
- They never brought a salad we asked for.,yelp,negative
"This hole in the wall has great Mexican street tacos, and friendly staff.",yelp,positive
"Took an hour to get our food only 4 tables in restaurant my food was Luke warm, Our sever was running around like he was totally overwhelmed.",yelp,negative
The worst was the salmon sashimi.,yelp,negative
"Also there are combos like a burger, fries, and beer for 23 which is a decent deal.",yelp,positive
This was like the final blow!,yelp,negative
I found this place by accident and I could not be happier.,yelp,positive
"seems like a good quick place to grab a bite of some familiar pub food, but do yourself a favor and look elsewhere.",yelp,negative
"Overall, I like this place a lot.",yelp,positive
The only redeeming quality of the restaurant was that it was very inexpensive.,yelp,positive
Ample portions and good prices.,yelp,positive
"Poor service, the waiter made me feel like I was stupid every time he came to the table.",yelp,negative
My first visit to Hiro was a delight!,yelp,positive
Service sucks.,yelp,negative
The shrimp tender and moist.,yelp,positive
There is not a deal good enough that would drag me into that establishment again.,yelp,negative
Hard to judge whether these sides were good because we were grossed out by the melted styrofoam and didn't want to eat it for fear of getting sick.,yelp,negative
"On a positive note, our server was very attentive and provided great service.",yelp,positive
"Frozen pucks of disgust, with some of the worst people behind the register.",yelp,negative
The only thing I did like was the prime rib and dessert section.,yelp,positive
It's too bad the food is so damn generic.,yelp,negative
"The burger is good beef, cooked just right.",yelp,positive
If you want a sandwich just go to any Firehouse!!!!!,yelp,positive
"My side Greek salad with the Greek dressing was so tasty, and the pita and hummus was very refreshing.",yelp,positive
We ordered the duck rare and it was pink and tender on the inside with a nice char on the outside.,yelp,positive
He came running after us when he realized my husband had left his sunglasses on the table.,yelp,positive
Their chow mein is so good!,yelp,positive
"They have horrible attitudes towards customers, and talk down to each one when customers don't enjoy their food.",yelp,negative
The portion was huge!,yelp,positive
"Loved it...friendly servers, great food, wonderful and imaginative menu.",yelp,positive
The Heart Attack Grill in downtown Vegas is an absolutely flat-lined excuse for a restaurant.,yelp,negative
Not much seafood and like 5 strings of pasta at the bottom.,yelp,negative
"The salad had just the right amount of sauce to not over power the scallop, which was perfectly cooked.",yelp,positive
"The ripped banana was not only ripped, but petrified and tasteless.",yelp,negative
At least think to refill my water before I struggle to wave you over for 10 minutes.,yelp,negative
This place receives stars for their APPETIZERS!!!,yelp,positive
The cocktails are all handmade and delicious.,yelp,positive
We'd definitely go back here again.,yelp,positive
We are so glad we found this place.,yelp,positive
"Great food and service, huge portions and they give a military discount.",yelp,positive
Always a great time at Dos Gringos!,yelp,positive
Update.....went back for a second time and it was still just as amazing,yelp,positive
We got the food and apparently they have never heard of salt and the batter on the fish was chewy.,yelp,negative
A great way to finish a great.,yelp,positive
"The deal included 5 tastings and 2 drinks, and Jeff went above and beyond what we expected.",yelp,positive
"- Really, really good rice, all the time.",yelp,positive
The service was meh.,yelp,negative
"It took over 30 min to get their milkshake, which was nothing more than chocolate milk.",yelp,negative
"I guess I should have known that this place would suck, because it is inside of the Excalibur, but I didn't use my common sense.",yelp,negative
The scallop dish is quite appalling for value as well.,yelp,negative
2 times - Very Bad Customer Service !,yelp,negative
The sweet potato fries were very good and seasoned well.,yelp,positive
Today is the second time I've been to their lunch buffet and it was pretty good.,yelp,positive
There is so much good food in Vegas that I feel cheated for wasting an eating opportunity by going to Rice and Company.,yelp,negative
Coming here is like experiencing an underwhelming relationship where both parties can't wait for the other person to ask to break up.,yelp,negative
walked in and the place smelled like an old grease trap and only 2 others there eating.,yelp,negative
The turkey and roast beef were bland.,yelp,negative
This place has it!,yelp,positive
The pan cakes everyone are raving about taste like a sugary disaster tailored to the palate of a six year old.,yelp,negative
I love the Pho and the spring rolls oh so yummy you have to try.,yelp,positive
The poor batter to meat ratio made the chicken tenders very unsatisfying.,yelp,negative
All I have to say is the food was amazing!!!,yelp,positive
Omelets are to die for!,yelp,positive
Everything was fresh and delicious!,yelp,positive
"In summary, this was a largely disappointing dining experience.",yelp,negative
"It's like a really sexy party in your mouth, where you're outrageously flirting with the hottest person at the party.",yelp,positive
"Never been to Hard Rock Casino before, WILL NEVER EVER STEP FORWARD IN IT AGAIN!",yelp,negative
Best breakfast buffet!!!,yelp,positive
say bye bye to your tip lady!,yelp,negative
We'll never go again.,yelp,negative
Will be back again!,yelp,positive
Food arrived quickly!,yelp,positive
It was not good.,yelp,negative
"On the up side, their cafe serves really good food.",yelp,positive
"Our server was fantastic and when he found out the wife loves roasted garlic and bone marrow, he added extra to our meal and another marrow to go!",yelp,positive
"The only good thing was our waiter, he was very helpful and kept the bloddy mary's coming.",yelp,positive
"Best Buffet in town, for the price you cannot beat it.",yelp,positive
"I LOVED their mussels cooked in this wine reduction, the duck was tender, and their potato dishes were delicious.",yelp,positive
This is one of the better buffets that I have been to.,yelp,positive
So we went to Tigerlilly and had a fantastic afternoon!,yelp,positive
"The food was delicious, our bartender was attentive and personable AND we got a great deal!",yelp,positive
The ambience is wonderful and there is music playing.,yelp,positive
Will go back next trip out.,yelp,positive
Sooooo good!!,yelp,positive
"REAL sushi lovers, let's be honest - Yama is not that good.",yelp,negative
"At least 40min passed in between us ordering and the food arriving, and it wasn't that busy.",yelp,negative
This is a really fantastic Thai restaurant which is definitely worth a visit.,yelp,positive
"Nice, spicy and tender.",yelp,positive
Good prices.,yelp,positive
Check it out.,yelp,positive
It was pretty gross!,yelp,negative
I've had better atmosphere.,yelp,negative
Kind of hard to mess up a steak but they did.,yelp,negative
"Although I very much liked the look and sound of this place, the actual experience was a bit disappointing.",yelp,negative
I just don't know how this place managed to served the blandest food I have ever eaten when they are preparing Indian cuisine.,yelp,negative
"Worst service to boot, but that is the least of their worries.",yelp,negative
Service was fine and the waitress was friendly.,yelp,positive
"The guys all had steaks, and our steak loving son who has had steak at the best and worst places said it was the best steak he's ever eaten.",yelp,positive
"We thought you'd have to venture further away to get good sushi, but this place really hit the spot that night.",yelp,positive
"Host staff were, for lack of a better word, BITCHES!",yelp,negative
Bland... Not a liking this place for a number of reasons and I don't want to waste time on bad reviewing.. I'll leave it at that...,yelp,negative
"Phenomenal food, service and ambiance.",yelp,positive
I wouldn't return.,yelp,negative
"Definitely worth venturing off the strip for the pork belly, will return next time I'm in Vegas.",yelp,positive
This place is way too overpriced for mediocre food.,yelp,negative
Penne vodka excellent!,yelp,positive
"They have a good selection of food including a massive meatloaf sandwich, a crispy chicken wrap, a delish tuna melt and some tasty burgers.",yelp,positive
The management is rude.,yelp,negative
"Delicious NYC bagels, good selections of cream cheese, real Lox with capers even.",yelp,positive
"Great Subway, in fact it's so good when you come here every other Subway will not meet your expectations.",yelp,positive
I had a seriously solid breakfast here.,yelp,positive
This is one of the best bars with food in Vegas.,yelp,positive
"He was extremely rude and really, there are so many other restaurants I would love to dine at during a weekend in Vegas.",yelp,negative
My drink was never empty and he made some really great menu suggestions.,yelp,positive
Don't do it!!!!,yelp,negative
The waiter wasn't helpful or friendly and rarely checked on us.,yelp,negative
My husband and I ate lunch here and were very disappointed with the food and service.,yelp,negative
And the red curry had so much bamboo shoots and wasn't very tasty to me.,yelp,negative
Nice blanket of moz over top but i feel like this was done to cover up the subpar food.,yelp,positive
The bathrooms are clean and the place itself is well decorated.,yelp,positive
"The menu is always changing, food quality is going down & service is extremely slow.",yelp,negative
"The service was a little slow , considering that were served by 3 people servers so the food was coming in a slow pace.",yelp,negative
I give it 2 thumbs down,yelp,negative
We watched our waiter pay a lot more attention to other tables and ignore us.,yelp,negative
My fiancé and I came in the middle of the day and we were greeted and seated right away.,yelp,positive
This is a great restaurant at the Mandalay Bay.,yelp,positive
We waited for forty five minutes in vain.,yelp,negative
Crostini that came with the salad was stale.,yelp,negative
Some highlights : Great quality nigiri here!,yelp,positive
the staff is friendly and the joint is always clean.,yelp,positive
this was a different cut than the piece the other day but still wonderful and tender s well as well flavored.,yelp,positive
I ordered the Voodoo pasta and it was the first time I'd had really excellent pasta since going gluten free several years ago.,yelp,positive
this place is good.,yelp,positive
"Unfortunately, we must have hit the bakery on leftover day because everything we ordered was STALE.",yelp,negative
I came back today since they relocated and still not impressed.,yelp,negative
I was seated immediately.,yelp,positive
"Their menu is diverse, and reasonably priced.",yelp,positive
Avoid at all cost!,yelp,negative
Restaurant is always full but never a wait.,yelp,positive
DELICIOUS!!,yelp,positive
This place is hands-down one of the best places to eat in the Phoenix metro area.,yelp,positive
So don't go there if you are looking for good food...,yelp,negative
I've never been treated so bad.,yelp,negative
Bacon is hella salty.,yelp,positive
We also ordered the spinach and avocado salad; the ingredients were sad and the dressing literally had zero taste.,yelp,negative
"This really is how Vegas fine dining used to be, right down to the menus handed to the ladies that have no prices listed.",yelp,positive
The waitresses are very friendly.,yelp,positive
"Lordy, the Khao Soi is a dish that is not to be missed for curry lovers!",yelp,positive
Everything on the menu is terrific and we were also thrilled that they made amazing accommodations for our vegetarian daughter.,yelp,positive
"Perhaps I caught them on an off night judging by the other reviews, but I'm not inspired to go back.",yelp,negative
The service here leaves a lot to be desired.,yelp,negative
"The atmosphere is modern and hip, while maintaining a touch of coziness.",yelp,positive
"Not a weekly haunt, but definitely a place to come back to every once in a while.",yelp,positive
We literally sat there for 20 minutes with no one asking to take our order.,yelp,negative
"The burger had absolutely no flavor - the meat itself was totally bland, the burger was overcooked and there was no charcoal flavor.",yelp,negative
I also decided not to send it back because our waitress looked like she was on the verge of having a heart attack.,yelp,negative
I dressed up to be treated so rudely!,yelp,negative
It was probably dirt.,yelp,negative
"Love this place, hits the spot when I want something healthy but not lacking in quantity or flavor.",yelp,positive
I ordered the Lemon raspberry ice cocktail which was also incredible.,yelp,positive
"The food sucked, which we expected but it sucked more than we could have imagined.",yelp,negative
Interesting decor.,yelp,positive
What I really like there is the crepe station.,yelp,positive
"Also were served hot bread and butter, and home made potato chips with bacon bits on top....very original and very good.",yelp,positive
you can watch them preparing the delicious food!),yelp,positive
Both of the egg rolls were fantastic.,yelp,positive
"When my order arrived, one of the gyros was missing.",yelp,negative
"I had a salad with the wings, and some ice cream for dessert and left feeling quite satisfied.",yelp,positive
I'm not really sure how Joey's was voted best hot dog in the Valley by readers of Phoenix Magazine.,yelp,negative
The best place to go for a tasty bowl of Pho!,yelp,positive
The live music on Fridays totally blows.,yelp,negative
I've never been more insulted or felt disrespected.,yelp,negative
Very friendly staff.,yelp,positive
It is worth the drive.,yelp,positive
"I had heard good things about this place, but it exceeding every hope I could have dreamed of.",yelp,positive
Food was great and so was the serivce!,yelp,positive
The warm beer didn't help.,yelp,negative
Great brunch spot.,yelp,positive
Service is friendly and inviting.,yelp,positive
Very good lunch spot.,yelp,positive
I've lived here since 1979 and this was the first (and last) time I've stepped foot into this place.,yelp,negative
The WORST EXPERIENCE EVER.,yelp,negative
Must have been an off night at this place.,yelp,negative
"The sides are delish - mixed mushrooms, yukon gold puree, white corn - beateous.",yelp,positive
"If that bug never showed up I would have given a 4 for sure, but on the other side of the wall where this bug was climbing was the kitchen.",yelp,negative
"For about 10 minutes, we we're waiting for her salad when we realized that it wasn't coming any time soon.",yelp,negative
My friend loved the salmon tartar.,yelp,positive
Won't go back.,yelp,negative
Extremely Tasty!,yelp,positive
Waitress was good though!,yelp,positive
Soggy and not good.,yelp,negative
The Jamaican mojitos are delicious.,yelp,positive
Which are small and not worth the price.,yelp,negative
- the food is rich so order accordingly.,yelp,positive
"The shower area is outside so you can only rinse, not take a full shower, unless you don't mind being nude for everyone to see!",yelp,negative
The service was a bit lacking.,yelp,negative
"Lobster Bisque, Bussell Sprouts, Risotto, Filet ALL needed salt and pepper..and of course there is none at the tables.",yelp,negative
Hopefully this bodes for them going out of business and someone who can cook can come in.,yelp,negative
"It was either too cold, not enough flavor or just bad.",yelp,negative
I loved the bacon wrapped dates.,yelp,positive
This is an unbelievable BARGAIN!,yelp,positive
The folks at Otto always make us feel so welcome and special.,yelp,positive
"As for the ""mains,"" also uninspired.",yelp,negative
This is the place where I first had pho and it was amazing!!,yelp,positive
This wonderful experience made this place a must-stop whenever we are in town again.,yelp,positive
"If the food isn't bad enough for you, then enjoy dealing with the world's worst/annoying drunk people.",yelp,negative
Very very fun chef.,yelp,positive
"Ordered a double cheeseburger & got a single patty that was falling apart (picture uploaded) Yeah, still sucks.",yelp,negative
Great place to have a couple drinks and watch any and all sporting events as the walls are covered with TV's.,yelp,positive
"If it were possible to give them zero stars, they'd have it.",yelp,negative
"The descriptions said ""yum yum sauce"" and another said ""eel sauce"", yet another said ""spicy mayo""...well NONE of the rolls had sauces on them.",yelp,negative
"I'd say that would be the hardest decision... Honestly, all of M's dishes taste how they are supposed to taste (amazing).",yelp,positive
If she had not rolled the eyes we may have stayed... Not sure if we will go back and try it again.,yelp,negative
"Everyone is very attentive, providing excellent customer service.",yelp,positive
Horrible - don't waste your time and money.,yelp,negative
Now this dish was quite flavourful.,yelp,positive
By this time our side of the restaurant was almost empty so there was no excuse.,yelp,negative
"(It wasn't busy either) Also, the building was FREEZING cold.",yelp,negative
"like the other reviewer said ""you couldn't pay me to eat at this place again.""",yelp,negative
-Drinks took close to 30 minutes to come out at one point.,yelp,negative
"Seriously flavorful delights, folks.",yelp,positive
Much better than the other AYCE sushi place I went to in Vegas.,yelp,positive
The lighting is just dark enough to set the mood.,yelp,positive
Based on the sub-par service I received and no effort to show their gratitude for my business I won't be going back.,yelp,negative
Owner's are really great people.!,yelp,positive
There is nothing privileged about working/eating there.,yelp,negative
The Greek dressing was very creamy and flavorful.,yelp,positive
"Overall, I don't think that I would take my parents to this place again because they made most of the similar complaints that I silently felt too.",yelp,negative
Now the pizza itself was good the peanut sauce was very tasty.,yelp,positive
We had 7 at our table and the service was pretty fast.,yelp,positive
Fantastic service here.,yelp,positive
I as well would've given godfathers zero stars if possible.,yelp,negative
They know how to make them here.,yelp,positive
very tough and very short on flavor!,yelp,negative
I hope this place sticks around.,yelp,positive
"I have been in more than a few bars in Vegas, and do not ever recall being charged for tap water.",yelp,negative
The restaurant atmosphere was exquisite.,yelp,positive
"Good service, very clean, and inexpensive, to boot!",yelp,positive
The seafood was fresh and generous in portion.,yelp,positive
"Plus, it's only 8 bucks.",yelp,positive
"The service was not up to par, either.",yelp,negative
"Thus far, have only visited twice and the food was absolutely delicious each time.",yelp,positive
Just as good as when I had it more than a year ago!,yelp,positive
"For a self proclaimed coffee cafe, I was wildly disappointed.",yelp,negative
The Veggitarian platter is out of this world!,yelp,positive
You cant go wrong with any of the food here.,yelp,positive
You can't beat that.,yelp,positive
"Stopped by this place while in Madison for the Ironman, very friendly, kind staff.",yelp,positive
The chefs were friendly and did a good job.,yelp,positive
"I've had better, not only from dedicated boba tea spots, but even from Jenni Pho.",yelp,negative
I liked the patio and the service was outstanding.,yelp,positive
The goat taco didn't skimp on the meat and wow what FLAVOR!,yelp,positive
I think not again,yelp,negative
I had the mac salad and it was pretty bland so I will not be getting that again.,yelp,negative
I went to Bachi Burger on a friend's recommendation and was not disappointed.,yelp,positive
Service stinks here!,yelp,negative
I waited and waited.,yelp,negative
"This place is not quality sushi, it is not a quality restaurant.",yelp,negative
I would definitely recommend the wings as well as the pizza.,yelp,positive
Great Pizza and Salads!,yelp,positive
Things that went wrong: - They burned the saganaki.,yelp,negative
We waited an hour for what was a breakfast I could have done 100 times better at home.,yelp,negative
This place is amazing!,yelp,positive
"I hate to disagree with my fellow Yelpers, but my husband and I were so disappointed with this place.",yelp,negative
Waited 2 hours & never got either of our pizzas as many other around us who came in later did!,yelp,negative
Just don't know why they were so slow.,yelp,negative
"The staff is great, the food is delish, and they have an incredible beer selection.",yelp,positive
"I live in the neighborhood so I am disappointed I won't be back here, because it is a convenient location.",yelp,negative
I didn't know pulled pork could be soooo delicious.,yelp,positive
"You get incredibly fresh fish, prepared with care.",yelp,positive
Before I go in to why I gave a 1 star rating please know that this was my third time eating at Bachi burger before writing a review.,yelp,negative
I love the fact that everything on their menu is worth it.,yelp,positive
Never again will I be dining at this place!,yelp,negative
The food was excellent and service was very good.,yelp,positive
Good beer & drink selection and good food selection.,yelp,positive
Please stay away from the shrimp stir fried noodles.,yelp,negative
The potato chip order was sad... I could probably count how many chips were in that box and it was probably around 12.,yelp,negative
Food was really boring.,yelp,negative
Good Service-check!,yelp,positive
This greedy corporation will NEVER see another dime from me!,yelp,negative
"Will never, ever go back.",yelp,negative
"As much as I'd like to go back, I can't get passed the atrocious service and will never return.",yelp,negative
"In the summer, you can dine in a charming outdoor patio - so very delightful.",yelp,positive
I did not expect this to be so good!,yelp,positive
Fantastic food!,yelp,positive
She ordered a toasted English muffin that came out untoasted.,yelp,negative
The food was very good.,yelp,positive
Never going back.,yelp,negative
"Great food for the price, which is very high quality and house made.",yelp,positive
The bus boy on the other hand was so rude.,yelp,negative
"By this point, my friends and I had basically figured out this place was a joke and didn't mind making it publicly and loudly known.",yelp,negative
"Back to good BBQ, lighter fare, reasonable pricing and tell the public they are back to the old ways.",yelp,positive
"And considering the two of us left there very full and happy for about $20, you just can't go wrong.",yelp,positive
All the bread is made in-house!,yelp,positive
The only downside is the service.,yelp,negative
"Also, the fries are without a doubt the worst fries I've ever had.",yelp,negative
Service was exceptional and food was a good as all the reviews.,yelp,positive
"A couple of months later, I returned and had an amazing meal.",yelp,positive
Favorite place in town for shawarrrrrrma!!!!!!,yelp,positive
The black eyed peas and sweet potatoes... UNREAL!,yelp,positive
You won't be disappointed.,yelp,positive
"They could serve it with just the vinaigrette and it may make for a better overall dish, but it was still very good.",yelp,positive
"I go to far too many places and I've never seen any restaurant that serves a 1 egg breakfast, especially for $4.00.",yelp,negative
When my mom and I got home she immediately got sick and she only had a few bites of salad.,yelp,negative
The servers are not pleasant to deal with and they don't always honor Pizza Hut coupons.,yelp,negative
"Both of them were truly unbelievably good, and I am so glad we went back.",yelp,positive
"We had fantastic service, and were pleased by the atmosphere.",yelp,positive
Everything was gross.,yelp,negative
I love this place.,yelp,positive
Great service and food.,yelp,positive
First - the bathrooms at this location were dirty- Seat covers were not replenished & just plain yucky!!!,yelp,negative
"The burger... I got the ""Gold Standard"" a $17 burger and was kind of disappointed.",yelp,negative
"OMG, the food was delicioso!",yelp,positive
There is nothing authentic about this place.,yelp,negative
the spaghetti is nothing special whatsoever.,yelp,negative
"Of all the dishes, the salmon was the best, but all were great.",yelp,positive
The vegetables are so fresh and the sauce feels like authentic Thai.,yelp,positive
It's worth driving up from Tucson!,yelp,positive
The selection was probably the worst I've seen in Vegas.....there was none.,yelp,negative
Pretty good beer selection too.,yelp,positive
"This place is like Chipotle, but BETTER.",yelp,positive
"Classy/warm atmosphere, fun and fresh appetizers, succulent steaks (Baseball steak!!!!!",yelp,positive
5 stars for the brick oven bread app!,yelp,positive
"I have eaten here multiple times, and each time the food was delicious.",yelp,positive
We sat another ten minutes and finally gave up and left.,yelp,negative
He was terrible!,yelp,negative
Everyone is treated equally special.,yelp,positive
It shouldn't take 30 min for pancakes and eggs.,yelp,negative
It was delicious!!!,yelp,positive
"On the good side, the staff was genuinely pleasant and enthusiastic - a real treat.",yelp,positive
"Sadly, Gordon Ramsey's Steak is a place we shall sharply avoid during our next trip to Vegas.",yelp,negative
As always the evening was wonderful and the food delicious!,yelp,positive
Best fish I've ever had in my life!,yelp,positive
(The bathroom is just next door and very nice.),yelp,positive
The buffet is small and all the food they offered was BLAND.,yelp,negative
This is an Outstanding little restaurant with some of the Best Food I have ever tasted.,yelp,positive
Pretty cool I would say.,yelp,positive
Definitely a turn off for me & i doubt I'll be back unless someone else is buying.,yelp,negative
Server did a great job handling our large rowdy table.,yelp,positive
"I find wasting food to be despicable, but this just wasn't food.",yelp,negative
My wife had the Lobster Bisque soup which was lukewarm.,yelp,negative
Would come back again if I had a sushi craving while in Vegas.,yelp,positive
"The staff are great, the ambiance is great.",yelp,positive
He deserves 5 stars.,yelp,positive
I left with a stomach ache and felt sick the rest of the day.,yelp,negative
They dropped more than the ball.,yelp,negative
"The dining space is tiny, but elegantly decorated and comfortable.",yelp,positive
"They will customize your order any way you'd like, my usual is Eggplant with Green Bean stir fry, love it!",yelp,positive
And the beans and rice were mediocre at best.,yelp,negative
Best tacos in town by far!!,yelp,positive
I took back my money and got outta there.,yelp,negative
"In an interesting part of town, this place is amazing.",yelp,positive
RUDE & INCONSIDERATE MANAGEMENT.,yelp,negative
"The staff are now not as friendly, the wait times for being served are horrible, no one even says hi for the first 10 minutes.",yelp,negative
I won't be back.,yelp,negative
They have great dinners.,yelp,positive
The service was outshining & I definitely recommend the Halibut.,yelp,positive
The food was terrible.,yelp,negative
WILL NEVER EVER GO BACK AND HAVE TOLD MANY PEOPLE WHAT HAD HAPPENED.,yelp,negative
I don't recommend unless your car breaks down in front of it and you are starving.,yelp,negative
I will come back here every time I'm in Vegas.,yelp,positive
This place deserves one star and 90% has to do with the food.,yelp,negative
This is a disgrace.,yelp,negative
Def coming back to bowl next time,yelp,positive
"If you want healthy authentic or ethic food, try this place.",yelp,positive
I will continue to come here on ladies night andddd date night ... highly recommend this place to anyone who is in the area (;,yelp,positive
"I have been here several times in the past, and the experience has always been great.",yelp,positive
We walked away stuffed and happy about our first Vegas buffet experience.,yelp,positive
Service was excellent and prices are pretty reasonable considering this is Vegas and located inside the Crystals shopping mall by Aria.,yelp,positive
"To summarize... the food was incredible, nay, transcendant... but nothing brings me joy quite like the memory of the pneumatic condiment dispenser.",yelp,positive
I'm probably one of the few people to ever go to Ians and not like it.,yelp,negative
Kids pizza is always a hit too with lots of great side dish options for the kiddos!,yelp,positive
Service is perfect and the family atmosphere is nice to see.,yelp,positive
Cooked to perfection and the service was impeccable.,yelp,positive
This one is simply a disappointment.,yelp,negative
"Overall, I was very disappointed with the quality of food at Bouchon.",yelp,negative
I don't have to be an accountant to know I'm getting screwed!,yelp,negative
"Great place to eat, reminds me of the little mom and pop shops in the San Francisco Bay Area.",yelp,positive
Today was my first taste of a Buldogis Gourmet Hot Dog and I have to tell you it was more than I ever thought possible.,yelp,positive
Left very frustrated.,yelp,negative
I'll definitely be in soon again.,yelp,positive
Food was really good and I got full petty fast.,yelp,positive
Service was fantastic.,yelp,positive
TOTAL WASTE OF TIME.,yelp,negative
I don't know what kind it is but they have the best iced tea.,yelp,positive
"Come hungry, leave happy and stuffed!",yelp,positive
"For service, I give them no stars.",yelp,negative
I can assure you that you won't be disappointed.,yelp,positive
I can take a little bad service but the food sucks.,yelp,negative
Gave up trying to eat any of the crust (teeth still sore).,yelp,negative
But now I was completely grossed out.,yelp,negative
I really enjoyed eating here.,yelp,positive
First time going but I think I will quickly become a regular.,yelp,positive
"Our server was very nice, and even though he looked a little overwhelmed with all of our needs, he stayed professional and friendly until the end.",yelp,positive
From what my dinner companions told me...everything was very fresh with nice texture and taste.,yelp,positive
"On the ground, right next to our table was a large, smeared, been-stepped-in-and-tracked-everywhere pile of green bird poop.",yelp,negative
"Furthermore, you can't even find hours of operation on the website!",yelp,negative
We've tried to like this place but after 10+ times I think we're done with them.,yelp,negative
What a mistake that was!,yelp,negative
No complaints!,yelp,positive
This is some seriously good pizza and I'm an expert/connisseur on the topic.,yelp,positive
Waiter was a jerk.,yelp,negative
"Strike 2, who wants to be rushed.",yelp,negative
These are the nicest restaurant owners I've ever come across.,yelp,positive
I never come again.,yelp,negative
We loved the biscuits!!!,yelp,positive
Service is quick and friendly.,yelp,positive
Ordered an appetizer and took 40 minutes and then the pizza another 10 minutes.,yelp,negative
So absolutley fantastic.,yelp,positive
It was a huge awkward 1.5lb piece of cow that was 3/4ths gristle and fat.,yelp,negative
definitely will come back here again.,yelp,positive
I like Steiners because it's dark and it feels like a bar.,yelp,positive
Wow very spicy but delicious.,yelp,positive
"If you're not familiar, check it out.",yelp,positive
I'll take my business dinner dollars elsewhere.,yelp,negative
I'd love to go back.,yelp,positive
"Anyway, this FS restaurant has a wonderful breakfast/lunch.",yelp,positive
Nothing special.,yelp,negative
Each day of the week they have a different deal and it's all so delicious!,yelp,positive
"Not to mention the combination of pears, almonds and bacon is a big winner!",yelp,positive
Will not be back.,yelp,negative
Sauce was tasteless.,yelp,negative
"The food is delicious and just spicy enough, so be sure to ask for spicier if you prefer it that way.",yelp,positive
My ribeye steak was cooked perfectly and had great mesquite flavor.,yelp,positive
I don't think we'll be going back anytime soon.,yelp,negative
Food was so gooodd.,yelp,positive
I am far from a sushi connoisseur but I can definitely tell the difference between good food and bad food and this was certainly bad food.,yelp,negative
I was so insulted.,yelp,negative
The last 3 times I had lunch here has been bad.,yelp,negative
The chicken wings contained the driest chicken meat I have ever eaten.,yelp,negative
"The food was very good and I enjoyed every mouthful, an enjoyable relaxed venue for couples small family groups etc.",yelp,positive
Nargile - I think you are great.,yelp,positive
Best tater tots in the southwest.,yelp,positive
We loved the place.,yelp,positive
Definitely not worth the $3 I paid.,yelp,negative
The vanilla ice cream was creamy and smooth while the profiterole (choux) pastry was fresh enough.,yelp,positive
Im in AZ all the time and now have my new spot.,yelp,positive
The manager was the worst.,yelp,negative
The inside is really quite nice and very clean.,yelp,positive
The food was outstanding and the prices were very reasonable.,yelp,positive
I don't think I'll be running back to Carly's anytime soon for food.,yelp,negative
"This is was due to the fact that it took 20 minutes to be acknowledged, then another 35 minutes to get our food...and they kept forgetting things.",yelp,negative
"Love the margaritas, too!",yelp,positive
This was my first and only Vegas buffet and it did not disappoint.,yelp,positive
"Very good, though!",yelp,positive
The one down note is the ventilation could use some upgrading.,yelp,negative
Great pork sandwich.,yelp,positive
Don't waste your time here.,yelp,negative
"Total letdown, I would much rather just go to the Camelback Flower Shop and Cartel Coffee.",yelp,negative
"Third, the cheese on my friend's burger was cold.",yelp,negative
We enjoy their pizza and brunch.,yelp,positive
The steaks are all well trimmed and also perfectly cooked.,yelp,positive
We had a group of 70+ when we claimed we would only have 40 and they handled us beautifully.,yelp,positive
I LOVED it!,yelp,positive
We asked for the bill to leave without eating and they didn't bring that either.,yelp,negative
"This place is a jewel in Las Vegas, and exactly what I've been hoping to find in nearly ten years living here.",yelp,positive
Seafood was limited to boiled shrimp and crab legs but the crab legs definitely did not taste fresh.,yelp,negative
The selection of food was not the best.,yelp,negative
Delicious and I will absolutely be back!,yelp,positive
"This isn't a small family restaurant, this is a fine dining establishment.",yelp,positive
They had a toro tartare with a cavier that was extraordinary and I liked the thinly sliced wagyu with white truffle.,yelp,positive
I dont think I will be back for a very long time.,yelp,negative
"It was attached to a gas station, and that is rarely a good sign.",yelp,negative
How awesome is that.,yelp,positive
I will be back many times soon.,yelp,positive
The menu had so much good stuff on it i could not decide!,yelp,positive
"Worse of all, he humiliated his worker right in front of me..Bunch of horrible name callings.",yelp,negative
CONCLUSION: Very filling meals.,yelp,positive
Their daily specials are always a hit with my group.,yelp,positive
And then tragedy struck.,yelp,negative
The pancake was also really good and pretty large at that.,yelp,positive
"This was my first crawfish experience, and it was delicious!",yelp,positive
Their monster chicken fried steak and eggs is my all time favorite.,yelp,positive
Waitress was sweet and funny.,yelp,positive
"I also had to taste my Mom's multi-grain pumpkin pancakes with pecan butter and they were amazing, fluffy, and delicious!",yelp,positive
"I'd rather eat airline food, seriously.",yelp,negative
Cant say enough good things about this place.,yelp,positive
The ambiance was incredible.,yelp,positive
The waitress and manager are so friendly.,yelp,positive
I would not recommend this place.,yelp,negative
Overall I wasn't very impressed with Noca.,yelp,negative
My gyro was basically lettuce only.,yelp,negative
Terrible service!,yelp,negative
Thoroughly disappointed!,yelp,negative
"I don't each much pasta, but I love the homemade /hand made pastas and thin pizzas here.",yelp,positive
"Give it a try, you will be happy you did.",yelp,positive
By far the BEST cheesecurds we have ever had!,yelp,positive
Reasonably priced also!,yelp,positive
Everything was perfect the night we were in.,yelp,positive
The food is very good for your typical bar food.,yelp,positive
it was a drive to get there.,yelp,negative
"At first glance it is a lovely bakery cafe - nice ambiance, clean, friendly staff.",yelp,positive
"Anyway, I do not think i will go back there.",yelp,negative
"Point your finger at any item on the menu, order it and you won't be disappointed.",yelp,positive
"Oh this is such a thing of beauty, this restaurant.",yelp,positive
If you haven't gone here GO NOW!,yelp,positive
"A greasy, unhealthy meal.",yelp,negative
first time there and might just be the last.,yelp,negative
Those burgers were amazing.,yelp,positive
"Similarly, the delivery man did not say a word of apology when our food was 45 minutes late.",yelp,negative
And it was way to expensive.,yelp,negative
"Be sure to order dessert, even if you need to pack it to-go - the tiramisu and cannoli are both to die for.",yelp,positive
This was my first time and I can't wait until the next.,yelp,positive
The bartender was also nice.,yelp,positive
Everything was good and tasty!,yelp,positive
This place is two thumbs up....way up.,yelp,positive
"The best place in Vegas for breakfast (just check out a Sat, or Sun.",yelp,positive
"If you love authentic Mexican food and want a whole bunch of interesting, yet delicious meats to choose from, you need to try this place.",yelp,positive
Terrible management.,yelp,negative
An excellent new restaurant by an experienced Frenchman.,yelp,positive
If there were zero stars I would give it zero stars.,yelp,negative
"Great steak, great sides, great wine, amazing desserts.",yelp,positive
Worst martini ever!,yelp,negative
The steak and the shrimp are in my opinion the best entrees at GC.,yelp,positive
I had the opportunity today to sample your amazing pizzas!,yelp,positive
We waited for thirty minutes to be seated (although there were 8 vacant tables and we were the only folks waiting).,yelp,negative
The yellowtail carpaccio was melt in your mouth fresh.,yelp,positive
I won't try going back there even if it's empty.,yelp,negative
"No, I'm going to eat the potato that I found some strangers hair in it.",yelp,negative
Just spicy enough.. Perfect actually.,yelp,positive
Last night was my second time dining here and I was so happy I decided to go back!,yelp,positive
"not even a ""hello, we will be right with you.""",yelp,negative
The desserts were a bit strange.,yelp,negative
My boyfriend and I came here for the first time on a recent trip to Vegas and could not have been more pleased with the quality of food and service.,yelp,positive
"I really do recommend this place, you can go wrong with this donut place!",yelp,positive
Nice ambiance.,yelp,positive
I would recommend saving room for this!,yelp,positive
I guess maybe we went on an off night but it was disgraceful.,yelp,negative
"However, my recent experience at this particular location was not so good.",yelp,negative
"I know this is not like the other restaurants at all, something is very off here!",yelp,negative
AVOID THIS ESTABLISHMENT!,yelp,negative
I think this restaurant suffers from not trying hard enough.,yelp,negative
All of the tapas dishes were delicious!,yelp,positive
I *heart* this place.,yelp,positive
My salad had a bland vinegrette on the baby greens and hearts of Palm.,yelp,negative
After two I felt disgusting.,yelp,negative
A good time!,yelp,positive
I believe that this place is a great stop for those with a huge belly and hankering for sushi.,yelp,positive
Generous portions and great taste.,yelp,positive
I will never go back to this place and will never ever recommended this place to anyone!,yelp,negative
"The servers went back and forth several times, not even so much as an ""Are you being helped?""",yelp,negative
Food was delicious!,yelp,positive
AN HOUR... seriously?,yelp,negative
I consider this theft.,yelp,negative
Eew... This location needs a complete overhaul.,yelp,negative
We recently witnessed her poor quality of management towards other guests as well.,yelp,negative
Waited and waited and waited.,yelp,negative
"He also came back to check on us regularly, excellent service.",yelp,positive
Our server was super nice and checked on us many times.,yelp,positive
"The pizza tasted old, super chewy in not a good way.",yelp,negative
I swung in to give them a try but was deeply disappointed.,yelp,negative
Service was good and the company was better!,yelp,positive
The staff are also very friendly and efficient.,yelp,positive
"As for the service: I'm a fan, because it's quick and you're being served by some nice folks.",yelp,positive
Boy was that sucker dry!!.,yelp,negative
Over rated.,yelp,negative
"If you look for authentic Thai food, go else where.",yelp,negative
Their steaks are 100% recommended!,yelp,positive
After I pulled up my car I waited for another 15 minutes before being acknowledged.,yelp,negative
Great food and great service in a clean and friendly setting.,yelp,positive
"All in all, I can assure you I'll be back.",yelp,positive
I hate those things as much as cheap quality black olives.,yelp,negative
"My breakfast was perpared great, with a beautiful presentation of 3 giant slices of Toast, lightly dusted with powdered sugar.",yelp,positive
The kids play area is NASTY!,yelp,negative
Great place fo take out or eat in.,yelp,positive
The waitress was friendly and happy to accomodate for vegan/veggie options.,yelp,positive
OMG I felt like I had never eaten Thai food until this dish.,yelp,positive
"It was extremely ""crumby"" and pretty tasteless.",yelp,negative
It was a pale color instead of nice and char and has NO flavor.,yelp,negative
The croutons also taste homemade which is an extra plus.,yelp,positive
I got home to see the driest damn wings ever!,yelp,negative
It'll be a regular stop on my trips to Phoenix!,yelp,positive
I really enjoyed Crema Café before they expanded; I even told friends they had the BEST breakfast.,yelp,positive
Not good for the money.,yelp,negative
I miss it and wish they had one in Philadelphia!,yelp,positive
"We got sitting fairly fast, but, ended up waiting 40 minutes just to place our order, another 30 minutes before the food arrived.",yelp,negative
They also have the best cheese crisp in town.,yelp,positive
"Good value, great food, great service.",yelp,positive
Couldn't ask for a more satisfying meal.,yelp,positive
The food is good.,yelp,positive
It was awesome.,yelp,positive
I just wanted to leave.,yelp,negative
We made the drive all the way from North Scottsdale... and I was not one bit disappointed!,yelp,positive
I will not be eating there again.,yelp,negative
!....THE OWNERS REALLY REALLY need to quit being soooooo cheap let them wrap my freaking sandwich in two papers not one!,yelp,negative
I checked out this place a couple years ago and was not impressed.,yelp,negative
"The chicken I got was definitely reheated and was only ok, the wedges were cold and soggy.",yelp,negative
"Sorry, I will not be getting food from here anytime soon :(",yelp,negative
An absolute must visit!,yelp,positive
The cow tongue and cheek tacos are amazing.,yelp,positive
My friend did not like his Bloody Mary.,yelp,negative
"Despite how hard I rate businesses, its actually rare for me to give a 1 star.",yelp,negative
They really want to make your experience a good one.,yelp,positive
I will not return.,yelp,negative
I had the chicken Pho and it tasted very bland.,yelp,negative
Very disappointing!!!,yelp,negative
The grilled chicken was so tender and yellow from the saffron seasoning.,yelp,positive
"a drive thru means you do not want to wait around for half an hour for your food, but somehow when we end up going here they make us wait and wait.",yelp,negative
Pretty awesome place.,yelp,positive
Ambience is perfect.,yelp,positive
Best of luck to the rude and non-customer service focused new management.,yelp,negative
Any grandmother can make a roasted chicken better than this one.,yelp,negative
I asked multiple times for the wine list and after some time of being ignored I went to the hostess and got one myself.,yelp,negative
"The staff is always super friendly and helpful, which is especially cool when you bring two small boys and a baby!",yelp,positive
Four stars for the food & the guy in the blue shirt for his great vibe & still letting us in to eat !,yelp,positive
The roast beef sandwich tasted really good!,yelp,positive
"Same evening, him and I are both drastically sick.",yelp,negative
High-quality chicken on the chicken Caesar salad.,yelp,positive
Ordered burger rare came in we'll done.,yelp,negative
We were promptly greeted and seated.,yelp,positive
Tried to go here for lunch and it was a madhouse.,yelp,negative
"I was proven dead wrong by this sushi bar, not only because the quality is great, but the service is fast and the food, impeccable.",yelp,positive
"After waiting an hour and being seated, I was not in the greatest of moods.",yelp,negative
This is a good joint.,yelp,positive
The Macarons here are insanely good.,yelp,positive
I'm not eating here!,yelp,negative
"Our waiter was very attentive, friendly, and informative.",yelp,positive
Maybe if they weren't cold they would have been somewhat edible.,yelp,negative
This place has a lot of promise but fails to deliver.,yelp,negative
Very bad Experience!,yelp,negative
What a mistake.,yelp,negative
Food was average at best.,yelp,negative
Great food.,yelp,positive
We won't be going back anytime soon!,yelp,negative
Very Very Disappointed ordered the $35 Big Bay Plater.,yelp,negative
Great place to relax and have an awesome burger and beer.,yelp,positive
It is PERFECT for a sit-down family meal or get together with a few friends.,yelp,positive
"Not much flavor to them, and very poorly constructed.",yelp,negative
The patio seating was very comfortable.,yelp,positive
The fried rice was dry as well.,yelp,negative
Hands down my favorite Italian restaurant!,yelp,positive
"That just SCREAMS ""LEGIT"" in my book...somethat's also pretty rare here in Vegas.",yelp,positive
It was just not a fun experience.,yelp,positive
The atmosphere was great with a lovely duo of violinists playing songs we requested.,yelp,positive
"I personally love the hummus, pita, baklava, falafels and Baba Ganoush (it's amazing what they do with eggplant!).",yelp,positive
"Very convenient, since we were staying at the MGM!",yelp,positive
The owners are super friendly and the staff is courteous.,yelp,positive
Both great!,yelp,positive
Eclectic selection.,yelp,positive
The sweet potato tots were good but the onion rings were perfection or as close as I have had.,yelp,positive
The staff was very attentive.,yelp,positive
And the chef was generous with his time (even came around twice so we can take pictures with him).,yelp,positive
"The owner used to work at Nobu, so this place is really similar for half the price.",yelp,positive
Google mediocre and I imagine Smashburger will pop up.,yelp,negative
dont go here.,yelp,negative
I promise they won't disappoint.,yelp,positive
As a sushi lover avoid this place by all means.,yelp,negative
What a great double cheeseburger!,yelp,positive
Awesome service and food.,yelp,positive
A fantastic neighborhood gem !!!,yelp,positive
I can't wait to go back.,yelp,positive
The plantains were the worst I've ever tasted.,yelp,negative
It's a great place and I highly recommend it.,yelp,positive
Service was slow and not attentive.,yelp,negative
"I gave it 5 stars then, and I'm giving it 5 stars now.",yelp,positive
Your staff spends more time talking to themselves than me.,yelp,negative
Dessert: Panna Cotta was amazing.,yelp,positive
"Very good food, great atmosphere.1",yelp,positive
Damn good steak.,yelp,positive
Total brunch fail.,yelp,negative
"Prices are very reasonable, flavors are spot on, the sauce is home made, and the slaw is not drenched in mayo.",yelp,positive
"The decor is nice, and the piano music soundtrack is pleasant.",yelp,positive
The steak was amazing...rge fillet relleno was the best seafood plate i have ever had!,yelp,positive
"Good food , good service .",yelp,positive
It was absolutely amazing.,yelp,positive
"I probably won't be back, to be honest.",yelp,negative
will definitely be back!,yelp,positive
The sergeant pepper beef sandwich with auju sauce is an excellent sandwich as well.,yelp,positive
"Hawaiian Breeze, Mango Magic, and Pineapple Delight are the smoothies that I've tried so far and they're all good.",yelp,positive
Went for lunch - service was slow.,yelp,negative
"We had so much to say about the place before we walked in that he expected it to be amazing, but was quickly disappointed.",yelp,negative
I was mortified.,yelp,negative
"Needless to say, we will never be back here again.",yelp,negative
"Anyways, The food was definitely not filling at all, and for the price you pay you should expect more.",yelp,negative
"The chips that came out were dripping with grease, and mostly not edible.",yelp,negative
I wasn't really impressed with Strip Steak.,yelp,negative
Have been going since 2007 and every meal has been awesome!!,yelp,positive
Our server was very nice and attentive as were the other serving staff.,yelp,positive
The cashier was friendly and even brought the food out to me.,yelp,positive
I work in the hospitality industry in Paradise Valley and have refrained from recommending Cibo any longer.,yelp,negative
The atmosphere here is fun.,yelp,positive
Would not recommend to others.,yelp,negative
"Service is quick and even ""to go"" orders are just like we like it!",yelp,positive
"I mean really, how do you get so famous for your fish and chips when it's so terrible!?!",yelp,negative
"That said, our mouths and bellies were still quite pleased.",yelp,positive
Not my thing.,yelp,negative
2 Thumbs Up!!,yelp,positive
If you are reading this please don't go there.,yelp,negative
"I loved the grilled pizza, reminded me of legit Italian pizza.",yelp,positive
Only Pros : Large seating area/ Nice bar area/ Great simple drink menu/ The BEST brick oven pizza with homemade dough!,yelp,positive
They have a really nice atmosphere.,yelp,positive
Tonight I had the Elk Filet special...and it sucked.,yelp,negative
"After one bite, I was hooked.",yelp,positive
We ordered some old classics and some new dishes after going there a few times and were sorely disappointed with everything.,yelp,negative
"Cute, quaint, simple, honest.",yelp,positive
The chicken was deliciously seasoned and had the perfect fry on the outside and moist chicken on the inside.,yelp,positive
"The food was great as always, compliments to the chef.",yelp,positive
Special thanks to Dylan T. for the recommendation on what to order :) All yummy for my tummy.,yelp,positive
Awesome selection of beer.,yelp,positive
Great food and awesome service!,yelp,positive
"One nice thing was that they added gratuity on the bill since our party was larger than 6 or 8, and they didn't expect more tip than that.",yelp,positive
A FLY was in my apple juice.. A FLY!!!!!!!!,yelp,negative
The Han Nan Chicken was also very tasty.,yelp,positive
"As for the service, I thought it was good.",yelp,positive
"The food was barely lukewarm, so it must have been sitting waiting for the server to bring it out to us.",yelp,negative
Ryan's Bar is definitely one Edinburgh establishment I won't be revisiting.,yelp,negative
Nicest Chinese restaurant I've been in a while.,yelp,positive
"Overall, I like there food and the service.",yelp,positive
They also now serve Indian naan bread with hummus and some spicy pine nut sauce that was out of this world.,yelp,positive
"Probably never coming back, and wouldn't recommend it.",yelp,negative
"Friend's pasta -- also bad, he barely touched it.",yelp,negative
"Try them in the airport to experience some tasty food and speedy, friendly service.",yelp,positive
I love the decor with the Chinese calligraphy wall paper.,yelp,positive
Never had anything to complain about here.,yelp,positive
The restaurant is very clean and has a family restaurant feel to it.,yelp,positive
It was way over fried.,yelp,negative
I'm not sure how long we stood there but it was long enough for me to begin to feel awkwardly out of place.,yelp,negative
"When I opened the sandwich, I was impressed, but not in a good way.",yelp,negative
Will not be back!,yelp,negative
There was a warm feeling with the service and I felt like their guest for a special treat.,yelp,positive
An extensive menu provides lots of options for breakfast.,yelp,positive
"I always order from the vegetarian menu during dinner, which has a wide array of options to choose from.",yelp,positive
"I have watched their prices inflate, portions get smaller and management attitudes grow rapidly!",yelp,negative
Wonderful lil tapas and the ambience made me feel all warm and fuzzy inside.,yelp,positive
"I got to enjoy the seafood salad, with a fabulous vinegrette.",yelp,positive
"The wontons were thin, not thick and chewy, almost melt in your mouth.",yelp,positive
"Level 5 spicy was perfect, where spice didn't over-whelm the soup.",yelp,positive
We were sat right on time and our server from the get go was FANTASTIC!,yelp,positive
"Main thing I didn't enjoy is that the crowd is of older crowd, around mid 30s and up.",yelp,negative
"When I'm on this side of town, this will definitely be a spot I'll hit up again!",yelp,positive
I had to wait over 30 minutes to get my drink and longer to get 2 arepas.,yelp,negative
This is a GREAT place to eat!,yelp,positive
The jalapeno bacon is soooo good.,yelp,positive
The service was poor and thats being nice.,yelp,negative
"Food was good, service was good, Prices were good.",yelp,positive
The place was not clean and the food oh so stale!,yelp,negative
"The chicken dishes are OK, the beef is like shoe leather.",yelp,negative
But the service was beyond bad.,yelp,negative
"I'm so happy to be here!!!""",yelp,positive
Tasted like dirt.,yelp,negative
One of the few places in Phoenix that I would definately go back to again .,yelp,positive
The block was amazing.,yelp,positive
"It's close to my house, it's low-key, non-fancy, affordable prices, good food.",yelp,positive
* Both the Hot & Sour & the Egg Flower Soups were absolutely 5 Stars!,yelp,positive
My sashimi was poor quality being soggy and tasteless.,yelp,negative
Great time - family dinner on a Sunday night.,yelp,positive
"the food is not tasty at all, not to say its ""real traditional Hunan style"".",yelp,negative
"What did bother me, was the slow service.",yelp,negative
The flair bartenders are absolutely amazing!,yelp,positive
Their frozen margaritas are WAY too sugary for my taste.,yelp,negative
These were so good we ordered them twice.,yelp,positive
So in a nutshell: 1) The restaraunt smells like a combination of a dirty fish market and a sewer.,yelp,negative
My girlfriend's veal was very bad.,yelp,negative
"Unfortunately, it was not good.",yelp,negative
I had a pretty satifying experience.,yelp,positive
Join the club and get awesome offers via email.,yelp,positive
"Perfect for someone (me) who only likes beer ice cold, or in this case, even colder.",yelp,positive
Bland and flavorless is a good way of describing the barely tepid meat.,yelp,negative
"The chains, which I'm no fan of, beat this place easily.",yelp,negative
The nachos are a MUST HAVE!,yelp,positive
We will not be coming back.,yelp,negative
"I don't have very many words to say about this place, but it does everything pretty well.",yelp,positive
"The staff is super nice and very quick even with the crazy crowds of the downtown juries, lawyers, and court staff.",yelp,positive
"Great atmosphere, friendly and fast service.",yelp,positive
When I received my Pita it was huge it did have a lot of meat in it so thumbs up there.,yelp,positive
Once your food arrives it's meh.,yelp,negative
Paying $7.85 for a hot dog and fries that looks like it came out of a kid's meal at the Wienerschnitzel is not my idea of a good meal.,yelp,negative
The classic Maine Lobster Roll was fantastic.,yelp,positive
"My brother in law who works at the mall ate here same day, and guess what he was sick all night too.",yelp,negative
So good I am going to have to review this place twice - once hereas a tribute to the place and once as a tribute to an event held here last night.,yelp,positive
"The chips and salsa were really good, the salsa was very fresh.",yelp,positive
This place is great!!!!!!!!!!!!!!,yelp,positive
Mediocre food.,yelp,negative
Once you get inside you'll be impressed with the place.,yelp,positive
I'm super pissd.,yelp,negative
And service was super friendly.,yelp,positive
Why are these sad little vegetables so overcooked?,yelp,negative
This place was such a nice surprise!,yelp,positive
They were golden-crispy and delicious.,yelp,positive
"I had high hopes for this place since the burgers are cooked over a charcoal grill, but unfortunately the taste fell flat, way flat.",yelp,negative
I could eat their bruschetta all day it is devine.,yelp,positive
Not a single employee came out to see if we were OK or even needed a water refill once they finally served us our food.,yelp,negative
"Lastly, the mozzarella sticks, they were the best thing we ordered.",yelp,positive
"The first time I ever came here I had an amazing experience, I still tell people how awesome the duck was.",yelp,positive
The server was very negligent of our needs and made us feel very unwelcome... I would not suggest this place!,yelp,negative
The service was terrible though.,yelp,negative
"This place is overpriced, not consistent with their boba, and it really is OVERPRICED!",yelp,negative
It was packed!!,yelp,negative
I love this place.,yelp,positive
I can say that the desserts were yummy.,yelp,positive
The food was terrible.,yelp,negative
The seasonal fruit was fresh white peach puree.,yelp,positive
It kept getting worse and worse so now I'm officially done.,yelp,negative
This place should honestly be blown up.,yelp,negative
But I definitely would not eat here again.,yelp,negative
Do not waste your money here!,yelp,negative
I love that they put their food in nice plastic containers as opposed to cramming it in little paper takeout boxes.,yelp,positive
The crêpe was delicate and thin and moist.,yelp,positive
Awful service.,yelp,negative
Won't ever go here again.,yelp,negative
Food quality has been horrible.,yelp,negative
For that price I can think of a few place I would have much rather gone.,yelp,negative
The service here is fair at best.,yelp,negative
"I do love sushi, but I found Kabuki to be over-priced, over-hip and under-services.",yelp,negative
Do yourself a favor and stay away from this dish.,yelp,negative
Very poor service.,yelp,negative
No one at the table thought the food was above average or worth the wait that we had for it.,yelp,negative
"Best service and food ever, Maria our server was so good and friendly she made our day.",yelp,positive
They were excellent.,yelp,positive
I paid the bill but did not tip because I felt the server did a terrible job.,yelp,negative
Just had lunch here and had a great experience.,yelp,positive
I have never had such bland food which surprised me considering the article we read focused so much on their spices and flavor.,yelp,negative
Food is way overpriced and portions are fucking small.,yelp,negative
I recently tried Caballero's and I have been back every week since!,yelp,positive
"for 40 bucks a head, i really expect better food.",yelp,negative
The food came out at a good pace.,yelp,positive
"I ate there twice on my last visit, and especially enjoyed the salmon salad.",yelp,positive
I won't be back.,yelp,negative
We could not believe how dirty the oysters were!,yelp,negative
This place deserves no stars.,yelp,negative
I would not recommend this place.,yelp,negative
"In fact I'm going to round up to 4 stars, just because she was so awesome.",yelp,positive
"To my disbelief, each dish qualified as the worst version of these foods I have ever tasted.",yelp,negative
"Bad day or not, I have a very low tolerance for rude customer service people, it is your job to be nice and polite, wash dishes otherwise!!",yelp,negative
the potatoes were great and so was the biscuit.,yelp,positive
I probably would not go here again.,yelp,negative
So flavorful and has just the perfect amount of heat.,yelp,positive
The price is reasonable and the service is great.,yelp,positive
"The Wife hated her meal (coconut shrimp), and our friends really did not enjoy their meals, either.",yelp,negative
My fella got the huevos rancheros and they didn't look too appealing.,yelp,negative
"Went in for happy hour, great list of wines.",yelp,positive
Some may say this buffet is pricey but I think you get what you pay for and this place you are getting quite a lot!,yelp,positive
I probably won't be coming back here.,yelp,negative
Worst food/service I've had in a while.,yelp,negative
"This place is pretty good, nice little vibe in the restaurant.",yelp,positive
Talk about great customer service of course we will be back.,yelp,positive
"Hot dishes are not hot, cold dishes are close to room temp.I watched staff prepare food with BARE HANDS, no gloves.Everything is deep fried in oil.",yelp,negative
I love their fries and their beans.,yelp,positive
Always a pleasure dealing with him.,yelp,positive
"They have a plethora of salads and sandwiches, and everything I've tried gets my seal of approval.",yelp,positive
This place is awesome if you want something light and healthy during the summer.,yelp,positive
"For sushi on the Strip, this is the place to go.",yelp,positive
"The service was great, even the manager came and helped with our table.",yelp,positive
The feel of the dining room was more college cooking course than high class dining and the service was slow at best.,yelp,negative
"I started this review with two stars, but I'm editing it to give it only one.",yelp,negative
this is the worst sushi i have ever eat besides Costco's.,yelp,negative
"All in all an excellent restaurant highlighted by great service, a unique menu, and a beautiful setting.",yelp,positive
My boyfriend and i sat at the bar and had a completely delightful experience.,yelp,positive
Weird vibe from owners.,yelp,negative
There was hardly any meat.,yelp,negative
I've had better bagels from the grocery store.,yelp,negative
Go To Place for Gyros.,yelp,positive
"I love the owner/chef, his one authentic Japanese cool dude!",yelp,positive
"Now the burgers aren't as good, the pizza which used to be amazing is doughy and flavorless.",yelp,negative
I found a six inch long piece of wire in my salsa.,yelp,negative
"The service was terrible, food was mediocre.",yelp,negative
We definately enjoyed ourselves.,yelp,positive
I ordered Albondigas soup - which was just warm - and tasted like tomato soup with frozen meatballs.,yelp,negative
"On three different occasions I asked for well done or medium well, and all three times I got the bloodiest piece of meat on my plate.",yelp,negative
I had about two bites and refused to eat anymore.,yelp,negative
The service was extremely slow.,yelp,negative
"After 20 minutes wait, I got a table.",yelp,negative
Seriously killer hot chai latte.,yelp,positive
"No allergy warnings on the menu, and the waitress had absolutely no clue as to which meals did or did not contain peanuts.",yelp,negative
My boyfriend tried the Mediterranean Chicken Salad and fell in love.,yelp,positive
Their rotating beers on tap is also a highlight of this place.,yelp,positive
Pricing is a bit of a concern at Mellow Mushroom.,yelp,negative
Worst Thai ever.,yelp,negative
If you stay in Vegas you must get breakfast here at least once.,yelp,positive
I want to first say our server was great and we had perfect service.,yelp,positive
The pizza selections are good.,yelp,positive
"I had strawberry tea, which was good.",yelp,positive
Highly unprofessional and rude to a loyal patron!,yelp,negative
"Overall, a great experience.",yelp,positive
Spend your money elsewhere.,yelp,negative
Their regular toasted bread was equally satisfying with the occasional pats of butter... Mmmm...!,yelp,positive
The Buffet at Bellagio was far from what I anticipated.,yelp,negative
"And the drinks are WEAK, people!",yelp,negative
-My order was not correct.,yelp,negative
"Also, I feel like the chips are bought, not made in house.",yelp,negative
After the disappointing dinner we went elsewhere for dessert.,yelp,negative
The chips and sals a here is amazing!!!!!!!!!!!!!!!!!!!,yelp,positive
We won't be returning.,yelp,negative
This is my new fav Vegas buffet spot.,yelp,positive
I seriously cannot believe that the owner has so many unexperienced employees that all are running around like chickens with their heads cut off.,yelp,negative
"Very, very sad.",yelp,negative
"i felt insulted and disrespected, how could you talk and judge another human being like that?",yelp,negative
"How can you call yourself a steakhouse if you can't properly cook a steak, I don't understand!",yelp,negative
I'm not impressed with the concept or the food.,yelp,negative
The only thing I wasn't too crazy about was their guacamole as I don't like it puréed.,yelp,negative
"There is really nothing for me at postinos, hope your experience is better",yelp,negative
I got food poisoning here at the buffet.,yelp,negative
They brought a fresh batch of fries and I was thinking yay something warm but no!,yelp,negative
"What SHOULD have been a hilarious, yummy Christmas Eve dinner to remember was the biggest fail of the entire trip for us.",yelp,negative
"Needless to say, I won't be going back anytime soon.",yelp,negative
This place is disgusting!,yelp,negative
"Every time I eat here, I see caring teamwork to a professional degree.",yelp,positive
The RI style calamari was a joke.,yelp,negative
"However, there was so much garlic in the fondue, it was barely edible.",yelp,negative
"I could barely stomach the meal, but didn't complain because it was a business lunch.",yelp,negative
"It was so bad, I had lost the heart to finish it.",yelp,negative
It also took her forever to bring us the check when we asked for it.,yelp,negative
We aren't ones to make a scene at restaurants but I just don't get it...definitely lost the love after this one!,yelp,negative
Disappointing experience.,yelp,negative
"The food is about on par with Denny's, which is to say, not good at all.",yelp,negative
"If you want to wait for mediocre food and downright terrible service, then this is the place for you.",yelp,negative
WAAAAAAyyyyyyyyyy over rated is all I am saying.,yelp,negative
We won't be going back.,yelp,negative
The place was fairly clean but the food simply wasn't worth it.,yelp,negative
This place lacked style!!,yelp,negative
"The sangria was about half of a glass wine full and was $12, ridiculous.",yelp,negative
Don't bother coming here.,yelp,negative
"The meat was pretty dry, I had the sliced brisket and pulled pork.",yelp,negative
"The building itself seems pretty neat; the bathroom is pretty trippy, but I wouldn't eat here again.",yelp,negative
It was equally awful.,yelp,negative
Probably not in a hurry to go back.,yelp,negative
very slow at seating even with reservation.,yelp,negative
Not good by any stretch of the imagination.,yelp,negative
The cashew cream sauce was bland and the vegetables were undercooked.,yelp,negative
"The chipolte ranch dipping sause was tasteless, seemed thin and watered down with no heat.",yelp,negative
"It was a bit too sweet, not really spicy enough, and lacked flavor.",yelp,negative
I was VERY disappointed!!,yelp,negative
This place is horrible and way overpriced.,yelp,negative
"Maybe it's just their Vegetarian fare, but I've been twice and I thought it was average at best.",yelp,negative
It wasn't busy at all and now we know why.,yelp,negative
The tables outside are also dirty a lot of the time and the workers are not always friendly and helpful with the menu.,yelp,negative
"The ambiance here did not feel like a buffet setting, but more of a douchey indoor garden for tea and biscuits.",yelp,negative
Con: spotty service.,yelp,negative
"The fries were not hot, and neither was my burger.",yelp,negative
But then they came back cold.,yelp,negative
"Then our food came out, disappointment ensued.",yelp,negative
The real disappointment was our waiter.,yelp,negative
My husband said she was very rude... did not even apologize for the bad food or anything.,yelp,negative
The only reason to eat here would be to fill up before a night of binge drinking just to get some carbs in your stomach.,yelp,negative
"Insults, profound deuchebaggery, and had to go outside for a smoke break while serving just to solidify it.",yelp,negative
If someone orders two tacos don't' you think it may be part of customer service to ask if it is combo or ala cart?,yelp,negative
She was quite disappointed although some blame needs to be placed at her door.,yelp,negative
After all the rave reviews I couldn't wait to eat here......what a disappointment!,yelp,negative
Del Taco is pretty nasty and should be avoided if possible.,yelp,negative
It's NOT hard to make a decent hamburger.,yelp,negative
But I don't like it.,yelp,negative
Hell no will I go back,yelp,negative
We've have gotten a much better service from the pizza place next door than the services we received from this restaurant.,yelp,negative
"I don't know what the big deal is about this place, but I won't be back ""ya'all"".",yelp,negative
I immediately said I wanted to talk to the manager but I did not want to talk to the guy who was doing shots of fireball behind the bar.,yelp,negative
The ambiance isn't much better.,yelp,negative
"Unfortunately, it only set us up for disapppointment with our entrees.",yelp,negative
The food wasn't good.,yelp,negative
"Your servers suck, wait, correction, our server Heimer sucked.",yelp,negative
What happened next was pretty....off putting.,yelp,negative
"too bad cause I know it's family owned, I really wanted to like this place.",yelp,negative
Overpriced for what you are getting.,yelp,negative
I vomited in the bathroom mid lunch.,yelp,negative
"I kept looking at the time and it had soon become 35 minutes, yet still no food.",yelp,negative
"I have been to very few places to eat that under no circumstances would I ever return to, and this tops the list.",yelp,negative
We started with the tuna sashimi which was brownish in color and obviously wasn't fresh.,yelp,negative
Food was below average.,yelp,negative
It sure does beat the nachos at the movies but I would expect a little bit more coming from a restaurant.,yelp,negative
"All in all, Ha Long Bay was a bit of a flop.",yelp,negative
The problem I have is that they charge $11.99 for a sandwich that is no bigger than a Subway sub (which offers better and more amount of vegetables).,yelp,negative
Shrimp- When I unwrapped it (I live only 1/2 a mile from Brushfire) it was literally ice cold.,yelp,negative
"It lacked flavor, seemed undercooked, and dry.",yelp,negative
It really is impressive that the place hasn't closed down.,yelp,negative
I would avoid this place if you are staying in the Mirage.,yelp,negative
The refried beans that came with my meal were dried out and crusty and the food was bland.,yelp,negative
Spend your money and time some place else.,yelp,negative
A lady at the table next to us found a live green caterpillar In her salad.,yelp,negative
the presentation of the food was awful.,yelp,negative
I can't tell you how disappointed I was.,yelp,negative
I think food should have flavor and texture and both were lacking.,yelp,negative
Appetite instantly gone.,yelp,negative
Overall I was not impressed and would not go back.,yelp,negative
"The whole experience was underwhelming, and I think we'll just go to Ninja Sushi next time.",yelp,negative
"Then, as if I hadn't wasted enough of my life there, they poured salt in the wound by drawing out the time it took to bring the check.",yelp,negative
